ANADIA-AL,,,,,AL,,,,"690,42",,,,,,,-,,,,,,,,"690,42",,,,,,"7.262,90",,,,,,,,,
ATALAIA-AL,,,,,AL,,,,"891,80",,,,,,,-,,,,,,,,"891,80",,,,,,"9.381,26",,,,,,,,,
BARRA DE SANTO ANTONIO-AL,,,,,AL,,,,"604,12",,,,,,,-,,,,,,,,"604,12",,,,,,"6.355,04",,,,,,,,,
BARRA DE SAO MIGUEL-AL,,,,,AL,,,,"575,35",,,,,,,-,,,,,,,,"575,35",,,,,,"6.052,39",,,,,,,,,
BOCA DA MATA-AL,,,,,AL,,,,"776,72",,,,,,,-,,,,,,,,"776,72",,,,,,"8.170,76",,,,,,,,,
BRANQUINHA-AL,,,,,AL,,,,"604,12",,,,,,,-,,,,,,,,"604,12",,,,,,"6.355,04",,,,,,,,,
CAJUEIRO-AL,,,,,AL,,,,"719,19",,,,,,,-,,,,,,,,"719,19",,,,,,"7.565,51",,,,,,,,,
CAMPESTRE-AL,,,,,AL,,,,"575,35",,,,,,,-,,,,,,,,"575,35",,,,,,"6.052,39",,,,,,,,,
CAMPO ALEGRE-AL,,,,,AL,,,,"891,80",,,,,,,-,,,,,,,,"891,80",,,,,,"9.381,26",,,,,,,,,
CAPELA-AL,,,,,AL,,,,"719,19",,,,,,,-,,,,,,,,"719,19",,,,,,"7.565,51",,,,,,,,,
CHA PRETA-AL,,,,,AL,,,,"575,35",,,,,,,-,,,,,,,,"575,35",,,,,,"6.052,39",,,,,,,,,
COLONIA LEOPOLDINA-AL,,,,,AL,,,,"690,42",,,,,,,-,,,,,,,,"690,42",,,,,,"7.262,90",,,,,,,,,
COQUEIRO SECO-AL,,,,,AL,,,,"664,71",,,,,,,"62,69",,,,,,,,"727,40",,,,,,"14.034,31",,,,,,,,,
CORURIPE-AL,,,,,AL,,,,"879.244,53",,,,,,,"55.737,79",,,,,,,,"934.982,32",,,,,,"9.558.699,77",,,,,,,,,
FELIZ DESERTO-AL,,,,,AL,,,,"20.882,00",,,,,,,"28.621,40",,,,,,,,"49.503,40",,,,,,"520.751,67",,,,,,,,,
FLEXEIRAS-AL,,,,,AL,,,,"604,12",,,,,,,-,,,,,,,,"604,12",,,,,,"6.355,04",,,,,,,,,
IBATEGUARA-AL,,,,,AL,,,,"661,65",,,,,,,-,,,,,,,,"661,65",,,,,,"6.960,27",,,,,,,,,
IGREJA NOVA-AL,,,,,AL,,,,"747,96",,,,,,,-,,,,,,,,"747,96",,,,,,"7.868,15",,,,,,,,,
JACUIPE-AL,,,,,AL,,,,"575,35",,,,,,,-,,,,,,,,"575,35",,,,,,"6.052,39",,,,,,,,,
JAPARATINGA-AL,,,,,AL,,,,"575,35",,,,,,,-,,,,,,,,"575,35",,,,,,"6.052,39",,,,,,,,,
JEQUIA DA PRAIA-AL,,,,,AL,,,,"1.361,87",,,,,,,"306,17",,,,,,,,"1.668,04",,,,,,"18.433,52",,,,,,,,,
JOAQUIM GOMES-AL,,,,,AL,,,,"747,96",,,,,,,-,,,,,,,,"747,96",,,,,,"7.868,15",,,,,,,,,
JUNDIA-AL,,,,,AL,,,,"575,35",,,,,,,-,,,,,,,,"575,35",,,,,,"6.052,39",,,,,,,,,
JUNQUEIRO-AL,,,,,AL,,,,"747,96",,,,,,,-,,,,,,,,"747,96",,,,,,"7.868,15",,,,,,,,,
MACEIO-AL,,,,,AL,,,,"66.756,68",,,,,,,"16.666,04",,,,,,,,"83.422,72",,,,,,"930.595,13",,,,,,,,,
MARAGOGI-AL,,,,,AL,,,,"747,96",,,,,,,-,,,,,,,,"747,96",,,,,,"7.868,15",,,,,,,,,
MARECHAL DEODORO-AL,,,,,AL,,,,"115.634,57",,,,,,,"107.590,59",,,,,,,,"223.225,16",,,,,,"2.007.374,74",,,,,,,,,
MATRIZ DE CAMARAGIBE-AL,,,,,AL,,,,"776,72",,,,,,,-,,,,,,,,"776,72",,,,,,"8.170,76",,,,,,,,,
MESSIAS-AL,,,,,AL,,,,"604,12",,,,,,,-,,,,,,,,"604,12",,,,,,"6.355,04",,,,,,,,,
MURICI-AL,,,,,AL,,,,"776,72",,,,,,,-,,,,,,,,"776,72",,,,,,"8.170,76",,,,,,,,,
NOVO LINO-AL,,,,,AL,,,,"604,12",,,,,,,-,,,,,,,,"604,12",,,,,,"6.355,04",,,,,,,,,
PARIPUEIRA-AL,,,,,AL,,,,"575,35",,,,,,,"11.527,11",,,,,,,,"12.102,46",,,,,,"101.497,31",,,,,,,,,
PASSO DE CAMARAGIBE-AL,,,,,AL,,,,"632,89",,,,,,,-,,,,,,,,"632,89",,,,,,"6.657,65",,,,,,,,,
PENEDO-AL,,,,,AL,,,,"949,33",,,,,,,-,,,,,,,,"949,33",,,,,,"9.986,50",,,,,,,,,
PIACABUCU-AL,,,,,AL,,,,"690,42",,,,,,,-,,,,,,,,"690,42",,,,,,"7.262,90",,,,,,,,,
PILAR-AL,,,,,AL,,,,"191.539,24",,,,,,,"123.023,26",,,,,,,,"314.562,50",,,,,,"3.078.760,17",,,,,,,,,
PINDOBA-AL,,,,,AL,,,,"575,35",,,,,,,-,,,,,,,,"575,35",,,,,,"6.052,39",,,,,,,,,
PORTO CALVO-AL,,,,,AL,,,,"747,96",,,,,,,-,,,,,,,,"747,96",,,,,,"7.868,15",,,,,,,,,
PORTO DE PEDRAS-AL,,,,,AL,,,,"604,12",,,,,,,-,,,,,,,,"604,12",,,,,,"6.355,04",,,,,,,,,
PORTO REAL DO COLEGIO-AL,,,,,AL,,,,"719,19",,,,,,,-,,,,,,,,"719,19",,,,,,"7.565,51",,,,,,,,,
Superintendência de Controle das Participações Governamentais,,,,,,,,,,,,,,,,,,,,,,,,,,,,,,,,,,,,,,,
RIO LARGO-AL,,,,,AL,,,,"16.091,80",,,,,,,"9.766,89",,,,,,,,"25.858,69",,,,,,"169.787,35",,,,,,,,,
ROTEIRO-AL,,,,,AL,,,,"651,06",,,,,,,"53,11",,,,,,,,"704,17",,,,,,"12.972,47",,,,,,,,,
SANTA LUZIA DO NORTE-AL,,,,,AL,,,,"1.889,38",,,,,,,"847,55",,,,,,,,"2.736,93",,,,,,"25.082,56",,,,,,,,,
SANTANA DO MUNDAU-AL,,,,,AL,,,,"604,12",,,,,,,-,,,,,,,,"604,12",,,,,,"6.355,04",,,,,,,,,
SAO JOSE DA LAJE-AL,,,,,AL,,,,"747,96",,,,,,,-,,,,,,,,"747,96",,,,,,"7.868,15",,,,,,,,,
SAO LUIS DO QUITUNDE-AL,,,,,AL,,,,"805,49",,,,,,,-,,,,,,,,"805,49",,,,,,"8.473,39",,,,,,,,,
SAO MIGUEL DOS CAMPOS-AL,,,,,AL,,,,"319.163,54",,,,,,,"220.820,45",,,,,,,,"539.983,99",,,,,,"5.298.224,54",,,,,,,,,
SAO MIGUEL DOS MILAGRES-AL,,,,,AL,,,,"575,35",,,,,,,-,,,,,,,,"575,35",,,,,,"6.052,39",,,,,,,,,
SATUBA-AL,,,,,AL,,,,"74.440,14",,,,,,,"20.961,69",,,,,,,,"95.401,83",,,,,,"764.659,99",,,,,,,,,
TEOTONIO VILELA-AL,,,,,AL,,,,"863,03",,,,,,,-,,,,,,,,"863,03",,,,,,"9.078,63",,,,,,,,,
UNIAO DOS PALMARES-AL,,,,,AL,,,,"949,33",,,,,,,-,,,,,,,,"949,33",,,,,,"9.986,50",,,,,,,,,
VICOSA-AL,,,,,AL,,,,"776,72",,,,,,,-,,,,,,,,"776,72",,,,,,"8.170,76",,,,,,,,,
ALAGOAS TOTAL,,,,,,,,,"1.716.195,30",,,,,,,"595.984,74",,,,,,,,"2.312.180,04",,,,,,"22.788.060,56",,,,,,,,,
ANAMA-AM,,,,,AM,,,,-,,,,,,,"2.113,55",,,,,,,,"2.113,55",,,,,,"21.387,00",,,,,,,,,
ANORI-AM,,,,,AM,,,,-,,,,,,,"2.113,55",,,,,,,,"2.113,55",,,,,,"21.387,00",,,,,,,,,
AUTAZES-AM,,,,,AM,,,,-,,,,,,,"5.066,71",,,,,,,,"5.066,71",,,,,,"59.903,02",,,,,,,,,
BERURI-AM,,,,,AM,,,,-,,,,,,,"2.113,55",,,,,,,,"2.113,55",,,,,,"21.387,00",,,,,,,,,
CAREIRO DA VARZEA-AM,,,,,AM,,,,-,,,,,,,"5.066,71",,,,,,,,"5.066,71",,,,,,"59.903,02",,,,,,,,,
CAREIRO-AM,,,,,AM,,,,-,,,,,,,"2.113,55",,,,,,,,"2.113,55",,,,,,"21.387,00",,,,,,,,,
COARI-AM,,,,,AM,,,,"1.651.353,51",,,,,,,"1.662.608,07",,,,,,,,"3.313.961,58",,,,,,"32.171.976,99",,,,,,,,,
CODAJAS-AM,,,,,AM,,,,-,,,,,,,"2.113,55",,,,,,,,"2.113,55",,,,,,"21.387,00",,,,,,,,,
IRANDUBA-AM,,,,,AM,,,,-,,,,,,,"5.066,71",,,,,,,,"5.066,71",,,,,,"59.903,02",,,,,,,,,
ITACOATIARA-AM,,,,,AM,,,,-,,,,,,,"5.066,71",,,,,,,,"5.066,71",,,,,,"59.903,02",,,,,,,,,
ITAPIRANGA-AM,,,,,AM,,,,-,,,,,,,"5.066,71",,,,,,,,"5.066,71",,,,,,"59.903,02",,,,,,,,,
MANACAPURU-AM,,,,,AM,,,,-,,,,,,,"2.113,55",,,,,,,,"2.113,55",,,,,,"21.387,00",,,,,,,,,
MANAQUIRI-AM,,,,,AM,,,,-,,,,,,,"2.113,55",,,,,,,,"2.113,55",,,,,,"21.387,00",,,,,,,,,
MANAUS-AM,,,,,AM,,,,"63.757,75",,,,,,,"59.207,98",,,,,,,,"122.965,73",,,,,,"8.108.751,56",,,,,,,,,
PARINTINS-AM,,,,,AM,,,,-,,,,,,,"5.066,71",,,,,,,,"5.066,71",,,,,,"59.903,02",,,,,,,,,
SILVES-AM,,,,,AM,,,,-,,,,,,,"5.066,71",,,,,,,,"5.066,71",,,,,,"59.903,02",,,,,,,,,
URUCARA-AM,,,,,AM,,,,-,,,,,,,"5.066,71",,,,,,,,"5.066,71",,,,,,"59.903,02",,,,,,,,,
URUCURITUBA-AM,,,,,AM,,,,-,,,,,,,"5.066,71",,,,,,,,"5.066,71",,,,,,"59.903,05",,,,,,,,,
AMAZONAS TOTAL,,,,,,,,,"1.715.111,26",,,,,,,"1.782.211,29",,,,,,,,"3.497.322,55",,,,,,"40.969.564,76",,,,,,,,,
LARANJAL DO JARI-AP,,,,,AP,,,,-,,,,,,,"5.066,71",,,,,,,,"5.066,71",,,,,,"59.903,02",,,,,,,,,
MACAPA-AP,,,,,AP,,,,-,,,,,,,"5.066,71",,,,,,,,"5.066,71",,,,,,"59.903,02",,,,,,,,,
MAZAGAO-AP,,,,,AP,,,,-,,,,,,,"5.066,71",,,,,,,,"5.066,71",,,,,,"59.903,02",,,,,,,,,
AMAPA TOTAL,,,,,,,,,-,,,,,,,"15.200,13",,,,,,,,"15.200,13",,,,,,"179.709,06",,,,,,,,,
ACAJUTIBA-BA,,,,,BA,,,,"877,69",,,,,,,-,,,,,,,,"877,69",,,,,,"4.967,38",,,,,,,,,
ADUSTINA-BA,,,,,BA,,,,"877,69",,,,,,,-,,,,,,,,"877,69",,,,,,"4.967,38",,,,,,,,,
AGUA FRIA-BA,,,,,BA,,,,"877,69",,,,,,,-,,,,,,,,"877,69",,,,,,"4.967,38",,,,,,,,,
AIQUARA-BA,,,,,BA,,,,"763,21",,,,,,,-,,,,,,,,"763,21",,,,,,"4.319,44",,,,,,,,,
ALAGOINHAS-BA,,,,,BA,,,,"289.813,84",,,,,,,"159.722,05",,,,,,,,"449.535,89",,,,,,"4.031.507,98",,,,,,,,,
ALCOBACA-BA,,,,,BA,,,,"992,17",,,,,,,-,,,,,,,,"992,17",,,,,,"5.471,44",,,,,,,,,
ALMADINA-BA,,,,,BA,,,,"763,21",,,,,,,-,,,,,,,,"763,21",,,,,,"4.208,78",,,,,,,,,
Superintendência de Controle das Participações Governamentais,,,,,,,,,,,,,,,,,,,,,,,,,,,,,,,,,,,,,,,
AMARGOSA-BA,,,,,BA,,,,"1.068,50",,,,,,,-,,,,,,,,"1.068,50",,,,,,"6.047,25",,,,,,,,,
AMELIA RODRIGUES-BA,,,,,BA,,,,"1.030,33",,,,,,,-,,,,,,,,"1.030,33",,,,,,"5.831,27",,,,,,,,,
ANAGE-BA,,,,,BA,,,,"1.068,50",,,,,,,-,,,,,,,,"1.068,50",,,,,,"6.047,25",,,,,,,,,
ANGUERA-BA,,,,,BA,,,,"763,21",,,,,,,-,,,,,,,,"763,21",,,,,,"4.319,44",,,,,,,,,
ANTAS-BA,,,,,BA,,,,"877,69",,,,,,,-,,,,,,,,"877,69",,,,,,"4.967,38",,,,,,,,,
ANTONIO CARDOSO-BA,,,,,BA,,,,"801,37",,,,,,,-,,,,,,,,"801,37",,,,,,"4.535,44",,,,,,,,,
APORA-BA,,,,,BA,,,,"915,85",,,,,,,-,,,,,,,,"915,85",,,,,,"5.183,34",,,,,,,,,
APUAREMA-BA,,,,,BA,,,,"763,21",,,,,,,-,,,,,,,,"763,21",,,,,,"4.319,44",,,,,,,,,
ARACAS-BA,,,,,BA,,,,"251.678,94",,,,,,,"126.696,30",,,,,,,,"378.375,24",,,,,,"3.424.099,21",,,,,,,,,
ARACI-BA,,,,,BA,,,,"1.182,98",,,,,,,-,,,,,,,,"1.182,98",,,,,,"6.695,18",,,,,,,,,
ARAMARI-BA,,,,,BA,,,,"2.604,57",,,,,,,"773,37",,,,,,,,"3.377,94",,,,,,"6.934,17",,,,,,,,,
ARATACA-BA,,,,,BA,,,,"801,37",,,,,,,-,,,,,,,,"801,37",,,,,,"4.419,23",,,,,,,,,
ARATUIPE-BA,,,,,BA,,,,"763,21",,,,,,,-,,,,,,,,"763,21",,,,,,"4.319,44",,,,,,,,,
AURELINO LEAL-BA,,,,,BA,,,,"915,85",,,,,,,-,,,,,,,,"915,85",,,,,,"5.050,54",,,,,,,,,
BAIXA GRANDE-BA,,,,,BA,,,,"992,17",,,,,,,-,,,,,,,,"992,17",,,,,,"5.615,31",,,,,,,,,
BANZAE-BA,,,,,BA,,,,"801,37",,,,,,,-,,,,,,,,"801,37",,,,,,"4.535,44",,,,,,,,,
BARRA DO CHOCA-BA,,,,,BA,,,,"1.182,98",,,,,,,-,,,,,,,,"1.182,98",,,,,,"6.695,18",,,,,,,,,
BARRA DO ROCHA-BA,,,,,BA,,,,"763,21",,,,,,,-,,,,,,,,"763,21",,,,,,"4.208,78",,,,,,,,,
BARRO PRETO-BA,,,,,BA,,,,"763,21",,,,,,,-,,,,,,,,"763,21",,,,,,"4.208,78",,,,,,,,,
BARROCAS-BA,,,,,BA,,,,"839,53",,,,,,,-,,,,,,,,"839,53",,,,,,"4.751,42",,,,,,,,,
BELMONTE-BA,,,,,BA,,,,"992,17",,,,,,,-,,,,,,,,"992,17",,,,,,"5.471,44",,,,,,,,,
BELO CAMPO-BA,,,,,BA,,,,"915,85",,,,,,,-,,,,,,,,"915,85",,,,,,"5.183,34",,,,,,,,,
BIRITINGA-BA,,,,,BA,,,,"877,69",,,,,,,-,,,,,,,,"877,69",,,,,,"4.967,38",,,,,,,,,
BOA NOVA-BA,,,,,BA,,,,"992,17",,,,,,,-,,,,,,,,"992,17",,,,,,"5.615,31",,,,,,,,,
BOA VISTA DO TUPIM-BA,,,,,BA,,,,"954,01",,,,,,,-,,,,,,,,"954,01",,,,,,"5.399,33",,,,,,,,,
BOM JESUS DA SERRA-BA,,,,,BA,,,,"801,37",,,,,,,-,,,,,,,,"801,37",,,,,,"4.535,44",,,,,,,,,
BREJOES-BA,,,,,BA,,,,"877,69",,,,,,,-,,,,,,,,"877,69",,,,,,"4.967,38",,,,,,,,,
BUERAREMA-BA,,,,,BA,,,,"954,01",,,,,,,-,,,,,,,,"954,01",,,,,,"5.260,99",,,,,,,,,
CAATIBA-BA,,,,,BA,,,,"877,69",,,,,,,-,,,,,,,,"877,69",,,,,,"4.967,38",,,,,,,,,
CABACEIRAS DO PARAGUACU-BA,,,,,BA,,,,"877,69",,,,,,,-,,,,,,,,"877,69",,,,,,"4.967,38",,,,,,,,,
CACHOEIRA-BA,,,,,BA,,,,"1.068,50",,,,,,,-,,,,,,,,"1.068,50",,,,,,"6.047,25",,,,,,,,,
CAEM-BA,,,,,BA,,,,"839,53",,,,,,,-,,,,,,,,"839,53",,,,,,"4.751,42",,,,,,,,,
CAETANOS-BA,,,,,BA,,,,"839,53",,,,,,,-,,,,,,,,"839,53",,,,,,"4.751,42",,,,,,,,,
CAIRU-BA,,,,,BA,,,,"28.543,52",,,,,,,"223.960,28",,,,,,,,"252.503,80",,,,,,"1.376.564,61",,,,,,,,,
CAMACAN-BA,,,,,BA,,,,"1.068,50",,,,,,,-,,,,,,,,"1.068,50",,,,,,"5.892,31",,,,,,,,,
CAMACARI-BA,,,,,BA,,,,"2.217,06",,,,,,,"302,87",,,,,,,,"2.519,93",,,,,,"13.251,50",,,,,,,,,
CAMAMU-BA,,,,,BA,,,,"1.106,66",,,,,,,-,,,,,,,,"1.106,66",,,,,,"6.102,77",,,,,,,,,
CANAVIEIRAS-BA,,,,,BA,,,,"1.106,66",,,,,,,-,,,,,,,,"1.106,66",,,,,,"6.102,77",,,,,,,,,
CANDEAL-BA,,,,,BA,,,,"801,37",,,,,,,-,,,,,,,,"801,37",,,,,,"4.535,44",,,,,,,,,
CANDEIAS-BA,,,,,BA,,,,"213.129,79",,,,,,,"240.135,90",,,,,,,,"453.265,69",,,,,,"4.437.722,40",,,,,,,,,
CANDIDO SALES-BA,,,,,BA,,,,"1.068,50",,,,,,,-,,,,,,,,"1.068,50",,,,,,"6.047,25",,,,,,,,,
CANSANCAO-BA,,,,,BA,,,,"1.068,50",,,,,,,-,,,,,,,,"1.068,50",,,,,,"6.047,25",,,,,,,,,
CANUDOS-BA,,,,,BA,,,,"839,53",,,,,,,-,,,,,,,,"839,53",,,,,,"4.751,42",,,,,,,,,
Superintendência de Controle das Participações Governamentais,,,,,,,,,,,,,,,,,,,,,,,,,,,,,,,,,,,,,,,
CAPELA DO ALTO ALEGRE-BA,,,,,BA,,,,"801,37",,,,,,,-,,,,,,,,"801,37",,,,,,"4.535,44",,,,,,,,,
CAPIM GROSSO-BA,,,,,BA,,,,"992,17",,,,,,,-,,,,,,,,"992,17",,,,,,"5.615,31",,,,,,,,,
CARAVELAS-BA,,,,,BA,,,,"992,17",,,,,,,-,,,,,,,,"992,17",,,,,,"5.471,44",,,,,,,,,
CARDEAL DA SILVA-BA,,,,,BA,,,,"115.913,43",,,,,,,"33.402,42",,,,,,,,"149.315,85",,,,,,"1.471.060,70",,,,,,,,,
CASTRO ALVES-BA,,,,,BA,,,,"1.030,33",,,,,,,-,,,,,,,,"1.030,33",,,,,,"5.831,27",,,,,,,,,
CATU-BA,,,,,BA,,,,"168.906,01",,,,,,,"87.643,39",,,,,,,,"256.549,40",,,,,,"2.849.812,80",,,,,,,,,
CICERO DANTAS-BA,,,,,BA,,,,"1.068,50",,,,,,,-,,,,,,,,"1.068,50",,,,,,"6.047,25",,,,,,,,,
CIPO-BA,,,,,BA,,,,"877,69",,,,,,,-,,,,,,,,"877,69",,,,,,"4.967,38",,,,,,,,,
COARACI-BA,,,,,BA,,,,"1.030,33",,,,,,,-,,,,,,,,"1.030,33",,,,,,"5.681,87",,,,,,,,,
CONCEICAO DA FEIRA-BA,,,,,BA,,,,"915,85",,,,,,,-,,,,,,,,"915,85",,,,,,"5.183,34",,,,,,,,,
CONCEICAO DO ALMEIDA-BA,,,,,BA,,,,"954,01",,,,,,,-,,,,,,,,"954,01",,,,,,"5.399,33",,,,,,,,,
CONCEICAO DO COITE-BA,,,,,BA,,,,"1.259,30",,,,,,,-,,,,,,,,"1.259,30",,,,,,"7.127,14",,,,,,,,,
CONCEICAO DO JACUIPE-BA,,,,,BA,,,,"1.030,33",,,,,,,-,,,,,,,,"1.030,33",,,,,,"5.831,27",,,,,,,,,
CONDE-BA,,,,,BA,,,,"1.752,76",,,,,,,"490,58",,,,,,,,"2.243,34",,,,,,"11.457,90",,,,,,,,,
CORACAO DE MARIA-BA,,,,,BA,,,,"992,17",,,,,,,-,,,,,,,,"992,17",,,,,,"5.615,31",,,,,,,,,
CORONEL JOAO SA-BA,,,,,BA,,,,"954,01",,,,,,,-,,,,,,,,"954,01",,,,,,"5.399,33",,,,,,,,,
CRAVOLANDIA-BA,,,,,BA,,,,"763,21",,,,,,,-,,,,,,,,"763,21",,,,,,"4.319,44",,,,,,,,,
CRISOPOLIS-BA,,,,,BA,,,,"954,01",,,,,,,-,,,,,,,,"954,01",,,,,,"5.399,33",,,,,,,,,
CRUZ DAS ALMAS-BA,,,,,BA,,,,"1.221,14",,,,,,,-,,,,,,,,"1.221,14",,,,,,"6.911,17",,,,,,,,,
DARIO MEIRA-BA,,,,,BA,,,,"877,69",,,,,,,-,,,,,,,,"877,69",,,,,,"4.967,38",,,,,,,,,
DIAS D'AVILA-BA,,,,,BA,,,,"1.182,98",,,,,,,-,,,,,,,,"1.182,98",,,,,,"6.695,18",,,,,,,,,
DOM MACEDO COSTA-BA,,,,,BA,,,,"763,21",,,,,,,-,,,,,,,,"763,21",,,,,,"4.319,44",,,,,,,,,
ELISIO MEDRADO-BA,,,,,BA,,,,"763,21",,,,,,,-,,,,,,,,"763,21",,,,,,"4.319,44",,,,,,,,,
ENCRUZILHADA-BA,,,,,BA,,,,"1.106,66",,,,,,,-,,,,,,,,"1.106,66",,,,,,"6.263,26",,,,,,,,,
ENTRE RIOS-BA,,,,,BA,,,,"209.840,13",,,,,,,"144.074,13",,,,,,,,"353.914,26",,,,,,"3.391.792,66",,,,,,,,,
ESPLANADA-BA,,,,,BA,,,,"557.628,09",,,,,,,"366.275,42",,,,,,,,"923.903,51",,,,,,"9.443.621,72",,,,,,,,,
EUCLIDES DA CUNHA-BA,,,,,BA,,,,"1.221,14",,,,,,,-,,,,,,,,"1.221,14",,,,,,"6.911,17",,,,,,,,,
EUNAPOLIS-BA,,,,,BA,,,,"1.373,78",,,,,,,-,,,,,,,,"1.373,78",,,,,,"7.575,86",,,,,,,,,
FATIMA-BA,,,,,BA,,,,"954,01",,,,,,,-,,,,,,,,"954,01",,,,,,"5.399,33",,,,,,,,,
FEIRA DE SANTANA-BA,,,,,BA,,,,"1.526,42",,,,,,,-,,,,,,,,"1.526,42",,,,,,"8.638,96",,,,,,,,,
FIRMINO ALVES-BA,,,,,BA,,,,"763,21",,,,,,,-,,,,,,,,"763,21",,,,,,"4.208,78",,,,,,,,,
FLORESTA AZUL-BA,,,,,BA,,,,"801,37",,,,,,,-,,,,,,,,"801,37",,,,,,"4.419,23",,,,,,,,,
GANDU-BA,,,,,BA,,,,"1.030,33",,,,,,,-,,,,,,,,"1.030,33",,,,,,"5.681,87",,,,,,,,,
GAVIAO-BA,,,,,BA,,,,"763,21",,,,,,,-,,,,,,,,"763,21",,,,,,"4.319,44",,,,,,,,,
GLORIA-BA,,,,,BA,,,,"877,69",,,,,,,-,,,,,,,,"877,69",,,,,,"4.967,38",,,,,,,,,
GONGOGI-BA,,,,,BA,,,,"801,37",,,,,,,-,,,,,,,,"801,37",,,,,,"4.419,23",,,,,,,,,
GOVERNADOR MANGABEIRA-BA,,,,,BA,,,,"915,85",,,,,,,-,,,,,,,,"915,85",,,,,,"5.183,34",,,,,,,,,
GUARATINGA-BA,,,,,BA,,,,"1.030,33",,,,,,,-,,,,,,,,"1.030,33",,,,,,"5.681,87",,,,,,,,,
HELIOPOLIS-BA,,,,,BA,,,,"839,53",,,,,,,-,,,,,,,,"839,53",,,,,,"4.751,42",,,,,,,,,
IACU-BA,,,,,BA,,,,"1.068,50",,,,,,,-,,,,,,,,"1.068,50",,,,,,"6.047,25",,,,,,,,,
IBICARAI-BA,,,,,BA,,,,"1.068,50",,,,,,,-,,,,,,,,"1.068,50",,,,,,"5.892,31",,,,,,,,,
IBICUI-BA,,,,,BA,,,,"877,69",,,,,,,-,,,,,,,,"877,69",,,,,,"4.840,10",,,,,,,,,
IBIQUERA-BA,,,,,BA,,,,"763,21",,,,,,,-,,,,,,,,"763,21",,,,,,"4.319,44",,,,,,,,,
Superintendência de Controle das Participações Governamentais,,,,,,,,,,,,,,,,,,,,,,,,,,,,,,,,,,,,,,,
IBIRAPITANGA-BA,,,,,BA,,,,"992,17",,,,,,,-,,,,,,,,"992,17",,,,,,"5.471,44",,,,,,,,,
IBIRAPUA-BA,,,,,BA,,,,"763,21",,,,,,,-,,,,,,,,"763,21",,,,,,"4.208,78",,,,,,,,,
IBIRATAIA-BA,,,,,BA,,,,"1.030,33",,,,,,,-,,,,,,,,"1.030,33",,,,,,"5.681,87",,,,,,,,,
ICHU-BA,,,,,BA,,,,"763,21",,,,,,,-,,,,,,,,"763,21",,,,,,"4.319,44",,,,,,,,,
IGRAPIUNA-BA,,,,,BA,,,,"877,69",,,,,,,-,,,,,,,,"877,69",,,,,,"4.840,10",,,,,,,,,
IGUAI-BA,,,,,BA,,,,"1.030,33",,,,,,,-,,,,,,,,"1.030,33",,,,,,"5.681,87",,,,,,,,,
ILHEUS-BA,,,,,BA,,,,"1.526,42",,,,,,,-,,,,,,,,"1.526,42",,,,,,"8.417,61",,,,,,,,,
INHAMBUPE-BA,,,,,BA,,,,"2.425,86",,,,,,,"692,25",,,,,,,,"3.118,11",,,,,,"25.409,08",,,,,,,,,
IPECAETA-BA,,,,,BA,,,,"954,01",,,,,,,-,,,,,,,,"954,01",,,,,,"5.399,33",,,,,,,,,
IPIAU-BA,,,,,BA,,,,"1.182,98",,,,,,,-,,,,,,,,"1.182,98",,,,,,"6.523,64",,,,,,,,,
IPIRA-BA,,,,,BA,,,,"1.259,30",,,,,,,-,,,,,,,,"1.259,30",,,,,,"7.127,14",,,,,,,,,
IRAJUBA-BA,,,,,BA,,,,"763,21",,,,,,,-,,,,,,,,"763,21",,,,,,"4.319,44",,,,,,,,,
IRARA-BA,,,,,BA,,,,"1.030,33",,,,,,,-,,,,,,,,"1.030,33",,,,,,"5.831,27",,,,,,,,,
ITABELA-BA,,,,,BA,,,,"1.030,33",,,,,,,-,,,,,,,,"1.030,33",,,,,,"5.681,87",,,,,,,,,
ITABERABA-BA,,,,,BA,,,,"1.259,30",,,,,,,-,,,,,,,,"1.259,30",,,,,,"7.127,14",,,,,,,,,
ITABUNA-BA,,,,,BA,,,,"1.526,42",,,,,,,-,,,,,,,,"1.526,42",,,,,,"8.417,61",,,,,,,,,
ITACARE-BA,,,,,BA,,,,"954,01",,,,,,,-,,,,,,,,"954,01",,,,,,"5.260,99",,,,,,,,,
ITAGI-BA,,,,,BA,,,,"877,69",,,,,,,-,,,,,,,,"877,69",,,,,,"4.967,38",,,,,,,,,
ITAGIBA-BA,,,,,BA,,,,"915,85",,,,,,,-,,,,,,,,"915,85",,,,,,"5.050,54",,,,,,,,,
ITAGIMIRIM-BA,,,,,BA,,,,"763,21",,,,,,,-,,,,,,,,"763,21",,,,,,"4.208,78",,,,,,,,,
ITAJU DO COLONIA-BA,,,,,BA,,,,"763,21",,,,,,,-,,,,,,,,"763,21",,,,,,"4.208,78",,,,,,,,,
ITAJUIPE-BA,,,,,BA,,,,"992,17",,,,,,,-,,,,,,,,"992,17",,,,,,"5.471,44",,,,,,,,,
ITAMARAJU-BA,,,,,BA,,,,"1.297,46",,,,,,,-,,,,,,,,"1.297,46",,,,,,"7.154,97",,,,,,,,,
ITAMARI-BA,,,,,BA,,,,"763,21",,,,,,,-,,,,,,,,"763,21",,,,,,"4.208,78",,,,,,,,,
ITAMBE-BA,,,,,BA,,,,"1.068,50",,,,,,,-,,,,,,,,"1.068,50",,,,,,"6.047,25",,,,,,,,,
ITANAGRA-BA,,,,,BA,,,,"85.085,80",,,,,,,"15.335,56",,,,,,,,"100.421,36",,,,,,"968.068,36",,,,,,,,,
ITANHEM-BA,,,,,BA,,,,"992,17",,,,,,,-,,,,,,,,"992,17",,,,,,"5.471,44",,,,,,,,,
ITAPARICA-BA,,,,,BA,,,,"34.744,28",,,,,,,"153.855,58",,,,,,,,"188.599,86",,,,,,"1.667.580,08",,,,,,,,,
ITAPE-BA,,,,,BA,,,,"877,69",,,,,,,-,,,,,,,,"877,69",,,,,,"4.840,10",,,,,,,,,
ITAPEBI-BA,,,,,BA,,,,"801,37",,,,,,,-,,,,,,,,"801,37",,,,,,"4.419,23",,,,,,,,,
ITAPETINGA-BA,,,,,BA,,,,"1.259,30",,,,,,,-,,,,,,,,"1.259,30",,,,,,"7.127,14",,,,,,,,,
ITAPICURU-BA,,,,,BA,,,,"1.030,33",,,,,,,-,,,,,,,,"1.030,33",,,,,,"5.831,27",,,,,,,,,
ITAPITANGA-BA,,,,,BA,,,,"801,37",,,,,,,-,,,,,,,,"801,37",,,,,,"4.419,23",,,,,,,,,
ITAQUARA-BA,,,,,BA,,,,"763,21",,,,,,,-,,,,,,,,"763,21",,,,,,"4.319,44",,,,,,,,,
ITARANTIM-BA,,,,,BA,,,,"915,85",,,,,,,-,,,,,,,,"915,85",,,,,,"5.183,34",,,,,,,,,
ITATIM-BA,,,,,BA,,,,"839,53",,,,,,,-,,,,,,,,"839,53",,,,,,"4.751,42",,,,,,,,,
ITIRUCU-BA,,,,,BA,,,,"839,53",,,,,,,-,,,,,,,,"839,53",,,,,,"4.751,42",,,,,,,,,
ITIUBA-BA,,,,,BA,,,,"1.106,66",,,,,,,-,,,,,,,,"1.106,66",,,,,,"6.263,26",,,,,,,,,
ITORORO-BA,,,,,BA,,,,"954,01",,,,,,,-,,,,,,,,"954,01",,,,,,"5.260,99",,,,,,,,,
ITUBERA-BA,,,,,BA,,,,"1.030,33",,,,,,,-,,,,,,,,"1.030,33",,,,,,"5.681,87",,,,,,,,,
JACOBINA-BA,,,,,BA,,,,"1.335,62",,,,,,,-,,,,,,,,"1.335,62",,,,,,"7.559,08",,,,,,,,,
JAGUAQUARA-BA,,,,,BA,,,,"1.182,98",,,,,,,-,,,,,,,,"1.182,98",,,,,,"6.695,18",,,,,,,,,
JAGUARIPE-BA,,,,,BA,,,,"839,53",,,,,,,-,,,,,,,,"839,53",,,,,,"4.751,42",,,,,,,,,
Superintendência de Controle das Participações Governamentais,,,,,,,,,,,,,,,,,,,,,,,,,,,,,,,,,,,,,,,
JANDAIRA-BA,,,,,BA,,,,"801,37",,,,,,,-,,,,,,,,"801,37",,,,,,"4.535,44",,,,,,,,,
JEQUIE-BA,,,,,BA,,,,"1.526,42",,,,,,,-,,,,,,,,"1.526,42",,,,,,"8.638,96",,,,,,,,,
JEREMOABO-BA,,,,,BA,,,,"1.106,66",,,,,,,-,,,,,,,,"1.106,66",,,,,,"6.263,26",,,,,,,,,
JIQUIRICA-BA,,,,,BA,,,,"839,53",,,,,,,-,,,,,,,,"839,53",,,,,,"4.751,42",,,,,,,,,
JITAUNA-BA,,,,,BA,,,,"992,17",,,,,,,-,,,,,,,,"992,17",,,,,,"5.615,31",,,,,,,,,
JUCURUCU-BA,,,,,BA,,,,"839,53",,,,,,,-,,,,,,,,"839,53",,,,,,"4.629,67",,,,,,,,,
JUSSARI-BA,,,,,BA,,,,"763,21",,,,,,,-,,,,,,,,"763,21",,,,,,"4.208,78",,,,,,,,,
LAFAIETE COUTINHO-BA,,,,,BA,,,,"763,21",,,,,,,-,,,,,,,,"763,21",,,,,,"4.319,44",,,,,,,,,
LAJE-BA,,,,,BA,,,,"954,01",,,,,,,-,,,,,,,,"954,01",,,,,,"5.399,33",,,,,,,,,
LAJEDAO-BA,,,,,BA,,,,"763,21",,,,,,,-,,,,,,,,"763,21",,,,,,"4.208,78",,,,,,,,,
LAJEDINHO-BA,,,,,BA,,,,"763,21",,,,,,,-,,,,,,,,"763,21",,,,,,"4.319,44",,,,,,,,,
LAJEDO DO TABOCAL-BA,,,,,BA,,,,"763,21",,,,,,,-,,,,,,,,"763,21",,,,,,"4.319,44",,,,,,,,,
LAMARAO-BA,,,,,BA,,,,"763,21",,,,,,,-,,,,,,,,"763,21",,,,,,"4.319,44",,,,,,,,,
LAURO DE FREITAS-BA,,,,,BA,,,,"1.450,10",,,,,,,-,,,,,,,,"1.450,10",,,,,,"8.207,01",,,,,,,,,
MACAJUBA-BA,,,,,BA,,,,"801,37",,,,,,,-,,,,,,,,"801,37",,,,,,"4.535,44",,,,,,,,,
MACARANI-BA,,,,,BA,,,,"877,69",,,,,,,-,,,,,,,,"877,69",,,,,,"4.967,38",,,,,,,,,
MADRE DE DEUS-BA,,,,,BA,,,,"940.181,13",,,,,,,"709.419,01",,,,,,,,"1.649.600,14",,,,,,"16.185.049,81",,,,,,,,,
MAIQUINIQUE-BA,,,,,BA,,,,"763,21",,,,,,,-,,,,,,,,"763,21",,,,,,"4.319,44",,,,,,,,,
MAIRI-BA,,,,,BA,,,,"992,17",,,,,,,-,,,,,,,,"992,17",,,,,,"5.615,31",,,,,,,,,
MANOEL VITORINO-BA,,,,,BA,,,,"915,85",,,,,,,-,,,,,,,,"915,85",,,,,,"5.183,34",,,,,,,,,
MARACAS-BA,,,,,BA,,,,"1.068,50",,,,,,,-,,,,,,,,"1.068,50",,,,,,"6.047,25",,,,,,,,,
MARAGOGIPE-BA,,,,,BA,,,,"1.182,98",,,,,,,-,,,,,,,,"1.182,98",,,,,,"6.695,18",,,,,,,,,
MARAU-BA,,,,,BA,,,,"954,01",,,,,,,-,,,,,,,,"954,01",,,,,,"5.260,99",,,,,,,,,
MARCIONILIO SOUZA-BA,,,,,BA,,,,"801,37",,,,,,,-,,,,,,,,"801,37",,,,,,"4.535,44",,,,,,,,,
MASCOTE-BA,,,,,BA,,,,"915,85",,,,,,,-,,,,,,,,"915,85",,,,,,"5.050,54",,,,,,,,,
MATA DE SAO JOAO-BA,,,,,BA,,,,"153.636,95",,,,,,,"67.133,84",,,,,,,,"220.770,79",,,,,,"2.169.289,19",,,,,,,,,
MEDEIROS NETO-BA,,,,,BA,,,,"992,17",,,,,,,-,,,,,,,,"992,17",,,,,,"5.471,44",,,,,,,,,
MIGUEL CALMON-BA,,,,,BA,,,,"1.068,50",,,,,,,-,,,,,,,,"1.068,50",,,,,,"6.047,25",,,,,,,,,
MILAGRES-BA,,,,,BA,,,,"839,53",,,,,,,-,,,,,,,,"839,53",,,,,,"4.751,42",,,,,,,,,
MIRANTE-BA,,,,,BA,,,,"839,53",,,,,,,-,,,,,,,,"839,53",,,,,,"4.751,42",,,,,,,,,
MONTE SANTO-BA,,,,,BA,,,,"1.221,14",,,,,,,-,,,,,,,,"1.221,14",,,,,,"6.911,17",,,,,,,,,
MUCURI-BA,,,,,BA,,,,"1.068,50",,,,,,,-,,,,,,,,"1.068,50",,,,,,"5.892,31",,,,,,,,,
MUNDO NOVO-BA,,,,,BA,,,,"992,17",,,,,,,-,,,,,,,,"992,17",,,,,,"5.615,31",,,,,,,,,
MUNIZ FERREIRA-BA,,,,,BA,,,,"763,21",,,,,,,-,,,,,,,,"763,21",,,,,,"4.319,44",,,,,,,,,
MURITIBA-BA,,,,,BA,,,,"1.068,50",,,,,,,-,,,,,,,,"1.068,50",,,,,,"6.047,25",,,,,,,,,
MUTUIPE-BA,,,,,BA,,,,"992,17",,,,,,,-,,,,,,,,"992,17",,,,,,"5.615,31",,,,,,,,,
NAZARE-BA,,,,,BA,,,,"1.030,33",,,,,,,-,,,,,,,,"1.030,33",,,,,,"5.831,27",,,,,,,,,
NILO PECANHA-BA,,,,,BA,,,,"801,37",,,,,,,-,,,,,,,,"801,37",,,,,,"4.419,23",,,,,,,,,
NORDESTINA-BA,,,,,BA,,,,"801,37",,,,,,,-,,,,,,,,"801,37",,,,,,"4.535,44",,,,,,,,,
NOVA CANAA-BA,,,,,BA,,,,"877,69",,,,,,,-,,,,,,,,"877,69",,,,,,"4.967,38",,,,,,,,,
NOVA FATIMA-BA,,,,,BA,,,,"763,21",,,,,,,-,,,,,,,,"763,21",,,,,,"4.319,44",,,,,,,,,
NOVA IBIA-BA,,,,,BA,,,,"763,21",,,,,,,-,,,,,,,,"763,21",,,,,,"4.208,78",,,,,,,,,
NOVA ITARANA-BA,,,,,BA,,,,"763,21",,,,,,,-,,,,,,,,"763,21",,,,,,"4.319,44",,,,,,,,,
Superintendência de Controle das Participações Governamentais,,,,,,,,,,,,,,,,,,,,,,,,,,,,,,,,,,,,,,,
NOVA SOURE-BA,,,,,BA,,,,"1.030,33",,,,,,,-,,,,,,,,"1.030,33",,,,,,"5.831,27",,,,,,,,,
NOVA VICOSA-BA,,,,,BA,,,,"1.106,66",,,,,,,-,,,,,,,,"1.106,66",,,,,,"6.102,77",,,,,,,,,
NOVO TRIUNFO-BA,,,,,BA,,,,"839,53",,,,,,,-,,,,,,,,"839,53",,,,,,"4.751,42",,,,,,,,,
OLINDINA-BA,,,,,BA,,,,"992,17",,,,,,,-,,,,,,,,"992,17",,,,,,"5.615,31",,,,,,,,,
OURICANGAS-BA,,,,,BA,,,,"763,21",,,,,,,-,,,,,,,,"763,21",,,,,,"4.319,44",,,,,,,,,
OUROLANDIA-BA,,,,,BA,,,,"877,69",,,,,,,-,,,,,,,,"877,69",,,,,,"4.967,38",,,,,,,,,
PARIPIRANGA-BA,,,,,BA,,,,"1.030,33",,,,,,,-,,,,,,,,"1.030,33",,,,,,"5.831,27",,,,,,,,,
PAU BRASIL-BA,,,,,BA,,,,"839,53",,,,,,,-,,,,,,,,"839,53",,,,,,"4.629,67",,,,,,,,,
PAULO AFONSO-BA,,,,,BA,,,,"1.411,94",,,,,,,-,,,,,,,,"1.411,94",,,,,,"7.991,04",,,,,,,,,
PE DE SERRA-BA,,,,,BA,,,,"839,53",,,,,,,-,,,,,,,,"839,53",,,,,,"4.751,42",,,,,,,,,
PEDRAO-BA,,,,,BA,,,,"763,21",,,,,,,-,,,,,,,,"763,21",,,,,,"4.319,44",,,,,,,,,
PEDRO ALEXANDRE-BA,,,,,BA,,,,"915,85",,,,,,,-,,,,,,,,"915,85",,,,,,"5.183,34",,,,,,,,,
PINTADAS-BA,,,,,BA,,,,"801,37",,,,,,,-,,,,,,,,"801,37",,,,,,"4.535,44",,,,,,,,,
PIRAI DO NORTE-BA,,,,,BA,,,,"801,37",,,,,,,-,,,,,,,,"801,37",,,,,,"4.419,23",,,,,,,,,
PIRITIBA-BA,,,,,BA,,,,"954,01",,,,,,,-,,,,,,,,"954,01",,,,,,"5.399,33",,,,,,,,,
PLANALTINO-BA,,,,,BA,,,,"763,21",,,,,,,-,,,,,,,,"763,21",,,,,,"4.319,44",,,,,,,,,
PLANALTO-BA,,,,,BA,,,,"992,17",,,,,,,-,,,,,,,,"992,17",,,,,,"5.615,31",,,,,,,,,
POCOES-BA,,,,,BA,,,,"1.182,98",,,,,,,-,,,,,,,,"1.182,98",,,,,,"6.695,18",,,,,,,,,
POJUCA-BA,,,,,BA,,,,"521.702,09",,,,,,,"437.694,40",,,,,,,,"959.396,49",,,,,,"10.135.615,01",,,,,,,,,
PORTO SEGURO-BA,,,,,BA,,,,"1.373,78",,,,,,,-,,,,,,,,"1.373,78",,,,,,"7.575,86",,,,,,,,,
POTIRAGUA-BA,,,,,BA,,,,"877,69",,,,,,,-,,,,,,,,"877,69",,,,,,"4.840,10",,,,,,,,,
PRADO-BA,,,,,BA,,,,"1.030,33",,,,,,,-,,,,,,,,"1.030,33",,,,,,"5.681,87",,,,,,,,,
PRESIDENTE TANCREDO NEVES-BA,,,,,BA,,,,"954,01",,,,,,,-,,,,,,,,"954,01",,,,,,"5.260,99",,,,,,,,,
QUEIMADAS-BA,,,,,BA,,,,"1.030,33",,,,,,,-,,,,,,,,"1.030,33",,,,,,"5.831,27",,,,,,,,,
QUIJINGUE-BA,,,,,BA,,,,"1.030,33",,,,,,,-,,,,,,,,"1.030,33",,,,,,"5.831,27",,,,,,,,,
QUIXABEIRA-BA,,,,,BA,,,,"763,21",,,,,,,-,,,,,,,,"763,21",,,,,,"4.319,44",,,,,,,,,
RAFAEL JAMBEIRO-BA,,,,,BA,,,,"992,17",,,,,,,-,,,,,,,,"992,17",,,,,,"5.615,31",,,,,,,,,
RETIROLANDIA-BA,,,,,BA,,,,"801,37",,,,,,,-,,,,,,,,"801,37",,,,,,"4.535,44",,,,,,,,,
RIACHAO DO JACUIPE-BA,,,,,BA,,,,"1.068,50",,,,,,,-,,,,,,,,"1.068,50",,,,,,"6.047,25",,,,,,,,,
RIBEIRA DO AMPARO-BA,,,,,BA,,,,"839,53",,,,,,,-,,,,,,,,"839,53",,,,,,"4.751,42",,,,,,,,,
RIBEIRA DO POMBAL-BA,,,,,BA,,,,"1.182,98",,,,,,,-,,,,,,,,"1.182,98",,,,,,"6.695,18",,,,,,,,,
RIBEIRAO DO LARGO-BA,,,,,BA,,,,"877,69",,,,,,,-,,,,,,,,"877,69",,,,,,"4.967,38",,,,,,,,,
RIO REAL-BA,,,,,BA,,,,"1.106,66",,,,,,,-,,,,,,,,"1.106,66",,,,,,"6.263,26",,,,,,,,,
RUY BARBOSA-BA,,,,,BA,,,,"1.068,50",,,,,,,-,,,,,,,,"1.068,50",,,,,,"6.047,25",,,,,,,,,
SALINAS DA MARGARIDA-BA,,,,,BA,,,,"28.543,52",,,,,,,"153.649,33",,,,,,,,"182.192,85",,,,,,"1.627.311,15",,,,,,,,,
SALVADOR-BA,,,,,BA,,,,"54.368,62",,,,,,,"153.649,33",,,,,,,,"208.017,95",,,,,,"1.772.636,27",,,,,,,,,
SANTA BARBARA-BA,,,,,BA,,,,"915,85",,,,,,,-,,,,,,,,"915,85",,,,,,"5.183,34",,,,,,,,,
SANTA BRIGIDA-BA,,,,,BA,,,,"915,85",,,,,,,-,,,,,,,,"915,85",,,,,,"5.183,34",,,,,,,,,
SANTA CRUZ CABRALIA-BA,,,,,BA,,,,"992,17",,,,,,,-,,,,,,,,"992,17",,,,,,"5.471,44",,,,,,,,,
SANTA CRUZ DA VITORIA-BA,,,,,BA,,,,"763,21",,,,,,,-,,,,,,,,"763,21",,,,,,"4.208,78",,,,,,,,,
SANTA INES-BA,,,,,BA,,,,"801,37",,,,,,,-,,,,,,,,"801,37",,,,,,"4.535,44",,,,,,,,,
SANTA LUZIA-BA,,,,,BA,,,,"877,69",,,,,,,-,,,,,,,,"877,69",,,,,,"4.840,10",,,,,,,,,
SANTA TERESINHA-BA,,,,,BA,,,,"763,21",,,,,,,-,,,,,,,,"763,21",,,,,,"4.319,44",,,,,,,,,
Superintendência de Controle das Participações Governamentais,,,,,,,,,,,,,,,,,,,,,,,,,,,,,,,,,,,,,,,
SANTALUZ-BA,,,,,BA,,,,"1.068,50",,,,,,,-,,,,,,,,"1.068,50",,,,,,"6.047,25",,,,,,,,,
SANTANOPOLIS-BA,,,,,BA,,,,"763,21",,,,,,,-,,,,,,,,"763,21",,,,,,"4.319,44",,,,,,,,,
SANTO AMARO-BA,,,,,BA,,,,"44.854,11",,,,,,,"153.649,33",,,,,,,,"198.503,44",,,,,,"1.719.095,44",,,,,,,,,
SANTO ANTONIO DE JESUS-BA,,,,,BA,,,,"1.335,62",,,,,,,-,,,,,,,,"1.335,62",,,,,,"7.559,08",,,,,,,,,
SANTO ESTEVAO-BA,,,,,BA,,,,"1.182,98",,,,,,,-,,,,,,,,"1.182,98",,,,,,"6.695,18",,,,,,,,,
SAO DOMINGOS-BA,,,,,BA,,,,"763,21",,,,,,,-,,,,,,,,"763,21",,,,,,"4.319,44",,,,,,,,,
SAO FELIPE-BA,,,,,BA,,,,"992,17",,,,,,,-,,,,,,,,"992,17",,,,,,"5.615,31",,,,,,,,,
SAO FELIX-BA,,,,,BA,,,,"839,53",,,,,,,-,,,,,,,,"839,53",,,,,,"4.751,42",,,,,,,,,
SAO FRANCISCO DO CONDE-BA,,,,,BA,,,,"970.479,75",,,,,,,"403.632,26",,,,,,,,"1.374.112,01",,,,,,"11.542.546,56",,,,,,,,,
SAO GONCALO DOS CAMPOS-BA,,,,,BA,,,,"1.030,33",,,,,,,-,,,,,,,,"1.030,33",,,,,,"5.831,27",,,,,,,,,
SAO JOSE DA VITORIA-BA,,,,,BA,,,,"763,21",,,,,,,-,,,,,,,,"763,21",,,,,,"4.208,78",,,,,,,,,
SAO JOSE DO JACUIPE-BA,,,,,BA,,,,"763,21",,,,,,,-,,,,,,,,"763,21",,,,,,"4.319,44",,,,,,,,,
SAO MIGUEL DAS MATAS-BA,,,,,BA,,,,"801,37",,,,,,,-,,,,,,,,"801,37",,,,,,"4.535,44",,,,,,,,,
SAO SEBASTIAO DO PASSE-BA,,,,,BA,,,,"287.945,89",,,,,,,"153.443,71",,,,,,,,"441.389,60",,,,,,"4.429.197,37",,,,,,,,,
SAPEACU-BA,,,,,BA,,,,"915,85",,,,,,,-,,,,,,,,"915,85",,,,,,"5.183,34",,,,,,,,,
SATIRO DIAS-BA,,,,,BA,,,,"18.563,67",,,,,,,"9.000,38",,,,,,,,"27.564,05",,,,,,"346.679,27",,,,,,,,,
SAUBARA-BA,,,,,BA,,,,"28.543,52",,,,,,,"153.649,33",,,,,,,,"182.192,85",,,,,,"1.627.311,15",,,,,,,,,
SERRA PRETA-BA,,,,,BA,,,,"915,85",,,,,,,-,,,,,,,,"915,85",,,,,,"5.183,34",,,,,,,,,
SERRINHA-BA,,,,,BA,,,,"1.297,46",,,,,,,-,,,,,,,,"1.297,46",,,,,,"7.343,12",,,,,,,,,
SERROLANDIA-BA,,,,,BA,,,,"839,53",,,,,,,-,,,,,,,,"839,53",,,,,,"4.751,42",,,,,,,,,
SIMOES FILHO-BA,,,,,BA,,,,"1.427,31",,,,,,,"0,68",,,,,,,,"1.427,99",,,,,,"640.419,16",,,,,,,,,
SITIO DO QUINTO-BA,,,,,BA,,,,"915,85",,,,,,,-,,,,,,,,"915,85",,,,,,"5.183,34",,,,,,,,,
TANQUINHO-BA,,,,,BA,,,,"763,21",,,,,,,-,,,,,,,,"763,21",,,,,,"4.319,44",,,,,,,,,
TAPEROA-BA,,,,,BA,,,,"877,69",,,,,,,-,,,,,,,,"877,69",,,,,,"4.840,10",,,,,,,,,
TAPIRAMUTA-BA,,,,,BA,,,,"915,85",,,,,,,-,,,,,,,,"915,85",,,,,,"5.183,34",,,,,,,,,
TEIXEIRA DE FREITAS-BA,,,,,BA,,,,"1.411,94",,,,,,,-,,,,,,,,"1.411,94",,,,,,"7.786,28",,,,,,,,,
TEODORO SAMPAIO-BA,,,,,BA,,,,"763,21",,,,,,,-,,,,,,,,"763,21",,,,,,"4.319,44",,,,,,,,,
TEOFILANDIA-BA,,,,,BA,,,,"992,17",,,,,,,-,,,,,,,,"992,17",,,,,,"5.615,31",,,,,,,,,
TEOLANDIA-BA,,,,,BA,,,,"839,53",,,,,,,-,,,,,,,,"839,53",,,,,,"4.629,67",,,,,,,,,
TERRA NOVA-BA,,,,,BA,,,,"839,53",,,,,,,-,,,,,,,,"839,53",,,,,,"4.751,42",,,,,,,,,
TUCANO-BA,,,,,BA,,,,"1.221,14",,,,,,,-,,,,,,,,"1.221,14",,,,,,"6.911,17",,,,,,,,,
UAUA-BA,,,,,BA,,,,"1.030,33",,,,,,,-,,,,,,,,"1.030,33",,,,,,"5.831,27",,,,,,,,,
UBAIRA-BA,,,,,BA,,,,"992,17",,,,,,,-,,,,,,,,"992,17",,,,,,"5.615,31",,,,,,,,,
UBAITABA-BA,,,,,BA,,,,"992,17",,,,,,,-,,,,,,,,"992,17",,,,,,"5.471,44",,,,,,,,,
UBATA-BA,,,,,BA,,,,"992,17",,,,,,,-,,,,,,,,"992,17",,,,,,"5.471,44",,,,,,,,,
UNA-BA,,,,,BA,,,,"1.068,50",,,,,,,-,,,,,,,,"1.068,50",,,,,,"5.892,31",,,,,,,,,
URUCUCA-BA,,,,,BA,,,,"992,17",,,,,,,-,,,,,,,,"992,17",,,,,,"5.471,44",,,,,,,,,
VALENCA-BA,,,,,BA,,,,"1.335,62",,,,,,,-,,,,,,,,"1.335,62",,,,,,"7.365,39",,,,,,,,,
VALENTE-BA,,,,,BA,,,,"954,01",,,,,,,-,,,,,,,,"954,01",,,,,,"5.399,33",,,,,,,,,
VARZEA DA ROCA-BA,,,,,BA,,,,"839,53",,,,,,,-,,,,,,,,"839,53",,,,,,"4.751,42",,,,,,,,,
VARZEA DO POCO-BA,,,,,BA,,,,"763,21",,,,,,,-,,,,,,,,"763,21",,,,,,"4.319,44",,,,,,,,,
VARZEA NOVA-BA,,,,,BA,,,,"877,69",,,,,,,-,,,,,,,,"877,69",,,,,,"4.967,38",,,,,,,,,
VARZEDO-BA,,,,,BA,,,,"763,21",,,,,,,-,,,,,,,,"763,21",,,,,,"4.319,44",,,,,,,,,
Superintendência de Controle das Participações Governamentais,,,,,,,,,,,,,,,,,,,,,,,,,,,,,,,,,,,,,,,
VERA CRUZ-BA,,,,,BA,,,,"1.068,50",,,,,,,-,,,,,,,,"1.068,50",,,,,,"6.047,25",,,,,,,,,
VEREDA-BA,,,,,BA,,,,"763,21",,,,,,,-,,,,,,,,"763,21",,,,,,"4.208,78",,,,,,,,,
VITORIA DA CONQUISTA-BA,,,,,BA,,,,"1.526,42",,,,,,,-,,,,,,,,"1.526,42",,,,,,"8.638,96",,,,,,,,,
WENCESLAU GUIMARAES-BA,,,,,BA,,,,"992,17",,,,,,,-,,,,,,,,"992,17",,,,,,"5.471,44",,,,,,,,,
BAHIA TOTAL,,,,,,,,,"5.247.767,58",,,,,,,"3.948.281,70",,,,,,,,"9.196.049,28",,,,,,"86.623.857,74",,,,,,,,,
ACARAU-CE,,,,,CE,,,,"2.691,95",,,,,,,-,,,,,,,,"2.691,95",,,,,,"25.872,26",,,,,,,,,
ALCANTARAS-CE,,,,,CE,,,,"1.682,47",,,,,,,-,,,,,,,,"1.682,47",,,,,,"16.170,16",,,,,,,,,
AMONTADA-CE,,,,,CE,,,,"56.191,22",,,,,,,"68.959,84",,,,,,,,"125.151,06",,,,,,"1.191.742,78",,,,,,,,,
APUIARES-CE,,,,,CE,,,,"1.850,71",,,,,,,-,,,,,,,,"1.850,71",,,,,,"17.787,17",,,,,,,,,
AQUIRAZ-CE,,,,,CE,,,,-,,,,,,,"4,33",,,,,,,,"4,33",,,,,,"42.525,04",,,,,,,,,
ARACATI-CE,,,,,CE,,,,"562.337,33",,,,,,,"20.052,07",,,,,,,,"582.389,40",,,,,,"6.425.901,43",,,,,,,,,
ARARENDA-CE,,,,,CE,,,,"1.766,59",,,,,,,-,,,,,,,,"1.766,59",,,,,,"16.978,65",,,,,,,,,
BARROQUINHA-CE,,,,,CE,,,,"1.850,71",,,,,,,-,,,,,,,,"1.850,71",,,,,,"17.787,17",,,,,,,,,
BELA CRUZ-CE,,,,,CE,,,,"2.355,46",,,,,,,-,,,,,,,,"2.355,46",,,,,,"22.638,24",,,,,,,,,
CAMOCIM-CE,,,,,CE,,,,"2.691,95",,,,,,,-,,,,,,,,"2.691,95",,,,,,"25.872,26",,,,,,,,,
CANINDE-CE,,,,,CE,,,,"2.860,20",,,,,,,-,,,,,,,,"2.860,20",,,,,,"27.489,29",,,,,,,,,
CARIDADE-CE,,,,,CE,,,,"1.934,84",,,,,,,-,,,,,,,,"1.934,84",,,,,,"18.595,67",,,,,,,,,
CARIRE-CE,,,,,CE,,,,"2.103,08",,,,,,,-,,,,,,,,"2.103,08",,,,,,"20.212,70",,,,,,,,,
CARNAUBAL-CE,,,,,CE,,,,"1.934,84",,,,,,,-,,,,,,,,"1.934,84",,,,,,"18.595,67",,,,,,,,,
CATUNDA-CE,,,,,CE,,,,"1.682,47",,,,,,,-,,,,,,,,"1.682,47",,,,,,"16.170,16",,,,,,,,,
CAUCAIA-CE,,,,,CE,,,,-,,,,,,,"4,33",,,,,,,,"4,33",,,,,,"42.525,04",,,,,,,,,
CHAVAL-CE,,,,,CE,,,,"1.850,71",,,,,,,-,,,,,,,,"1.850,71",,,,,,"17.787,17",,,,,,,,,
COREAU-CE,,,,,CE,,,,"2.103,08",,,,,,,-,,,,,,,,"2.103,08",,,,,,"20.212,70",,,,,,,,,
CRATEUS-CE,,,,,CE,,,,"2.860,20",,,,,,,-,,,,,,,,"2.860,20",,,,,,"27.489,29",,,,,,,,,
CROATA-CE,,,,,CE,,,,"2.018,96",,,,,,,-,,,,,,,,"2.018,96",,,,,,"19.404,19",,,,,,,,,
CRUZ-CE,,,,,CE,,,,"2.103,08",,,,,,,-,,,,,,,,"2.103,08",,,,,,"20.212,70",,,,,,,,,
FORQUILHA-CE,,,,,CE,,,,"2.018,96",,,,,,,-,,,,,,,,"2.018,96",,,,,,"19.404,19",,,,,,,,,
FORTALEZA-CE,,,,,CE,,,,"48.817,17",,,,,,,"5,77",,,,,,,,"48.822,94",,,,,,"985.330,54",,,,,,,,,
FRECHEIRINHA-CE,,,,,CE,,,,"1.766,59",,,,,,,-,,,,,,,,"1.766,59",,,,,,"16.978,65",,,,,,,,,
GENERAL SAMPAIO-CE,,,,,CE,,,,"1.682,47",,,,,,,-,,,,,,,,"1.682,47",,,,,,"16.170,16",,,,,,,,,
GRACA-CE,,,,,CE,,,,"1.934,84",,,,,,,-,,,,,,,,"1.934,84",,,,,,"18.595,67",,,,,,,,,
GRANJA-CE,,,,,CE,,,,"2.691,95",,,,,,,-,,,,,,,,"2.691,95",,,,,,"25.872,26",,,,,,,,,
GROAIRAS-CE,,,,,CE,,,,"1.682,47",,,,,,,-,,,,,,,,"1.682,47",,,,,,"16.170,16",,,,,,,,,
GUARACIABA DO NORTE-CE,,,,,CE,,,,"2.439,58",,,,,,,-,,,,,,,,"2.439,58",,,,,,"23.446,74",,,,,,,,,
HIDROLANDIA-CE,,,,,CE,,,,"2.018,96",,,,,,,-,,,,,,,,"2.018,96",,,,,,"19.404,19",,,,,,,,,
HORIZONTE-CE,,,,,CE,,,,"500.399,30",,,,,,,-,,,,,,,,"500.399,30",,,,,,"2.937.819,71",,,,,,,,,
IBIAPINA-CE,,,,,CE,,,,"2.187,21",,,,,,,-,,,,,,,,"2.187,21",,,,,,"21.021,23",,,,,,,,,
ICAPUI-CE,,,,,CE,,,,"79.526,20",,,,,,,"17.317,07",,,,,,,,"96.843,27",,,,,,"931.125,39",,,,,,,,,
INDEPENDENCIA-CE,,,,,CE,,,,"2.271,33",,,,,,,-,,,,,,,,"2.271,33",,,,,,"21.829,72",,,,,,,,,
IPAPORANGA-CE,,,,,CE,,,,"1.766,59",,,,,,,-,,,,,,,,"1.766,59",,,,,,"16.978,65",,,,,,,,,
IPU-CE,,,,,CE,,,,"2.523,70",,,,,,,-,,,,,,,,"2.523,70",,,,,,"24.255,25",,,,,,,,,
IPUEIRAS-CE,,,,,CE,,,,"2.523,70",,,,,,,-,,,,,,,,"2.523,70",,,,,,"24.255,25",,,,,,,,,
IRAUCUBA-CE,,,,,CE,,,,"2.103,08",,,,,,,-,,,,,,,,"2.103,08",,,,,,"20.212,70",,,,,,,,,
Superintendência de Controle das Participações Governamentais,,,,,,,,,,,,,,,,,,,,,,,,,,,,,,,,,,,,,,,
ITAPAGE-CE,,,,,CE,,,,"2.607,83",,,,,,,-,,,,,,,,"2.607,83",,,,,,"25.063,77",,,,,,,,,
ITAPIPOCA-CE,,,,,CE,,,,"69.754,61",,,,,,,"51.728,87",,,,,,,,"121.483,48",,,,,,"1.237.547,65",,,,,,,,,
ITAREMA-CE,,,,,CE,,,,"54.253,59",,,,,,,"62.174,94",,,,,,,,"116.428,53",,,,,,"1.060.100,48",,,,,,,,,
JIJOCA DE JERICOACOARA-CE,,,,,CE,,,,"1.850,71",,,,,,,-,,,,,,,,"1.850,71",,,,,,"17.787,17",,,,,,,,,
MARACANAU-CE,,,,,CE,,,,"500.399,30",,,,,,,-,,,,,,,,"500.399,30",,,,,,"5.720.690,42",,,,,,,,,
MARCO-CE,,,,,CE,,,,"2.187,21",,,,,,,-,,,,,,,,"2.187,21",,,,,,"21.021,23",,,,,,,,,
MARTINOPOLE-CE,,,,,CE,,,,"1.682,47",,,,,,,-,,,,,,,,"1.682,47",,,,,,"16.170,16",,,,,,,,,
MASSAPE-CE,,,,,CE,,,,"2.355,46",,,,,,,-,,,,,,,,"2.355,46",,,,,,"22.638,24",,,,,,,,,
MERUOCA-CE,,,,,CE,,,,"1.766,59",,,,,,,-,,,,,,,,"1.766,59",,,,,,"16.978,65",,,,,,,,,
MIRAIMA-CE,,,,,CE,,,,"1.766,59",,,,,,,-,,,,,,,,"1.766,59",,,,,,"16.978,65",,,,,,,,,
MONSENHOR TABOSA-CE,,,,,CE,,,,"2.018,96",,,,,,,-,,,,,,,,"2.018,96",,,,,,"19.404,19",,,,,,,,,
MORAUJO-CE,,,,,CE,,,,"1.682,47",,,,,,,-,,,,,,,,"1.682,47",,,,,,"16.170,16",,,,,,,,,
MORRINHOS-CE,,,,,CE,,,,"2.018,96",,,,,,,-,,,,,,,,"2.018,96",,,,,,"19.404,19",,,,,,,,,
MUCAMBO-CE,,,,,CE,,,,"1.850,71",,,,,,,-,,,,,,,,"1.850,71",,,,,,"17.787,17",,,,,,,,,
NOVA RUSSAS-CE,,,,,CE,,,,"2.355,46",,,,,,,-,,,,,,,,"2.355,46",,,,,,"22.638,24",,,,,,,,,
NOVO ORIENTE-CE,,,,,CE,,,,"2.271,33",,,,,,,-,,,,,,,,"2.271,33",,,,,,"21.829,72",,,,,,,,,
PACAJUS-CE,,,,,CE,,,,-,,,,,,,-,,,,,,,,-,,,,,,"87.575,04",,,,,,,,,
PACUJA-CE,,,,,CE,,,,"1.682,47",,,,,,,-,,,,,,,,"1.682,47",,,,,,"16.170,16",,,,,,,,,
PARACURU-CE,,,,,CE,,,,"52.315,96",,,,,,,"78.985,24",,,,,,,,"131.301,20",,,,,,"1.263.109,71",,,,,,,,,
PARAIPABA-CE,,,,,CE,,,,"2.271,33",,,,,,,"4.550,95",,,,,,,,"6.822,28",,,,,,"61.497,90",,,,,,,,,
PARAMOTI-CE,,,,,CE,,,,"1.766,59",,,,,,,-,,,,,,,,"1.766,59",,,,,,"16.978,65",,,,,,,,,
PENTECOSTE-CE,,,,,CE,,,,"2.439,58",,,,,,,-,,,,,,,,"2.439,58",,,,,,"23.446,74",,,,,,,,,
PIRES FERREIRA-CE,,,,,CE,,,,"1.682,47",,,,,,,-,,,,,,,,"1.682,47",,,,,,"16.170,16",,,,,,,,,
PORANGA-CE,,,,,CE,,,,"1.766,59",,,,,,,-,,,,,,,,"1.766,59",,,,,,"16.978,65",,,,,,,,,
QUITERIANOPOLIS-CE,,,,,CE,,,,"2.103,08",,,,,,,-,,,,,,,,"2.103,08",,,,,,"20.212,70",,,,,,,,,
RERIUTABA-CE,,,,,CE,,,,"2.187,21",,,,,,,-,,,,,,,,"2.187,21",,,,,,"21.021,23",,,,,,,,,
SANTA QUITERIA-CE,,,,,CE,,,,"2.607,83",,,,,,,-,,,,,,,,"2.607,83",,,,,,"25.063,77",,,,,,,,,
SANTANA DO ACARAU-CE,,,,,CE,,,,"2.271,33",,,,,,,-,,,,,,,,"2.271,33",,,,,,"21.829,72",,,,,,,,,
SAO BENEDITO-CE,,,,,CE,,,,"2.523,70",,,,,,,-,,,,,,,,"2.523,70",,,,,,"24.255,25",,,,,,,,,
SAO GONCALO DO AMARANTE-CE,,,,,CE,,,,"2.129.673,19",,,,,,,-,,,,,,,,"2.129.673,19",,,,,,"2.246.240,23",,,,,,,,,
SAO LUIS DO CURU-CE,,,,,CE,,,,"1.766,59",,,,,,,-,,,,,,,,"1.766,59",,,,,,"16.978,65",,,,,,,,,
SENADOR SA-CE,,,,,CE,,,,"1.682,47",,,,,,,-,,,,,,,,"1.682,47",,,,,,"16.170,16",,,,,,,,,
SOBRAL-CE,,,,,CE,,,,"3.364,94",,,,,,,-,,,,,,,,"3.364,94",,,,,,"32.340,36",,,,,,,,,
TAMBORIL-CE,,,,,CE,,,,"2.271,33",,,,,,,-,,,,,,,,"2.271,33",,,,,,"21.829,72",,,,,,,,,
TEJUCUOCA-CE,,,,,CE,,,,"1.850,71",,,,,,,-,,,,,,,,"1.850,71",,,,,,"17.787,17",,,,,,,,,
TIANGUA-CE,,,,,CE,,,,"2.776,07",,,,,,,-,,,,,,,,"2.776,07",,,,,,"26.680,76",,,,,,,,,
TRAIRI-CE,,,,,CE,,,,"60.066,47",,,,,,,"99.327,47",,,,,,,,"159.393,94",,,,,,"1.534.825,60",,,,,,,,,
TURURU-CE,,,,,CE,,,,"1.766,59",,,,,,,-,,,,,,,,"1.766,59",,,,,,"16.978,65",,,,,,,,,
UBAJARA-CE,,,,,CE,,,,"2.271,33",,,,,,,-,,,,,,,,"2.271,33",,,,,,"21.829,72",,,,,,,,,
UMIRIM-CE,,,,,CE,,,,"2.018,96",,,,,,,-,,,,,,,,"2.018,96",,,,,,"19.404,19",,,,,,,,,
URUBURETAMA-CE,,,,,CE,,,,"2.018,96",,,,,,,-,,,,,,,,"2.018,96",,,,,,"19.404,19",,,,,,,,,
URUOCA-CE,,,,,CE,,,,"1.766,59",,,,,,,-,,,,,,,,"1.766,59",,,,,,"16.978,65",,,,,,,,,
VARJOTA-CE,,,,,CE,,,,"2.018,96",,,,,,,-,,,,,,,,"2.018,96",,,,,,"19.404,19",,,,,,,,,
Superintendência de Controle das Participações Governamentais,,,,,,,,,,,,,,,,,,,,,,,,,,,,,,,,,,,,,,,
VICOSA DO CEARA-CE,,,,,CE,,,,"2.607,83",,,,,,,-,,,,,,,,"2.607,83",,,,,,"25.063,77",,,,,,,,,
CEARA TOTAL,,,,,,,,,"4.257.585,33",,,,,,,"403.110,88",,,,,,,,"4.660.696,21",,,,,,"27.129.275,98",,,,,,,,,
AFONSO CLAUDIO-ES,,,,,ES,,,,"46.215,59",,,,,,,-,,,,,,,,"46.215,59",,,,,,"326.817,92",,,,,,,,,
AGUA DOCE DO NORTE-ES,,,,,ES,,,,"35.060,10",,,,,,,-,,,,,,,,"35.060,10",,,,,,"247.930,83",,,,,,,,,
AGUIA BRANCA-ES,,,,,ES,,,,"31.872,82",,,,,,,-,,,,,,,,"31.872,82",,,,,,"225.391,65",,,,,,,,,
ALEGRE-ES,,,,,ES,,,,"44.621,95",,,,,,,-,,,,,,,,"44.621,95",,,,,,"315.548,35",,,,,,,,,
ALFREDO CHAVES-ES,,,,,ES,,,,"35.060,10",,,,,,,-,,,,,,,,"35.060,10",,,,,,"247.930,83",,,,,,,,,
ALTO RIO NOVO-ES,,,,,ES,,,,"31.872,82",,,,,,,-,,,,,,,,"31.872,82",,,,,,"225.391,65",,,,,,,,,
ANCHIETA-ES,,,,,ES,,,,"214.090,87",,,,,,,-,,,,,,,,"214.090,87",,,,,,"1.991.533,05",,,,,,,,,
APIACA-ES,,,,,ES,,,,"31.872,82",,,,,,,-,,,,,,,,"31.872,82",,,,,,"225.391,65",,,,,,,,,
ARACRUZ-ES,,,,,ES,,,,"351.375,94",,,,,,,"1.755.277,69",,,,,,,,"2.106.653,63",,,,,,"16.898.028,50",,,,,,,,,
ATILIO VIVACQUA-ES,,,,,ES,,,,"31.872,82",,,,,,,-,,,,,,,,"31.872,82",,,,,,"225.391,65",,,,,,,,,
BAIXO GUANDU-ES,,,,,ES,,,,"43.028,32",,,,,,,-,,,,,,,,"43.028,32",,,,,,"304.278,77",,,,,,,,,
BARRA DE SAO FRANCISCO-ES,,,,,ES,,,,"47.809,24",,,,,,,-,,,,,,,,"47.809,24",,,,,,"338.087,54",,,,,,,,,
BOA ESPERANCA-ES,,,,,ES,,,,"35.060,10",,,,,,,-,,,,,,,,"35.060,10",,,,,,"247.930,83",,,,,,,,,
BOM JESUS DO NORTE-ES,,,,,ES,,,,"31.872,82",,,,,,,-,,,,,,,,"31.872,82",,,,,,"225.391,65",,,,,,,,,
BREJETUBA-ES,,,,,ES,,,,"33.466,47",,,,,,,-,,,,,,,,"33.466,47",,,,,,"236.661,26",,,,,,,,,
CACHOEIRO DE ITAPEMIRIM-ES,,,,,ES,,,,"63.745,65",,,,,,,-,,,,,,,,"63.745,65",,,,,,"450.783,39",,,,,,,,,
CARIACICA-ES,,,,,ES,,,,"63.745,65",,,,,,,-,,,,,,,,"63.745,65",,,,,,"450.783,39",,,,,,,,,
CASTELO-ES,,,,,ES,,,,"46.215,59",,,,,,,-,,,,,,,,"46.215,59",,,,,,"326.817,92",,,,,,,,,
COLATINA-ES,,,,,ES,,,,"58.964,73",,,,,,,-,,,,,,,,"58.964,73",,,,,,"416.974,63",,,,,,,,,
CONCEICAO DA BARRA-ES,,,,,ES,,,,"115.658,85",,,,,,,"21.977,28",,,,,,,,"137.636,13",,,,,,"1.240.598,09",,,,,,,,,
CONCEICAO DO CASTELO-ES,,,,,ES,,,,"33.466,47",,,,,,,-,,,,,,,,"33.466,47",,,,,,"236.661,26",,,,,,,,,
DIVINO DE SAO LOURENCO-ES,,,,,ES,,,,"31.872,82",,,,,,,-,,,,,,,,"31.872,82",,,,,,"225.391,65",,,,,,,,,
DOMINGOS MARTINS-ES,,,,,ES,,,,"44.621,95",,,,,,,-,,,,,,,,"44.621,95",,,,,,"315.548,35",,,,,,,,,
DORES DO RIO PRETO-ES,,,,,ES,,,,"31.872,82",,,,,,,-,,,,,,,,"31.872,82",,,,,,"225.391,65",,,,,,,,,
ECOPORANGA-ES,,,,,ES,,,,"41.434,67",,,,,,,-,,,,,,,,"41.434,67",,,,,,"293.009,17",,,,,,,,,
FUNDAO-ES,,,,,ES,,,,"297.429,26",,,,,,,"234.787,44",,,,,,,,"532.216,70",,,,,,"4.833.353,67",,,,,,,,,
GOVERNADOR LINDENBERG-ES,,,,,ES,,,,"31.872,82",,,,,,,-,,,,,,,,"31.872,82",,,,,,"225.391,65",,,,,,,,,
GUACUI-ES,,,,,ES,,,,"43.028,32",,,,,,,-,,,,,,,,"43.028,32",,,,,,"304.278,77",,,,,,,,,
GUARAPARI-ES,,,,,ES,,,,"57.371,08",,,,,,,-,,,,,,,,"57.371,08",,,,,,"405.705,02",,,,,,,,,
IBATIBA-ES,,,,,ES,,,,"39.841,03",,,,,,,-,,,,,,,,"39.841,03",,,,,,"281.739,60",,,,,,,,,
IBIRACU-ES,,,,,ES,,,,"33.466,47",,,,,,,-,,,,,,,,"33.466,47",,,,,,"236.661,26",,,,,,,,,
IBITIRAMA-ES,,,,,ES,,,,"31.872,82",,,,,,,-,,,,,,,,"31.872,82",,,,,,"225.391,65",,,,,,,,,
ICONHA-ES,,,,,ES,,,,"33.466,47",,,,,,,-,,,,,,,,"33.466,47",,,,,,"236.661,26",,,,,,,,,
IRUPI-ES,,,,,ES,,,,"33.466,47",,,,,,,-,,,,,,,,"33.466,47",,,,,,"236.661,26",,,,,,,,,
ITAGUACU-ES,,,,,ES,,,,"36.653,74",,,,,,,-,,,,,,,,"36.653,74",,,,,,"259.200,40",,,,,,,,,
ITAPEMIRIM-ES,,,,,ES,,,,"239.781,78",,,,,,,"889.366,93",,,,,,,,"1.129.148,71",,,,,,"6.692.447,70",,,,,,,,,
ITARANA-ES,,,,,ES,,,,"33.466,47",,,,,,,-,,,,,,,,"33.466,47",,,,,,"236.661,26",,,,,,,,,
IUNA-ES,,,,,ES,,,,"43.028,32",,,,,,,-,,,,,,,,"43.028,32",,,,,,"304.278,77",,,,,,,,,
JAGUARE-ES,,,,,ES,,,,"402.761,87",,,,,,,"161.132,22",,,,,,,,"563.894,09",,,,,,"5.737.655,71",,,,,,,,,
JERONIMO MONTEIRO-ES,,,,,ES,,,,"33.466,47",,,,,,,-,,,,,,,,"33.466,47",,,,,,"236.661,26",,,,,,,,,
JOAO NEIVA-ES,,,,,ES,,,,"36.653,74",,,,,,,-,,,,,,,,"36.653,74",,,,,,"259.200,40",,,,,,,,,
Superintendência de Controle das Participações Governamentais,,,,,,,,,,,,,,,,,,,,,,,,,,,,,,,,,,,,,,,
LARANJA DA TERRA-ES,,,,,ES,,,,"33.466,47",,,,,,,-,,,,,,,,"33.466,47",,,,,,"236.661,26",,,,,,,,,
LINHARES-ES,,,,,ES,,,,"2.334.405,98",,,,,,,"301.035,75",,,,,,,,"2.635.441,73",,,,,,"18.172.522,34",,,,,,,,,
MANTENOPOLIS-ES,,,,,ES,,,,"35.060,10",,,,,,,-,,,,,,,,"35.060,10",,,,,,"247.930,83",,,,,,,,,
MARATAIZES-ES,,,,,ES,,,,"44.621,95",,,,,,,"126.957,32",,,,,,,,"171.579,27",,,,,,"952.489,90",,,,,,,,,
MARECHAL FLORIANO-ES,,,,,ES,,,,"35.060,10",,,,,,,-,,,,,,,,"35.060,10",,,,,,"247.930,83",,,,,,,,,
MARILANDIA-ES,,,,,ES,,,,"31.872,82",,,,,,,-,,,,,,,,"31.872,82",,,,,,"225.391,65",,,,,,,,,
MIMOSO DO SUL-ES,,,,,ES,,,,"43.028,32",,,,,,,-,,,,,,,,"43.028,32",,,,,,"304.278,77",,,,,,,,,
MONTANHA-ES,,,,,ES,,,,"38.247,39",,,,,,,-,,,,,,,,"38.247,39",,,,,,"270.470,02",,,,,,,,,
MUCURICI-ES,,,,,ES,,,,"31.872,82",,,,,,,-,,,,,,,,"31.872,82",,,,,,"225.391,65",,,,,,,,,
MUNIZ FREIRE-ES,,,,,ES,,,,"39.841,03",,,,,,,-,,,,,,,,"39.841,03",,,,,,"281.739,60",,,,,,,,,
MUQUI-ES,,,,,ES,,,,"35.060,10",,,,,,,-,,,,,,,,"35.060,10",,,,,,"247.930,83",,,,,,,,,
NOVA VENECIA-ES,,,,,ES,,,,"49.402,88",,,,,,,-,,,,,,,,"49.402,88",,,,,,"349.357,10",,,,,,,,,
PANCAS-ES,,,,,ES,,,,"41.434,67",,,,,,,-,,,,,,,,"41.434,67",,,,,,"293.009,17",,,,,,,,,
PEDRO CANARIO-ES,,,,,ES,,,,"41.434,67",,,,,,,-,,,,,,,,"41.434,67",,,,,,"293.009,17",,,,,,,,,
PINHEIROS-ES,,,,,ES,,,,"41.434,67",,,,,,,-,,,,,,,,"41.434,67",,,,,,"293.009,17",,,,,,,,,
PIUMA-ES,,,,,ES,,,,"36.653,74",,,,,,,-,,,,,,,,"36.653,74",,,,,,"259.200,40",,,,,,,,,
PONTO BELO-ES,,,,,ES,,,,"31.872,82",,,,,,,-,,,,,,,,"31.872,82",,,,,,"225.391,65",,,,,,,,,
PRESIDENTE KENNEDY-ES,,,,,ES,,,,"171.272,70",,,,,,,"1.494.186,17",,,,,,,,"1.665.458,87",,,,,,"11.362.717,29",,,,,,,,,
RIO BANANAL-ES,,,,,ES,,,,"38.247,39",,,,,,,-,,,,,,,,"38.247,39",,,,,,"270.470,02",,,,,,,,,
RIO NOVO DO SUL-ES,,,,,ES,,,,"33.466,47",,,,,,,-,,,,,,,,"33.466,47",,,,,,"236.661,26",,,,,,,,,
SANTA LEOPOLDINA-ES,,,,,ES,,,,"35.060,10",,,,,,,-,,,,,,,,"35.060,10",,,,,,"247.930,83",,,,,,,,,
SANTA MARIA DE JETIBA-ES,,,,,ES,,,,"44.621,95",,,,,,,-,,,,,,,,"44.621,95",,,,,,"315.548,35",,,,,,,,,
SANTA TERESA-ES,,,,,ES,,,,"41.434,67",,,,,,,-,,,,,,,,"41.434,67",,,,,,"293.009,17",,,,,,,,,
SAO DOMINGOS DO NORTE-ES,,,,,ES,,,,"31.872,82",,,,,,,-,,,,,,,,"31.872,82",,,,,,"225.391,65",,,,,,,,,
SAO GABRIEL DA PALHA-ES,,,,,ES,,,,"43.028,32",,,,,,,-,,,,,,,,"43.028,32",,,,,,"304.278,77",,,,,,,,,
SAO JOSE DO CALCADO-ES,,,,,ES,,,,"33.466,47",,,,,,,-,,,,,,,,"33.466,47",,,,,,"236.661,26",,,,,,,,,
SAO MATEUS-ES,,,,,ES,,,,"1.297.024,63",,,,,,,"92.792,01",,,,,,,,"1.389.816,64",,,,,,"13.877.864,36",,,,,,,,,
SAO ROQUE DO CANAA-ES,,,,,ES,,,,"33.466,47",,,,,,,-,,,,,,,,"33.466,47",,,,,,"236.661,26",,,,,,,,,
SERRA-ES,,,,,ES,,,,"373.430,26",,,,,,,"724.157,66",,,,,,,,"1.097.587,92",,,,,,"9.364.854,14",,,,,,,,,
SOORETAMA-ES,,,,,ES,,,,"39.841,03",,,,,,,-,,,,,,,,"39.841,03",,,,,,"281.739,60",,,,,,,,,
VARGEM ALTA-ES,,,,,ES,,,,"38.247,39",,,,,,,-,,,,,,,,"38.247,39",,,,,,"270.470,02",,,,,,,,,
VENDA NOVA DO IMIGRANTE-ES,,,,,ES,,,,"38.247,39",,,,,,,-,,,,,,,,"38.247,39",,,,,,"270.470,02",,,,,,,,,
VIANA-ES,,,,,ES,,,,"50.996,52",,,,,,,-,,,,,,,,"50.996,52",,,,,,"360.626,68",,,,,,,,,
VILA PAVAO-ES,,,,,ES,,,,"31.872,82",,,,,,,-,,,,,,,,"31.872,82",,,,,,"225.391,65",,,,,,,,,
VILA VALERIO-ES,,,,,ES,,,,"35.060,10",,,,,,,-,,,,,,,,"35.060,10",,,,,,"247.930,87",,,,,,,,,
VILA VELHA-ES,,,,,ES,,,,"342.545,40",,,,,,,-,,,,,,,,"342.545,40",,,,,,"3.186.452,93",,,,,,,,,
VITORIA-ES,,,,,ES,,,,"342.545,40",,,,,,,"82.092,14",,,,,,,,"424.637,54",,,,,,"3.503.196,09",,,,,,,,,
ESPIRITO SANTO TOTAL,,,,,,,,,"9.044.897,94",,,,,,,"5.883.762,61",,,,,,,,"14.928.660,55",,,,,,"115.619.655,83",,,,,,,,,
JUIZ DE FORA-MG,,,,,MG,,,,"459.088,22",,,,,,,-,,,,,,,,"459.088,22",,,,,,"5.282.205,58",,,,,,,,,
MINAS GERAIS TOTAL,,,,,,,,,"459.088,22",,,,,,,-,,,,,,,,"459.088,22",,,,,,"5.282.205,58",,,,,,,,,
AFUA-PA,,,,,PA,,,,-,,,,,,,"5.066,71",,,,,,,,"5.066,71",,,,,,"59.903,02",,,,,,,,,
ALENQUER-PA,,,,,PA,,,,-,,,,,,,"5.066,71",,,,,,,,"5.066,71",,,,,,"59.903,02",,,,,,,,,
ALMEIRIM-PA,,,,,PA,,,,-,,,,,,,"5.066,71",,,,,,,,"5.066,71",,,,,,"59.903,02",,,,,,,,,
Superintendência de Controle das Participações Governamentais,,,,,,,,,,,,,,,,,,,,,,,,,,,,,,,,,,,,,,,
ANAJAS-PA,,,,,PA,,,,-,,,,,,,"5.066,71",,,,,,,,"5.066,71",,,,,,"59.903,02",,,,,,,,,
BREVES-PA,,,,,PA,,,,-,,,,,,,"5.066,71",,,,,,,,"5.066,71",,,,,,"59.903,02",,,,,,,,,
CHAVES-PA,,,,,PA,,,,-,,,,,,,"5.066,71",,,,,,,,"5.066,71",,,,,,"59.903,02",,,,,,,,,
CURUA-PA,,,,,PA,,,,-,,,,,,,"5.066,71",,,,,,,,"5.066,71",,,,,,"59.903,02",,,,,,,,,
FARO-PA,,,,,PA,,,,-,,,,,,,"5.066,71",,,,,,,,"5.066,71",,,,,,"59.903,02",,,,,,,,,
GURUPA-PA,,,,,PA,,,,-,,,,,,,"5.066,71",,,,,,,,"5.066,71",,,,,,"59.903,02",,,,,,,,,
JURUTI-PA,,,,,PA,,,,-,,,,,,,"5.066,71",,,,,,,,"5.066,71",,,,,,"59.903,02",,,,,,,,,
MELGACO-PA,,,,,PA,,,,-,,,,,,,"5.066,71",,,,,,,,"5.066,71",,,,,,"59.903,02",,,,,,,,,
MONTE ALEGRE-PA,,,,,PA,,,,-,,,,,,,"5.066,71",,,,,,,,"5.066,71",,,,,,"59.903,02",,,,,,,,,
OBIDOS-PA,,,,,PA,,,,-,,,,,,,"5.066,71",,,,,,,,"5.066,71",,,,,,"59.903,02",,,,,,,,,
PORTO DE MOZ-PA,,,,,PA,,,,-,,,,,,,"5.066,71",,,,,,,,"5.066,71",,,,,,"59.903,02",,,,,,,,,
PRAINHA-PA,,,,,PA,,,,-,,,,,,,"5.066,71",,,,,,,,"5.066,71",,,,,,"59.903,02",,,,,,,,,
SANTAREM-PA,,,,,PA,,,,-,,,,,,,"5.066,71",,,,,,,,"5.066,71",,,,,,"59.903,02",,,,,,,,,
TERRA SANTA-PA,,,,,PA,,,,-,,,,,,,"5.066,71",,,,,,,,"5.066,71",,,,,,"59.903,02",,,,,,,,,
PARA TOTAL,,,,,,,,,-,,,,,,,"86.134,07",,,,,,,,"86.134,07",,,,,,"1.018.351,34",,,,,,,,,
BAYEUX-PB,,,,,PB,,,,"500.359,36",,,,,,,-,,,,,,,,"500.359,36",,,,,,"500.359,36",,,,,,,,,
PEDRAS DE FOGO-PB,,,,,PB,,,,"459.088,22",,,,,,,-,,,,,,,,"459.088,22",,,,,,"5.281.652,38",,,,,,,,,
SANTA RITA-PB,,,,,PB,,,,-,,,,,,,-,,,,,,,,-,,,,,,"4.202.427,51",,,,,,,,,
PARAIBA  TOTAL,,,,,,,,,"959.447,58",,,,,,,-,,,,,,,,"959.447,58",,,,,,"9.984.439,25",,,,,,,,,
CABO DE SANTO AGOSTINHO-PE,,,,,PE,,,,"2,58",,,,,,,-,,,,,,,,"2,58",,,,,,"4.551.484,80",,,,,,,,,
CAMARAGIBE-PE,,,,,PE,,,,"459.088,22",,,,,,,-,,,,,,,,"459.088,22",,,,,,"5.282.074,79",,,,,,,,,
GOIANA-PE,,,,,PE,,,,"500.399,30",,,,,,,-,,,,,,,,"500.399,30",,,,,,"4.009.806,84",,,,,,,,,
ITAMBE-PE,,,,,PE,,,,"500.399,30",,,,,,,-,,,,,,,,"500.399,30",,,,,,"3.020.163,13",,,,,,,,,
ITAQUITINGA-PE,,,,,PE,,,,"2,58",,,,,,,-,,,,,,,,"2,58",,,,,,"599.852,28",,,,,,,,,
JABOATAO DOS GUARARAPES-PE,,,,,PE,,,,"41.311,08",,,,,,,-,,,,,,,,"41.311,08",,,,,,"540.601,22",,,,,,,,,
MORENO-PE,,,,,PE,,,,"459.128,16",,,,,,,-,,,,,,,,"459.128,16",,,,,,"687.702,38",,,,,,,,,
PAULISTA-PE,,,,,PE,,,,"459.088,22",,,,,,,-,,,,,,,,"459.088,22",,,,,,"6.510.257,89",,,,,,,,,
RECIFE-PE,,,,,PE,,,,"41.311,08",,,,,,,-,,,,,,,,"41.311,08",,,,,,"395.445,87",,,,,,,,,
SAO LOURENCO DA MATA-PE,,,,,PE,,,,"500.396,72",,,,,,,-,,,,,,,,"500.396,72",,,,,,"3.747.768,51",,,,,,,,,
SIRINHAEM-PE,,,,,PE,,,,"0,30",,,,,,,-,,,,,,,,"0,30",,,,,,"10.643,74",,,,,,,,,
VITORIA DE SANTO ANTAO-PE,,,,,PE,,,,"459.088,22",,,,,,,-,,,,,,,,"459.088,22",,,,,,"5.282.094,90",,,,,,,,,
PERNAMBUCO TOTAL,,,,,,,,,"3.420.215,76",,,,,,,-,,,,,,,,"3.420.215,76",,,,,,"34.637.896,35",,,,,,,,,
ADRIANOPOLIS-PR,,,,,PR,,,,"2.119,65",,,,,,,-,,,,,,,,"2.119,65",,,,,,"21.255,64",,,,,,,,,
AGUDOS DO SUL-PR,,,,,PR,,,,"2.119,65",,,,,,,-,,,,,,,,"2.119,65",,,,,,"21.255,64",,,,,,,,,
ALMIRANTE TAMANDARE-PR,,,,,PR,,,,"3.815,37",,,,,,,-,,,,,,,,"3.815,37",,,,,,"38.260,19",,,,,,,,,
ANTONINA-PR,,,,,PR,,,,"2.649,56",,,,,,,-,,,,,,,,"2.649,56",,,,,,"26.569,56",,,,,,,,,
ARAUCARIA-PR,,,,,PR,,,,"3.815,37",,,,,,,-,,,,,,,,"3.815,37",,,,,,"38.260,19",,,,,,,,,
BALSA NOVA-PR,,,,,PR,,,,"2.225,63",,,,,,,-,,,,,,,,"2.225,63",,,,,,"22.318,42",,,,,,,,,
BOCAIUVA DO SUL-PR,,,,,PR,,,,"2.119,65",,,,,,,-,,,,,,,,"2.119,65",,,,,,"21.255,64",,,,,,,,,
CAMPINA GRANDE DO SUL-PR,,,,,PR,,,,"3.073,49",,,,,,,-,,,,,,,,"3.073,49",,,,,,"30.820,70",,,,,,,,,
CAMPO DO TENENTE-PR,,,,,PR,,,,"2.119,65",,,,,,,-,,,,,,,,"2.119,65",,,,,,"21.255,64",,,,,,,,,
CAMPO LARGO-PR,,,,,PR,,,,"3.815,37",,,,,,,-,,,,,,,,"3.815,37",,,,,,"38.260,19",,,,,,,,,
CAMPO MAGRO-PR,,,,,PR,,,,"2.755,55",,,,,,,-,,,,,,,,"2.755,55",,,,,,"27.632,35",,,,,,,,,
Superintendência de Controle das Participações Governamentais,,,,,,,,,,,,,,,,,,,,,,,,,,,,,,,,,,,,,,,
CERRO AZUL-PR,,,,,PR,,,,"2.543,58",,,,,,,-,,,,,,,,"2.543,58",,,,,,"25.506,77",,,,,,,,,
COLOMBO-PR,,,,,PR,,,,"4.239,30",,,,,,,-,,,,,,,,"4.239,30",,,,,,"42.511,31",,,,,,,,,
CONTENDA-PR,,,,,PR,,,,"2.331,61",,,,,,,-,,,,,,,,"2.331,61",,,,,,"23.381,20",,,,,,,,,
CURITIBA-PR,,,,,PR,,,,"4.239,30",,,,,,,-,,,,,,,,"4.239,30",,,,,,"42.511,31",,,,,,,,,
DOUTOR ULYSSES-PR,,,,,PR,,,,"2.119,65",,,,,,,-,,,,,,,,"2.119,65",,,,,,"21.255,64",,,,,,,,,
FAZENDA RIO GRANDE-PR,,,,,PR,,,,"3.497,42",,,,,,,-,,,,,,,,"3.497,42",,,,,,"35.071,83",,,,,,,,,
GUARAQUECABA-PR,,,,,PR,,,,"2.119,65",,,,,,,-,,,,,,,,"2.119,65",,,,,,"21.255,64",,,,,,,,,
GUARATUBA-PR,,,,,PR,,,,"75.433,18",,,,,,,"66.004,03",,,,,,,,"141.437,21",,,,,,"1.418.318,86",,,,,,,,,
ITAPERUCU-PR,,,,,PR,,,,"2.649,56",,,,,,,-,,,,,,,,"2.649,56",,,,,,"26.569,56",,,,,,,,,
LAPA-PR,,,,,PR,,,,"3.285,46",,,,,,,-,,,,,,,,"3.285,46",,,,,,"32.946,27",,,,,,,,,
MANDIRITUBA-PR,,,,,PR,,,,"2.543,58",,,,,,,-,,,,,,,,"2.543,58",,,,,,"25.506,77",,,,,,,,,
MATINHOS-PR,,,,,PR,,,,"75.433,18",,,,,,,"54.099,54",,,,,,,,"129.532,72",,,,,,"1.298.941,78",,,,,,,,,
MORRETES-PR,,,,,PR,,,,"2.437,60",,,,,,,-,,,,,,,,"2.437,60",,,,,,"24.444,01",,,,,,,,,
PARANAGUA-PR,,,,,PR,,,,"4.027,34",,,,,,,"219,52",,,,,,,,"4.246,86",,,,,,"42.587,13",,,,,,,,,
PIEN-PR,,,,,PR,,,,"2.119,65",,,,,,,-,,,,,,,,"2.119,65",,,,,,"21.255,64",,,,,,,,,
PINHAIS-PR,,,,,PR,,,,"3.921,35",,,,,,,-,,,,,,,,"3.921,35",,,,,,"39.322,95",,,,,,,,,
PIRAQUARA-PR,,,,,PR,,,,"3.709,39",,,,,,,-,,,,,,,,"3.709,39",,,,,,"37.197,41",,,,,,,,,
PONTAL DO PARANA-PR,,,,,PR,,,,"2.437,60",,,,,,,"11.684,95",,,,,,,,"14.122,55",,,,,,"141.619,59",,,,,,,,,
PORTO AMAZONAS-PR,,,,,PR,,,,"2.119,65",,,,,,,-,,,,,,,,"2.119,65",,,,,,"21.255,64",,,,,,,,,
QUATRO BARRAS-PR,,,,,PR,,,,"2.543,58",,,,,,,-,,,,,,,,"2.543,58",,,,,,"25.506,77",,,,,,,,,
QUITANDINHA-PR,,,,,PR,,,,"2.437,60",,,,,,,-,,,,,,,,"2.437,60",,,,,,"24.444,01",,,,,,,,,
RIO BRANCO DO SUL-PR,,,,,PR,,,,"2.967,51",,,,,,,-,,,,,,,,"2.967,51",,,,,,"29.757,91",,,,,,,,,
RIO NEGRO-PR,,,,,PR,,,,"2.967,51",,,,,,,-,,,,,,,,"2.967,51",,,,,,"29.757,91",,,,,,,,,
SAO JOSE DOS PINHAIS-PR,,,,,PR,,,,"4.239,30",,,,,,,-,,,,,,,,"4.239,30",,,,,,"42.511,31",,,,,,,,,
TIJUCAS DO SUL-PR,,,,,PR,,,,"2.331,61",,,,,,,-,,,,,,,,"2.331,61",,,,,,"23.381,20",,,,,,,,,
TUNAS DO PARANA-PR,,,,,PR,,,,"2.119,65",,,,,,,-,,,,,,,,"2.119,65",,,,,,"21.255,64",,,,,,,,,
PARANA  TOTAL,,,,,,,,,"251.443,75",,,,,,,"132.008,04",,,,,,,,"383.451,79",,,,,,"3.845.218,22",,,,,,,,,
ANGRA DOS REIS-RJ,,,,,RJ,,,,"4.045.780,87",,,,,,,"2.070.269,47",,,,,,,,"6.116.050,34",,,,,,"40.313.501,22",,,,,,,,,
APERIBE-RJ,,,,,RJ,,,,"241.200,51",,,,,,,-,,,,,,,,"241.200,51",,,,,,"2.213.685,93",,,,,,,,,
ARARUAMA-RJ,,,,,RJ,,,,"434.160,91",,,,,,,-,,,,,,,,"434.160,91",,,,,,"3.984.634,72",,,,,,,,,
ARMACAO DOS BUZIOS-RJ,,,,,RJ,,,,"2.104.776,47",,,,,,,"1.581.989,19",,,,,,,,"3.686.765,66",,,,,,"34.386.360,58",,,,,,,,,
ARRAIAL DO CABO-RJ,,,,,RJ,,,,"313.560,66",,,,,,,"99.107,21",,,,,,,,"412.667,87",,,,,,"3.425.540,88",,,,,,,,,
BARRA DO PIRAI-RJ,,,,,RJ,,,,"434.160,91",,,,,,,-,,,,,,,,"434.160,91",,,,,,"2.178.144,81",,,,,,,,,
BARRA MANSA-RJ,,,,,RJ,,,,"941.489,24",,,,,,,-,,,,,,,,"941.489,24",,,,,,"7.702.360,91",,,,,,,,,
BELFORD ROXO-RJ,,,,,RJ,,,,"482.401,02",,,,,,,-,,,,,,,,"482.401,02",,,,,,"5.444.758,78",,,,,,,,,
BOM JARDIM-RJ,,,,,RJ,,,,"313.560,66",,,,,,,-,,,,,,,,"313.560,66",,,,,,"2.877.791,66",,,,,,,,,
BOM JESUS DO ITABAPOANA-RJ,,,,,RJ,,,,"349.740,73",,,,,,,-,,,,,,,,"349.740,73",,,,,,"3.209.844,60",,,,,,,,,
CABO FRIO-RJ,,,,,RJ,,,,"3.199.260,23",,,,,,,"6.910.508,02",,,,,,,,"10.109.768,25",,,,,,"96.137.679,48",,,,,,,,,
CACHOEIRAS DE MACACU-RJ,,,,,RJ,,,,"1.895.702,00",,,,,,,-,,,,,,,,"1.895.702,00",,,,,,"8.429.872,27",,,,,,,,,
CAMBUCI-RJ,,,,,RJ,,,,"277.380,58",,,,,,,-,,,,,,,,"277.380,58",,,,,,"2.545.738,80",,,,,,,,,
CAMPOS DOS GOYTACAZES-RJ,,,,,RJ,,,,"3.367.642,35",,,,,,,"31.104.515,94",,,,,,,,"34.472.158,29",,,,,,"318.089.011,50",,,,,,,,,
CANTAGALO-RJ,,,,,RJ,,,,"301.500,63",,,,,,,-,,,,,,,,"301.500,63",,,,,,"2.767.107,35",,,,,,,,,
CARAPEBUS-RJ,,,,,RJ,,,,"1.683.821,17",,,,,,,"522.410,06",,,,,,,,"2.206.231,23",,,,,,"22.041.234,64",,,,,,,,,
Superintendência de Controle das Participações Governamentais,,,,,,,,,,,,,,,,,,,,,,,,,,,,,,,,,,,,,,,
CARDOSO MOREIRA-RJ,,,,,RJ,,,,"265.320,56",,,,,,,-,,,,,,,,"265.320,56",,,,,,"2.435.054,60",,,,,,,,,
CARMO-RJ,,,,,RJ,,,,"277.380,58",,,,,,,-,,,,,,,,"277.380,58",,,,,,"2.545.738,80",,,,,,,,,
CASIMIRO DE ABREU-RJ,,,,,RJ,,,,"2.188.967,53",,,,,,,"1.606.557,01",,,,,,,,"3.795.524,54",,,,,,"37.165.766,32",,,,,,,,,
CONCEICAO DE MACABU-RJ,,,,,RJ,,,,"301.500,63",,,,,,,-,,,,,,,,"301.500,63",,,,,,"2.767.107,35",,,,,,,,,
CORDEIRO-RJ,,,,,RJ,,,,"301.500,63",,,,,,,-,,,,,,,,"301.500,63",,,,,,"2.767.107,35",,,,,,,,,
DUAS BARRAS-RJ,,,,,RJ,,,,"253.260,53",,,,,,,-,,,,,,,,"253.260,53",,,,,,"2.324.370,23",,,,,,,,,
DUQUE DE CAXIAS-RJ,,,,,RJ,,,,"3.367.642,35",,,,,,,"35.122,84",,,,,,,,"3.402.765,19",,,,,,"17.196.218,15",,,,,,,,,
ENGENHEIRO PAULO DE FRONTIN-RJ,,,,,RJ,,,,"265.320,56",,,,,,,-,,,,,,,,"265.320,56",,,,,,"5.579.967,70",,,,,,,,,
GUAPIMIRIM-RJ,,,,,RJ,,,,"2.031.109,29",,,,,,,"35.122,84",,,,,,,,"2.066.232,13",,,,,,"9.495.374,19",,,,,,,,,
IGUABA GRANDE-RJ,,,,,RJ,,,,"277.380,58",,,,,,,-,,,,,,,,"277.380,58",,,,,,"2.545.738,80",,,,,,,,,
ITABORAI-RJ,,,,,RJ,,,,"482.401,02",,,,,,,"35.122,84",,,,,,,,"517.523,86",,,,,,"5.908.126,77",,,,,,,,,
ITAGUAI-RJ,,,,,RJ,,,,"434.160,91",,,,,,,-,,,,,,,,"434.160,91",,,,,,"4.900.282,78",,,,,,,,,
ITALVA-RJ,,,,,RJ,,,,"265.320,56",,,,,,,-,,,,,,,,"265.320,56",,,,,,"2.435.054,60",,,,,,,,,
ITAOCARA-RJ,,,,,RJ,,,,"313.560,66",,,,,,,-,,,,,,,,"313.560,66",,,,,,"2.877.791,66",,,,,,,,,
ITAPERUNA-RJ,,,,,RJ,,,,"434.160,91",,,,,,,-,,,,,,,,"434.160,91",,,,,,"3.984.634,72",,,,,,,,,
ITATIAIA-RJ,,,,,RJ,,,,"325.620,68",,,,,,,-,,,,,,,,"325.620,68",,,,,,"1.633.608,59",,,,,,,,,
JAPERI-RJ,,,,,RJ,,,,"893.249,13",,,,,,,-,,,,,,,,"893.249,13",,,,,,"10.182.482,79",,,,,,,,,
LAJE DO MURIAE-RJ,,,,,RJ,,,,"241.200,51",,,,,,,-,,,,,,,,"241.200,51",,,,,,"2.213.685,93",,,,,,,,,
MACAE-RJ,,,,,RJ,,,,"17.095.395,00",,,,,,,"8.865.322,60",,,,,,,,"25.960.717,60",,,,,,"238.542.735,68",,,,,,,,,
MACUCO-RJ,,,,,RJ,,,,"241.200,51",,,,,,,-,,,,,,,,"241.200,51",,,,,,"2.213.685,93",,,,,,,,,
MAGE-RJ,,,,,RJ,,,,"2.437.331,15",,,,,,,"35.122,84",,,,,,,,"2.472.453,99",,,,,,"11.301.775,41",,,,,,,,,
MANGARATIBA-RJ,,,,,RJ,,,,"325.620,68",,,,,,,"1.552.702,10",,,,,,,,"1.878.322,78",,,,,,"15.546.496,76",,,,,,,,,
MARICA-RJ,,,,,RJ,,,,"422.100,89",,,,,,,-,,,,,,,,"422.100,89",,,,,,"4.764.163,80",,,,,,,,,
MENDES-RJ,,,,,RJ,,,,"289.440,61",,,,,,,-,,,,,,,,"289.440,61",,,,,,"6.087.237,40",,,,,,,,,
MESQUITA-RJ,,,,,RJ,,,,"482.401,02",,,,,,,-,,,,,,,,"482.401,02",,,,,,"5.444.758,60",,,,,,,,,
MIGUEL PEREIRA-RJ,,,,,RJ,,,,"313.560,66",,,,,,,-,,,,,,,,"313.560,66",,,,,,"9.908.553,65",,,,,,,,,
MIRACEMA-RJ,,,,,RJ,,,,"325.620,68",,,,,,,-,,,,,,,,"325.620,68",,,,,,"2.988.476,03",,,,,,,,,
NATIVIDADE-RJ,,,,,RJ,,,,"277.380,58",,,,,,,-,,,,,,,,"277.380,58",,,,,,"2.545.738,80",,,,,,,,,
NILOPOLIS-RJ,,,,,RJ,,,,"482.401,02",,,,,,,-,,,,,,,,"482.401,02",,,,,,"5.444.758,60",,,,,,,,,
NITEROI-RJ,,,,,RJ,,,,"3.367.642,35",,,,,,,"35.122,84",,,,,,,,"3.402.765,19",,,,,,"39.873.778,42",,,,,,,,,
NOVA FRIBURGO-RJ,,,,,RJ,,,,"482.401,02",,,,,,,-,,,,,,,,"482.401,02",,,,,,"4.427.371,84",,,,,,,,,
NOVA IGUACU-RJ,,,,,RJ,,,,"482.401,02",,,,,,,-,,,,,,,,"482.401,02",,,,,,"10.543.291,65",,,,,,,,,
PARACAMBI-RJ,,,,,RJ,,,,"373.860,79",,,,,,,-,,,,,,,,"373.860,79",,,,,,"4.219.687,96",,,,,,,,,
PARATI-RJ,,,,,RJ,,,,"337.680,71",,,,,,,"1.552.702,10",,,,,,,,"1.890.382,81",,,,,,"13.565.397,29",,,,,,,,,
PATY DO ALFERES-RJ,,,,,RJ,,,,"325.620,68",,,,,,,-,,,,,,,,"325.620,68",,,,,,"10.179.803,92",,,,,,,,,
PETROPOLIS-RJ,,,,,RJ,,,,"482.401,02",,,,,,,-,,,,,,,,"482.401,02",,,,,,"4.427.371,84",,,,,,,,,
PINHEIRAL-RJ,,,,,RJ,,,,"301.500,63",,,,,,,-,,,,,,,,"301.500,63",,,,,,"1.512.600,55",,,,,,,,,
PIRAI-RJ,,,,,RJ,,,,"772.648,88",,,,,,,-,,,,,,,,"772.648,88",,,,,,"6.855.304,58",,,,,,,,,
PORCIUNCULA-RJ,,,,,RJ,,,,"277.380,58",,,,,,,-,,,,,,,,"277.380,58",,,,,,"2.545.738,80",,,,,,,,,
PORTO REAL-RJ,,,,,RJ,,,,"265.320,56",,,,,,,-,,,,,,,,"265.320,56",,,,,,"1.331.088,49",,,,,,,,,
QUATIS-RJ,,,,,RJ,,,,"253.260,53",,,,,,,-,,,,,,,,"253.260,53",,,,,,"1.270.584,46",,,,,,,,,
QUEIMADOS-RJ,,,,,RJ,,,,"458.280,96",,,,,,,-,,,,,,,,"458.280,96",,,,,,"5.172.520,71",,,,,,,,,
QUISSAMA-RJ,,,,,RJ,,,,"1.852.203,29",,,,,,,"4.857.148,15",,,,,,,,"6.709.351,44",,,,,,"64.470.961,00",,,,,,,,,
Superintendência de Controle das Participações Governamentais,,,,,,,,,,,,,,,,,,,,,,,,,,,,,,,,,,,,,,,
RESENDE-RJ,,,,,RJ,,,,"446.220,94",,,,,,,-,,,,,,,,"446.220,94",,,,,,"2.238.648,83",,,,,,,,,
RIO BONITO-RJ,,,,,RJ,,,,"385.920,81",,,,,,,-,,,,,,,,"385.920,81",,,,,,"3.541.897,48",,,,,,,,,
RIO CLARO-RJ,,,,,RJ,,,,"289.440,61",,,,,,,-,,,,,,,,"289.440,61",,,,,,"1.452.096,54",,,,,,,,,
RIO DAS FLORES-RJ,,,,,RJ,,,,"241.200,51",,,,,,,-,,,,,,,,"241.200,51",,,,,,"5.425.005,58",,,,,,,,,
RIO DAS OSTRAS-RJ,,,,,RJ,,,,"2.525.731,76",,,,,,,"7.880.405,47",,,,,,,,"10.406.137,23",,,,,,"95.103.947,83",,,,,,,,,
RIO DE JANEIRO-RJ,,,,,RJ,,,,"4.214.166,47",,,,,,,"140.491,38",,,,,,,,"4.354.657,85",,,,,,"52.943.536,58",,,,,,,,,
SANTA MARIA MADALENA-RJ,,,,,RJ,,,,"253.260,53",,,,,,,-,,,,,,,,"253.260,53",,,,,,"2.324.370,23",,,,,,,,,
SANTO ANTONIO DE PADUA-RJ,,,,,RJ,,,,"361.800,76",,,,,,,-,,,,,,,,"361.800,76",,,,,,"3.320.528,91",,,,,,,,,
SAO FIDELIS-RJ,,,,,RJ,,,,"361.800,76",,,,,,,-,,,,,,,,"361.800,76",,,,,,"3.320.528,91",,,,,,,,,
SAO FRANCISCO DE ITABAPOANA-RJ,,,,,RJ,,,,"373.860,79",,,,,,,-,,,,,,,,"373.860,79",,,,,,"3.431.213,26",,,,,,,,,
SAO GONCALO-RJ,,,,,RJ,,,,"482.401,02",,,,,,,"35.122,84",,,,,,,,"517.523,86",,,,,,"5.908.126,77",,,,,,,,,
SAO JOAO DA BARRA-RJ,,,,,RJ,,,,"2.273.158,58",,,,,,,"1.003.790,48",,,,,,,,"3.276.949,06",,,,,,"32.485.418,97",,,,,,,,,
SAO JOAO DE MERITI-RJ,,,,,RJ,,,,"482.401,02",,,,,,,-,,,,,,,,"482.401,02",,,,,,"5.444.758,60",,,,,,,,,
SAO JOSE DE UBA-RJ,,,,,RJ,,,,"241.200,51",,,,,,,-,,,,,,,,"241.200,51",,,,,,"2.213.685,93",,,,,,,,,
SAO JOSE DO VALE DO RIO PRETO-RJ,,,,,RJ,,,,"301.500,63",,,,,,,-,,,,,,,,"301.500,63",,,,,,"2.767.107,35",,,,,,,,,
SAO PEDRO DA ALDEIA-RJ,,,,,RJ,,,,"397.980,84",,,,,,,-,,,,,,,,"397.980,84",,,,,,"3.652.581,85",,,,,,,,,
SAO SEBASTIAO DO ALTO-RJ,,,,,RJ,,,,"241.200,51",,,,,,,-,,,,,,,,"241.200,51",,,,,,"2.213.685,93",,,,,,,,,
SAQUAREMA-RJ,,,,,RJ,,,,"385.920,81",,,,,,,-,,,,,,,,"385.920,81",,,,,,"3.541.897,48",,,,,,,,,
SEROPEDICA-RJ,,,,,RJ,,,,"410.040,86",,,,,,,-,,,,,,,,"410.040,86",,,,,,"4.628.044,89",,,,,,,,,
SILVA JARDIM-RJ,,,,,RJ,,,,"1.760.294,72",,,,,,,-,,,,,,,,"1.760.294,72",,,,,,"7.827.738,55",,,,,,,,,
SUMIDOURO-RJ,,,,,RJ,,,,"277.380,58",,,,,,,-,,,,,,,,"277.380,58",,,,,,"2.545.738,80",,,,,,,,,
TANGUA-RJ,,,,,RJ,,,,"325.620,68",,,,,,,-,,,,,,,,"325.620,68",,,,,,"3.675.212,09",,,,,,,,,
TERESOPOLIS-RJ,,,,,RJ,,,,"470.340,99",,,,,,,-,,,,,,,,"470.340,99",,,,,,"4.316.687,64",,,,,,,,,
TRAJANO DE MORAIS-RJ,,,,,RJ,,,,"253.260,53",,,,,,,-,,,,,,,,"253.260,53",,,,,,"2.324.370,23",,,,,,,,,
VALENCA-RJ,,,,,RJ,,,,"410.040,86",,,,,,,-,,,,,,,,"410.040,86",,,,,,"2.057.136,76",,,,,,,,,
VARRE-SAI-RJ,,,,,RJ,,,,"241.200,51",,,,,,,-,,,,,,,,"241.200,51",,,,,,"2.213.686,41",,,,,,,,,
VASSOURAS-RJ,,,,,RJ,,,,"241.200,51",,,,,,,-,,,,,,,,"241.200,51",,,,,,"8.500.747,82",,,,,,,,,
VOLTA REDONDA-RJ,,,,,RJ,,,,"941.489,24",,,,,,,-,,,,,,,,"941.489,24",,,,,,"7.702.360,86",,,,,,,,,
RIO DE JANEIRO TOTAL,,,,,,,,,"85.620.289,72",,,,,,,"69.958.656,22",,,,,,,,"155.578.945,94",,,,,,"1.427.010.022,71",,,,,,,,,
ACARI-RN,,,,,RN,,,,"4.009,55",,,,,,,-,,,,,,,,"4.009,55",,,,,,"40.777,36",,,,,,,,,
ACU-RN,,,,,RN,,,,"206.231,04",,,,,,,"91.648,26",,,,,,,,"297.879,30",,,,,,"2.402.179,52",,,,,,,,,
AFONSO BEZERRA-RN,,,,,RN,,,,"4.507,27",,,,,,,"373,29",,,,,,,,"4.880,56",,,,,,"45.517,21",,,,,,,,,
AGUA NOVA-RN,,,,,RN,,,,"3.818,61",,,,,,,-,,,,,,,,"3.818,61",,,,,,"38.835,57",,,,,,,,,
ALEXANDRIA-RN,,,,,RN,,,,"4.200,48",,,,,,,-,,,,,,,,"4.200,48",,,,,,"42.719,15",,,,,,,,,
ALMINO AFONSO-RN,,,,,RN,,,,"3.818,61",,,,,,,-,,,,,,,,"3.818,61",,,,,,"38.835,57",,,,,,,,,
ALTO DO RODRIGUES-RN,,,,,RN,,,,"218.891,82",,,,,,,"91.025,41",,,,,,,,"309.917,23",,,,,,"3.102.374,74",,,,,,,,,
ANTONIO MARTINS-RN,,,,,RN,,,,"3.818,61",,,,,,,-,,,,,,,,"3.818,61",,,,,,"38.835,57",,,,,,,,,
APODI-RN,,,,,RN,,,,"207.329,86",,,,,,,"118.537,85",,,,,,,,"325.867,71",,,,,,"2.764.022,71",,,,,,,,,
AREIA BRANCA-RN,,,,,RN,,,,"500.690,08",,,,,,,"394.356,53",,,,,,,,"895.046,61",,,,,,"7.968.172,74",,,,,,,,,
AUGUSTO SEVERO-RN,,,,,RN,,,,"3.818,61",,,,,,,-,,,,,,,,"3.818,61",,,,,,"38.835,57",,,,,,,,,
BARAUNA-RN,,,,,RN,,,,"4.773,27",,,,,,,-,,,,,,,,"4.773,27",,,,,,"48.544,49",,,,,,,,,
CAICO-RN,,,,,RN,,,,"6.300,72",,,,,,,-,,,,,,,,"6.300,72",,,,,,"64.078,73",,,,,,,,,
CARAUBAS-RN,,,,,RN,,,,"126.986,91",,,,,,,"50.108,92",,,,,,,,"177.095,83",,,,,,"1.626.424,21",,,,,,,,,
Superintendência de Controle das Participações Governamentais,,,,,,,,,,,,,,,,,,,,,,,,,,,,,,,,,,,,,,,
CARNAUBA DOS DANTAS-RN,,,,,RN,,,,"3.818,61",,,,,,,-,,,,,,,,"3.818,61",,,,,,"38.835,57",,,,,,,,,
CARNAUBAIS-RN,,,,,RN,,,,"93.288,14",,,,,,,"12.872,92",,,,,,,,"106.161,06",,,,,,"1.224.754,11",,,,,,,,,
CERRO CORA-RN,,,,,RN,,,,"4.009,55",,,,,,,-,,,,,,,,"4.009,55",,,,,,"40.777,36",,,,,,,,,
CORONEL JOAO PESSOA-RN,,,,,RN,,,,"3.818,61",,,,,,,-,,,,,,,,"3.818,61",,,,,,"38.835,57",,,,,,,,,
CRUZETA-RN,,,,,RN,,,,"3.818,61",,,,,,,-,,,,,,,,"3.818,61",,,,,,"38.835,57",,,,,,,,,
CURRAIS NOVOS-RN,,,,,RN,,,,"5.918,86",,,,,,,-,,,,,,,,"5.918,86",,,,,,"60.195,18",,,,,,,,,
DOUTOR SEVERIANO-RN,,,,,RN,,,,"3.818,61",,,,,,,-,,,,,,,,"3.818,61",,,,,,"38.835,57",,,,,,,,,
ENCANTO-RN,,,,,RN,,,,"3.818,61",,,,,,,-,,,,,,,,"3.818,61",,,,,,"38.835,57",,,,,,,,,
EQUADOR-RN,,,,,RN,,,,"3.818,61",,,,,,,-,,,,,,,,"3.818,61",,,,,,"38.835,57",,,,,,,,,
FELIPE GUERRA-RN,,,,,RN,,,,"162.320,20",,,,,,,"73.330,92",,,,,,,,"235.651,12",,,,,,"2.237.827,41",,,,,,,,,
FLORANIA-RN,,,,,RN,,,,"3.818,61",,,,,,,-,,,,,,,,"3.818,61",,,,,,"38.835,57",,,,,,,,,
FRANCISCO DANTAS-RN,,,,,RN,,,,"3.818,61",,,,,,,-,,,,,,,,"3.818,61",,,,,,"38.835,57",,,,,,,,,
FRUTUOSO GOMES-RN,,,,,RN,,,,"3.818,61",,,,,,,-,,,,,,,,"3.818,61",,,,,,"38.835,57",,,,,,,,,
GALINHOS-RN,,,,,RN,,,,"3.818,61",,,,,,,"65.649,95",,,,,,,,"69.468,56",,,,,,"694.372,99",,,,,,,,,
GOIANINHA-RN,,,,,RN,,,,"500.399,30",,,,,,,-,,,,,,,,"500.399,30",,,,,,"5.722.072,17",,,,,,,,,
GOVERNADOR DIX-SEPT ROSADO-RN,,,,,RN,,,,"172.161,67",,,,,,,"88.609,11",,,,,,,,"260.770,78",,,,,,"2.551.204,22",,,,,,,,,
GROSSOS-RN,,,,,RN,,,,"58.040,80",,,,,,,"69.316,33",,,,,,,,"127.357,13",,,,,,"1.276.067,95",,,,,,,,,
GUAMARE-RN,,,,,RN,,,,"972.737,44",,,,,,,"549.832,03",,,,,,,,"1.522.569,47",,,,,,"15.071.556,46",,,,,,,,,
IELMO MARINHO-RN,,,,,RN,,,,"500.399,30",,,,,,,-,,,,,,,,"500.399,30",,,,,,"5.722.087,88",,,,,,,,,
IPANGUACU-RN,,,,,RN,,,,"4.009,55",,,,,,,-,,,,,,,,"4.009,55",,,,,,"40.777,36",,,,,,,,,
IPUEIRA-RN,,,,,RN,,,,"3.818,61",,,,,,,-,,,,,,,,"3.818,61",,,,,,"38.835,57",,,,,,,,,
ITAJA-RN,,,,,RN,,,,"3.818,61",,,,,,,-,,,,,,,,"3.818,61",,,,,,"38.835,57",,,,,,,,,
ITAU-RN,,,,,RN,,,,"3.818,61",,,,,,,-,,,,,,,,"3.818,61",,,,,,"38.835,57",,,,,,,,,
JANDAIRA-RN,,,,,RN,,,,"3.818,61",,,,,,,-,,,,,,,,"3.818,61",,,,,,"38.835,57",,,,,,,,,
JANDUIS-RN,,,,,RN,,,,"3.818,61",,,,,,,-,,,,,,,,"3.818,61",,,,,,"38.835,57",,,,,,,,,
JARDIM DE PIRANHAS-RN,,,,,RN,,,,"4.009,55",,,,,,,-,,,,,,,,"4.009,55",,,,,,"40.777,36",,,,,,,,,
JARDIM DO SERIDO-RN,,,,,RN,,,,"4.200,48",,,,,,,-,,,,,,,,"4.200,48",,,,,,"42.719,15",,,,,,,,,
JOAO DIAS-RN,,,,,RN,,,,"3.818,61",,,,,,,-,,,,,,,,"3.818,61",,,,,,"38.835,57",,,,,,,,,
JOSE DA PENHA-RN,,,,,RN,,,,"3.818,61",,,,,,,-,,,,,,,,"3.818,61",,,,,,"38.835,57",,,,,,,,,
JUCURUTU-RN,,,,,RN,,,,"4.582,34",,,,,,,-,,,,,,,,"4.582,34",,,,,,"46.602,70",,,,,,,,,
LAGOA NOVA-RN,,,,,RN,,,,"4.200,48",,,,,,,-,,,,,,,,"4.200,48",,,,,,"42.719,15",,,,,,,,,
LUCRECIA-RN,,,,,RN,,,,"3.818,61",,,,,,,-,,,,,,,,"3.818,61",,,,,,"38.835,57",,,,,,,,,
LUIS GOMES-RN,,,,,RN,,,,"3.818,61",,,,,,,-,,,,,,,,"3.818,61",,,,,,"38.835,57",,,,,,,,,
MACAIBA-RN,,,,,RN,,,,"500.399,30",,,,,,,-,,,,,,,,"500.399,30",,,,,,"5.722.085,38",,,,,,,,,
MACAU-RN,,,,,RN,,,,"2.081.809,46",,,,,,,"420.828,44",,,,,,,,"2.502.637,90",,,,,,"15.804.996,43",,,,,,,,,
MAJOR SALES-RN,,,,,RN,,,,"3.818,61",,,,,,,-,,,,,,,,"3.818,61",,,,,,"38.835,57",,,,,,,,,
MARCELINO VIEIRA-RN,,,,,RN,,,,"3.818,61",,,,,,,-,,,,,,,,"3.818,61",,,,,,"38.835,57",,,,,,,,,
MARTINS-RN,,,,,RN,,,,"3.818,61",,,,,,,-,,,,,,,,"3.818,61",,,,,,"38.835,57",,,,,,,,,
MESSIAS TARGINO-RN,,,,,RN,,,,"3.818,61",,,,,,,-,,,,,,,,"3.818,61",,,,,,"38.835,57",,,,,,,,,
MOSSORO-RN,,,,,RN,,,,"889.755,68",,,,,,,"733.738,88",,,,,,,,"1.623.494,56",,,,,,"15.339.830,10",,,,,,,,,
OLHO D'AGUA DO BORGES-RN,,,,,RN,,,,"3.818,61",,,,,,,-,,,,,,,,"3.818,61",,,,,,"38.835,57",,,,,,,,,
OURO BRANCO-RN,,,,,RN,,,,"3.818,61",,,,,,,-,,,,,,,,"3.818,61",,,,,,"38.835,57",,,,,,,,,
PARANA-RN,,,,,RN,,,,"3.818,61",,,,,,,-,,,,,,,,"3.818,61",,,,,,"38.835,57",,,,,,,,,
Superintendência de Controle das Participações Governamentais,,,,,,,,,,,,,,,,,,,,,,,,,,,,,,,,,,,,,,,
PARAU-RN,,,,,RN,,,,"3.818,61",,,,,,,-,,,,,,,,"3.818,61",,,,,,"38.835,57",,,,,,,,,
PARELHAS-RN,,,,,RN,,,,"4.773,27",,,,,,,-,,,,,,,,"4.773,27",,,,,,"48.544,49",,,,,,,,,
PATU-RN,,,,,RN,,,,"4.009,55",,,,,,,-,,,,,,,,"4.009,55",,,,,,"40.777,36",,,,,,,,,
PAU DOS FERROS-RN,,,,,RN,,,,"5.155,13",,,,,,,-,,,,,,,,"5.155,13",,,,,,"52.428,05",,,,,,,,,
PEDRO AVELINO-RN,,,,,RN,,,,"3.852,88",,,,,,,"15,93",,,,,,,,"3.868,81",,,,,,"39.215,13",,,,,,,,,
PENDENCIAS-RN,,,,,RN,,,,"192.429,48",,,,,,,"97.826,72",,,,,,,,"290.256,20",,,,,,"2.479.532,30",,,,,,,,,
PILOES-RN,,,,,RN,,,,"3.818,61",,,,,,,-,,,,,,,,"3.818,61",,,,,,"38.835,57",,,,,,,,,
PORTALEGRE-RN,,,,,RN,,,,"3.818,61",,,,,,,-,,,,,,,,"3.818,61",,,,,,"38.835,57",,,,,,,,,
PORTO DO MANGUE-RN,,,,,RN,,,,"121.936,72",,,,,,,"164.353,68",,,,,,,,"286.290,40",,,,,,"2.975.091,38",,,,,,,,,
RAFAEL FERNANDES-RN,,,,,RN,,,,"3.818,61",,,,,,,-,,,,,,,,"3.818,61",,,,,,"38.835,57",,,,,,,,,
RAFAEL GODEIRO-RN,,,,,RN,,,,"3.818,61",,,,,,,-,,,,,,,,"3.818,61",,,,,,"38.835,57",,,,,,,,,
RIACHO DA CRUZ-RN,,,,,RN,,,,"3.818,61",,,,,,,-,,,,,,,,"3.818,61",,,,,,"38.835,57",,,,,,,,,
RIACHO DE SANTANA-RN,,,,,RN,,,,"3.818,61",,,,,,,-,,,,,,,,"3.818,61",,,,,,"38.835,57",,,,,,,,,
RODOLFO FERNANDES-RN,,,,,RN,,,,"3.818,61",,,,,,,-,,,,,,,,"3.818,61",,,,,,"38.835,57",,,,,,,,,
SANTANA DO SERIDO-RN,,,,,RN,,,,"3.818,61",,,,,,,-,,,,,,,,"3.818,61",,,,,,"38.835,57",,,,,,,,,
SAO FERNANDO-RN,,,,,RN,,,,"3.818,61",,,,,,,-,,,,,,,,"3.818,61",,,,,,"38.835,57",,,,,,,,,
SAO FRANCISCO DO OESTE-RN,,,,,RN,,,,"3.818,61",,,,,,,-,,,,,,,,"3.818,61",,,,,,"38.835,57",,,,,,,,,
SAO GONCALO DO AMARANTE-RN,,,,,RN,,,,"500.359,36",,,,,,,-,,,,,,,,"500.359,36",,,,,,"500.359,36",,,,,,,,,
SAO JOAO DO SABUGI-RN,,,,,RN,,,,"3.818,61",,,,,,,-,,,,,,,,"3.818,61",,,,,,"38.835,57",,,,,,,,,
SAO JOSE DO SERIDO-RN,,,,,RN,,,,"3.818,61",,,,,,,-,,,,,,,,"3.818,61",,,,,,"38.835,57",,,,,,,,,
SAO MIGUEL-RN,,,,,RN,,,,"4.964,20",,,,,,,-,,,,,,,,"4.964,20",,,,,,"50.486,26",,,,,,,,,
SAO RAFAEL-RN,,,,,RN,,,,"3.818,61",,,,,,,-,,,,,,,,"3.818,61",,,,,,"38.835,57",,,,,,,,,
SAO VICENTE-RN,,,,,RN,,,,"3.818,61",,,,,,,-,,,,,,,,"3.818,61",,,,,,"38.835,57",,,,,,,,,
SERRA DO MEL-RN,,,,,RN,,,,"94.844,74",,,,,,,"22.903,04",,,,,,,,"117.747,78",,,,,,"1.102.029,62",,,,,,,,,
SERRA NEGRA DO NORTE-RN,,,,,RN,,,,"3.818,61",,,,,,,-,,,,,,,,"3.818,61",,,,,,"38.835,57",,,,,,,,,
SERRINHA DOS PINTOS-RN,,,,,RN,,,,"3.818,61",,,,,,,-,,,,,,,,"3.818,61",,,,,,"38.835,57",,,,,,,,,
SEVERIANO MELO-RN,,,,,RN,,,,"4.009,55",,,,,,,-,,,,,,,,"4.009,55",,,,,,"40.777,36",,,,,,,,,
TABOLEIRO GRANDE-RN,,,,,RN,,,,"3.818,61",,,,,,,-,,,,,,,,"3.818,61",,,,,,"38.835,57",,,,,,,,,
TENENTE ANANIAS-RN,,,,,RN,,,,"3.818,61",,,,,,,-,,,,,,,,"3.818,61",,,,,,"38.835,57",,,,,,,,,
TENENTE LAURENTINO CRUZ-RN,,,,,RN,,,,"3.818,61",,,,,,,-,,,,,,,,"3.818,61",,,,,,"38.835,57",,,,,,,,,
TIBAU-RN,,,,,RN,,,,"58.040,80",,,,,,,"16.778,66",,,,,,,,"74.819,46",,,,,,"749.392,40",,,,,,,,,
TIMBAUBA DOS BATISTAS-RN,,,,,RN,,,,"3.818,61",,,,,,,-,,,,,,,,"3.818,61",,,,,,"38.835,57",,,,,,,,,
TRIUNFO POTIGUAR-RN,,,,,RN,,,,"3.818,61",,,,,,,-,,,,,,,,"3.818,61",,,,,,"38.835,57",,,,,,,,,
UMARIZAL-RN,,,,,RN,,,,"4.009,55",,,,,,,-,,,,,,,,"4.009,55",,,,,,"40.777,36",,,,,,,,,
UPANEMA-RN,,,,,RN,,,,"130.293,56",,,,,,,"70.239,65",,,,,,,,"200.533,21",,,,,,"1.961.170,07",,,,,,,,,
VENHA-VER-RN,,,,,RN,,,,"3.818,61",,,,,,,-,,,,,,,,"3.818,61",,,,,,"38.835,57",,,,,,,,,
VICOSA-RN,,,,,RN,,,,"3.818,61",,,,,,,-,,,,,,,,"3.818,61",,,,,,"38.835,57",,,,,,,,,
RIO GRANDE DO NORTE  TOTAL,,,,,,,,,"8.581.046,83",,,,,,,"3.132.346,52",,,,,,,,"11.713.393,35",,,,,,"101.925.100,57",,,,,,,,,
CANOAS-RS,,,,,RS,,,,"459.088,22",,,,,,,-,,,,,,,,"459.088,22",,,,,,"5.282.205,59",,,,,,,,,
CIDREIRA-RS,,,,,RS,,,,-,,,,,,,"214.203,38",,,,,,,,"214.203,38",,,,,,"1.674.012,34",,,,,,,,,
IMBE-RS,,,,,RS,,,,-,,,,,,,"214.203,38",,,,,,,,"214.203,38",,,,,,"1.674.159,30",,,,,,,,,
OSORIO-RS,,,,,RS,,,,"500.399,30",,,,,,,-,,,,,,,,"500.399,30",,,,,,"5.722.095,26",,,,,,,,,
TRAMANDAI-RS,,,,,RS,,,,"846.520,64",,,,,,,"285.604,50",,,,,,,,"1.132.125,14",,,,,,"10.914.810,45",,,,,,,,,
Superintendência de Controle das Participações Governamentais,,,,,,,,,,,,,,,,,,,,,,,,,,,,,,,,,,,,,,,
RIO GRANDE DO SUL TOTAL,,,,,,,,,"1.806.008,16",,,,,,,"714.011,26",,,,,,,,"2.520.019,42",,,,,,"25.267.282,94",,,,,,,,,
ARAQUARI-SC,,,,,SC,,,,-,,,,,,,"159.903,17",,,,,,,,"159.903,17",,,,,,"1.388.851,47",,,,,,,,,
BALNEARIO BARRA DO SUL-SC,,,,,SC,,,,-,,,,,,,"159.903,17",,,,,,,,"159.903,17",,,,,,"1.349.840,80",,,,,,,,,
GARUVA-SC,,,,,SC,,,,-,,,,,,,"159.903,17",,,,,,,,"159.903,17",,,,,,"1.388.851,47",,,,,,,,,
ITAPOA-SC,,,,,SC,,,,-,,,,,,,"159.903,17",,,,,,,,"159.903,17",,,,,,"1.349.840,80",,,,,,,,,
JOINVILLE-SC,,,,,SC,,,,-,,,,,,,"159.903,17",,,,,,,,"159.903,17",,,,,,"1.388.851,47",,,,,,,,,
SAO FRANCISCO DO SUL-SC,,,,,SC,,,,"846.520,64",,,,,,,"533.010,59",,,,,,,,"1.379.531,23",,,,,,"13.185.697,01",,,,,,,,,
SANTA CATARINA  TOTAL,,,,,,,,,"846.520,64",,,,,,,"1.332.526,44",,,,,,,,"2.179.047,08",,,,,,"20.051.933,02",,,,,,,,,
AMPARO DE SAO FRANCISCO-SE,,,,,SE,,,,"2.699,95",,,,,,,-,,,,,,,,"2.699,95",,,,,,"24.309,18",,,,,,,,,
AQUIDABA-SE,,,,,SE,,,,"3.374,94",,,,,,,-,,,,,,,,"3.374,94",,,,,,"30.386,50",,,,,,,,,
ARACAJU-SE,,,,,SE,,,,"1.011.644,40",,,,,,,"480.040,89",,,,,,,,"1.491.685,29",,,,,,"14.396.979,13",,,,,,,,,
ARAUA-SE,,,,,SE,,,,"2.699,95",,,,,,,-,,,,,,,,"2.699,95",,,,,,"24.309,18",,,,,,,,,
AREIA BRANCA-SE,,,,,SE,,,,"4.722,51",,,,,,,"1.043,33",,,,,,,,"5.765,84",,,,,,"47.805,69",,,,,,,,,
BARRA DOS COQUEIROS-SE,,,,,SE,,,,"60.049,50",,,,,,,"163.089,14",,,,,,,,"223.138,64",,,,,,"2.016.929,45",,,,,,,,,
BOQUIM-SE,,,,,SE,,,,"3.644,94",,,,,,,-,,,,,,,,"3.644,94",,,,,,"32.817,44",,,,,,,,,
BREJO GRANDE-SE,,,,,SE,,,,"73.932,49",,,,,,,"6.340,35",,,,,,,,"80.272,84",,,,,,"777.833,23",,,,,,,,,
CAMPO DO BRITO-SE,,,,,SE,,,,"3.104,95",,,,,,,-,,,,,,,,"3.104,95",,,,,,"27.955,58",,,,,,,,,
CANHOBA-SE,,,,,SE,,,,"2.699,95",,,,,,,-,,,,,,,,"2.699,95",,,,,,"24.309,18",,,,,,,,,
CANINDE DE SAO FRANCISCO-SE,,,,,SE,,,,"3.239,94",,,,,,,-,,,,,,,,"3.239,94",,,,,,"29.171,05",,,,,,,,,
CAPELA-SE,,,,,SE,,,,"5.998,17",,,,,,,"1.517,83",,,,,,,,"7.516,00",,,,,,"88.070,66",,,,,,,,,
CARIRA-SE,,,,,SE,,,,"3.239,94",,,,,,,-,,,,,,,,"3.239,94",,,,,,"29.171,05",,,,,,,,,
CARMOPOLIS-SE,,,,,SE,,,,"1.305.096,64",,,,,,,"473.370,77",,,,,,,,"1.778.467,41",,,,,,"17.189.833,61",,,,,,,,,
CEDRO DE SAO JOAO-SE,,,,,SE,,,,"2.699,95",,,,,,,-,,,,,,,,"2.699,95",,,,,,"24.309,18",,,,,,,,,
CRISTINAPOLIS-SE,,,,,SE,,,,"3.104,95",,,,,,,-,,,,,,,,"3.104,95",,,,,,"27.955,58",,,,,,,,,
CUMBE-SE,,,,,SE,,,,"2.699,95",,,,,,,-,,,,,,,,"2.699,95",,,,,,"24.309,18",,,,,,,,,
DIVINA PASTORA-SE,,,,,SE,,,,"225.295,67",,,,,,,"132.187,69",,,,,,,,"357.483,36",,,,,,"3.294.453,94",,,,,,,,,
ESTANCIA-SE,,,,,SE,,,,"1.138.654,46",,,,,,,-,,,,,,,,"1.138.654,46",,,,,,"1.174.309,75",,,,,,,,,
FEIRA NOVA-SE,,,,,SE,,,,"2.699,95",,,,,,,-,,,,,,,,"2.699,95",,,,,,"24.309,18",,,,,,,,,
FREI PAULO-SE,,,,,SE,,,,"2.834,95",,,,,,,-,,,,,,,,"2.834,95",,,,,,"25.524,66",,,,,,,,,
GARARU-SE,,,,,SE,,,,"2.834,95",,,,,,,-,,,,,,,,"2.834,95",,,,,,"25.524,66",,,,,,,,,
GENERAL MAYNARD-SE,,,,,SE,,,,"5.162,95",,,,,,,"1.847,25",,,,,,,,"7.010,20",,,,,,"60.558,53",,,,,,,,,
GRACHO CARDOSO-SE,,,,,SE,,,,"2.699,95",,,,,,,-,,,,,,,,"2.699,95",,,,,,"24.309,18",,,,,,,,,
ILHA DAS FLORES-SE,,,,,SE,,,,"2.699,95",,,,,,,-,,,,,,,,"2.699,95",,,,,,"24.309,18",,,,,,,,,
INDIAROBA-SE,,,,,SE,,,,"44.278,45",,,,,,,-,,,,,,,,"44.278,45",,,,,,"117.563,10",,,,,,,,,
ITABAIANA-SE,,,,,SE,,,,"4.724,92",,,,,,,-,,,,,,,,"4.724,92",,,,,,"42.541,13",,,,,,,,,
ITABAIANINHA-SE,,,,,SE,,,,"3.914,93",,,,,,,-,,,,,,,,"3.914,93",,,,,,"35.248,33",,,,,,,,,
ITABI-SE,,,,,SE,,,,"2.699,95",,,,,,,-,,,,,,,,"2.699,95",,,,,,"24.309,18",,,,,,,,,
ITAPORANGA D'AJUDA-SE,,,,,SE,,,,"568.817,77",,,,,,,"144.601,19",,,,,,,,"713.418,96",,,,,,"3.079.456,63",,,,,,,,,
JAPARATUBA-SE,,,,,SE,,,,"486.953,59",,,,,,,"350.544,86",,,,,,,,"837.498,45",,,,,,"7.368.812,94",,,,,,,,,
JAPOATA-SE,,,,,SE,,,,"2.969,95",,,,,,,-,,,,,,,,"2.969,95",,,,,,"26.740,12",,,,,,,,,
LAGARTO-SE,,,,,SE,,,,"4.859,92",,,,,,,-,,,,,,,,"4.859,92",,,,,,"43.756,60",,,,,,,,,
LARANJEIRAS-SE,,,,,SE,,,,"3.509,94",,,,,,,-,,,,,,,,"3.509,94",,,,,,"31.601,96",,,,,,,,,
MACAMBIRA-SE,,,,,SE,,,,"2.699,95",,,,,,,-,,,,,,,,"2.699,95",,,,,,"24.309,18",,,,,,,,,
Superintendência de Controle das Participações Governamentais,,,,,,,,,,,,,,,,,,,,,,,,,,,,,,,,,,,,,,,
MALHADA DOS BOIS-SE,,,,,SE,,,,"2.699,95",,,,,,,-,,,,,,,,"2.699,95",,,,,,"24.309,18",,,,,,,,,
MALHADOR-SE,,,,,SE,,,,"2.834,95",,,,,,,-,,,,,,,,"2.834,95",,,,,,"25.524,66",,,,,,,,,
MARUIM-SE,,,,,SE,,,,"88.316,33",,,,,,,"19.361,95",,,,,,,,"107.678,28",,,,,,"1.117.820,67",,,,,,,,,
MOITA BONITA-SE,,,,,SE,,,,"2.834,95",,,,,,,-,,,,,,,,"2.834,95",,,,,,"25.524,66",,,,,,,,,
MONTE ALEGRE DE SERGIPE-SE,,,,,SE,,,,"2.834,95",,,,,,,-,,,,,,,,"2.834,95",,,,,,"25.524,66",,,,,,,,,
MURIBECA-SE,,,,,SE,,,,"2.699,95",,,,,,,-,,,,,,,,"2.699,95",,,,,,"24.309,18",,,,,,,,,
NEOPOLIS-SE,,,,,SE,,,,"3.374,94",,,,,,,-,,,,,,,,"3.374,94",,,,,,"30.386,50",,,,,,,,,
NOSSA SENHORA APARECIDA-SE,,,,,SE,,,,"2.699,95",,,,,,,-,,,,,,,,"2.699,95",,,,,,"24.309,18",,,,,,,,,
NOSSA SENHORA DA GLORIA-SE,,,,,SE,,,,"3.644,94",,,,,,,-,,,,,,,,"3.644,94",,,,,,"32.817,44",,,,,,,,,
NOSSA SENHORA DAS DORES-SE,,,,,SE,,,,"3.509,94",,,,,,,-,,,,,,,,"3.509,94",,,,,,"31.601,96",,,,,,,,,
NOSSA SENHORA DE LOURDES-SE,,,,,SE,,,,"2.699,95",,,,,,,-,,,,,,,,"2.699,95",,,,,,"24.309,18",,,,,,,,,
NOSSA SENHORA DO SOCORRO-SE,,,,,SE,,,,"464.353,13",,,,,,,-,,,,,,,,"464.353,13",,,,,,"3.294.603,02",,,,,,,,,
PACATUBA-SE,,,,,SE,,,,"52.962,13",,,,,,,"7.631,50",,,,,,,,"60.593,63",,,,,,"557.546,81",,,,,,,,,
PEDRA MOLE-SE,,,,,SE,,,,"2.699,95",,,,,,,-,,,,,,,,"2.699,95",,,,,,"24.309,18",,,,,,,,,
PEDRINHAS-SE,,,,,SE,,,,"2.699,95",,,,,,,-,,,,,,,,"2.699,95",,,,,,"24.309,18",,,,,,,,,
PINHAO-SE,,,,,SE,,,,"2.699,95",,,,,,,-,,,,,,,,"2.699,95",,,,,,"24.309,18",,,,,,,,,
PIRAMBU-SE,,,,,SE,,,,"126.444,50",,,,,,,"10.145,98",,,,,,,,"136.590,48",,,,,,"4.063.967,77",,,,,,,,,
POCO REDONDO-SE,,,,,SE,,,,"3.644,94",,,,,,,-,,,,,,,,"3.644,94",,,,,,"32.817,44",,,,,,,,,
POCO VERDE-SE,,,,,SE,,,,"3.374,94",,,,,,,-,,,,,,,,"3.374,94",,,,,,"30.386,50",,,,,,,,,
PORTO DA FOLHA-SE,,,,,SE,,,,"3.644,94",,,,,,,-,,,,,,,,"3.644,94",,,,,,"32.817,44",,,,,,,,,
PROPRIA-SE,,,,,SE,,,,"3.644,94",,,,,,,-,,,,,,,,"3.644,94",,,,,,"32.817,44",,,,,,,,,
RIACHAO DO DANTAS-SE,,,,,SE,,,,"3.374,94",,,,,,,-,,,,,,,,"3.374,94",,,,,,"30.386,50",,,,,,,,,
RIACHUELO-SE,,,,,SE,,,,"31.326,72",,,,,,,"18.464,27",,,,,,,,"49.790,99",,,,,,"506.157,12",,,,,,,,,
RIBEIROPOLIS-SE,,,,,SE,,,,"3.104,95",,,,,,,-,,,,,,,,"3.104,95",,,,,,"27.955,58",,,,,,,,,
ROSARIO DO CATETE-SE,,,,,SE,,,,"596.657,19",,,,,,,"62.637,85",,,,,,,,"659.295,04",,,,,,"5.121.159,27",,,,,,,,,
SALGADO-SE,,,,,SE,,,,"3.374,94",,,,,,,-,,,,,,,,"3.374,94",,,,,,"30.386,50",,,,,,,,,
SANTA LUZIA DO ITANHY-SE,,,,,SE,,,,"44.278,45",,,,,,,-,,,,,,,,"44.278,45",,,,,,"117.563,10",,,,,,,,,
SANTA ROSA DE LIMA-SE,,,,,SE,,,,"2.699,95",,,,,,,-,,,,,,,,"2.699,95",,,,,,"24.309,18",,,,,,,,,
SANTANA DO SAO FRANCISCO-SE,,,,,SE,,,,"2.699,95",,,,,,,-,,,,,,,,"2.699,95",,,,,,"24.309,18",,,,,,,,,
SANTO AMARO DAS BROTAS-SE,,,,,SE,,,,"77.560,52",,,,,,,"7.831,81",,,,,,,,"85.392,33",,,,,,"1.999.934,96",,,,,,,,,
SAO CRISTOVAO-SE,,,,,SE,,,,"72.666,66",,,,,,,"2.262,72",,,,,,,,"74.929,38",,,,,,"717.912,22",,,,,,,,,
SAO DOMINGOS-SE,,,,,SE,,,,"2.699,95",,,,,,,-,,,,,,,,"2.699,95",,,,,,"24.309,18",,,,,,,,,
SAO FRANCISCO-SE,,,,,SE,,,,"2.699,95",,,,,,,-,,,,,,,,"2.699,95",,,,,,"24.309,18",,,,,,,,,
SAO MIGUEL DO ALEIXO-SE,,,,,SE,,,,"2.699,95",,,,,,,-,,,,,,,,"2.699,95",,,,,,"24.309,18",,,,,,,,,
SIMAO DIAS-SE,,,,,SE,,,,"4.049,93",,,,,,,-,,,,,,,,"4.049,93",,,,,,"36.463,82",,,,,,,,,
SIRIRI-SE,,,,,SE,,,,"162.066,63",,,,,,,"65.556,08",,,,,,,,"227.622,71",,,,,,"2.073.105,78",,,,,,,,,
TELHA-SE,,,,,SE,,,,"2.699,95",,,,,,,-,,,,,,,,"2.699,95",,,,,,"24.309,18",,,,,,,,,
TOBIAS BARRETO-SE,,,,,SE,,,,"4.184,93",,,,,,,-,,,,,,,,"4.184,93",,,,,,"37.679,28",,,,,,,,,
TOMAR DO GERU-SE,,,,,SE,,,,"2.969,95",,,,,,,-,,,,,,,,"2.969,95",,,,,,"26.740,12",,,,,,,,,
UMBAUBA-SE,,,,,SE,,,,"3.374,94",,,,,,,-,,,,,,,,"3.374,94",,,,,,"30.386,50",,,,,,,,,
SERGIPE TOTAL,,,,,,,,,"6.812.475,94",,,,,,,"1.948.475,46",,,,,,,,"8.760.951,40",,,,,,"70.670.100,18",,,,,,,,,
ARUJA-SP,,,,,SP,,,,"1.254,87",,,,,,,-,,,,,,,,"1.254,87",,,,,,"12.572,38",,,,,,,,,
BARRA DO TURVO-SP,,,,,SP,,,,"760,52",,,,,,,-,,,,,,,,"760,52",,,,,,"7.619,59",,,,,,,,,
Superintendência de Controle das Participações Governamentais,,,,,,,,,,,,,,,,,,,,,,,,,,,,,,,,,,,,,,,
BARUERI-SP,,,,,SP,,,,"1.521,05",,,,,,,-,,,,,,,,"1.521,05",,,,,,"15.239,25",,,,,,,,,
BERTIOGA-SP,,,,,SP,,,,"46.530,39",,,,,,,"1.470.894,60",,,,,,,,"1.517.424,99",,,,,,"14.411.131,59",,,,,,,,,
BIRITIBA-MIRIM-SP,,,,,SP,,,,"1.026,71",,,,,,,-,,,,,,,,"1.026,71",,,,,,"10.286,46",,,,,,,,,
CAIEIRAS-SP,,,,,SP,,,,"1.292,89",,,,,,,-,,,,,,,,"1.292,89",,,,,,"12.953,33",,,,,,,,,
CAJAMAR-SP,,,,,SP,,,,"1.216,84",,,,,,,-,,,,,,,,"1.216,84",,,,,,"12.191,37",,,,,,,,,
CAJATI-SP,,,,,SP,,,,"1.064,74",,,,,,,-,,,,,,,,"1.064,74",,,,,,"10.667,45",,,,,,,,,
CANANEIA-SP,,,,,SP,,,,"36.559,59",,,,,,,"61.914,59",,,,,,,,"98.474,18",,,,,,"986.603,53",,,,,,,,,
CARAGUATATUBA-SP,,,,,SP,,,,-,,,,,,,"1.406.304,70",,,,,,,,"1.406.304,70",,,,,,"13.297.831,57",,,,,,,,,
CARAPICUIBA-SP,,,,,SP,,,,"1.521,05",,,,,,,-,,,,,,,,"1.521,05",,,,,,"15.239,25",,,,,,,,,
COTIA-SP,,,,,SP,,,,"1.521,05",,,,,,,-,,,,,,,,"1.521,05",,,,,,"15.239,25",,,,,,,,,
CUBATAO-SP,,,,,SP,,,,"939.755,88",,,,,,,"70.425,34",,,,,,,,"1.010.181,22",,,,,,"4.030.890,96",,,,,,,,,
DIADEMA-SP,,,,,SP,,,,"1.521,05",,,,,,,-,,,,,,,,"1.521,05",,,,,,"15.239,25",,,,,,,,,
ELDORADO-SP,,,,,SP,,,,"874,60",,,,,,,-,,,,,,,,"874,60",,,,,,"8.762,54",,,,,,,,,
EMBU-GUACU-SP,,,,,SP,,,,"1.254,87",,,,,,,-,,,,,,,,"1.254,87",,,,,,"12.572,38",,,,,,,,,
EMBU-SP,,,,,SP,,,,"1.521,05",,,,,,,-,,,,,,,,"1.521,05",,,,,,"15.239,25",,,,,,,,,
FERRAZ DE VASCONCELOS-SP,,,,,SP,,,,"1.483,03",,,,,,,-,,,,,,,,"1.483,03",,,,,,"14.858,25",,,,,,,,,
FRANCISCO MORATO-SP,,,,,SP,,,,"1.483,03",,,,,,,-,,,,,,,,"1.483,03",,,,,,"14.858,25",,,,,,,,,
FRANCO DA ROCHA-SP,,,,,SP,,,,"1.406,97",,,,,,,-,,,,,,,,"1.406,97",,,,,,"14.096,28",,,,,,,,,
GUARAREMA-SP,,,,,SP,,,,"988,68",,,,,,,-,,,,,,,,"988,68",,,,,,"9.905,00",,,,,,,,,
GUARUJA-SP,,,,,SP,,,,"1.521,05",,,,,,,-,,,,,,,,"1.521,05",,,,,,"15.247,97",,,,,,,,,
GUARULHOS-SP,,,,,SP,,,,"1.521,05",,,,,,,-,,,,,,,,"1.521,05",,,,,,"15.239,25",,,,,,,,,
IGUAPE-SP,,,,,SP,,,,"1.026,71",,,,,,,-,,,,,,,,"1.026,71",,,,,,"10.286,46",,,,,,,,,
ILHA COMPRIDA-SP,,,,,SP,,,,"760,52",,,,,,,-,,,,,,,,"760,52",,,,,,"7.619,59",,,,,,,,,
ILHABELA-SP,,,,,SP,,,,-,,,,,,,"1.406.304,70",,,,,,,,"1.406.304,70",,,,,,"13.297.831,57",,,,,,,,,
ITANHAEM-SP,,,,,SP,,,,"1.292,89",,,,,,,-,,,,,,,,"1.292,89",,,,,,"12.953,33",,,,,,,,,
ITAPECERICA DA SERRA-SP,,,,,SP,,,,"1.483,03",,,,,,,-,,,,,,,,"1.483,03",,,,,,"14.858,25",,,,,,,,,
ITAPEVI-SP,,,,,SP,,,,"1.521,05",,,,,,,-,,,,,,,,"1.521,05",,,,,,"15.239,25",,,,,,,,,
ITAQUAQUECETUBA-SP,,,,,SP,,,,"1.521,05",,,,,,,-,,,,,,,,"1.521,05",,,,,,"15.239,25",,,,,,,,,
ITARIRI-SP,,,,,SP,,,,"836,58",,,,,,,-,,,,,,,,"836,58",,,,,,"8.381,55",,,,,,,,,
JACUPIRANGA-SP,,,,,SP,,,,"912,63",,,,,,,-,,,,,,,,"912,63",,,,,,"9.143,51",,,,,,,,,
JANDIRA-SP,,,,,SP,,,,"1.368,95",,,,,,,-,,,,,,,,"1.368,95",,,,,,"13.715,31",,,,,,,,,
JUQUIA-SP,,,,,SP,,,,"988,68",,,,,,,-,,,,,,,,"988,68",,,,,,"9.905,48",,,,,,,,,
JUQUITIBA-SP,,,,,SP,,,,"1.026,71",,,,,,,-,,,,,,,,"1.026,71",,,,,,"10.286,46",,,,,,,,,
MAIRIPORA-SP,,,,,SP,,,,"1.254,87",,,,,,,-,,,,,,,,"1.254,87",,,,,,"12.572,38",,,,,,,,,
MAUA-SP,,,,,SP,,,,"1.521,05",,,,,,,-,,,,,,,,"1.521,05",,,,,,"15.238,77",,,,,,,,,
MIRACATU-SP,,,,,SP,,,,"988,68",,,,,,,-,,,,,,,,"988,68",,,,,,"9.905,48",,,,,,,,,
MOJI DAS CRUZES-SP,,,,,SP,,,,"1.521,05",,,,,,,-,,,,,,,,"1.521,05",,,,,,"15.239,25",,,,,,,,,
MONGAGUA-SP,,,,,SP,,,,"1.102,76",,,,,,,-,,,,,,,,"1.102,76",,,,,,"11.048,42",,,,,,,,,
OSASCO-SP,,,,,SP,,,,"1.521,05",,,,,,,-,,,,,,,,"1.521,05",,,,,,"15.239,25",,,,,,,,,
PARIQUERA-ACU-SP,,,,,SP,,,,"912,63",,,,,,,-,,,,,,,,"912,63",,,,,,"9.143,51",,,,,,,,,
PEDRO DE TOLEDO-SP,,,,,SP,,,,"760,52",,,,,,,-,,,,,,,,"760,52",,,,,,"7.619,59",,,,,,,,,
PERUIBE-SP,,,,,SP,,,,"1.216,84",,,,,,,-,,,,,,,,"1.216,84",,,,,,"12.191,37",,,,,,,,,
PINDAMONHANGABA-SP,,,,,SP,,,,-,,,,,,,-,,,,,,,,-,,,,,,"26,92",,,,,,,,,
"Superintendência de Controle das Participações Governamentais
* Valor sem a retenção de 1% (um por cento) de PASEP, conforme disposto no inciso III, do Art.2º da Lei nº 9.715, de 25 de novembro de 1998, combinado com o parágrafo 6º do Art. 19 da Medida Provisória nº 2.158, de 24 de agosto de 2001.
** Depósitos efetuados em função de decisão judicial.",,,,,,,,,,,,,,,,,,,,,,,,,,,,,,,,,,,,,,,
,,,,,,,,,,,,,,,,,,,,,,,,,,,,,,,,,,,,,,,
PIRAPORA DO BOM JESUS-SP,,,,,SP,,,,"836,58",,,,,,,-,,,,,,,,"836,58",,,,,,"8.381,55",,,,,,,,,
POA-SP,,,,,SP,,,,"1.368,95",,,,,,,-,,,,,,,,"1.368,95",,,,,,"13.715,31",,,,,,,,,
PRAIA GRANDE-SP,,,,,SP,,,,"12.048,04",,,,,,,-,,,,,,,,"12.048,04",,,,,,"120.716,52",,,,,,,,,
REGISTRO-SP,,,,,SP,,,,"1.216,84",,,,,,,-,,,,,,,,"1.216,84",,,,,,"12.191,37",,,,,,,,,
RIBEIRAO PIRES-SP,,,,,SP,,,,"1.406,97",,,,,,,-,,,,,,,,"1.406,97",,,,,,"14.096,28",,,,,,,,,
RIO GRANDE DA SERRA-SP,,,,,SP,,,,"1.140,79",,,,,,,-,,,,,,,,"1.140,79",,,,,,"11.429,42",,,,,,,,,
SALESOPOLIS-SP,,,,,SP,,,,"874,60",,,,,,,-,,,,,,,,"874,60",,,,,,"8.762,54",,,,,,,,,
SANTA ISABEL-SP,,,,,SP,,,,"1.178,82",,,,,,,-,,,,,,,,"1.178,82",,,,,,"11.810,40",,,,,,,,,
SANTANA DE PARNAIBA-SP,,,,,SP,,,,"1.330,92",,,,,,,-,,,,,,,,"1.330,92",,,,,,"13.334,31",,,,,,,,,
SANTO ANDRE-SP,,,,,SP,,,,"1.521,05",,,,,,,-,,,,,,,,"1.521,05",,,,,,"15.239,25",,,,,,,,,
SANTOS-SP,,,,,SP,,,,"1.521,05",,,,,,,-,,,,,,,,"1.521,05",,,,,,"15.397,54",,,,,,,,,
SAO BERNARDO DO CAMPO-SP,,,,,SP,,,,"1.521,05",,,,,,,-,,,,,,,,"1.521,05",,,,,,"15.239,25",,,,,,,,,
SAO CAETANO DO SUL-SP,,,,,SP,,,,"1.483,03",,,,,,,-,,,,,,,,"1.483,03",,,,,,"14.860,57",,,,,,,,,
SAO LOURENCO DA SERRA-SP,,,,,SP,,,,"836,58",,,,,,,-,,,,,,,,"836,58",,,,,,"8.381,55",,,,,,,,,
SAO PAULO-SP,,,,,SP,,,,"1.521,05",,,,,,,-,,,,,,,,"1.521,05",,,,,,"15.239,25",,,,,,,,,
SAO SEBASTIAO-SP,,,,,SP,,,,"912.397,82",,,,,,,"2.812.609,41",,,,,,,,"3.725.007,23",,,,,,"35.787.861,17",,,,,,,,,
SAO VICENTE-SP,,,,,SP,,,,"12.048,04",,,,,,,-,,,,,,,,"12.048,04",,,,,,"120.716,52",,,,,,,,,
SETE BARRAS-SP,,,,,SP,,,,"836,58",,,,,,,-,,,,,,,,"836,58",,,,,,"8.381,55",,,,,,,,,
SUZANO-SP,,,,,SP,,,,"1.521,05",,,,,,,-,,,,,,,,"1.521,05",,,,,,"15.238,77",,,,,,,,,
TABOAO DA SERRA-SP,,,,,SP,,,,"1.521,05",,,,,,,-,,,,,,,,"1.521,05",,,,,,"15.239,25",,,,,,,,,
VARGEM GRANDE PAULISTA-SP,,,,,SP,,,,"1.102,76",,,,,,,-,,,,,,,,"1.102,76",,,,,,"11.048,42",,,,,,,,,
SÃO PAULO TOTAL,,,,,,,,,"2.030.372,83",,,,,,,"7.228.453,34",,,,,,,,"9.258.826,17",,,,,,"82.765.450,14",,,,,,,,,
