ANADIA-AL,,,,,,,,AL,,"701,61",,,,,-,,,,,,,,"701,61",,,,,,,,"4.435,26",,,,,,,,,
ATALAIA-AL,,,,,,,,AL,,"906,24",,,,,-,,,,,,,,"906,24",,,,,,,,"5.728,87",,,,,,,,,
BARRA DE SANTO ANTONIO-AL,,,,,,,,AL,,"672,37",,,,,-,,,,,,,,"672,37",,,,,,,,"4.250,44",,,,,,,,,
BARRA DE SAO MIGUEL-AL,,,,,,,,AL,,"584,67",,,,,-,,,,,,,,"584,67",,,,,,,,"3.696,04",,,,,,,,,
BOCA DA MATA-AL,,,,,,,,AL,,"789,31",,,,,-,,,,,,,,"789,31",,,,,,,,"4.989,67",,,,,,,,,
BRANQUINHA-AL,,,,,,,,AL,,"613,91",,,,,-,,,,,,,,"613,91",,,,,,,,"3.880,86",,,,,,,,,
CAJUEIRO-AL,,,,,,,,AL,,"760,08",,,,,-,,,,,,,,"760,08",,,,,,,,"4.804,85",,,,,,,,,
CAMPESTRE-AL,,,,,,,,AL,,"584,67",,,,,-,,,,,,,,"584,67",,,,,,,,"3.696,04",,,,,,,,,
CAMPO ALEGRE-AL,,,,,,,,AL,,"935,48",,,,,-,,,,,,,,"935,48",,,,,,,,"5.913,69",,,,,,,,,
CAPELA-AL,,,,,,,,AL,,"701,61",,,,,-,,,,,,,,"701,61",,,,,,,,"4.435,26",,,,,,,,,
CHA PRETA-AL,,,,,,,,AL,,"584,67",,,,,-,,,,,,,,"584,67",,,,,,,,"3.696,04",,,,,,,,,
COLONIA LEOPOLDINA-AL,,,,,,,,AL,,"760,08",,,,,-,,,,,,,,"760,08",,,,,,,,"4.804,85",,,,,,,,,
COQUEIRO SECO-AL,,,,,,,,AL,,"68.216,50",,,,,"287,51",,,,,,,,"68.504,01",,,,,,,,"554.360,53",,,,,,,,,
CORURIPE-AL,,,,,,,,AL,,"674.001,57",,,,,"62.301,10",,,,,,,,"736.302,67",,,,,,,,"10.591.602,78",,,,,,,,,
FELIZ DESERTO-AL,,,,,,,,AL,,"21.149,58",,,,,"29.556,53",,,,,,,,"50.706,11",,,,,,,,"320.541,51",,,,,,,,,
FLEXEIRAS-AL,,,,,,,,AL,,"643,14",,,,,-,,,,,,,,"643,14",,,,,,,,"4.065,66",,,,,,,,,
IBATEGUARA-AL,,,,,,,,AL,,"672,37",,,,,-,,,,,,,,"672,37",,,,,,,,"4.250,44",,,,,,,,,
IGREJA NOVA-AL,,,,,,,,AL,,"760,08",,,,,-,,,,,,,,"760,08",,,,,,,,"4.804,85",,,,,,,,,
JACUIPE-AL,,,,,,,,AL,,"584,67",,,,,-,,,,,,,,"584,67",,,,,,,,"3.696,04",,,,,,,,,
JAPARATINGA-AL,,,,,,,,AL,,"584,67",,,,,-,,,,,,,,"584,67",,,,,,,,"3.696,04",,,,,,,,,
JEQUIA DA PRAIA-AL,,,,,,,,AL,,"1.762,01",,,,,"469,92",,,,,,,,"2.231,93",,,,,,,,"24.527,84",,,,,,,,,
JOAQUIM GOMES-AL,,,,,,,,AL,,"760,08",,,,,-,,,,,,,,"760,08",,,,,,,,"4.804,85",,,,,,,,,
JUNDIA-AL,,,,,,,,AL,,"584,67",,,,,-,,,,,,,,"584,67",,,,,,,,"3.696,04",,,,,,,,,
JUNQUEIRO-AL,,,,,,,,AL,,"760,08",,,,,-,,,,,,,,"760,08",,,,,,,,"4.804,85",,,,,,,,,
MACEIO-AL,,,,,,,,AL,,"83.064,87",,,,,"17.438,34",,,,,,,,"100.503,21",,,,,,,,"802.884,42",,,,,,,,,
MARAGOGI-AL,,,,,,,,AL,,"818,54",,,,,-,,,,,,,,"818,54",,,,,,,,"5.174,46",,,,,,,,,
MARECHAL DEODORO-AL,,,,,,,,AL,,"31.386,34",,,,,"25.021,91",,,,,,,,"56.408,25",,,,,,,,"427.264,53",,,,,,,,,
MATRIZ DE CAMARAGIBE-AL,,,,,,,,AL,,"760,08",,,,,-,,,,,,,,"760,08",,,,,,,,"4.804,85",,,,,,,,,
MESSIAS-AL,,,,,,,,AL,,"672,37",,,,,-,,,,,,,,"672,37",,,,,,,,"4.250,44",,,,,,,,,
MURICI-AL,,,,,,,,AL,,"1.553,51",,,,,"492,91",,,,,,,,"2.046,42",,,,,,,,"21.178,62",,,,,,,,,
NOVO LINO-AL,,,,,,,,AL,,"643,14",,,,,-,,,,,,,,"643,14",,,,,,,,"4.065,66",,,,,,,,,
PARIPUEIRA-AL,,,,,,,,AL,,"613,91",,,,,"4.962,80",,,,,,,,"5.576,71",,,,,,,,"48.157,48",,,,,,,,,
PASSO DE CAMARAGIBE-AL,,,,,,,,AL,,"672,37",,,,,-,,,,,,,,"672,37",,,,,,,,"4.250,44",,,,,,,,,
PENEDO-AL,,,,,,,,AL,,"448.240,85",,,,,"62,72",,,,,,,,"448.303,57",,,,,,,,"448.303,57",,,,,,,,,
PIACABUCU-AL,,,,,,,,AL,,"701,61",,,,,-,,,,,,,,"701,61",,,,,,,,"4.435,26",,,,,,,,,
PILAR-AL,,,,,,,,AL,,"215.890,12",,,,,"114.922,19",,,,,,,,"330.812,31",,,,,,,,"1.690.130,97",,,,,,,,,
PINDOBA-AL,,,,,,,,AL,,"584,67",,,,,-,,,,,,,,"584,67",,,,,,,,"3.696,04",,,,,,,,,
PORTO CALVO-AL,,,,,,,,AL,,"789,31",,,,,-,,,,,,,,"789,31",,,,,,,,"4.989,67",,,,,,,,,
PORTO DE PEDRAS-AL,,,,,,,,AL,,"584,67",,,,,-,,,,,,,,"584,67",,,,,,,,"3.696,04",,,,,,,,,
PORTO REAL DO COLEGIO-AL,,,,,,,,AL,,"730,84",,,,,-,,,,,,,,"730,84",,,,,,,,"4.620,05",,,,,,,,,
RIO LARGO-AL,,,,,,,,AL,,"644.887,96",,,,,"5.867,98",,,,,,,,"650.755,94",,,,,,,,"715.272,20",,,,,,,,,
ROTEIRO-AL,,,,,,,,AL,,"639.969,14",,,,,"1.109,57",,,,,,,,"641.078,71",,,,,,,,"9.869.127,74",,,,,,,,,
SANTA LUZIA DO NORTE-AL,,,,,,,,AL,,"586,51",,,,,-,,,,,,,,"586,51",,,,,,,,"487.008,07",,,,,,,,,
SANTANA DO MUNDAU-AL,,,,,,,,AL,,"613,91",,,,,-,,,,,,,,"613,91",,,,,,,,"3.880,86",,,,,,,,,
SAO JOSE DA LAJE-AL,,,,,,,,AL,,"760,08",,,,,-,,,,,,,,"760,08",,,,,,,,"4.804,85",,,,,,,,,
SAO LUIS DO QUITUNDE-AL,,,,,,,,AL,,"847,78",,,,,-,,,,,,,,"847,78",,,,,,,,"5.359,28",,,,,,,,,
SAO MIGUEL DOS CAMPOS-AL,,,,,,,,AL,,"226.614,64",,,,,"122.605,87",,,,,,,,"349.220,51",,,,,,,,"2.544.007,79",,,,,,,,,
SAO MIGUEL DOS MILAGRES-AL,,,,,,,,AL,,"584,67",,,,,-,,,,,,,,"584,67",,,,,,,,"3.696,04",,,,,,,,,
SATUBA-AL,,,,,,,,AL,,"11.023,00",,,,,"7.109,83",,,,,,,,"18.132,83",,,,,,,,"219.145,71",,,,,,,,,
TEOTONIO VILELA-AL,,,,,,,,AL,,"906,24",,,,,-,,,,,,,,"906,24",,,,,,,,"5.728,87",,,,,,,,,
UNIAO DOS PALMARES-AL,,,,,,,,AL,,"964,71",,,,,-,,,,,,,,"964,71",,,,,,,,"6.098,48",,,,,,,,,
Superintendência de Participações Governamentais,,,,,,,,,,,,,,,,,,,,,,,,,,,,,,,,,,,,,,,,
VICOSA-AL,,,,,,,,AL,,"789,31",,,,,-,,,,,,,,"789,31",,,,,,,,"4.989,67",,,,,,,,,
ALAGOAS  TOTAL,,,,,,,,,,"3.095.329,27",,,,,"392.209,18",,,,,,,,"3.487.538,45",,,,,,,,"28.930.205,36",,,,,,,,,
ANAMA-AM,,,,,,,,AM,,-,,,,,"2.838,61",,,,,,,,"2.838,61",,,,,,,,"21.216,18",,,,,,,,,
ANORI-AM,,,,,,,,AM,,-,,,,,"2.838,61",,,,,,,,"2.838,61",,,,,,,,"21.216,18",,,,,,,,,
AUTAZES-AM,,,,,,,,AM,,-,,,,,"7.355,34",,,,,,,,"7.355,34",,,,,,,,"57.381,29",,,,,,,,,
BERURI-AM,,,,,,,,AM,,-,,,,,"2.838,61",,,,,,,,"2.838,61",,,,,,,,"21.216,18",,,,,,,,,
CAREIRO DA VARZEA-AM,,,,,,,,AM,,-,,,,,"7.355,34",,,,,,,,"7.355,34",,,,,,,,"57.381,29",,,,,,,,,
CAREIRO-AM,,,,,,,,AM,,-,,,,,"2.838,61",,,,,,,,"2.838,61",,,,,,,,"21.216,18",,,,,,,,,
COARI-AM,,,,,,,,AM,,"2.899.842,37",,,,,"2.646.523,74",,,,,,,,"5.546.366,11",,,,,,,,"35.571.010,70",,,,,,,,,
CODAJAS-AM,,,,,,,,AM,,-,,,,,"2.838,61",,,,,,,,"2.838,61",,,,,,,,"21.216,18",,,,,,,,,
IRANDUBA-AM,,,,,,,,AM,,-,,,,,"7.355,34",,,,,,,,"7.355,34",,,,,,,,"57.381,29",,,,,,,,,
ITACOATIARA-AM,,,,,,,,AM,,-,,,,,"7.355,34",,,,,,,,"7.355,34",,,,,,,,"57.381,29",,,,,,,,,
ITAPIRANGA-AM,,,,,,,,AM,,-,,,,,"7.355,34",,,,,,,,"7.355,34",,,,,,,,"57.381,29",,,,,,,,,
MANACAPURU-AM,,,,,,,,AM,,-,,,,,"2.838,61",,,,,,,,"2.838,61",,,,,,,,"21.216,18",,,,,,,,,
MANAQUIRI-AM,,,,,,,,AM,,-,,,,,"2.838,61",,,,,,,,"2.838,61",,,,,,,,"21.216,18",,,,,,,,,
MANAUS-AM,,,,,,,,AM,,"637.093,82",,,,,"202.251,41",,,,,,,,"839.345,23",,,,,,,,"10.787.987,82",,,,,,,,,
PARINTINS-AM,,,,,,,,AM,,-,,,,,"7.355,34",,,,,,,,"7.355,34",,,,,,,,"57.381,29",,,,,,,,,
SILVES-AM,,,,,,,,AM,,-,,,,,"7.355,34",,,,,,,,"7.355,34",,,,,,,,"57.381,29",,,,,,,,,
TEFE-AM,,,,,,,,AM,,-,,,,,-,,,,,,,,-,,,,,,,,"807.310,78",,,,,,,,,
URUCARA-AM,,,,,,,,AM,,-,,,,,"7.355,34",,,,,,,,"7.355,34",,,,,,,,"57.381,29",,,,,,,,,
URUCURITUBA-AM,,,,,,,,AM,,-,,,,,"7.355,34",,,,,,,,"7.355,34",,,,,,,,"57.381,29",,,,,,,,,
AMAZONAS  TOTAL,,,,,,,,,,"3.536.936,19",,,,,"2.934.843,48",,,,,,,,"6.471.779,67",,,,,,,,"47.831.254,17",,,,,,,,,
LARANJAL DO JARI-AP,,,,,,,,AP,,-,,,,,"7.355,34",,,,,,,,"7.355,34",,,,,,,,"57.381,29",,,,,,,,,
MACAPA-AP,,,,,,,,AP,,-,,,,,"7.355,34",,,,,,,,"7.355,34",,,,,,,,"57.381,29",,,,,,,,,
MAZAGAO-AP,,,,,,,,AP,,-,,,,,"7.355,34",,,,,,,,"7.355,34",,,,,,,,"57.381,29",,,,,,,,,
AMAPA  TOTAL,,,,,,,,,,-,,,,,"22.066,02",,,,,,,,"22.066,02",,,,,,,,"172.143,87",,,,,,,,,
ACAJUTIBA-BA,,,,,,,,BA,,"491,90",,,,,-,,,,,,,,"491,90",,,,,,,,"7.354,77",,,,,,,,,
ADUSTINA-BA,,,,,,,,BA,,"491,90",,,,,-,,,,,,,,"491,90",,,,,,,,"7.354,77",,,,,,,,,
AGUA FRIA-BA,,,,,,,,BA,,"491,90",,,,,-,,,,,,,,"491,90",,,,,,,,"7.354,77",,,,,,,,,
AIQUARA-BA,,,,,,,,BA,,"427,74",,,,,-,,,,,,,,"427,74",,,,,,,,"6.395,46",,,,,,,,,
ALAGOINHAS-BA,,,,,,,,BA,,"385.037,09",,,,,"254.319,50",,,,,,,,"639.356,59",,,,,,,,"4.114.389,52",,,,,,,,,
ALCOBACA-BA,,,,,,,,BA,,"556,06",,,,,-,,,,,,,,"556,06",,,,,,,,"8.314,10",,,,,,,,,
ALMADINA-BA,,,,,,,,BA,,"427,74",,,,,-,,,,,,,,"427,74",,,,,,,,"6.395,46",,,,,,,,,
AMARGOSA-BA,,,,,,,,BA,,"620,22",,,,,-,,,,,,,,"620,22",,,,,,,,"9.273,42",,,,,,,,,
AMELIA RODRIGUES-BA,,,,,,,,BA,,"577,45",,,,,-,,,,,,,,"577,45",,,,,,,,"8.633,88",,,,,,,,,
ANAGE-BA,,,,,,,,BA,,"577,45",,,,,-,,,,,,,,"577,45",,,,,,,,"8.633,88",,,,,,,,,
ANGUERA-BA,,,,,,,,BA,,"449,12",,,,,-,,,,,,,,"449,12",,,,,,,,"6.715,22",,,,,,,,,
ANTAS-BA,,,,,,,,BA,,"513,28",,,,,-,,,,,,,,"513,28",,,,,,,,"7.674,54",,,,,,,,,
ANTONIO CARDOSO-BA,,,,,,,,BA,,"449,12",,,,,-,,,,,,,,"449,12",,,,,,,,"6.715,22",,,,,,,,,
APORA-BA,,,,,,,,BA,,"513,28",,,,,-,,,,,,,,"513,28",,,,,,,,"7.674,54",,,,,,,,,
APUAREMA-BA,,,,,,,,BA,,"427,74",,,,,-,,,,,,,,"427,74",,,,,,,,"6.395,46",,,,,,,,,
ARACAS-BA,,,,,,,,BA,,"370.215,63",,,,,"210.545,34",,,,,,,,"580.760,97",,,,,,,,"3.882.102,40",,,,,,,,,
ARACI-BA,,,,,,,,BA,,"684,38",,,,,-,,,,,,,,"684,38",,,,,,,,"10.232,73",,,,,,,,,
ARAMARI-BA,,,,,,,,BA,,"449,12",,,,,-,,,,,,,,"449,12",,,,,,,,"6.794,51",,,,,,,,,
ARATACA-BA,,,,,,,,BA,,"449,12",,,,,-,,,,,,,,"449,12",,,,,,,,"6.715,22",,,,,,,,,
ARATUIPE-BA,,,,,,,,BA,,"427,74",,,,,-,,,,,,,,"427,74",,,,,,,,"6.395,46",,,,,,,,,
AURELINO LEAL-BA,,,,,,,,BA,,"470,51",,,,,-,,,,,,,,"470,51",,,,,,,,"7.035,00",,,,,,,,,
BAIXA GRANDE-BA,,,,,,,,BA,,"556,06",,,,,-,,,,,,,,"556,06",,,,,,,,"8.314,10",,,,,,,,,
BANZAE-BA,,,,,,,,BA,,"449,12",,,,,-,,,,,,,,"449,12",,,,,,,,"6.715,22",,,,,,,,,
BARRA DO CHOCA-BA,,,,,,,,BA,,"620,22",,,,,-,,,,,,,,"620,22",,,,,,,,"9.273,42",,,,,,,,,
BARRA DO ROCHA-BA,,,,,,,,BA,,"427,74",,,,,-,,,,,,,,"427,74",,,,,,,,"6.395,46",,,,,,,,,
BARRO PRETO-BA,,,,,,,,BA,,"427,74",,,,,-,,,,,,,,"427,74",,,,,,,,"6.395,46",,,,,,,,,
BARROCAS-BA,,,,,,,,BA,,"491,90",,,,,-,,,,,,,,"491,90",,,,,,,,"7.354,77",,,,,,,,,
BELMONTE-BA,,,,,,,,BA,,"556,06",,,,,-,,,,,,,,"556,06",,,,,,,,"8.314,10",,,,,,,,,
BELO CAMPO-BA,,,,,,,,BA,,"513,28",,,,,-,,,,,,,,"513,28",,,,,,,,"7.674,54",,,,,,,,,
BIRITINGA-BA,,,,,,,,BA,,"491,90",,,,,-,,,,,,,,"491,90",,,,,,,,"7.354,77",,,,,,,,,
BOA NOVA-BA,,,,,,,,BA,,"491,90",,,,,-,,,,,,,,"491,90",,,,,,,,"7.354,77",,,,,,,,,
Superintendência de Participações Governamentais,,,,,,,,,,,,,,,,,,,,,,,,,,,,,,,,,,,,,,,,
BOA VISTA DO TUPIM-BA,,,,,,,,BA,,"513,28",,,,,-,,,,,,,,"513,28",,,,,,,,"7.674,54",,,,,,,,,
BOM JESUS DA SERRA-BA,,,,,,,,BA,,"449,12",,,,,-,,,,,,,,"449,12",,,,,,,,"6.715,22",,,,,,,,,
BREJOES-BA,,,,,,,,BA,,"491,90",,,,,-,,,,,,,,"491,90",,,,,,,,"7.354,77",,,,,,,,,
BUERAREMA-BA,,,,,,,,BA,,"534,67",,,,,-,,,,,,,,"534,67",,,,,,,,"7.994,32",,,,,,,,,
CAATIBA-BA,,,,,,,,BA,,"449,12",,,,,-,,,,,,,,"449,12",,,,,,,,"6.715,22",,,,,,,,,
CABACEIRAS DO PARAGUACU-BA,,,,,,,,BA,,"513,28",,,,,-,,,,,,,,"513,28",,,,,,,,"7.674,54",,,,,,,,,
CACHOEIRA-BA,,,,,,,,BA,,"620,22",,,,,-,,,,,,,,"620,22",,,,,,,,"9.273,42",,,,,,,,,
CAEM-BA,,,,,,,,BA,,"449,12",,,,,-,,,,,,,,"449,12",,,,,,,,"6.715,22",,,,,,,,,
CAETANOS-BA,,,,,,,,BA,,"470,51",,,,,-,,,,,,,,"470,51",,,,,,,,"7.035,00",,,,,,,,,
CAIRU-BA,,,,,,,,BA,,"14.776,50",,,,,"150.377,76",,,,,,,,"165.154,26",,,,,,,,"2.709.483,34",,,,,,,,,
CAMACAN-BA,,,,,,,,BA,,"598,83",,,,,-,,,,,,,,"598,83",,,,,,,,"8.953,64",,,,,,,,,
CAMACARI-BA,,,,,,,,BA,,"639.031,23",,,,,"444.204,09",,,,,,,,"1.083.235,32",,,,,,,,"1.095.300,71",,,,,,,,,
CAMAMU-BA,,,,,,,,BA,,"620,22",,,,,-,,,,,,,,"620,22",,,,,,,,"9.273,42",,,,,,,,,
CANAVIEIRAS-BA,,,,,,,,BA,,"620,22",,,,,-,,,,,,,,"620,22",,,,,,,,"9.273,42",,,,,,,,,
CANDEAL-BA,,,,,,,,BA,,"427,74",,,,,-,,,,,,,,"427,74",,,,,,,,"6.395,46",,,,,,,,,
CANDEIAS-BA,,,,,,,,BA,,"771.572,52",,,,,"421.509,73",,,,,,,,"1.193.082,25",,,,,,,,"4.739.853,23",,,,,,,,,
CANDIDO SALES-BA,,,,,,,,BA,,"577,45",,,,,-,,,,,,,,"577,45",,,,,,,,"8.633,88",,,,,,,,,
CANSANCAO-BA,,,,,,,,BA,,"620,22",,,,,-,,,,,,,,"620,22",,,,,,,,"9.273,42",,,,,,,,,
CANUDOS-BA,,,,,,,,BA,,"491,90",,,,,-,,,,,,,,"491,90",,,,,,,,"7.354,77",,,,,,,,,
CAPELA DO ALTO ALEGRE-BA,,,,,,,,BA,,"449,12",,,,,-,,,,,,,,"449,12",,,,,,,,"6.715,22",,,,,,,,,
CAPIM GROSSO-BA,,,,,,,,BA,,"577,45",,,,,-,,,,,,,,"577,45",,,,,,,,"8.633,88",,,,,,,,,
CARAVELAS-BA,,,,,,,,BA,,"556,06",,,,,-,,,,,,,,"556,06",,,,,,,,"8.314,10",,,,,,,,,
CARDEAL DA SILVA-BA,,,,,,,,BA,,"111.664,42",,,,,"28.690,20",,,,,,,,"140.354,62",,,,,,,,"1.125.526,37",,,,,,,,,
CASTRO ALVES-BA,,,,,,,,BA,,"577,45",,,,,-,,,,,,,,"577,45",,,,,,,,"8.633,88",,,,,,,,,
CATU-BA,,,,,,,,BA,,"266.750,66",,,,,"148.288,33",,,,,,,,"415.038,99",,,,,,,,"3.067.839,38",,,,,,,,,
CICERO DANTAS-BA,,,,,,,,BA,,"620,22",,,,,-,,,,,,,,"620,22",,,,,,,,"9.273,42",,,,,,,,,
CIPO-BA,,,,,,,,BA,,"491,90",,,,,-,,,,,,,,"491,90",,,,,,,,"7.354,77",,,,,,,,,
COARACI-BA,,,,,,,,BA,,"556,06",,,,,-,,,,,,,,"556,06",,,,,,,,"8.314,10",,,,,,,,,
CONCEICAO DA FEIRA-BA,,,,,,,,BA,,"556,06",,,,,-,,,,,,,,"556,06",,,,,,,,"8.314,10",,,,,,,,,
CONCEICAO DO ALMEIDA-BA,,,,,,,,BA,,"513,28",,,,,-,,,,,,,,"513,28",,,,,,,,"7.674,54",,,,,,,,,
CONCEICAO DO COITE-BA,,,,,,,,BA,,"705,77",,,,,-,,,,,,,,"705,77",,,,,,,,"10.552,51",,,,,,,,,
CONCEICAO DO JACUIPE-BA,,,,,,,,BA,,"598,83",,,,,-,,,,,,,,"598,83",,,,,,,,"8.953,64",,,,,,,,,
CONDE-BA,,,,,,,,BA,,"1.195,33",,,,,"412,33",,,,,,,,"1.607,66",,,,,,,,"22.870,55",,,,,,,,,
CORACAO DE MARIA-BA,,,,,,,,BA,,"556,06",,,,,-,,,,,,,,"556,06",,,,,,,,"8.314,10",,,,,,,,,
CORONEL JOAO SA-BA,,,,,,,,BA,,"513,28",,,,,-,,,,,,,,"513,28",,,,,,,,"7.674,54",,,,,,,,,
CRAVOLANDIA-BA,,,,,,,,BA,,"427,74",,,,,-,,,,,,,,"427,74",,,,,,,,"6.395,46",,,,,,,,,
CRISOPOLIS-BA,,,,,,,,BA,,"556,06",,,,,-,,,,,,,,"556,06",,,,,,,,"8.314,10",,,,,,,,,
CRUZ DAS ALMAS-BA,,,,,,,,BA,,"705,77",,,,,-,,,,,,,,"705,77",,,,,,,,"10.552,51",,,,,,,,,
DARIO MEIRA-BA,,,,,,,,BA,,"470,51",,,,,-,,,,,,,,"470,51",,,,,,,,"7.035,00",,,,,,,,,
DIAS D'AVILA-BA,,,,,,,,BA,,"727,16",,,,,-,,,,,,,,"727,16",,,,,,,,"10.872,29",,,,,,,,,
DOM MACEDO COSTA-BA,,,,,,,,BA,,"427,74",,,,,-,,,,,,,,"427,74",,,,,,,,"6.395,46",,,,,,,,,
ELISIO MEDRADO-BA,,,,,,,,BA,,"427,74",,,,,-,,,,,,,,"427,74",,,,,,,,"6.395,46",,,,,,,,,
ENCRUZILHADA-BA,,,,,,,,BA,,"556,06",,,,,-,,,,,,,,"556,06",,,,,,,,"8.314,10",,,,,,,,,
ENTRE RIOS-BA,,,,,,,,BA,,"343.486,12",,,,,"227.390,00",,,,,,,,"570.876,12",,,,,,,,"3.965.555,86",,,,,,,,,
ESPLANADA-BA,,,,,,,,BA,,"628.133,23",,,,,"490.470,29",,,,,,,,"1.118.603,52",,,,,,,,"7.596.970,29",,,,,,,,,
EUCLIDES DA CUNHA-BA,,,,,,,,BA,,"705,77",,,,,-,,,,,,,,"705,77",,,,,,,,"10.552,51",,,,,,,,,
EUNAPOLIS-BA,,,,,,,,BA,,"638.967,07",,,,,"8.750,04",,,,,,,,"647.717,11",,,,,,,,"658.757,40",,,,,,,,,
FATIMA-BA,,,,,,,,BA,,"513,28",,,,,-,,,,,,,,"513,28",,,,,,,,"7.674,54",,,,,,,,,
FEIRA DE SANTANA-BA,,,,,,,,BA,,"855,48",,,,,-,,,,,,,,"855,48",,,,,,,,"12.790,94",,,,,,,,,
FIRMINO ALVES-BA,,,,,,,,BA,,"427,74",,,,,-,,,,,,,,"427,74",,,,,,,,"6.395,46",,,,,,,,,
FLORESTA AZUL-BA,,,,,,,,BA,,"449,12",,,,,-,,,,,,,,"449,12",,,,,,,,"6.715,22",,,,,,,,,
GANDU-BA,,,,,,,,BA,,"598,83",,,,,-,,,,,,,,"598,83",,,,,,,,"8.953,64",,,,,,,,,
GAVIAO-BA,,,,,,,,BA,,"427,74",,,,,-,,,,,,,,"427,74",,,,,,,,"6.395,46",,,,,,,,,
GLORIA-BA,,,,,,,,BA,,"491,90",,,,,-,,,,,,,,"491,90",,,,,,,,"7.354,77",,,,,,,,,
GONGOGI-BA,,,,,,,,BA,,"427,74",,,,,-,,,,,,,,"427,74",,,,,,,,"6.395,46",,,,,,,,,
GOVERNADOR MANGABEIRA-BA,,,,,,,,BA,,"534,67",,,,,-,,,,,,,,"534,67",,,,,,,,"7.994,32",,,,,,,,,
GUARATINGA-BA,,,,,,,,BA,,"556,06",,,,,-,,,,,,,,"556,06",,,,,,,,"8.314,10",,,,,,,,,
Superintendência de Participações Governamentais,,,,,,,,,,,,,,,,,,,,,,,,,,,,,,,,,,,,,,,,
HELIOPOLIS-BA,,,,,,,,BA,,"470,51",,,,,-,,,,,,,,"470,51",,,,,,,,"7.035,00",,,,,,,,,
IACU-BA,,,,,,,,BA,,"577,45",,,,,-,,,,,,,,"577,45",,,,,,,,"8.633,88",,,,,,,,,
IBICARAI-BA,,,,,,,,BA,,"577,45",,,,,-,,,,,,,,"577,45",,,,,,,,"8.633,88",,,,,,,,,
IBICUI-BA,,,,,,,,BA,,"491,90",,,,,-,,,,,,,,"491,90",,,,,,,,"7.354,77",,,,,,,,,
IBIQUERA-BA,,,,,,,,BA,,"427,74",,,,,-,,,,,,,,"427,74",,,,,,,,"6.395,46",,,,,,,,,
IBIRAPITANGA-BA,,,,,,,,BA,,"556,06",,,,,-,,,,,,,,"556,06",,,,,,,,"8.314,10",,,,,,,,,
IBIRAPUA-BA,,,,,,,,BA,,"427,74",,,,,-,,,,,,,,"427,74",,,,,,,,"6.395,46",,,,,,,,,
IBIRATAIA-BA,,,,,,,,BA,,"534,67",,,,,-,,,,,,,,"534,67",,,,,,,,"7.994,32",,,,,,,,,
ICHU-BA,,,,,,,,BA,,"427,74",,,,,-,,,,,,,,"427,74",,,,,,,,"6.395,46",,,,,,,,,
IGRAPIUNA-BA,,,,,,,,BA,,"470,51",,,,,-,,,,,,,,"470,51",,,,,,,,"7.035,00",,,,,,,,,
IGUAI-BA,,,,,,,,BA,,"577,45",,,,,-,,,,,,,,"577,45",,,,,,,,"8.633,88",,,,,,,,,
ILHEUS-BA,,,,,,,,BA,,"855,48",,,,,-,,,,,,,,"855,48",,,,,,,,"12.790,94",,,,,,,,,
INHAMBUPE-BA,,,,,,,,BA,,"1.313,26",,,,,"342,54",,,,,,,,"1.655,80",,,,,,,,"13.941,15",,,,,,,,,
IPECAETA-BA,,,,,,,,BA,,"491,90",,,,,-,,,,,,,,"491,90",,,,,,,,"7.354,77",,,,,,,,,
IPIAU-BA,,,,,,,,BA,,"662,99",,,,,-,,,,,,,,"662,99",,,,,,,,"9.912,96",,,,,,,,,
IPIRA-BA,,,,,,,,BA,,"705,77",,,,,-,,,,,,,,"705,77",,,,,,,,"10.552,51",,,,,,,,,
IRAJUBA-BA,,,,,,,,BA,,"427,74",,,,,-,,,,,,,,"427,74",,,,,,,,"6.395,46",,,,,,,,,
IRARA-BA,,,,,,,,BA,,"577,45",,,,,-,,,,,,,,"577,45",,,,,,,,"8.633,88",,,,,,,,,
ITABELA-BA,,,,,,,,BA,,"598,83",,,,,-,,,,,,,,"598,83",,,,,,,,"8.953,64",,,,,,,,,
ITABERABA-BA,,,,,,,,BA,,"705,77",,,,,-,,,,,,,,"705,77",,,,,,,,"10.552,51",,,,,,,,,
ITABUNA-BA,,,,,,,,BA,,"639.031,23",,,,,"2.727,23",,,,,,,,"641.758,46",,,,,,,,"653.693,92",,,,,,,,,
ITACARE-BA,,,,,,,,BA,,"577,45",,,,,-,,,,,,,,"577,45",,,,,,,,"8.633,88",,,,,,,,,
ITAGI-BA,,,,,,,,BA,,"470,51",,,,,-,,,,,,,,"470,51",,,,,,,,"7.035,00",,,,,,,,,
ITAGIBA-BA,,,,,,,,BA,,"491,90",,,,,-,,,,,,,,"491,90",,,,,,,,"7.354,77",,,,,,,,,
ITAGIMIRIM-BA,,,,,,,,BA,,"427,74",,,,,-,,,,,,,,"427,74",,,,,,,,"6.395,46",,,,,,,,,
ITAJU DO COLONIA-BA,,,,,,,,BA,,"427,74",,,,,-,,,,,,,,"427,74",,,,,,,,"6.395,46",,,,,,,,,
ITAJUIPE-BA,,,,,,,,BA,,"556,06",,,,,-,,,,,,,,"556,06",,,,,,,,"8.314,10",,,,,,,,,
ITAMARAJU-BA,,,,,,,,BA,,"705,77",,,,,-,,,,,,,,"705,77",,,,,,,,"10.552,51",,,,,,,,,
ITAMARI-BA,,,,,,,,BA,,"427,74",,,,,-,,,,,,,,"427,74",,,,,,,,"6.395,46",,,,,,,,,
ITAMBE-BA,,,,,,,,BA,,"556,06",,,,,-,,,,,,,,"556,06",,,,,,,,"8.314,10",,,,,,,,,
ITANAGRA-BA,,,,,,,,BA,,"91.170,33",,,,,"18.445,48",,,,,,,,"109.615,81",,,,,,,,"823.677,64",,,,,,,,,
ITANHEM-BA,,,,,,,,BA,,"556,06",,,,,-,,,,,,,,"556,06",,,,,,,,"8.314,10",,,,,,,,,
ITAPARICA-BA,,,,,,,,BA,,"85.499,06",,,,,"247.721,31",,,,,,,,"333.220,37",,,,,,,,"2.569.812,26",,,,,,,,,
ITAPE-BA,,,,,,,,BA,,"449,12",,,,,-,,,,,,,,"449,12",,,,,,,,"6.715,22",,,,,,,,,
ITAPEBI-BA,,,,,,,,BA,,"449,12",,,,,-,,,,,,,,"449,12",,,,,,,,"6.715,22",,,,,,,,,
ITAPETINGA-BA,,,,,,,,BA,,"727,16",,,,,-,,,,,,,,"727,16",,,,,,,,"10.872,29",,,,,,,,,
ITAPICURU-BA,,,,,,,,BA,,"620,22",,,,,-,,,,,,,,"620,22",,,,,,,,"9.273,42",,,,,,,,,
ITAPITANGA-BA,,,,,,,,BA,,"449,12",,,,,-,,,,,,,,"449,12",,,,,,,,"6.715,22",,,,,,,,,
ITAQUARA-BA,,,,,,,,BA,,"427,74",,,,,-,,,,,,,,"427,74",,,,,,,,"6.395,46",,,,,,,,,
ITARANTIM-BA,,,,,,,,BA,,"534,67",,,,,-,,,,,,,,"534,67",,,,,,,,"7.994,32",,,,,,,,,
ITATIM-BA,,,,,,,,BA,,"491,90",,,,,-,,,,,,,,"491,90",,,,,,,,"7.354,77",,,,,,,,,
ITIRUCU-BA,,,,,,,,BA,,"470,51",,,,,-,,,,,,,,"470,51",,,,,,,,"7.035,00",,,,,,,,,
ITIUBA-BA,,,,,,,,BA,,"641,61",,,,,-,,,,,,,,"641,61",,,,,,,,"9.593,19",,,,,,,,,
ITORORO-BA,,,,,,,,BA,,"534,67",,,,,-,,,,,,,,"534,67",,,,,,,,"7.994,32",,,,,,,,,
ITUBERA-BA,,,,,,,,BA,,"577,45",,,,,-,,,,,,,,"577,45",,,,,,,,"8.633,88",,,,,,,,,
JACOBINA-BA,,,,,,,,BA,,"748,54",,,,,-,,,,,,,,"748,54",,,,,,,,"11.192,06",,,,,,,,,
JAGUAQUARA-BA,,,,,,,,BA,,"684,38",,,,,-,,,,,,,,"684,38",,,,,,,,"10.232,73",,,,,,,,,
JAGUARIPE-BA,,,,,,,,BA,,"23.048,13",,,,,-,,,,,,,,"23.048,13",,,,,,,,"344.609,64",,,,,,,,,
JANDAIRA-BA,,,,,,,,BA,,"449,12",,,,,-,,,,,,,,"449,12",,,,,,,,"6.715,22",,,,,,,,,
JEQUIE-BA,,,,,,,,BA,,"855,48",,,,,-,,,,,,,,"855,48",,,,,,,,"12.790,94",,,,,,,,,
JEREMOABO-BA,,,,,,,,BA,,"641,61",,,,,-,,,,,,,,"641,61",,,,,,,,"9.593,19",,,,,,,,,
JIQUIRICA-BA,,,,,,,,BA,,"491,90",,,,,-,,,,,,,,"491,90",,,,,,,,"7.354,77",,,,,,,,,
JITAUNA-BA,,,,,,,,BA,,"491,90",,,,,-,,,,,,,,"491,90",,,,,,,,"7.354,77",,,,,,,,,
JUCURUCU-BA,,,,,,,,BA,,"449,12",,,,,-,,,,,,,,"449,12",,,,,,,,"6.715,22",,,,,,,,,
JUSSARI-BA,,,,,,,,BA,,"427,74",,,,,-,,,,,,,,"427,74",,,,,,,,"6.395,46",,,,,,,,,
LAFAIETE COUTINHO-BA,,,,,,,,BA,,"427,74",,,,,-,,,,,,,,"427,74",,,,,,,,"6.395,46",,,,,,,,,
LAJE-BA,,,,,,,,BA,,"556,06",,,,,-,,,,,,,,"556,06",,,,,,,,"8.314,10",,,,,,,,,
Superintendência de Participações Governamentais,,,,,,,,,,,,,,,,,,,,,,,,,,,,,,,,,,,,,,,,
LAJEDAO-BA,,,,,,,,BA,,"427,74",,,,,-,,,,,,,,"427,74",,,,,,,,"6.395,46",,,,,,,,,
LAJEDINHO-BA,,,,,,,,BA,,"427,74",,,,,-,,,,,,,,"427,74",,,,,,,,"6.395,46",,,,,,,,,
LAJEDO DO TABOCAL-BA,,,,,,,,BA,,"427,74",,,,,-,,,,,,,,"427,74",,,,,,,,"6.395,46",,,,,,,,,
LAMARAO-BA,,,,,,,,BA,,"427,74",,,,,-,,,,,,,,"427,74",,,,,,,,"6.395,46",,,,,,,,,
LAURO DE FREITAS-BA,,,,,,,,BA,,"855,48",,,,,-,,,,,,,,"855,48",,,,,,,,"12.790,94",,,,,,,,,
MACAJUBA-BA,,,,,,,,BA,,"449,12",,,,,-,,,,,,,,"449,12",,,,,,,,"6.715,22",,,,,,,,,
MACARANI-BA,,,,,,,,BA,,"513,28",,,,,-,,,,,,,,"513,28",,,,,,,,"7.674,54",,,,,,,,,
MADRE DE DEUS-BA,,,,,,,,BA,,"652.512,78",,,,,"1.138.942,54",,,,,,,,"1.791.455,32",,,,,,,,"18.308.520,16",,,,,,,,,
MAIQUINIQUE-BA,,,,,,,,BA,,"427,74",,,,,-,,,,,,,,"427,74",,,,,,,,"6.395,46",,,,,,,,,
MAIRI-BA,,,,,,,,BA,,"534,67",,,,,-,,,,,,,,"534,67",,,,,,,,"7.994,32",,,,,,,,,
MANOEL VITORINO-BA,,,,,,,,BA,,"491,90",,,,,-,,,,,,,,"491,90",,,,,,,,"7.354,77",,,,,,,,,
MARACAS-BA,,,,,,,,BA,,"577,45",,,,,-,,,,,,,,"577,45",,,,,,,,"8.633,88",,,,,,,,,
MARAGOGIPE-BA,,,,,,,,BA,,"19.916,15",,,,,-,,,,,,,,"19.916,15",,,,,,,,"297.781,14",,,,,,,,,
MARAU-BA,,,,,,,,BA,,"534,67",,,,,-,,,,,,,,"534,67",,,,,,,,"7.994,32",,,,,,,,,
MARCIONILIO SOUZA-BA,,,,,,,,BA,,"449,12",,,,,-,,,,,,,,"449,12",,,,,,,,"6.715,22",,,,,,,,,
MASCOTE-BA,,,,,,,,BA,,"491,90",,,,,-,,,,,,,,"491,90",,,,,,,,"7.354,77",,,,,,,,,
MATA DE SAO JOAO-BA,,,,,,,,BA,,"188.750,78",,,,,"91.353,43",,,,,,,,"280.104,21",,,,,,,,"1.972.570,45",,,,,,,,,
MEDEIROS NETO-BA,,,,,,,,BA,,"556,06",,,,,-,,,,,,,,"556,06",,,,,,,,"8.314,10",,,,,,,,,
MIGUEL CALMON-BA,,,,,,,,BA,,"577,45",,,,,-,,,,,,,,"577,45",,,,,,,,"8.633,88",,,,,,,,,
MILAGRES-BA,,,,,,,,BA,,"449,12",,,,,-,,,,,,,,"449,12",,,,,,,,"6.715,22",,,,,,,,,
MIRANTE-BA,,,,,,,,BA,,"449,12",,,,,-,,,,,,,,"449,12",,,,,,,,"6.715,22",,,,,,,,,
MONTE SANTO-BA,,,,,,,,BA,,"684,38",,,,,-,,,,,,,,"684,38",,,,,,,,"10.232,73",,,,,,,,,
MUCURI-BA,,,,,,,,BA,,"638.817,36",,,,,"18.141,72",,,,,,,,"656.959,08",,,,,,,,"665.910,66",,,,,,,,,
MUNDO NOVO-BA,,,,,,,,BA,,"577,45",,,,,-,,,,,,,,"577,45",,,,,,,,"8.633,88",,,,,,,,,
MUNIZ FERREIRA-BA,,,,,,,,BA,,"427,74",,,,,-,,,,,,,,"427,74",,,,,,,,"6.395,46",,,,,,,,,
MURITIBA-BA,,,,,,,,BA,,"598,83",,,,,-,,,,,,,,"598,83",,,,,,,,"8.953,64",,,,,,,,,
MUTUIPE-BA,,,,,,,,BA,,"556,06",,,,,-,,,,,,,,"556,06",,,,,,,,"8.314,10",,,,,,,,,
NAZARE-BA,,,,,,,,BA,,"577,45",,,,,-,,,,,,,,"577,45",,,,,,,,"8.633,88",,,,,,,,,
NILO PECANHA-BA,,,,,,,,BA,,"470,51",,,,,-,,,,,,,,"470,51",,,,,,,,"7.035,00",,,,,,,,,
NORDESTINA-BA,,,,,,,,BA,,"470,51",,,,,-,,,,,,,,"470,51",,,,,,,,"7.035,00",,,,,,,,,
NOVA CANAA-BA,,,,,,,,BA,,"513,28",,,,,-,,,,,,,,"513,28",,,,,,,,"7.674,54",,,,,,,,,
NOVA FATIMA-BA,,,,,,,,BA,,"427,74",,,,,-,,,,,,,,"427,74",,,,,,,,"6.395,46",,,,,,,,,
NOVA IBIA-BA,,,,,,,,BA,,"427,74",,,,,-,,,,,,,,"427,74",,,,,,,,"6.395,46",,,,,,,,,
NOVA ITARANA-BA,,,,,,,,BA,,"427,74",,,,,-,,,,,,,,"427,74",,,,,,,,"6.395,46",,,,,,,,,
NOVA SOURE-BA,,,,,,,,BA,,"577,45",,,,,-,,,,,,,,"577,45",,,,,,,,"8.633,88",,,,,,,,,
NOVA VICOSA-BA,,,,,,,,BA,,"641,61",,,,,-,,,,,,,,"641,61",,,,,,,,"9.593,19",,,,,,,,,
NOVO TRIUNFO-BA,,,,,,,,BA,,"491,90",,,,,-,,,,,,,,"491,90",,,,,,,,"7.354,77",,,,,,,,,
OLINDINA-BA,,,,,,,,BA,,"577,45",,,,,-,,,,,,,,"577,45",,,,,,,,"8.633,88",,,,,,,,,
OURICANGAS-BA,,,,,,,,BA,,"427,74",,,,,-,,,,,,,,"427,74",,,,,,,,"6.395,46",,,,,,,,,
OUROLANDIA-BA,,,,,,,,BA,,"513,28",,,,,-,,,,,,,,"513,28",,,,,,,,"7.674,54",,,,,,,,,
PARIPIRANGA-BA,,,,,,,,BA,,"577,45",,,,,-,,,,,,,,"577,45",,,,,,,,"8.633,88",,,,,,,,,
PAU BRASIL-BA,,,,,,,,BA,,"449,12",,,,,-,,,,,,,,"449,12",,,,,,,,"6.715,22",,,,,,,,,
PAULO AFONSO-BA,,,,,,,,BA,,"791,32",,,,,-,,,,,,,,"791,32",,,,,,,,"11.831,61",,,,,,,,,
PE DE SERRA-BA,,,,,,,,BA,,"470,51",,,,,-,,,,,,,,"470,51",,,,,,,,"7.035,00",,,,,,,,,
PEDRAO-BA,,,,,,,,BA,,"427,74",,,,,-,,,,,,,,"427,74",,,,,,,,"6.395,46",,,,,,,,,
PEDRO ALEXANDRE-BA,,,,,,,,BA,,"513,28",,,,,-,,,,,,,,"513,28",,,,,,,,"7.674,54",,,,,,,,,
PINTADAS-BA,,,,,,,,BA,,"449,12",,,,,-,,,,,,,,"449,12",,,,,,,,"6.715,22",,,,,,,,,
PIRAI DO NORTE-BA,,,,,,,,BA,,"427,74",,,,,-,,,,,,,,"427,74",,,,,,,,"6.395,46",,,,,,,,,
PIRITIBA-BA,,,,,,,,BA,,"556,06",,,,,-,,,,,,,,"556,06",,,,,,,,"8.314,10",,,,,,,,,
PLANALTINO-BA,,,,,,,,BA,,"427,74",,,,,-,,,,,,,,"427,74",,,,,,,,"6.395,46",,,,,,,,,
PLANALTO-BA,,,,,,,,BA,,"577,45",,,,,-,,,,,,,,"577,45",,,,,,,,"8.633,88",,,,,,,,,
POCOES-BA,,,,,,,,BA,,"662,99",,,,,-,,,,,,,,"662,99",,,,,,,,"9.912,96",,,,,,,,,
POJUCA-BA,,,,,,,,BA,,"1.208.288,12",,,,,"518.938,96",,,,,,,,"1.727.227,08",,,,,,,,"7.854.753,53",,,,,,,,,
PORTO SEGURO-BA,,,,,,,,BA,,"812,70",,,,,-,,,,,,,,"812,70",,,,,,,,"12.151,38",,,,,,,,,
POTIRAGUA-BA,,,,,,,,BA,,"427,74",,,,,-,,,,,,,,"427,74",,,,,,,,"6.395,46",,,,,,,,,
PRADO-BA,,,,,,,,BA,,"577,45",,,,,-,,,,,,,,"577,45",,,,,,,,"8.633,88",,,,,,,,,
PRESIDENTE TANCREDO NEVES-BA,,,,,,,,BA,,"556,06",,,,,-,,,,,,,,"556,06",,,,,,,,"8.314,10",,,,,,,,,
Superintendência de Participações Governamentais,,,,,,,,,,,,,,,,,,,,,,,,,,,,,,,,,,,,,,,,
QUEIMADAS-BA,,,,,,,,BA,,"577,45",,,,,-,,,,,,,,"577,45",,,,,,,,"8.633,88",,,,,,,,,
QUIJINGUE-BA,,,,,,,,BA,,"577,45",,,,,-,,,,,,,,"577,45",,,,,,,,"8.633,88",,,,,,,,,
QUIXABEIRA-BA,,,,,,,,BA,,"427,74",,,,,-,,,,,,,,"427,74",,,,,,,,"6.395,46",,,,,,,,,
RAFAEL JAMBEIRO-BA,,,,,,,,BA,,"556,06",,,,,-,,,,,,,,"556,06",,,,,,,,"8.314,10",,,,,,,,,
RETIROLANDIA-BA,,,,,,,,BA,,"470,51",,,,,-,,,,,,,,"470,51",,,,,,,,"7.035,00",,,,,,,,,
RIACHAO DO JACUIPE-BA,,,,,,,,BA,,"620,22",,,,,-,,,,,,,,"620,22",,,,,,,,"9.273,42",,,,,,,,,
RIBEIRA DO AMPARO-BA,,,,,,,,BA,,"491,90",,,,,-,,,,,,,,"491,90",,,,,,,,"7.354,77",,,,,,,,,
RIBEIRA DO POMBAL-BA,,,,,,,,BA,,"662,99",,,,,-,,,,,,,,"662,99",,,,,,,,"9.912,96",,,,,,,,,
RIBEIRAO DO LARGO-BA,,,,,,,,BA,,"427,74",,,,,-,,,,,,,,"427,74",,,,,,,,"6.395,46",,,,,,,,,
RIO REAL-BA,,,,,,,,BA,,"641,61",,,,,-,,,,,,,,"641,61",,,,,,,,"9.593,19",,,,,,,,,
RUY BARBOSA-BA,,,,,,,,BA,,"598,83",,,,,-,,,,,,,,"598,83",,,,,,,,"8.953,64",,,,,,,,,
SALINAS DA MARGARIDA-BA,,,,,,,,BA,,"14.134,04",,,,,"247.157,83",,,,,,,,"261.291,87",,,,,,,,"1.965.752,28",,,,,,,,,
SALVADOR-BA,,,,,,,,BA,,"25.698,27",,,,,"247.157,83",,,,,,,,"272.856,10",,,,,,,,"2.138.657,49",,,,,,,,,
SANTA BARBARA-BA,,,,,,,,BA,,"534,67",,,,,-,,,,,,,,"534,67",,,,,,,,"7.994,32",,,,,,,,,
SANTA BRIGIDA-BA,,,,,,,,BA,,"491,90",,,,,-,,,,,,,,"491,90",,,,,,,,"7.354,77",,,,,,,,,
SANTA CRUZ CABRALIA-BA,,,,,,,,BA,,"577,45",,,,,-,,,,,,,,"577,45",,,,,,,,"8.633,88",,,,,,,,,
SANTA CRUZ DA VITORIA-BA,,,,,,,,BA,,"427,74",,,,,-,,,,,,,,"427,74",,,,,,,,"6.395,46",,,,,,,,,
SANTA INES-BA,,,,,,,,BA,,"449,12",,,,,-,,,,,,,,"449,12",,,,,,,,"6.715,22",,,,,,,,,
SANTA LUZIA-BA,,,,,,,,BA,,"470,51",,,,,-,,,,,,,,"470,51",,,,,,,,"7.035,00",,,,,,,,,
SANTA TERESINHA-BA,,,,,,,,BA,,"427,74",,,,,-,,,,,,,,"427,74",,,,,,,,"6.395,46",,,,,,,,,
SANTALUZ-BA,,,,,,,,BA,,"620,22",,,,,-,,,,,,,,"620,22",,,,,,,,"9.273,42",,,,,,,,,
SANTANOPOLIS-BA,,,,,,,,BA,,"427,74",,,,,-,,,,,,,,"427,74",,,,,,,,"6.395,46",,,,,,,,,
SANTO AMARO-BA,,,,,,,,BA,,"21.201,07",,,,,"247.157,83",,,,,,,,"268.358,90",,,,,,,,"2.071.416,57",,,,,,,,,
SANTO ANTONIO DE JESUS-BA,,,,,,,,BA,,"769,93",,,,,-,,,,,,,,"769,93",,,,,,,,"11.511,84",,,,,,,,,
SANTO ESTEVAO-BA,,,,,,,,BA,,"662,99",,,,,-,,,,,,,,"662,99",,,,,,,,"9.912,96",,,,,,,,,
SAO DOMINGOS-BA,,,,,,,,BA,,"427,74",,,,,-,,,,,,,,"427,74",,,,,,,,"6.395,46",,,,,,,,,
SAO FELIPE-BA,,,,,,,,BA,,"556,06",,,,,-,,,,,,,,"556,06",,,,,,,,"8.314,10",,,,,,,,,
SAO FELIX-BA,,,,,,,,BA,,"491,90",,,,,-,,,,,,,,"491,90",,,,,,,,"7.354,77",,,,,,,,,
SAO FRANCISCO DO CONDE-BA,,,,,,,,BA,,"866.611,73",,,,,"552.306,04",,,,,,,,"1.418.917,77",,,,,,,,"18.461.495,89",,,,,,,,,
SAO GONCALO DOS CAMPOS-BA,,,,,,,,BA,,"620,22",,,,,-,,,,,,,,"620,22",,,,,,,,"9.273,42",,,,,,,,,
SAO JOSE DA VITORIA-BA,,,,,,,,BA,,"427,74",,,,,-,,,,,,,,"427,74",,,,,,,,"6.395,46",,,,,,,,,
SAO JOSE DO JACUIPE-BA,,,,,,,,BA,,"449,12",,,,,-,,,,,,,,"449,12",,,,,,,,"6.715,22",,,,,,,,,
SAO MIGUEL DAS MATAS-BA,,,,,,,,BA,,"449,12",,,,,-,,,,,,,,"449,12",,,,,,,,"6.715,22",,,,,,,,,
SAO SEBASTIAO DO PASSE-BA,,,,,,,,BA,,"369.132,95",,,,,"206.968,68",,,,,,,,"576.101,63",,,,,,,,"4.254.990,53",,,,,,,,,
SAPEACU-BA,,,,,,,,BA,,"513,28",,,,,-,,,,,,,,"513,28",,,,,,,,"7.674,54",,,,,,,,,
SATIRO DIAS-BA,,,,,,,,BA,,"71.944,80",,,,,"3.136,29",,,,,,,,"75.081,09",,,,,,,,"393.872,86",,,,,,,,,
SAUBARA-BA,,,,,,,,BA,,"13.491,59",,,,,"247.157,83",,,,,,,,"260.649,42",,,,,,,,"1.956.146,44",,,,,,,,,
SERRA PRETA-BA,,,,,,,,BA,,"491,90",,,,,-,,,,,,,,"491,90",,,,,,,,"7.354,77",,,,,,,,,
SERRINHA-BA,,,,,,,,BA,,"748,54",,,,,-,,,,,,,,"748,54",,,,,,,,"11.192,06",,,,,,,,,
SERROLANDIA-BA,,,,,,,,BA,,"470,51",,,,,-,,,,,,,,"470,51",,,,,,,,"7.035,00",,,,,,,,,
SIMOES FILHO-BA,,,,,,,,BA,,"641.331,67",,,,,"24.553,29",,,,,,,,"665.884,96",,,,,,,,"1.180.095,42",,,,,,,,,
SITIO DO QUINTO-BA,,,,,,,,BA,,"470,51",,,,,-,,,,,,,,"470,51",,,,,,,,"7.035,00",,,,,,,,,
TANQUINHO-BA,,,,,,,,BA,,"427,74",,,,,-,,,,,,,,"427,74",,,,,,,,"6.395,46",,,,,,,,,
TAPEROA-BA,,,,,,,,BA,,"534,67",,,,,-,,,,,,,,"534,67",,,,,,,,"7.994,32",,,,,,,,,
TAPIRAMUTA-BA,,,,,,,,BA,,"513,28",,,,,-,,,,,,,,"513,28",,,,,,,,"7.674,54",,,,,,,,,
TEIXEIRA DE FREITAS-BA,,,,,,,,BA,,"834,09",,,,,-,,,,,,,,"834,09",,,,,,,,"12.471,16",,,,,,,,,
TEODORO SAMPAIO-BA,,,,,,,,BA,,"68.407,76",,,,,"545,50",,,,,,,,"68.953,26",,,,,,,,"572.137,30",,,,,,,,,
TEOFILANDIA-BA,,,,,,,,BA,,"556,06",,,,,-,,,,,,,,"556,06",,,,,,,,"8.314,10",,,,,,,,,
TEOLANDIA-BA,,,,,,,,BA,,"491,90",,,,,-,,,,,,,,"491,90",,,,,,,,"7.354,77",,,,,,,,,
TERRA NOVA-BA,,,,,,,,BA,,"470,51",,,,,-,,,,,,,,"470,51",,,,,,,,"7.516,66",,,,,,,,,
TUCANO-BA,,,,,,,,BA,,"684,38",,,,,-,,,,,,,,"684,38",,,,,,,,"10.232,73",,,,,,,,,
UAUA-BA,,,,,,,,BA,,"577,45",,,,,-,,,,,,,,"577,45",,,,,,,,"8.633,88",,,,,,,,,
UBAIRA-BA,,,,,,,,BA,,"534,67",,,,,-,,,,,,,,"534,67",,,,,,,,"7.994,32",,,,,,,,,
UBAITABA-BA,,,,,,,,BA,,"556,06",,,,,-,,,,,,,,"556,06",,,,,,,,"8.314,10",,,,,,,,,
UBATA-BA,,,,,,,,BA,,"577,45",,,,,-,,,,,,,,"577,45",,,,,,,,"8.633,88",,,,,,,,,
UNA-BA,,,,,,,,BA,,"577,45",,,,,-,,,,,,,,"577,45",,,,,,,,"8.633,88",,,,,,,,,
URUCUCA-BA,,,,,,,,BA,,"534,67",,,,,-,,,,,,,,"534,67",,,,,,,,"7.994,32",,,,,,,,,
Superintendência de Participações Governamentais,,,,,,,,,,,,,,,,,,,,,,,,,,,,,,,,,,,,,,,,
VALENCA-BA,,,,,,,,BA,,"23.048,13",,,,,-,,,,,,,,"23.048,13",,,,,,,,"344.609,64",,,,,,,,,
VALENTE-BA,,,,,,,,BA,,"577,45",,,,,-,,,,,,,,"577,45",,,,,,,,"8.633,88",,,,,,,,,
VARZEA DA ROCA-BA,,,,,,,,BA,,"470,51",,,,,-,,,,,,,,"470,51",,,,,,,,"7.035,00",,,,,,,,,
VARZEA DO POCO-BA,,,,,,,,BA,,"427,74",,,,,-,,,,,,,,"427,74",,,,,,,,"6.395,46",,,,,,,,,
VARZEA NOVA-BA,,,,,,,,BA,,"470,51",,,,,-,,,,,,,,"470,51",,,,,,,,"7.035,00",,,,,,,,,
VARZEDO-BA,,,,,,,,BA,,"427,74",,,,,-,,,,,,,,"427,74",,,,,,,,"6.395,46",,,,,,,,,
VERA CRUZ-BA,,,,,,,,BA,,"70.927,24",,,,,"684,67",,,,,,,,"71.611,91",,,,,,,,"589.580,49",,,,,,,,,
VEREDA-BA,,,,,,,,BA,,"427,74",,,,,-,,,,,,,,"427,74",,,,,,,,"6.395,46",,,,,,,,,
VITORIA DA CONQUISTA-BA,,,,,,,,BA,,"855,48",,,,,-,,,,,,,,"855,48",,,,,,,,"12.790,94",,,,,,,,,
WENCESLAU GUIMARAES-BA,,,,,,,,BA,,"556,06",,,,,-,,,,,,,,"556,06",,,,,,,,"8.314,10",,,,,,,,,
BAHIA  TOTAL,,,,,,,,,,"10.031.267,58",,,,,"6.198.396,61",,,,,,,,"16.229.664,19",,,,,,,,"102.299.575,98",,,,,,,,,
ACARAU-CE,,,,,,,,CE,,"4.018,75",,,,,-,,,,,,,,"4.018,75",,,,,,,,"23.762,19",,,,,,,,,
ALCANTARAS-CE,,,,,,,,CE,,"2.557,39",,,,,-,,,,,,,,"2.557,39",,,,,,,,"15.121,38",,,,,,,,,
AMONTADA-CE,,,,,,,,CE,,"82.641,23",,,,,"19.501,72",,,,,,,,"102.142,95",,,,,,,,"601.157,80",,,,,,,,,
APUIARES-CE,,,,,,,,CE,,"2.679,17",,,,,-,,,,,,,,"2.679,17",,,,,,,,"15.841,46",,,,,,,,,
AQUIRAZ-CE,,,,,,,,CE,,-,,,,,"58.027,82",,,,,,,,"58.027,82",,,,,,,,"264.298,83",,,,,,,,,
ARACATI-CE,,,,,,,,CE,,"679.119,61",,,,,"20.395,14",,,,,,,,"699.514,75",,,,,,,,"1.514.916,69",,,,,,,,,
ARARENDA-CE,,,,,,,,CE,,"2.557,39",,,,,-,,,,,,,,"2.557,39",,,,,,,,"15.121,38",,,,,,,,,
BARROQUINHA-CE,,,,,,,,CE,,"2.800,95",,,,,-,,,,,,,,"2.800,95",,,,,,,,"16.561,53",,,,,,,,,
BELA CRUZ-CE,,,,,,,,CE,,"3.409,85",,,,,-,,,,,,,,"3.409,85",,,,,,,,"20.161,85",,,,,,,,,
CAMOCIM-CE,,,,,,,,CE,,"4.018,75",,,,,-,,,,,,,,"4.018,75",,,,,,,,"23.762,19",,,,,,,,,
CANINDE-CE,,,,,,,,CE,,"4.262,32",,,,,-,,,,,,,,"4.262,32",,,,,,,,"25.202,33",,,,,,,,,
CARIDADE-CE,,,,,,,,CE,,"3.166,29",,,,,-,,,,,,,,"3.166,29",,,,,,,,"18.721,72",,,,,,,,,
CARIRE-CE,,,,,,,,CE,,"3.044,51",,,,,-,,,,,,,,"3.044,51",,,,,,,,"18.001,66",,,,,,,,,
CARNAUBAL-CE,,,,,,,,CE,,"2.922,73",,,,,-,,,,,,,,"2.922,73",,,,,,,,"17.281,58",,,,,,,,,
CATUNDA-CE,,,,,,,,CE,,"2.435,61",,,,,-,,,,,,,,"2.435,61",,,,,,,,"14.401,32",,,,,,,,,
CAUCAIA-CE,,,,,,,,CE,,-,,,,,"58.027,82",,,,,,,,"58.027,82",,,,,,,,"264.298,83",,,,,,,,,
CHAVAL-CE,,,,,,,,CE,,"2.679,17",,,,,-,,,,,,,,"2.679,17",,,,,,,,"15.841,46",,,,,,,,,
COREAU-CE,,,,,,,,CE,,"3.166,29",,,,,-,,,,,,,,"3.166,29",,,,,,,,"18.721,72",,,,,,,,,
CRATEUS-CE,,,,,,,,CE,,"4.262,32",,,,,-,,,,,,,,"4.262,32",,,,,,,,"25.202,33",,,,,,,,,
CROATA-CE,,,,,,,,CE,,"2.922,73",,,,,-,,,,,,,,"2.922,73",,,,,,,,"17.281,58",,,,,,,,,
CRUZ-CE,,,,,,,,CE,,"3.166,29",,,,,-,,,,,,,,"3.166,29",,,,,,,,"18.721,72",,,,,,,,,
FORQUILHA-CE,,,,,,,,CE,,"3.166,29",,,,,-,,,,,,,,"3.166,29",,,,,,,,"18.721,72",,,,,,,,,
FORTALEZA-CE,,,,,,,,CE,,"642.393,23",,,,,"86.240,01",,,,,,,,"728.633,24",,,,,,,,"10.171.068,64",,,,,,,,,
FRECHEIRINHA-CE,,,,,,,,CE,,"2.679,17",,,,,-,,,,,,,,"2.679,17",,,,,,,,"15.841,46",,,,,,,,,
GENERAL SAMPAIO-CE,,,,,,,,CE,,"2.435,61",,,,,-,,,,,,,,"2.435,61",,,,,,,,"14.401,32",,,,,,,,,
GRACA-CE,,,,,,,,CE,,"2.800,95",,,,,-,,,,,,,,"2.800,95",,,,,,,,"16.561,53",,,,,,,,,
GRANJA-CE,,,,,,,,CE,,"3.896,97",,,,,-,,,,,,,,"3.896,97",,,,,,,,"23.042,13",,,,,,,,,
GROAIRAS-CE,,,,,,,,CE,,"2.557,39",,,,,-,,,,,,,,"2.557,39",,,,,,,,"15.121,38",,,,,,,,,
GUARACIABA DO NORTE-CE,,,,,,,,CE,,"3.653,41",,,,,-,,,,,,,,"3.653,41",,,,,,,,"21.601,99",,,,,,,,,
HIDROLANDIA-CE,,,,,,,,CE,,"3.044,51",,,,,-,,,,,,,,"3.044,51",,,,,,,,"18.001,66",,,,,,,,,
HORIZONTE-CE,,,,,,,,CE,,"515.570,38",,,,,"13,74",,,,,,,,"515.584,12",,,,,,,,"515.584,12",,,,,,,,,
IBIAPINA-CE,,,,,,,,CE,,"3.166,29",,,,,-,,,,,,,,"3.166,29",,,,,,,,"18.721,72",,,,,,,,,
ICAPUI-CE,,,,,,,,CE,,"81.839,51",,,,,"13.374,22",,,,,,,,"95.213,73",,,,,,,,"763.665,50",,,,,,,,,
INDEPENDENCIA-CE,,,,,,,,CE,,"3.288,07",,,,,-,,,,,,,,"3.288,07",,,,,,,,"19.441,79",,,,,,,,,
IPAPORANGA-CE,,,,,,,,CE,,"2.557,39",,,,,-,,,,,,,,"2.557,39",,,,,,,,"15.121,38",,,,,,,,,
IPU-CE,,,,,,,,CE,,"3.775,19",,,,,-,,,,,,,,"3.775,19",,,,,,,,"22.322,06",,,,,,,,,
IPUEIRAS-CE,,,,,,,,CE,,"3.653,41",,,,,-,,,,,,,,"3.653,41",,,,,,,,"21.601,99",,,,,,,,,
IRAUCUBA-CE,,,,,,,,CE,,"3.166,29",,,,,-,,,,,,,,"3.166,29",,,,,,,,"18.721,72",,,,,,,,,
ITAPAGE-CE,,,,,,,,CE,,"3.896,97",,,,,-,,,,,,,,"3.896,97",,,,,,,,"23.042,13",,,,,,,,,
ITAPIPOCA-CE,,,,,,,,CE,,"104.678,89",,,,,"164.856,92",,,,,,,,"269.535,81",,,,,,,,"1.628.495,35",,,,,,,,,
ITAREMA-CE,,,,,,,,CE,,"82.641,23",,,,,"87.668,75",,,,,,,,"170.309,98",,,,,,,,"975.031,78",,,,,,,,,
JAGUARUANA-CE,,,,,,,,CE,,"911,99",,,,,"409,81",,,,,,,,"1.321,80",,,,,,,,"95.242,23",,,,,,,,,
JIJOCA DE JERICOACOARA-CE,,,,,,,,CE,,"2.922,73",,,,,-,,,,,,,,"2.922,73",,,,,,,,"17.281,58",,,,,,,,,
MARCO-CE,,,,,,,,CE,,"3.288,07",,,,,-,,,,,,,,"3.288,07",,,,,,,,"19.441,79",,,,,,,,,
MARTINOPOLE-CE,,,,,,,,CE,,"2.557,39",,,,,-,,,,,,,,"2.557,39",,,,,,,,"15.121,38",,,,,,,,,
MASSAPE-CE,,,,,,,,CE,,"3.531,63",,,,,-,,,,,,,,"3.531,63",,,,,,,,"20.881,92",,,,,,,,,
Superintendência de Participações Governamentais,,,,,,,,,,,,,,,,,,,,,,,,,,,,,,,,,,,,,,,,
MERUOCA-CE,,,,,,,,CE,,"2.679,17",,,,,-,,,,,,,,"2.679,17",,,,,,,,"15.841,46",,,,,,,,,
MIRAIMA-CE,,,,,,,,CE,,"2.679,17",,,,,-,,,,,,,,"2.679,17",,,,,,,,"15.841,46",,,,,,,,,
MONSENHOR TABOSA-CE,,,,,,,,CE,,"2.922,73",,,,,-,,,,,,,,"2.922,73",,,,,,,,"17.281,58",,,,,,,,,
MORAUJO-CE,,,,,,,,CE,,"2.435,61",,,,,-,,,,,,,,"2.435,61",,,,,,,,"14.401,32",,,,,,,,,
MORRINHOS-CE,,,,,,,,CE,,"3.166,29",,,,,-,,,,,,,,"3.166,29",,,,,,,,"18.721,72",,,,,,,,,
MUCAMBO-CE,,,,,,,,CE,,"2.800,95",,,,,-,,,,,,,,"2.800,95",,,,,,,,"16.561,53",,,,,,,,,
NOVA RUSSAS-CE,,,,,,,,CE,,"3.409,85",,,,,-,,,,,,,,"3.409,85",,,,,,,,"20.161,85",,,,,,,,,
NOVO ORIENTE-CE,,,,,,,,CE,,"3.288,07",,,,,-,,,,,,,,"3.288,07",,,,,,,,"19.441,79",,,,,,,,,
PACUJA-CE,,,,,,,,CE,,"2.435,61",,,,,-,,,,,,,,"2.435,61",,,,,,,,"14.401,32",,,,,,,,,
PARACURU-CE,,,,,,,,CE,,"77.131,81",,,,,"107.800,24",,,,,,,,"184.932,05",,,,,,,,"1.117.007,51",,,,,,,,,
PARAIPABA-CE,,,,,,,,CE,,"3.409,85",,,,,"4.423,38",,,,,,,,"7.833,23",,,,,,,,"44.710,41",,,,,,,,,
PARAMOTI-CE,,,,,,,,CE,,"2.557,39",,,,,-,,,,,,,,"2.557,39",,,,,,,,"15.121,38",,,,,,,,,
PENTECOSTE-CE,,,,,,,,CE,,"3.531,63",,,,,-,,,,,,,,"3.531,63",,,,,,,,"20.881,92",,,,,,,,,
PIRES FERREIRA-CE,,,,,,,,CE,,"2.557,39",,,,,-,,,,,,,,"2.557,39",,,,,,,,"15.121,38",,,,,,,,,
PORANGA-CE,,,,,,,,CE,,"2.679,17",,,,,-,,,,,,,,"2.679,17",,,,,,,,"15.841,46",,,,,,,,,
QUITERIANOPOLIS-CE,,,,,,,,CE,,"3.044,51",,,,,-,,,,,,,,"3.044,51",,,,,,,,"18.001,66",,,,,,,,,
RERIUTABA-CE,,,,,,,,CE,,"3.044,51",,,,,-,,,,,,,,"3.044,51",,,,,,,,"18.001,66",,,,,,,,,
SANTA QUITERIA-CE,,,,,,,,CE,,"3.775,19",,,,,-,,,,,,,,"3.775,19",,,,,,,,"22.322,06",,,,,,,,,
SANTANA DO ACARAU-CE,,,,,,,,CE,,"3.409,85",,,,,-,,,,,,,,"3.409,85",,,,,,,,"20.161,85",,,,,,,,,
SAO BENEDITO-CE,,,,,,,,CE,,"3.775,19",,,,,-,,,,,,,,"3.775,19",,,,,,,,"22.322,06",,,,,,,,,
SAO LUIS DO CURU-CE,,,,,,,,CE,,"2.679,17",,,,,-,,,,,,,,"2.679,17",,,,,,,,"15.841,46",,,,,,,,,
SENADOR SA-CE,,,,,,,,CE,,"2.435,61",,,,,-,,,,,,,,"2.435,61",,,,,,,,"14.401,32",,,,,,,,,
SOBRAL-CE,,,,,,,,CE,,"4.871,22",,,,,-,,,,,,,,"4.871,22",,,,,,,,"28.802,66",,,,,,,,,
TAMBORIL-CE,,,,,,,,CE,,"3.288,07",,,,,-,,,,,,,,"3.288,07",,,,,,,,"19.441,79",,,,,,,,,
TEJUCUOCA-CE,,,,,,,,CE,,"2.922,73",,,,,-,,,,,,,,"2.922,73",,,,,,,,"17.281,58",,,,,,,,,
TIANGUA-CE,,,,,,,,CE,,"4.140,54",,,,,-,,,,,,,,"4.140,54",,,,,,,,"24.482,27",,,,,,,,,
TRAIRI-CE,,,,,,,,CE,,"88.150,65",,,,,"159.803,76",,,,,,,,"247.954,41",,,,,,,,"1.444.180,79",,,,,,,,,
TURURU-CE,,,,,,,,CE,,"2.800,95",,,,,-,,,,,,,,"2.800,95",,,,,,,,"16.561,53",,,,,,,,,
UBAJARA-CE,,,,,,,,CE,,"3.409,85",,,,,-,,,,,,,,"3.409,85",,,,,,,,"20.161,85",,,,,,,,,
UMIRIM-CE,,,,,,,,CE,,"3.044,51",,,,,-,,,,,,,,"3.044,51",,,,,,,,"18.001,66",,,,,,,,,
URUBURETAMA-CE,,,,,,,,CE,,"3.044,51",,,,,-,,,,,,,,"3.044,51",,,,,,,,"18.001,66",,,,,,,,,
URUOCA-CE,,,,,,,,CE,,"2.679,17",,,,,-,,,,,,,,"2.679,17",,,,,,,,"15.841,46",,,,,,,,,
VARJOTA-CE,,,,,,,,CE,,"2.922,73",,,,,-,,,,,,,,"2.922,73",,,,,,,,"17.281,58",,,,,,,,,
VICOSA DO CEARA-CE,,,,,,,,CE,,"3.896,97",,,,,-,,,,,,,,"3.896,97",,,,,,,,"23.042,13",,,,,,,,,
CEARA  TOTAL,,,,,,,,,,"2.568.924,93",,,,,"780.543,33",,,,,,,,"3.349.468,26",,,,,,,,"20.643.932,94",,,,,,,,,
AFONSO CLAUDIO-ES,,,,,,,,ES,,"176.693,34",,,,,-,,,,,,,,"176.693,34",,,,,,,,"1.226.687,75",,,,,,,,,
AGUA DOCE DO NORTE-ES,,,,,,,,ES,,"132.520,00",,,,,-,,,,,,,,"132.520,00",,,,,,,,"920.015,79",,,,,,,,,
AGUIA BRANCA-ES,,,,,,,,ES,,"126.209,53",,,,,-,,,,,,,,"126.209,53",,,,,,,,"876.205,52",,,,,,,,,
ALEGRE-ES,,,,,,,,ES,,"176.693,34",,,,,-,,,,,,,,"176.693,34",,,,,,,,"1.226.687,75",,,,,,,,,
ALFREDO CHAVES-ES,,,,,,,,ES,,"138.830,48",,,,,-,,,,,,,,"138.830,48",,,,,,,,"963.826,07",,,,,,,,,
ALTO RIO NOVO-ES,,,,,,,,ES,,"126.209,53",,,,,-,,,,,,,,"126.209,53",,,,,,,,"876.205,52",,,,,,,,,
ANCHIETA-ES,,,,,,,,ES,,"1.341.517,75",,,,,"257.034,93",,,,,,,,"1.598.552,68",,,,,,,,"19.903.799,94",,,,,,,,,
APIACA-ES,,,,,,,,ES,,"126.209,53",,,,,-,,,,,,,,"126.209,53",,,,,,,,"876.205,52",,,,,,,,,
ARACRUZ-ES,,,,,,,,ES,,"1.706.635,19",,,,,"1.590.538,64",,,,,,,,"3.297.173,83",,,,,,,,"17.432.858,13",,,,,,,,,
ATILIO VIVACQUA-ES,,,,,,,,ES,,"126.209,53",,,,,-,,,,,,,,"126.209,53",,,,,,,,"876.205,52",,,,,,,,,
BAIXO GUANDU-ES,,,,,,,,ES,,"176.693,34",,,,,-,,,,,,,,"176.693,34",,,,,,,,"1.226.687,75",,,,,,,,,
BARRA DE SAO FRANCISCO-ES,,,,,,,,ES,,"195.624,77",,,,,-,,,,,,,,"195.624,77",,,,,,,,"1.358.118,58",,,,,,,,,
BOA ESPERANCA-ES,,,,,,,,ES,,"145.140,95",,,,,-,,,,,,,,"145.140,95",,,,,,,,"1.007.636,34",,,,,,,,,
BOM JESUS DO NORTE-ES,,,,,,,,ES,,"126.209,53",,,,,-,,,,,,,,"126.209,53",,,,,,,,"876.205,52",,,,,,,,,
BREJETUBA-ES,,,,,,,,ES,,"132.520,00",,,,,-,,,,,,,,"132.520,00",,,,,,,,"920.015,79",,,,,,,,,
CACHOEIRO DE ITAPEMIRIM-ES,,,,,,,,ES,,"252.419,06",,,,,-,,,,,,,,"252.419,06",,,,,,,,"1.752.411,09",,,,,,,,,
CARIACICA-ES,,,,,,,,ES,,"252.419,06",,,,,-,,,,,,,,"252.419,06",,,,,,,,"1.752.411,09",,,,,,,,,
CASTELO-ES,,,,,,,,ES,,"183.003,81",,,,,-,,,,,,,,"183.003,81",,,,,,,,"1.270.498,02",,,,,,,,,
COLATINA-ES,,,,,,,,ES,,"233.487,63",,,,,-,,,,,,,,"233.487,63",,,,,,,,"1.620.980,25",,,,,,,,,
CONCEICAO DA BARRA-ES,,,,,,,,ES,,"251.219,34",,,,,"28.763,85",,,,,,,,"279.983,19",,,,,,,,"2.069.108,19",,,,,,,,,
CONCEICAO DO CASTELO-ES,,,,,,,,ES,,"132.520,00",,,,,-,,,,,,,,"132.520,00",,,,,,,,"920.015,79",,,,,,,,,
DIVINO DE SAO LOURENCO-ES,,,,,,,,ES,,"126.209,53",,,,,-,,,,,,,,"126.209,53",,,,,,,,"876.205,52",,,,,,,,,
Superintendência de Participações Governamentais,,,,,,,,,,,,,,,,,,,,,,,,,,,,,,,,,,,,,,,,
DOMINGOS MARTINS-ES,,,,,,,,ES,,"176.693,34",,,,,-,,,,,,,,"176.693,34",,,,,,,,"1.226.687,75",,,,,,,,,
DORES DO RIO PRETO-ES,,,,,,,,ES,,"126.209,53",,,,,-,,,,,,,,"126.209,53",,,,,,,,"876.205,52",,,,,,,,,
ECOPORANGA-ES,,,,,,,,ES,,"164.072,38",,,,,-,,,,,,,,"164.072,38",,,,,,,,"1.139.067,17",,,,,,,,,
FUNDAO-ES,,,,,,,,ES,,"712.306,29",,,,,"157.346,35",,,,,,,,"869.652,64",,,,,,,,"5.858.772,21",,,,,,,,,
GOVERNADOR LINDENBERG-ES,,,,,,,,ES,,"132.520,00",,,,,-,,,,,,,,"132.520,00",,,,,,,,"920.015,79",,,,,,,,,
GUACUI-ES,,,,,,,,ES,,"170.382,87",,,,,-,,,,,,,,"170.382,87",,,,,,,,"1.182.877,46",,,,,,,,,
GUARAPARI-ES,,,,,,,,ES,,"233.487,63",,,,,-,,,,,,,,"233.487,63",,,,,,,,"1.620.980,25",,,,,,,,,
IBATIBA-ES,,,,,,,,ES,,"164.072,38",,,,,-,,,,,,,,"164.072,38",,,,,,,,"1.139.067,17",,,,,,,,,
IBIRACU-ES,,,,,,,,ES,,"132.520,00",,,,,-,,,,,,,,"132.520,00",,,,,,,,"920.015,79",,,,,,,,,
IBITIRAMA-ES,,,,,,,,ES,,"126.209,53",,,,,-,,,,,,,,"126.209,53",,,,,,,,"876.205,52",,,,,,,,,
ICONHA-ES,,,,,,,,ES,,"138.830,48",,,,,-,,,,,,,,"138.830,48",,,,,,,,"963.826,07",,,,,,,,,
IRUPI-ES,,,,,,,,ES,,"132.520,00",,,,,-,,,,,,,,"132.520,00",,,,,,,,"920.015,79",,,,,,,,,
ITAGUACU-ES,,,,,,,,ES,,"145.140,95",,,,,-,,,,,,,,"145.140,95",,,,,,,,"1.007.636,34",,,,,,,,,
ITAPEMIRIM-ES,,,,,,,,ES,,"1.469.199,76",,,,,"6.298.458,52",,,,,,,,"7.767.658,28",,,,,,,,"48.529.133,08",,,,,,,,,
ITARANA-ES,,,,,,,,ES,,"132.520,00",,,,,-,,,,,,,,"132.520,00",,,,,,,,"920.015,79",,,,,,,,,
IUNA-ES,,,,,,,,ES,,"170.382,87",,,,,-,,,,,,,,"170.382,87",,,,,,,,"1.182.877,46",,,,,,,,,
JAGUARE-ES,,,,,,,,ES,,"605.594,74",,,,,"208.654,88",,,,,,,,"814.249,62",,,,,,,,"5.363.535,06",,,,,,,,,
JERONIMO MONTEIRO-ES,,,,,,,,ES,,"132.520,00",,,,,-,,,,,,,,"132.520,00",,,,,,,,"920.015,79",,,,,,,,,
JOAO NEIVA-ES,,,,,,,,ES,,"145.140,95",,,,,-,,,,,,,,"145.140,95",,,,,,,,"1.007.636,34",,,,,,,,,
LARANJA DA TERRA-ES,,,,,,,,ES,,"132.520,00",,,,,-,,,,,,,,"132.520,00",,,,,,,,"920.015,79",,,,,,,,,
LINHARES-ES,,,,,,,,ES,,"6.083.699,19",,,,,"1.527.443,26",,,,,,,,"7.611.142,45",,,,,,,,"57.039.104,85",,,,,,,,,
MANTENOPOLIS-ES,,,,,,,,ES,,"138.830,48",,,,,-,,,,,,,,"138.830,48",,,,,,,,"963.826,07",,,,,,,,,
MARATAIZES-ES,,,,,,,,ES,,"863.672,33",,,,,"4.624.030,25",,,,,,,,"5.487.702,58",,,,,,,,"35.434.232,58",,,,,,,,,
MARECHAL FLORIANO-ES,,,,,,,,ES,,"145.140,95",,,,,-,,,,,,,,"145.140,95",,,,,,,,"1.007.636,34",,,,,,,,,
MARILANDIA-ES,,,,,,,,ES,,"132.520,00",,,,,-,,,,,,,,"132.520,00",,,,,,,,"920.015,79",,,,,,,,,
MIMOSO DO SUL-ES,,,,,,,,ES,,"170.382,87",,,,,-,,,,,,,,"170.382,87",,,,,,,,"1.182.877,46",,,,,,,,,
MONTANHA-ES,,,,,,,,ES,,"151.451,43",,,,,-,,,,,,,,"151.451,43",,,,,,,,"1.051.446,63",,,,,,,,,
MUCURICI-ES,,,,,,,,ES,,"126.209,53",,,,,-,,,,,,,,"126.209,53",,,,,,,,"876.205,52",,,,,,,,,
MUNIZ FREIRE-ES,,,,,,,,ES,,"157.761,90",,,,,-,,,,,,,,"157.761,90",,,,,,,,"1.095.256,89",,,,,,,,,
MUQUI-ES,,,,,,,,ES,,"145.140,95",,,,,-,,,,,,,,"145.140,95",,,,,,,,"1.007.636,34",,,,,,,,,
NOVA VENECIA-ES,,,,,,,,ES,,"195.624,77",,,,,-,,,,,,,,"195.624,77",,,,,,,,"1.358.118,58",,,,,,,,,
PANCAS-ES,,,,,,,,ES,,"164.072,38",,,,,-,,,,,,,,"164.072,38",,,,,,,,"1.139.067,17",,,,,,,,,
PEDRO CANARIO-ES,,,,,,,,ES,,"164.072,38",,,,,-,,,,,,,,"164.072,38",,,,,,,,"1.139.067,17",,,,,,,,,
PINHEIROS-ES,,,,,,,,ES,,"164.072,38",,,,,-,,,,,,,,"164.072,38",,,,,,,,"1.139.067,17",,,,,,,,,
PIUMA-ES,,,,,,,,ES,,"741.985,73",,,,,"146.215,19",,,,,,,,"888.200,92",,,,,,,,"6.592.714,64",,,,,,,,,
PONTO BELO-ES,,,,,,,,ES,,"126.209,53",,,,,-,,,,,,,,"126.209,53",,,,,,,,"876.205,52",,,,,,,,,
PRESIDENTE KENNEDY-ES,,,,,,,,ES,,"623.268,00",,,,,"7.807.275,10",,,,,,,,"8.430.543,10",,,,,,,,"60.401.316,95",,,,,,,,,
RIO BANANAL-ES,,,,,,,,ES,,"151.451,43",,,,,-,,,,,,,,"151.451,43",,,,,,,,"1.051.446,63",,,,,,,,,
RIO NOVO DO SUL-ES,,,,,,,,ES,,"132.520,00",,,,,-,,,,,,,,"132.520,00",,,,,,,,"920.015,79",,,,,,,,,
SANTA LEOPOLDINA-ES,,,,,,,,ES,,"138.830,48",,,,,-,,,,,,,,"138.830,48",,,,,,,,"963.826,07",,,,,,,,,
SANTA MARIA DE JETIBA-ES,,,,,,,,ES,,"183.003,81",,,,,-,,,,,,,,"183.003,81",,,,,,,,"1.270.498,02",,,,,,,,,
SANTA TERESA-ES,,,,,,,,ES,,"164.072,38",,,,,-,,,,,,,,"164.072,38",,,,,,,,"1.139.067,17",,,,,,,,,
SAO DOMINGOS DO NORTE-ES,,,,,,,,ES,,"126.209,53",,,,,-,,,,,,,,"126.209,53",,,,,,,,"876.205,52",,,,,,,,,
SAO GABRIEL DA PALHA-ES,,,,,,,,ES,,"176.693,34",,,,,-,,,,,,,,"176.693,34",,,,,,,,"1.226.687,75",,,,,,,,,
SAO JOSE DO CALCADO-ES,,,,,,,,ES,,"132.520,00",,,,,-,,,,,,,,"132.520,00",,,,,,,,"920.015,79",,,,,,,,,
SAO MATEUS-ES,,,,,,,,ES,,"1.942.596,19",,,,,"204.050,62",,,,,,,,"2.146.646,81",,,,,,,,"20.118.369,61",,,,,,,,,
SAO ROQUE DO CANAA-ES,,,,,,,,ES,,"132.520,00",,,,,-,,,,,,,,"132.520,00",,,,,,,,"920.015,79",,,,,,,,,
SERRA-ES,,,,,,,,ES,,"1.825.352,91",,,,,"454.149,99",,,,,,,,"2.279.502,90",,,,,,,,"11.476.944,68",,,,,,,,,
SOORETAMA-ES,,,,,,,,ES,,"164.072,38",,,,,-,,,,,,,,"164.072,38",,,,,,,,"1.139.067,17",,,,,,,,,
VARGEM ALTA-ES,,,,,,,,ES,,"157.761,90",,,,,-,,,,,,,,"157.761,90",,,,,,,,"1.095.256,89",,,,,,,,,
VENDA NOVA DO IMIGRANTE-ES,,,,,,,,ES,,"164.072,38",,,,,-,,,,,,,,"164.072,38",,,,,,,,"1.139.067,17",,,,,,,,,
VIANA-ES,,,,,,,,ES,,"852.731,95",,,,,"12.571,76",,,,,,,,"865.303,71",,,,,,,,"2.140.296,90",,,,,,,,,
VILA PAVAO-ES,,,,,,,,ES,,"126.209,53",,,,,-,,,,,,,,"126.209,53",,,,,,,,"876.205,52",,,,,,,,,
VILA VALERIO-ES,,,,,,,,ES,,"138.830,48",,,,,-,,,,,,,,"138.830,48",,,,,,,,"963.826,07",,,,,,,,,
VILA VELHA-ES,,,,,,,,ES,,"1.187.177,16",,,,,-,,,,,,,,"1.187.177,16",,,,,,,,"8.245.206,66",,,,,,,,,
VITORIA-ES,,,,,,,,ES,,"1.825.352,91",,,,,"119.290,98",,,,,,,,"1.944.643,89",,,,,,,,"9.148.023,87",,,,,,,,,
ESPIRITO SANTO  TOTAL,,,,,,,,,,"31.744.132,50",,,,,"23.435.824,32",,,,,,,,"55.179.956,82",,,,,,,,"377.177.432,32",,,,,,,,,
Superintendência de Participações Governamentais,,,,,,,,,,,,,,,,,,,,,,,,,,,,,,,,,,,,,,,,
SANTO ANTONIO DOS LOPES-MA,,,,,,,,MA,,"458.458,47",,,,,"565.219,51",,,,,,,,"1.023.677,98",,,,,,,,"2.357.299,14",,,,,,,,,
MARANHAO TOTAL,,,,,,,,,,"458.458,47",,,,,"565.219,51",,,,,,,,"1.023.677,98",,,,,,,,"2.357.299,14",,,,,,,,,
BARBACENA-MG,,,,,,,,MG,,"570.936,37",,,,,"17,37",,,,,,,,"570.953,74",,,,,,,,"570.953,74",,,,,,,,,
BETIM-MG,,,,,,,,MG,,"570.937,75",,,,,"5.370,75",,,,,,,,"576.308,50",,,,,,,,"953.604,53",,,,,,,,,
BRUMADINHO-MG,,,,,,,,MG,,"570.936,37",,,,,"526,90",,,,,,,,"571.463,27",,,,,,,,"571.463,27",,,,,,,,,
JUIZ DE FORA-MG,,,,,,,,MG,,"523.555,78",,,,,"1.536,18",,,,,,,,"525.091,96",,,,,,,,"525.091,96",,,,,,,,,
SAO BRAS DO SUACUI-MG,,,,,,,,MG,,"570.936,37",,,,,"3.671,52",,,,,,,,"574.607,89",,,,,,,,"574.607,89",,,,,,,,,
MINAS GERAIS  TOTAL,,,,,,,,,,"2.807.302,64",,,,,"11.122,72",,,,,,,,"2.818.425,36",,,,,,,,"3.195.721,39",,,,,,,,,
AFUA-PA,,,,,,,,PA,,-,,,,,"7.355,34",,,,,,,,"7.355,34",,,,,,,,"57.381,29",,,,,,,,,
ALENQUER-PA,,,,,,,,PA,,-,,,,,"7.355,34",,,,,,,,"7.355,34",,,,,,,,"57.381,29",,,,,,,,,
ALMEIRIM-PA,,,,,,,,PA,,-,,,,,"7.355,34",,,,,,,,"7.355,34",,,,,,,,"57.381,29",,,,,,,,,
ANAJAS-PA,,,,,,,,PA,,-,,,,,"7.355,34",,,,,,,,"7.355,34",,,,,,,,"57.381,29",,,,,,,,,
BREVES-PA,,,,,,,,PA,,-,,,,,"7.355,34",,,,,,,,"7.355,34",,,,,,,,"57.381,29",,,,,,,,,
CHAVES-PA,,,,,,,,PA,,-,,,,,"7.355,34",,,,,,,,"7.355,34",,,,,,,,"57.381,29",,,,,,,,,
CURUA-PA,,,,,,,,PA,,-,,,,,"7.355,34",,,,,,,,"7.355,34",,,,,,,,"57.381,29",,,,,,,,,
FARO-PA,,,,,,,,PA,,-,,,,,"7.355,34",,,,,,,,"7.355,34",,,,,,,,"57.381,29",,,,,,,,,
GURUPA-PA,,,,,,,,PA,,-,,,,,"7.355,34",,,,,,,,"7.355,34",,,,,,,,"57.381,29",,,,,,,,,
JURUTI-PA,,,,,,,,PA,,-,,,,,"7.355,34",,,,,,,,"7.355,34",,,,,,,,"57.381,29",,,,,,,,,
MELGACO-PA,,,,,,,,PA,,-,,,,,"7.355,34",,,,,,,,"7.355,34",,,,,,,,"57.381,29",,,,,,,,,
MONTE ALEGRE-PA,,,,,,,,PA,,-,,,,,"7.355,34",,,,,,,,"7.355,34",,,,,,,,"57.381,29",,,,,,,,,
OBIDOS-PA,,,,,,,,PA,,-,,,,,"7.355,34",,,,,,,,"7.355,34",,,,,,,,"57.381,29",,,,,,,,,
PORTO DE MOZ-PA,,,,,,,,PA,,-,,,,,"7.355,34",,,,,,,,"7.355,34",,,,,,,,"57.381,29",,,,,,,,,
PRAINHA-PA,,,,,,,,PA,,-,,,,,"7.355,34",,,,,,,,"7.355,34",,,,,,,,"57.381,29",,,,,,,,,
SANTAREM-PA,,,,,,,,PA,,-,,,,,"7.355,34",,,,,,,,"7.355,34",,,,,,,,"57.381,29",,,,,,,,,
TERRA SANTA-PA,,,,,,,,PA,,-,,,,,"7.355,34",,,,,,,,"7.355,34",,,,,,,,"57.381,29",,,,,,,,,
PARA  TOTAL,,,,,,,,,,-,,,,,"125.040,78",,,,,,,,"125.040,78",,,,,,,,"975.481,93",,,,,,,,,
ALHANDRA-PB,,,,,,,,PB,,"638.456,68",,,,,-,,,,,,,,"638.456,68",,,,,,,,"6.616.172,57",,,,,,,,,
MAMANGUAPE-PB,,,,,,,,PB,,"638.175,75",,,,,"443,97",,,,,,,,"638.619,72",,,,,,,,"638.619,72",,,,,,,,,
PEDRAS DE FOGO-PB,,,,,,,,PB,,"572.468,90",,,,,"9.087,90",,,,,,,,"581.556,80",,,,,,,,"581.556,80",,,,,,,,,
SANTA RITA-PB,,,,,,,,PB,,"624.310,70",,,,,"13.801,34",,,,,,,,"638.112,04",,,,,,,,"638.112,04",,,,,,,,,
PARAIBA  TOTAL,,,,,,,,,,"2.473.412,03",,,,,"23.333,21",,,,,,,,"2.496.745,24",,,,,,,,"8.474.461,13",,,,,,,,,
ABREU E LIMA-PE,,,,,,,,PE,,"638.175,75",,,,,"6.424,79",,,,,,,,"644.600,54",,,,,,,,"644.600,54",,,,,,,,,
CABO DE SANTO AGOSTINHO-PE,,,,,,,,PE,,"637.557,83",,,,,"42.168,78",,,,,,,,"679.726,61",,,,,,,,"6.731.254,21",,,,,,,,,
GOIANA-PE,,,,,,,,PE,,"638.173,78",,,,,"2.457,95",,,,,,,,"640.631,73",,,,,,,,"640.962,61",,,,,,,,,
IGARASSU-PE,,,,,,,,PE,,"638.175,75",,,,,"6.476,68",,,,,,,,"644.652,43",,,,,,,,"644.652,43",,,,,,,,,
IPOJUCA-PE,,,,,,,,PE,,"638.175,75",,,,,"31.515,09",,,,,,,,"669.690,84",,,,,,,,"669.690,84",,,,,,,,,
ITAQUITINGA-PE,,,,,,,,PE,,"637.557,83",,,,,-,,,,,,,,"637.557,83",,,,,,,,"6.689.085,43",,,,,,,,,
JABOATAO DOS GUARARAPES-PE,,,,,,,,PE,,"638.175,75",,,,,"10.353,21",,,,,,,,"648.528,96",,,,,,,,"648.528,96",,,,,,,,,
PAULISTA-PE,,,,,,,,PE,,"570.317,07",,,,,-,,,,,,,,"570.317,07",,,,,,,,"6.244.544,57",,,,,,,,,
SAO LOURENCO DA MATA-PE,,,,,,,,PE,,"536.856,34",,,,,"13.204,74",,,,,,,,"550.061,08",,,,,,,,"550.061,08",,,,,,,,,
PERNAMBUCO  TOTAL,,,,,,,,,,"5.573.165,85",,,,,"112.601,24",,,,,,,,"5.685.767,09",,,,,,,,"23.463.380,66",,,,,,,,,
SAO MATEUS DO SUL-PR,,,,,,,,PR,,"177.245,15",,,,,-,,,,,,,,"177.245,15",,,,,,,,"897.828,84",,,,,,,,,
PARANA  TOTAL,,,,,,,,,,"177.245,15",,,,,-,,,,,,,,"177.245,15",,,,,,,,"897.828,84",,,,,,,,,
ANGRA DOS REIS-RJ,,,,,,,,RJ,,"4.100.713,92",,,,,"765.469,63",,,,,,,,"4.866.183,55",,,,,,,,"41.687.574,35",,,,,,,,,
APERIBE-RJ,,,,,,,,RJ,,"388.417,49",,,,,-,,,,,,,,"388.417,49",,,,,,,,"2.713.006,26",,,,,,,,,
ARARUAMA-RJ,,,,,,,,RJ,,"702.850,70",,,,,-,,,,,,,,"702.850,70",,,,,,,,"4.909.249,45",,,,,,,,,
ARMACAO DOS BUZIOS-RJ,,,,,,,,RJ,,"2.383.331,39",,,,,"1.645.549,39",,,,,,,,"4.028.880,78",,,,,,,,"29.832.011,07",,,,,,,,,
ARRAIAL DO CABO-RJ,,,,,,,,RJ,,"2.383.331,39",,,,,"192.742,55",,,,,,,,"2.576.073,94",,,,,,,,"21.940.387,71",,,,,,,,,
BARRA DO PIRAI-RJ,,,,,,,,RJ,,"665.858,56",,,,,-,,,,,,,,"665.858,56",,,,,,,,"4.650.867,91",,,,,,,,,
BARRA MANSA-RJ,,,,,,,,RJ,,"1.310.779,21",,,,,"12.768,32",,,,,,,,"1.323.547,53",,,,,,,,"5.751.335,68",,,,,,,,,
BELFORD ROXO-RJ,,,,,,,,RJ,,"739.842,84",,,,,-,,,,,,,,"739.842,84",,,,,,,,"5.167.630,99",,,,,,,,,
BOM JARDIM-RJ,,,,,,,,RJ,,"499.393,91",,,,,-,,,,,,,,"499.393,91",,,,,,,,"3.488.150,90",,,,,,,,,
BOM JESUS DO ITABAPOANA-RJ,,,,,,,,RJ,,"536.386,06",,,,,-,,,,,,,,"536.386,06",,,,,,,,"3.746.532,46",,,,,,,,,
CABO FRIO-RJ,,,,,,,,RJ,,"3.530.861,32",,,,,"8.802.323,73",,,,,,,,"12.333.185,05",,,,,,,,"89.872.749,33",,,,,,,,,
CACHOEIRAS DE MACACU-RJ,,,,,,,,RJ,,"2.797.282,17",,,,,-,,,,,,,,"2.797.282,17",,,,,,,,"19.538.368,41",,,,,,,,,
CAMBUCI-RJ,,,,,,,,RJ,,"425.409,63",,,,,-,,,,,,,,"425.409,63",,,,,,,,"2.971.387,79",,,,,,,,,
CAMPOS DOS GOYTACAZES-RJ,,,,,,,,RJ,,"3.530.861,32",,,,,"41.709.153,66",,,,,,,,"45.240.014,98",,,,,,,,"309.868.145,03",,,,,,,,,
Superintendência de Participações Governamentais,,,,,,,,,,,,,,,,,,,,,,,,,,,,,,,,,,,,,,,,
CANTAGALO-RJ,,,,,,,,RJ,,"462.401,77",,,,,-,,,,,,,,"462.401,77",,,,,,,,"3.229.769,33",,,,,,,,,
CARAPEBUS-RJ,,,,,,,,RJ,,"1.941.973,72",,,,,"550.943,18",,,,,,,,"2.492.916,90",,,,,,,,"17.418.370,05",,,,,,,,,
CARDOSO MOREIRA-RJ,,,,,,,,RJ,,"406.913,56",,,,,-,,,,,,,,"406.913,56",,,,,,,,"2.842.197,02",,,,,,,,,
CARMO-RJ,,,,,,,,RJ,,"443.905,70",,,,,-,,,,,,,,"443.905,70",,,,,,,,"3.100.578,58",,,,,,,,,
CASIMIRO DE ABREU-RJ,,,,,,,,RJ,,"2.559.874,46",,,,,"2.654.762,79",,,,,,,,"5.214.637,25",,,,,,,,"36.787.370,68",,,,,,,,,
CONCEICAO DE MACABU-RJ,,,,,,,,RJ,,"480.897,84",,,,,-,,,,,,,,"480.897,84",,,,,,,,"3.358.960,12",,,,,,,,,
CORDEIRO-RJ,,,,,,,,RJ,,"480.897,84",,,,,-,,,,,,,,"480.897,84",,,,,,,,"3.358.960,12",,,,,,,,,
DUAS BARRAS-RJ,,,,,,,,RJ,,"388.417,49",,,,,-,,,,,,,,"388.417,49",,,,,,,,"2.713.006,26",,,,,,,,,
DUQUE DE CAXIAS-RJ,,,,,,,,RJ,,"4.101.797,69",,,,,"283.489,87",,,,,,,,"4.385.287,56",,,,,,,,"26.863.932,71",,,,,,,,,
ENGENHEIRO PAULO DE FRONTIN-RJ,,,,,,,,RJ,,"406.913,56",,,,,-,,,,,,,,"406.913,56",,,,,,,,"2.842.197,02",,,,,,,,,
GUAPIMIRIM-RJ,,,,,,,,RJ,,"3.657.592,55",,,,,"272.589,38",,,,,,,,"3.930.181,93",,,,,,,,"23.750.362,16",,,,,,,,,
IGUABA GRANDE-RJ,,,,,,,,RJ,,"480.897,84",,,,,-,,,,,,,,"480.897,84",,,,,,,,"3.358.960,12",,,,,,,,,
ITABORAI-RJ,,,,,,,,RJ,,"739.842,84",,,,,"241.825,76",,,,,,,,"981.668,60",,,,,,,,"6.756.714,24",,,,,,,,,
ITAGUAI-RJ,,,,,,,,RJ,,"3.266.046,72",,,,,"994,58",,,,,,,,"3.267.041,30",,,,,,,,"22.819.096,51",,,,,,,,,
ITALVA-RJ,,,,,,,,RJ,,"425.409,63",,,,,-,,,,,,,,"425.409,63",,,,,,,,"2.971.387,79",,,,,,,,,
ITAOCARA-RJ,,,,,,,,RJ,,"480.897,84",,,,,-,,,,,,,,"480.897,84",,,,,,,,"3.358.960,12",,,,,,,,,
ITAPERUNA-RJ,,,,,,,,RJ,,"665.858,56",,,,,-,,,,,,,,"665.858,56",,,,,,,,"4.650.867,91",,,,,,,,,
ITATIAIA-RJ,,,,,,,,RJ,,"517.889,99",,,,,-,,,,,,,,"517.889,99",,,,,,,,"3.617.341,67",,,,,,,,,
JAPERI-RJ,,,,,,,,RJ,,"1.236.794,93",,,,,"234.631,54",,,,,,,,"1.471.426,47",,,,,,,,"5.456.435,82",,,,,,,,,
LAJE DO MURIAE-RJ,,,,,,,,RJ,,"369.921,41",,,,,-,,,,,,,,"369.921,41",,,,,,,,"2.583.815,44",,,,,,,,,
MACAE-RJ,,,,,,,,RJ,,"24.491.438,11",,,,,"8.186.280,22",,,,,,,,"32.677.718,33",,,,,,,,"228.531.372,42",,,,,,,,,
MACUCO-RJ,,,,,,,,RJ,,"369.921,41",,,,,-,,,,,,,,"369.921,41",,,,,,,,"2.583.815,44",,,,,,,,,
MAGE-RJ,,,,,,,,RJ,,"3.568.946,22",,,,,"241.825,76",,,,,,,,"3.810.771,98",,,,,,,,"26.517.346,39",,,,,,,,,
MANGARATIBA-RJ,,,,,,,,RJ,,"554.882,13",,,,,"574.102,23",,,,,,,,"1.128.984,36",,,,,,,,"9.602.376,42",,,,,,,,,
MARICA-RJ,,,,,,,,RJ,,"3.354.318,26",,,,,"3.955.193,45",,,,,,,,"7.309.511,71",,,,,,,,"48.235.354,92",,,,,,,,,
MENDES-RJ,,,,,,,,RJ,,"443.905,70",,,,,-,,,,,,,,"443.905,70",,,,,,,,"3.100.578,58",,,,,,,,,
MESQUITA-RJ,,,,,,,,RJ,,"739.842,84",,,,,-,,,,,,,,"739.842,84",,,,,,,,"5.167.630,99",,,,,,,,,
MIGUEL PEREIRA-RJ,,,,,,,,RJ,,"499.393,91",,,,,-,,,,,,,,"499.393,91",,,,,,,,"3.488.150,90",,,,,,,,,
MIRACEMA-RJ,,,,,,,,RJ,,"499.393,91",,,,,-,,,,,,,,"499.393,91",,,,,,,,"3.488.150,90",,,,,,,,,
NATIVIDADE-RJ,,,,,,,,RJ,,"425.409,63",,,,,-,,,,,,,,"425.409,63",,,,,,,,"2.971.387,79",,,,,,,,,
NILOPOLIS-RJ,,,,,,,,RJ,,"739.842,84",,,,,-,,,,,,,,"739.842,84",,,,,,,,"5.167.630,99",,,,,,,,,
NITEROI-RJ,,,,,,,,RJ,,"3.530.861,32",,,,,"3.114.911,06",,,,,,,,"6.645.772,38",,,,,,,,"44.495.628,19",,,,,,,,,
NOVA FRIBURGO-RJ,,,,,,,,RJ,,"739.842,84",,,,,-,,,,,,,,"739.842,84",,,,,,,,"5.167.630,99",,,,,,,,,
NOVA IGUACU-RJ,,,,,,,,RJ,,"739.842,84",,,,,-,,,,,,,,"739.842,84",,,,,,,,"5.167.630,99",,,,,,,,,
PARACAMBI-RJ,,,,,,,,RJ,,"1.144.314,57",,,,,"771,06",,,,,,,,"1.145.085,63",,,,,,,,"4.576.621,43",,,,,,,,,
PARATI-RJ,,,,,,,,RJ,,"2.648.145,98",,,,,"1.277.648,09",,,,,,,,"3.925.794,07",,,,,,,,"34.974.049,20",,,,,,,,,
PATY DO ALFERES-RJ,,,,,,,,RJ,,"499.393,91",,,,,-,,,,,,,,"499.393,91",,,,,,,,"3.488.150,90",,,,,,,,,
PETROPOLIS-RJ,,,,,,,,RJ,,"739.842,84",,,,,-,,,,,,,,"739.842,84",,,,,,,,"5.167.630,99",,,,,,,,,
PINHEIRAL-RJ,,,,,,,,RJ,,"480.897,84",,,,,-,,,,,,,,"480.897,84",,,,,,,,"3.358.960,12",,,,,,,,,
PIRAI-RJ,,,,,,,,RJ,,"1.070.330,28",,,,,"3.983,18",,,,,,,,"1.074.313,46",,,,,,,,"4.063.070,45",,,,,,,,,
PORCIUNCULA-RJ,,,,,,,,RJ,,"443.905,70",,,,,-,,,,,,,,"443.905,70",,,,,,,,"3.100.578,58",,,,,,,,,
PORTO REAL-RJ,,,,,,,,RJ,,"443.905,70",,,,,-,,,,,,,,"443.905,70",,,,,,,,"3.100.578,58",,,,,,,,,
QUATIS-RJ,,,,,,,,RJ,,"406.913,56",,,,,-,,,,,,,,"406.913,56",,,,,,,,"2.842.197,02",,,,,,,,,
QUEIMADOS-RJ,,,,,,,,RJ,,"721.346,77",,,,,-,,,,,,,,"721.346,77",,,,,,,,"5.038.440,21",,,,,,,,,
QUISSAMA-RJ,,,,,,,,RJ,,"2.295.059,86",,,,,"3.739.839,02",,,,,,,,"6.034.898,88",,,,,,,,"43.384.919,46",,,,,,,,,
RESENDE-RJ,,,,,,,,RJ,,"1.273.787,07",,,,,"843,14",,,,,,,,"1.274.630,21",,,,,,,,"5.481.028,96",,,,,,,,,
RIO BONITO-RJ,,,,,,,,RJ,,"591.874,27",,,,,-,,,,,,,,"591.874,27",,,,,,,,"4.134.104,77",,,,,,,,,
RIO CLARO-RJ,,,,,,,,RJ,,"443.905,70",,,,,-,,,,,,,,"443.905,70",,,,,,,,"3.100.578,58",,,,,,,,,
RIO DAS FLORES-RJ,,,,,,,,RJ,,"940.857,78",,,,,"1.939,96",,,,,,,,"942.797,74",,,,,,,,"3.156.691,77",,,,,,,,,
RIO DAS OSTRAS-RJ,,,,,,,,RJ,,"3.266.046,72",,,,,"9.990.474,42",,,,,,,,"13.256.521,14",,,,,,,,"90.372.830,17",,,,,,,,,
RIO DE JANEIRO-RJ,,,,,,,,RJ,,"4.167.955,14",,,,,"1.514.033,25",,,,,,,,"5.681.988,39",,,,,,,,"44.418.868,92",,,,,,,,,
SANTA MARIA MADALENA-RJ,,,,,,,,RJ,,"388.417,49",,,,,-,,,,,,,,"388.417,49",,,,,,,,"2.713.006,26",,,,,,,,,
SANTO ANTONIO DE PADUA-RJ,,,,,,,,RJ,,"573.378,20",,,,,-,,,,,,,,"573.378,20",,,,,,,,"4.004.914,00",,,,,,,,,
SAO FIDELIS-RJ,,,,,,,,RJ,,"554.882,13",,,,,-,,,,,,,,"554.882,13",,,,,,,,"3.875.723,22",,,,,,,,,
SAO FRANCISCO DE ITABAPOANA-RJ,,,,,,,,RJ,,"573.378,20",,,,,-,,,,,,,,"573.378,20",,,,,,,,"4.004.914,00",,,,,,,,,
SAO GONCALO-RJ,,,,,,,,RJ,,"739.842,84",,,,,"241.825,76",,,,,,,,"981.668,60",,,,,,,,"6.756.714,24",,,,,,,,,
SAO JOAO DA BARRA-RJ,,,,,,,,RJ,,"2.559.874,46",,,,,"4.659.036,82",,,,,,,,"7.218.911,28",,,,,,,,"48.625.852,39",,,,,,,,,
Superintendência de Participações Governamentais,,,,,,,,,,,,,,,,,,,,,,,,,,,,,,,,,,,,,,,,
SAO JOAO DE MERITI-RJ,,,,,,,,RJ,,"739.842,84",,,,,-,,,,,,,,"739.842,84",,,,,,,,"5.167.630,99",,,,,,,,,
SAO JOSE DE UBA-RJ,,,,,,,,RJ,,"369.921,41",,,,,-,,,,,,,,"369.921,41",,,,,,,,"2.583.815,44",,,,,,,,,
SAO JOSE DO VALE DO RIO PRETO-RJ,,,,,,,,RJ,,"480.897,84",,,,,-,,,,,,,,"480.897,84",,,,,,,,"3.358.960,12",,,,,,,,,
SAO PEDRO DA ALDEIA-RJ,,,,,,,,RJ,,"665.858,56",,,,,-,,,,,,,,"665.858,56",,,,,,,,"4.650.867,91",,,,,,,,,
SAO SEBASTIAO DO ALTO-RJ,,,,,,,,RJ,,"369.921,41",,,,,-,,,,,,,,"369.921,41",,,,,,,,"2.583.815,44",,,,,,,,,
SAQUAREMA-RJ,,,,,,,,RJ,,"647.362,48",,,,,-,,,,,,,,"647.362,48",,,,,,,,"4.521.677,11",,,,,,,,,
SEROPEDICA-RJ,,,,,,,,RJ,,"647.362,48",,,,,-,,,,,,,,"647.362,48",,,,,,,,"4.521.677,11",,,,,,,,,
SILVA JARDIM-RJ,,,,,,,,RJ,,"2.507.908,15",,,,,-,,,,,,,,"2.507.908,15",,,,,,,,"17.517.157,87",,,,,,,,,
SUMIDOURO-RJ,,,,,,,,RJ,,"425.409,63",,,,,-,,,,,,,,"425.409,63",,,,,,,,"2.971.387,79",,,,,,,,,
TANGUA-RJ,,,,,,,,RJ,,"517.889,99",,,,,-,,,,,,,,"517.889,99",,,,,,,,"3.617.341,67",,,,,,,,,
TERESOPOLIS-RJ,,,,,,,,RJ,,"739.842,84",,,,,-,,,,,,,,"739.842,84",,,,,,,,"5.167.630,99",,,,,,,,,
TRAJANO DE MORAIS-RJ,,,,,,,,RJ,,"388.417,49",,,,,-,,,,,,,,"388.417,49",,,,,,,,"2.713.006,26",,,,,,,,,
VALENCA-RJ,,,,,,,,RJ,,"628.866,42",,,,,-,,,,,,,,"628.866,42",,,,,,,,"4.392.486,32",,,,,,,,,
VARRE-SAI-RJ,,,,,,,,RJ,,"369.921,41",,,,,-,,,,,,,,"369.921,41",,,,,,,,"2.583.815,44",,,,,,,,,
VASSOURAS-RJ,,,,,,,,RJ,,"536.386,06",,,,,-,,,,,,,,"536.386,06",,,,,,,,"3.746.532,46",,,,,,,,,
VOLTA REDONDA-RJ,,,,,,,,RJ,,"1.310.779,21",,,,,"63.871,02",,,,,,,,"1.374.650,23",,,,,,,,"5.802.438,38",,,,,,,,,
RIO DE JANEIRO  TOTAL,,,,,,,,,,"126.523.153,04",,,,,"94.933.822,82",,,,,,,,"221.456.975,86",,,,,,,,"1.531.302.032,43",,,,,,,,,
ACARI-RN,,,,,,,,RN,,"3.727,58",,,,,-,,,,,,,,"3.727,58",,,,,,,,"25.944,62",,,,,,,,,
ACU-RN,,,,,,,,RN,,"280.577,12",,,,,"123.456,17",,,,,,,,"404.033,29",,,,,,,,"2.647.706,42",,,,,,,,,
AFONSO BEZERRA-RN,,,,,,,,RN,,"71.499,46",,,,,"297,29",,,,,,,,"71.796,75",,,,,,,,"573.460,67",,,,,,,,,
AGUA NOVA-RN,,,,,,,,RN,,"3.550,08",,,,,-,,,,,,,,"3.550,08",,,,,,,,"24.709,15",,,,,,,,,
ALEXANDRIA-RN,,,,,,,,RN,,"3.905,09",,,,,-,,,,,,,,"3.905,09",,,,,,,,"27.180,08",,,,,,,,,
ALMINO AFONSO-RN,,,,,,,,RN,,"3.550,08",,,,,-,,,,,,,,"3.550,08",,,,,,,,"24.709,15",,,,,,,,,
ALTO DO RODRIGUES-RN,,,,,,,,RN,,"889.991,56",,,,,"158.672,70",,,,,,,,"1.048.664,26",,,,,,,,"12.396.711,98",,,,,,,,,
ANGICOS-RN,,,,,,,,RN,,"3.817,74",,,,,"2.462,44",,,,,,,,"6.280,18",,,,,,,,"34.819,41",,,,,,,,,
ANTONIO MARTINS-RN,,,,,,,,RN,,"3.550,08",,,,,-,,,,,,,,"3.550,08",,,,,,,,"24.709,15",,,,,,,,,
APODI-RN,,,,,,,,RN,,"272.776,30",,,,,"170.526,60",,,,,,,,"443.302,90",,,,,,,,"3.103.850,88",,,,,,,,,
AREIA BRANCA-RN,,,,,,,,RN,,"499.430,02",,,,,"344.878,28",,,,,,,,"844.308,30",,,,,,,,"5.823.313,28",,,,,,,,,
AUGUSTO SEVERO-RN,,,,,,,,RN,,"4.932,68",,,,,"1.036,95",,,,,,,,"5.969,63",,,,,,,,"37.736,92",,,,,,,,,
BARAUNA-RN,,,,,,,,RN,,"4.792,61",,,,,-,,,,,,,,"4.792,61",,,,,,,,"33.357,37",,,,,,,,,
CAICO-RN,,,,,,,,RN,,"5.857,63",,,,,-,,,,,,,,"5.857,63",,,,,,,,"40.770,13",,,,,,,,,
CARAUBAS-RN,,,,,,,,RN,,"171.274,50",,,,,"86.863,56",,,,,,,,"258.138,06",,,,,,,,"1.825.964,90",,,,,,,,,
CARNAUBA DOS DANTAS-RN,,,,,,,,RN,,"3.550,08",,,,,-,,,,,,,,"3.550,08",,,,,,,,"24.709,15",,,,,,,,,
CARNAUBAIS-RN,,,,,,,,RN,,"202.261,51",,,,,"86.599,35",,,,,,,,"288.860,86",,,,,,,,"1.990.171,90",,,,,,,,,
CERRO CORA-RN,,,,,,,,RN,,"3.727,58",,,,,-,,,,,,,,"3.727,58",,,,,,,,"25.944,62",,,,,,,,,
CORONEL JOAO PESSOA-RN,,,,,,,,RN,,"3.550,08",,,,,-,,,,,,,,"3.550,08",,,,,,,,"24.709,15",,,,,,,,,
CRUZETA-RN,,,,,,,,RN,,"3.550,08",,,,,-,,,,,,,,"3.550,08",,,,,,,,"24.709,15",,,,,,,,,
CURRAIS NOVOS-RN,,,,,,,,RN,,"5.502,62",,,,,-,,,,,,,,"5.502,62",,,,,,,,"38.299,20",,,,,,,,,
DOUTOR SEVERIANO-RN,,,,,,,,RN,,"3.550,08",,,,,-,,,,,,,,"3.550,08",,,,,,,,"24.709,15",,,,,,,,,
ENCANTO-RN,,,,,,,,RN,,"3.550,08",,,,,-,,,,,,,,"3.550,08",,,,,,,,"24.709,15",,,,,,,,,
EQUADOR-RN,,,,,,,,RN,,"3.550,08",,,,,-,,,,,,,,"3.550,08",,,,,,,,"24.709,15",,,,,,,,,
FELIPE GUERRA-RN,,,,,,,,RN,,"135.125,94",,,,,"48.975,02",,,,,,,,"184.100,96",,,,,,,,"1.299.673,39",,,,,,,,,
FLORANIA-RN,,,,,,,,RN,,"3.550,08",,,,,-,,,,,,,,"3.550,08",,,,,,,,"24.709,15",,,,,,,,,
FRANCISCO DANTAS-RN,,,,,,,,RN,,"3.550,08",,,,,-,,,,,,,,"3.550,08",,,,,,,,"24.709,15",,,,,,,,,
FRUTUOSO GOMES-RN,,,,,,,,RN,,"3.550,08",,,,,-,,,,,,,,"3.550,08",,,,,,,,"24.709,15",,,,,,,,,
GALINHOS-RN,,,,,,,,RN,,"3.550,08",,,,,"46.753,39",,,,,,,,"50.303,47",,,,,,,,"377.043,14",,,,,,,,,
GOIANINHA-RN,,,,,,,,RN,,"637.557,83",,,,,"616,87",,,,,,,,"638.174,70",,,,,,,,"6.689.702,30",,,,,,,,,
GOVERNADOR DIX-SEPT ROSADO-RN,,,,,,,,RN,,"197.407,14",,,,,"109.533,18",,,,,,,,"306.940,32",,,,,,,,"2.071.942,66",,,,,,,,,
GROSSOS-RN,,,,,,,,RN,,"53.070,72",,,,,"50.653,57",,,,,,,,"103.724,29",,,,,,,,"687.053,75",,,,,,,,,
GUAMARE-RN,,,,,,,,RN,,"702.486,77",,,,,"551.108,43",,,,,,,,"1.253.595,20",,,,,,,,"14.324.552,80",,,,,,,,,
IELMO MARINHO-RN,,,,,,,,RN,,"637.557,83",,,,,-,,,,,,,,"637.557,83",,,,,,,,"6.689.192,50",,,,,,,,,
IPANGUACU-RN,,,,,,,,RN,,"3.905,09",,,,,-,,,,,,,,"3.905,09",,,,,,,,"27.180,08",,,,,,,,,
IPUEIRA-RN,,,,,,,,RN,,"3.550,08",,,,,-,,,,,,,,"3.550,08",,,,,,,,"24.709,15",,,,,,,,,
ITAJA-RN,,,,,,,,RN,,"3.550,08",,,,,-,,,,,,,,"3.550,08",,,,,,,,"24.709,15",,,,,,,,,
ITAU-RN,,,,,,,,RN,,"3.550,08",,,,,-,,,,,,,,"3.550,08",,,,,,,,"24.709,15",,,,,,,,,
JANDAIRA-RN,,,,,,,,RN,,"3.550,08",,,,,-,,,,,,,,"3.550,08",,,,,,,,"24.709,15",,,,,,,,,
JANDUIS-RN,,,,,,,,RN,,"3.550,08",,,,,-,,,,,,,,"3.550,08",,,,,,,,"24.709,15",,,,,,,,,
Superintendência de Participações Governamentais,,,,,,,,,,,,,,,,,,,,,,,,,,,,,,,,,,,,,,,,
JARDIM DE PIRANHAS-RN,,,,,,,,RN,,"3.905,09",,,,,-,,,,,,,,"3.905,09",,,,,,,,"27.180,08",,,,,,,,,
JARDIM DO SERIDO-RN,,,,,,,,RN,,"3.905,09",,,,,-,,,,,,,,"3.905,09",,,,,,,,"27.180,08",,,,,,,,,
JOAO DIAS-RN,,,,,,,,RN,,"3.550,08",,,,,-,,,,,,,,"3.550,08",,,,,,,,"24.709,15",,,,,,,,,
JOSE DA PENHA-RN,,,,,,,,RN,,"3.550,08",,,,,-,,,,,,,,"3.550,08",,,,,,,,"24.709,15",,,,,,,,,
JUCURUTU-RN,,,,,,,,RN,,"4.260,09",,,,,-,,,,,,,,"4.260,09",,,,,,,,"29.651,00",,,,,,,,,
LAGOA NOVA-RN,,,,,,,,RN,,"3.905,09",,,,,-,,,,,,,,"3.905,09",,,,,,,,"27.180,08",,,,,,,,,
LUCRECIA-RN,,,,,,,,RN,,"3.550,08",,,,,-,,,,,,,,"3.550,08",,,,,,,,"24.709,15",,,,,,,,,
LUIS GOMES-RN,,,,,,,,RN,,"3.550,08",,,,,-,,,,,,,,"3.550,08",,,,,,,,"24.709,15",,,,,,,,,
MACAIBA-RN,,,,,,,,RN,,"637.274,93",,,,,"17.410,93",,,,,,,,"654.685,86",,,,,,,,"655.016,74",,,,,,,,,
MACAU-RN,,,,,,,,RN,,"943.979,37",,,,,"570.736,51",,,,,,,,"1.514.715,88",,,,,,,,"15.993.799,26",,,,,,,,,
MAJOR SALES-RN,,,,,,,,RN,,"3.550,08",,,,,-,,,,,,,,"3.550,08",,,,,,,,"24.709,15",,,,,,,,,
MARCELINO VIEIRA-RN,,,,,,,,RN,,"3.550,08",,,,,-,,,,,,,,"3.550,08",,,,,,,,"24.709,15",,,,,,,,,
MARTINS-RN,,,,,,,,RN,,"3.550,08",,,,,-,,,,,,,,"3.550,08",,,,,,,,"24.709,15",,,,,,,,,
MESSIAS TARGINO-RN,,,,,,,,RN,,"3.550,08",,,,,-,,,,,,,,"3.550,08",,,,,,,,"24.709,15",,,,,,,,,
MOSSORO-RN,,,,,,,,RN,,"1.934.333,54",,,,,"1.155.761,24",,,,,,,,"3.090.094,78",,,,,,,,"17.369.216,77",,,,,,,,,
OLHO D'AGUA DO BORGES-RN,,,,,,,,RN,,"3.550,08",,,,,-,,,,,,,,"3.550,08",,,,,,,,"24.709,15",,,,,,,,,
OURO BRANCO-RN,,,,,,,,RN,,"3.550,08",,,,,-,,,,,,,,"3.550,08",,,,,,,,"24.709,15",,,,,,,,,
PARANA-RN,,,,,,,,RN,,"3.550,08",,,,,-,,,,,,,,"3.550,08",,,,,,,,"24.709,15",,,,,,,,,
PARAU-RN,,,,,,,,RN,,"3.550,08",,,,,-,,,,,,,,"3.550,08",,,,,,,,"24.709,15",,,,,,,,,
PARELHAS-RN,,,,,,,,RN,,"4.615,10",,,,,-,,,,,,,,"4.615,10",,,,,,,,"32.121,91",,,,,,,,,
PATU-RN,,,,,,,,RN,,"3.727,58",,,,,-,,,,,,,,"3.727,58",,,,,,,,"25.944,62",,,,,,,,,
PAU DOS FERROS-RN,,,,,,,,RN,,"4.792,61",,,,,-,,,,,,,,"4.792,61",,,,,,,,"33.357,37",,,,,,,,,
PEDRO AVELINO-RN,,,,,,,,RN,,"3.550,08",,,,,-,,,,,,,,"3.550,08",,,,,,,,"24.709,15",,,,,,,,,
PENDENCIAS-RN,,,,,,,,RN,,"859.146,93",,,,,"147.691,87",,,,,,,,"1.006.838,80",,,,,,,,"12.363.304,55",,,,,,,,,
PILOES-RN,,,,,,,,RN,,"3.550,08",,,,,-,,,,,,,,"3.550,08",,,,,,,,"24.709,15",,,,,,,,,
PORTALEGRE-RN,,,,,,,,RN,,"3.550,08",,,,,-,,,,,,,,"3.550,08",,,,,,,,"24.709,15",,,,,,,,,
PORTO DO MANGUE-RN,,,,,,,,RN,,"53.592,03",,,,,"98.342,04",,,,,,,,"151.934,07",,,,,,,,"1.136.900,81",,,,,,,,,
RAFAEL FERNANDES-RN,,,,,,,,RN,,"3.550,08",,,,,-,,,,,,,,"3.550,08",,,,,,,,"24.709,15",,,,,,,,,
RAFAEL GODEIRO-RN,,,,,,,,RN,,"3.550,08",,,,,-,,,,,,,,"3.550,08",,,,,,,,"24.709,15",,,,,,,,,
RIACHO DA CRUZ-RN,,,,,,,,RN,,"3.550,08",,,,,-,,,,,,,,"3.550,08",,,,,,,,"24.709,15",,,,,,,,,
RIACHO DE SANTANA-RN,,,,,,,,RN,,"3.550,08",,,,,-,,,,,,,,"3.550,08",,,,,,,,"24.709,15",,,,,,,,,
RODOLFO FERNANDES-RN,,,,,,,,RN,,"3.550,08",,,,,-,,,,,,,,"3.550,08",,,,,,,,"24.709,15",,,,,,,,,
SANTANA DO SERIDO-RN,,,,,,,,RN,,"3.550,08",,,,,-,,,,,,,,"3.550,08",,,,,,,,"24.709,15",,,,,,,,,
SAO FERNANDO-RN,,,,,,,,RN,,"3.550,08",,,,,-,,,,,,,,"3.550,08",,,,,,,,"24.709,15",,,,,,,,,
SAO FRANCISCO DO OESTE-RN,,,,,,,,RN,,"3.550,08",,,,,-,,,,,,,,"3.550,08",,,,,,,,"24.709,15",,,,,,,,,
SAO JOAO DO SABUGI-RN,,,,,,,,RN,,"3.550,08",,,,,-,,,,,,,,"3.550,08",,,,,,,,"24.709,15",,,,,,,,,
SAO JOSE DO SERIDO-RN,,,,,,,,RN,,"3.550,08",,,,,-,,,,,,,,"3.550,08",,,,,,,,"24.709,15",,,,,,,,,
SAO MIGUEL-RN,,,,,,,,RN,,"4.615,10",,,,,-,,,,,,,,"4.615,10",,,,,,,,"32.121,91",,,,,,,,,
SAO RAFAEL-RN,,,,,,,,RN,,"3.550,08",,,,,-,,,,,,,,"3.550,08",,,,,,,,"24.709,15",,,,,,,,,
SAO VICENTE-RN,,,,,,,,RN,,"3.550,08",,,,,-,,,,,,,,"3.550,08",,,,,,,,"24.709,15",,,,,,,,,
SERRA DO MEL-RN,,,,,,,,RN,,"101.066,84",,,,,"28.162,93",,,,,,,,"129.229,77",,,,,,,,"893.906,74",,,,,,,,,
SERRA NEGRA DO NORTE-RN,,,,,,,,RN,,"3.550,08",,,,,-,,,,,,,,"3.550,08",,,,,,,,"24.709,15",,,,,,,,,
SERRINHA DOS PINTOS-RN,,,,,,,,RN,,"3.550,08",,,,,-,,,,,,,,"3.550,08",,,,,,,,"24.709,15",,,,,,,,,
SEVERIANO MELO-RN,,,,,,,,RN,,"3.550,08",,,,,-,,,,,,,,"3.550,08",,,,,,,,"24.709,15",,,,,,,,,
TABOLEIRO GRANDE-RN,,,,,,,,RN,,"3.550,08",,,,,-,,,,,,,,"3.550,08",,,,,,,,"24.709,15",,,,,,,,,
TENENTE ANANIAS-RN,,,,,,,,RN,,"3.550,08",,,,,-,,,,,,,,"3.550,08",,,,,,,,"24.709,15",,,,,,,,,
TENENTE LAURENTINO CRUZ-RN,,,,,,,,RN,,"3.550,08",,,,,-,,,,,,,,"3.550,08",,,,,,,,"24.709,15",,,,,,,,,
TIBAU-RN,,,,,,,,RN,,"53.070,72",,,,,"10.169,77",,,,,,,,"63.240,49",,,,,,,,"432.018,21",,,,,,,,,
TIMBAUBA DOS BATISTAS-RN,,,,,,,,RN,,"3.550,08",,,,,-,,,,,,,,"3.550,08",,,,,,,,"24.709,15",,,,,,,,,
TRIUNFO POTIGUAR-RN,,,,,,,,RN,,"3.550,08",,,,,-,,,,,,,,"3.550,08",,,,,,,,"24.709,15",,,,,,,,,
UMARIZAL-RN,,,,,,,,RN,,"3.727,58",,,,,-,,,,,,,,"3.727,58",,,,,,,,"25.944,62",,,,,,,,,
UPANEMA-RN,,,,,,,,RN,,"116.018,78",,,,,"82.449,74",,,,,,,,"198.468,52",,,,,,,,"1.359.028,13",,,,,,,,,
VENHA-VER-RN,,,,,,,,RN,,"3.550,08",,,,,-,,,,,,,,"3.550,08",,,,,,,,"24.709,15",,,,,,,,,
VICOSA-RN,,,,,,,,RN,,"3.550,08",,,,,-,,,,,,,,"3.550,08",,,,,,,,"24.709,15",,,,,,,,,
RIO GRANDE DO NORTE  TOTAL,,,,,,,,,,"9.722.376,19",,,,,"3.893.158,83",,,,,,,,"13.615.535,02",,,,,,,,"112.589.739,98",,,,,,,,,
ARAMBARE-RS,,,,,,,,RS,,-,,,,,"9.194,41",,,,,,,,"9.194,41",,,,,,,,"67.422,58",,,,,,,,,
BARRA DO RIBEIRO-RS,,,,,,,,RS,,-,,,,,"9.194,41",,,,,,,,"9.194,41",,,,,,,,"67.422,58",,,,,,,,,
Superintendência de Participações Governamentais,,,,,,,,,,,,,,,,,,,,,,,,,,,,,,,,,,,,,,,,
CAMAQUA-RS,,,,,,,,RS,,-,,,,,"9.194,41",,,,,,,,"9.194,41",,,,,,,,"67.422,58",,,,,,,,,
CANOAS-RS,,,,,,,,RS,,"570.317,07",,,,,-,,,,,,,,"570.317,07",,,,,,,,"6.244.548,64",,,,,,,,,
CAPIVARI DO SUL-RS,,,,,,,,RS,,-,,,,,"9.194,41",,,,,,,,"9.194,41",,,,,,,,"67.422,58",,,,,,,,,
CIDREIRA-RS,,,,,,,,RS,,-,,,,,"714.395,93",,,,,,,,"714.395,93",,,,,,,,"3.640.703,45",,,,,,,,,
ELDORADO DO SUL-RS,,,,,,,,RS,,-,,,,,"9.194,41",,,,,,,,"9.194,41",,,,,,,,"67.422,58",,,,,,,,,
GUAIBA-RS,,,,,,,,RS,,-,,,,,"9.194,41",,,,,,,,"9.194,41",,,,,,,,"67.422,58",,,,,,,,,
IMBE-RS,,,,,,,,RS,,-,,,,,"714.395,93",,,,,,,,"714.395,93",,,,,,,,"3.640.703,45",,,,,,,,,
MOSTARDAS-RS,,,,,,,,RS,,-,,,,,"9.194,41",,,,,,,,"9.194,41",,,,,,,,"67.422,58",,,,,,,,,
OSORIO-RS,,,,,,,,RS,,"570.317,07",,,,,"2.382.754,56",,,,,,,,"2.953.071,63",,,,,,,,"18.394.467,58",,,,,,,,,
PALMARES DO SUL-RS,,,,,,,,RS,,-,,,,,"9.194,41",,,,,,,,"9.194,41",,,,,,,,"67.422,58",,,,,,,,,
PELOTAS-RS,,,,,,,,RS,,-,,,,,"9.194,41",,,,,,,,"9.194,41",,,,,,,,"67.422,58",,,,,,,,,
PORTO ALEGRE-RS,,,,,,,,RS,,-,,,,,"9.194,41",,,,,,,,"9.194,41",,,,,,,,"67.422,58",,,,,,,,,
RIO GRANDE-RS,,,,,,,,RS,,"569.852,60",,,,,"98.073,74",,,,,,,,"667.926,34",,,,,,,,"10.023.877,45",,,,,,,,,
SAO JOSE DO NORTE-RS,,,,,,,,RS,,-,,,,,"9.194,41",,,,,,,,"9.194,41",,,,,,,,"67.422,58",,,,,,,,,
SAO LOURENCO DO SUL-RS,,,,,,,,RS,,-,,,,,"9.194,41",,,,,,,,"9.194,41",,,,,,,,"67.422,58",,,,,,,,,
TAPES-RS,,,,,,,,RS,,-,,,,,"9.194,41",,,,,,,,"9.194,41",,,,,,,,"67.422,58",,,,,,,,,
TAVARES-RS,,,,,,,,RS,,-,,,,,"9.194,41",,,,,,,,"9.194,41",,,,,,,,"67.422,58",,,,,,,,,
TRAMANDAI-RS,,,,,,,,RS,,"569.852,60",,,,,"952.527,92",,,,,,,,"1.522.380,52",,,,,,,,"14.244.059,06",,,,,,,,,
TURUCU-RS,,,,,,,,RS,,-,,,,,"9.194,41",,,,,,,,"9.194,41",,,,,,,,"67.422,58",,,,,,,,,
VIAMAO-RS,,,,,,,,RS,,-,,,,,"9.194,41",,,,,,,,"9.194,41",,,,,,,,"67.422,58",,,,,,,,,
RIO GRANDE DO SUL  TOTAL,,,,,,,,,,"2.280.339,34",,,,,"5.009.258,64",,,,,,,,"7.289.597,98",,,,,,,,"57.267.120,91",,,,,,,,,
ARAQUARI-SC,,,,,,,,SC,,-,,,,,"244.567,37",,,,,,,,"244.567,37",,,,,,,,"2.274.870,34",,,,,,,,,
BALNEARIO BARRA DO SUL-SC,,,,,,,,SC,,-,,,,,"244.567,37",,,,,,,,"244.567,37",,,,,,,,"2.274.870,34",,,,,,,,,
GARUVA-SC,,,,,,,,SC,,-,,,,,"244.567,37",,,,,,,,"244.567,37",,,,,,,,"2.274.870,34",,,,,,,,,
ITAPOA-SC,,,,,,,,SC,,-,,,,,"244.567,37",,,,,,,,"244.567,37",,,,,,,,"2.274.870,34",,,,,,,,,
JOINVILLE-SC,,,,,,,,SC,,-,,,,,"244.567,37",,,,,,,,"244.567,37",,,,,,,,"2.274.870,34",,,,,,,,,
SAO FRANCISCO DO SUL-SC,,,,,,,,SC,,"569.852,60",,,,,"815.224,59",,,,,,,,"1.385.077,19",,,,,,,,"16.972.689,03",,,,,,,,,
SANTA CATARINA  TOTAL,,,,,,,,,,"569.852,60",,,,,"2.038.061,44",,,,,,,,"2.607.914,04",,,,,,,,"28.347.040,73",,,,,,,,,
AMPARO DE SAO FRANCISCO-SE,,,,,,,,SE,,"4.399,34",,,,,-,,,,,,,,"4.399,34",,,,,,,,"28.448,56",,,,,,,,,
AQUIDABA-SE,,,,,,,,SE,,"5.719,14",,,,,-,,,,,,,,"5.719,14",,,,,,,,"36.983,14",,,,,,,,,
ARACAJU-SE,,,,,,,,SE,,"766.353,89",,,,,"613.792,95",,,,,,,,"1.380.146,84",,,,,,,,"14.190.118,50",,,,,,,,,
ARAUA-SE,,,,,,,,SE,,"4.619,30",,,,,-,,,,,,,,"4.619,30",,,,,,,,"29.870,98",,,,,,,,,
AREIA BRANCA-SE,,,,,,,,SE,,"6.797,28",,,,,"979,15",,,,,,,,"7.776,43",,,,,,,,"54.744,33",,,,,,,,,
BARRA DOS COQUEIROS-SE,,,,,,,,SE,,"85.023,07",,,,,"181.207,86",,,,,,,,"266.230,93",,,,,,,,"1.667.141,00",,,,,,,,,
BOQUIM-SE,,,,,,,,SE,,"5.939,11",,,,,-,,,,,,,,"5.939,11",,,,,,,,"38.405,58",,,,,,,,,
BREJO GRANDE-SE,,,,,,,,SE,,"82.059,54",,,,,"7.784,41",,,,,,,,"89.843,95",,,,,,,,"724.394,93",,,,,,,,,
CAMPO DO BRITO-SE,,,,,,,,SE,,"5.279,21",,,,,-,,,,,,,,"5.279,21",,,,,,,,"34.138,29",,,,,,,,,
CANHOBA-SE,,,,,,,,SE,,"4.399,34",,,,,-,,,,,,,,"4.399,34",,,,,,,,"28.448,56",,,,,,,,,
CANINDE DE SAO FRANCISCO-SE,,,,,,,,SE,,"5.939,11",,,,,-,,,,,,,,"5.939,11",,,,,,,,"38.405,58",,,,,,,,,
CAPELA-SE,,,,,,,,SE,,"16.501,40",,,,,"6.670,80",,,,,,,,"23.172,20",,,,,,,,"168.411,82",,,,,,,,,
CARIRA-SE,,,,,,,,SE,,"5.719,14",,,,,-,,,,,,,,"5.719,14",,,,,,,,"36.983,14",,,,,,,,,
CARMOPOLIS-SE,,,,,,,,SE,,"1.121.653,29",,,,,"561.822,79",,,,,,,,"1.683.476,08",,,,,,,,"16.814.898,92",,,,,,,,,
CEDRO DE SAO JOAO-SE,,,,,,,,SE,,"4.399,34",,,,,-,,,,,,,,"4.399,34",,,,,,,,"28.448,56",,,,,,,,,
CRISTINAPOLIS-SE,,,,,,,,SE,,"5.279,21",,,,,-,,,,,,,,"5.279,21",,,,,,,,"34.138,29",,,,,,,,,
CUMBE-SE,,,,,,,,SE,,"4.399,34",,,,,-,,,,,,,,"4.399,34",,,,,,,,"28.448,56",,,,,,,,,
DIVINA PASTORA-SE,,,,,,,,SE,,"268.105,28",,,,,"166.056,36",,,,,,,,"434.161,64",,,,,,,,"3.136.821,96",,,,,,,,,
ESTANCIA-SE,,,,,,,,SE,,"745.241,85",,,,,"164.436,20",,,,,,,,"909.678,05",,,,,,,,"2.380.267,29",,,,,,,,,
FEIRA NOVA-SE,,,,,,,,SE,,"4.399,34",,,,,-,,,,,,,,"4.399,34",,,,,,,,"28.448,56",,,,,,,,,
FREI PAULO-SE,,,,,,,,SE,,"4.839,27",,,,,-,,,,,,,,"4.839,27",,,,,,,,"31.293,42",,,,,,,,,
GARARU-SE,,,,,,,,SE,,"4.619,30",,,,,-,,,,,,,,"4.619,30",,,,,,,,"29.870,98",,,,,,,,,
GENERAL MAYNARD-SE,,,,,,,,SE,,"6.123,57",,,,,"1.293,17",,,,,,,,"7.416,74",,,,,,,,"47.558,94",,,,,,,,,
GRACHO CARDOSO-SE,,,,,,,,SE,,"4.399,34",,,,,-,,,,,,,,"4.399,34",,,,,,,,"28.448,56",,,,,,,,,
ILHA DAS FLORES-SE,,,,,,,,SE,,"4.399,34",,,,,-,,,,,,,,"4.399,34",,,,,,,,"28.448,56",,,,,,,,,
INDIAROBA-SE,,,,,,,,SE,,"5.059,24",,,,,-,,,,,,,,"5.059,24",,,,,,,,"32.715,85",,,,,,,,,
ITABAIANA-SE,,,,,,,,SE,,"7.918,81",,,,,-,,,,,,,,"7.918,81",,,,,,,,"51.207,43",,,,,,,,,
ITABAIANINHA-SE,,,,,,,,SE,,"6.599,01",,,,,-,,,,,,,,"6.599,01",,,,,,,,"42.672,85",,,,,,,,,
ITABI-SE,,,,,,,,SE,,"4.399,34",,,,,-,,,,,,,,"4.399,34",,,,,,,,"28.448,56",,,,,,,,,
Superintendência de Participações Governamentais,,,,,,,,,,,,,,,,,,,,,,,,,,,,,,,,,,,,,,,,
ITAPORANGA D'AJUDA-SE,,,,,,,,SE,,"726.238,69",,,,,"263.634,56",,,,,,,,"989.873,25",,,,,,,,"3.121.207,31",,,,,,,,,
JAPARATUBA-SE,,,,,,,,SE,,"1.201.761,36",,,,,"459.403,90",,,,,,,,"1.661.165,26",,,,,,,,"16.488.682,66",,,,,,,,,
JAPOATA-SE,,,,,,,,SE,,"4.839,27",,,,,-,,,,,,,,"4.839,27",,,,,,,,"31.293,42",,,,,,,,,
LAGARTO-SE,,,,,,,,SE,,"7.918,81",,,,,-,,,,,,,,"7.918,81",,,,,,,,"51.207,43",,,,,,,,,
LARANJEIRAS-SE,,,,,,,,SE,,"644.114,86",,,,,"11.400,37",,,,,,,,"655.515,23",,,,,,,,"687.981,70",,,,,,,,,
MACAMBIRA-SE,,,,,,,,SE,,"4.399,34",,,,,-,,,,,,,,"4.399,34",,,,,,,,"28.448,56",,,,,,,,,
MALHADA DOS BOIS-SE,,,,,,,,SE,,"4.399,34",,,,,-,,,,,,,,"4.399,34",,,,,,,,"28.448,56",,,,,,,,,
MALHADOR-SE,,,,,,,,SE,,"4.839,27",,,,,-,,,,,,,,"4.839,27",,,,,,,,"31.293,42",,,,,,,,,
MARUIM-SE,,,,,,,,SE,,"100.068,21",,,,,"23.929,50",,,,,,,,"123.997,71",,,,,,,,"913.800,84",,,,,,,,,
MOITA BONITA-SE,,,,,,,,SE,,"4.619,30",,,,,-,,,,,,,,"4.619,30",,,,,,,,"29.870,98",,,,,,,,,
MONTE ALEGRE DE SERGIPE-SE,,,,,,,,SE,,"4.839,27",,,,,-,,,,,,,,"4.839,27",,,,,,,,"31.293,42",,,,,,,,,
MURIBECA-SE,,,,,,,,SE,,"4.399,34",,,,,-,,,,,,,,"4.399,34",,,,,,,,"28.448,56",,,,,,,,,
NEOPOLIS-SE,,,,,,,,SE,,"5.499,17",,,,,-,,,,,,,,"5.499,17",,,,,,,,"35.560,71",,,,,,,,,
NOSSA SENHORA APARECIDA-SE,,,,,,,,SE,,"4.399,34",,,,,-,,,,,,,,"4.399,34",,,,,,,,"28.448,56",,,,,,,,,
NOSSA SENHORA DA GLORIA-SE,,,,,,,,SE,,"6.379,04",,,,,-,,,,,,,,"6.379,04",,,,,,,,"41.250,43",,,,,,,,,
NOSSA SENHORA DAS DORES-SE,,,,,,,,SE,,"5.939,11",,,,,-,,,,,,,,"5.939,11",,,,,,,,"38.405,58",,,,,,,,,
NOSSA SENHORA DE LOURDES-SE,,,,,,,,SE,,"4.399,34",,,,,-,,,,,,,,"4.399,34",,,,,,,,"28.448,56",,,,,,,,,
NOSSA SENHORA DO SOCORRO-SE,,,,,,,,SE,,"8.798,68",,,,,-,,,,,,,,"8.798,68",,,,,,,,"56.897,16",,,,,,,,,
PACATUBA-SE,,,,,,,,SE,,"136.677,43",,,,,"5.092,61",,,,,,,,"141.770,04",,,,,,,,"1.037.275,27",,,,,,,,,
PEDRA MOLE-SE,,,,,,,,SE,,"4.399,34",,,,,-,,,,,,,,"4.399,34",,,,,,,,"28.448,56",,,,,,,,,
PEDRINHAS-SE,,,,,,,,SE,,"4.399,34",,,,,-,,,,,,,,"4.399,34",,,,,,,,"28.448,56",,,,,,,,,
PINHAO-SE,,,,,,,,SE,,"4.399,34",,,,,-,,,,,,,,"4.399,34",,,,,,,,"28.448,56",,,,,,,,,
PIRAMBU-SE,,,,,,,,SE,,"711.095,17",,,,,"31.367,95",,,,,,,,"742.463,12",,,,,,,,"10.443.089,16",,,,,,,,,
POCO REDONDO-SE,,,,,,,,SE,,"6.159,07",,,,,-,,,,,,,,"6.159,07",,,,,,,,"39.828,00",,,,,,,,,
POCO VERDE-SE,,,,,,,,SE,,"5.719,14",,,,,-,,,,,,,,"5.719,14",,,,,,,,"36.983,14",,,,,,,,,
PORTO DA FOLHA-SE,,,,,,,,SE,,"5.939,11",,,,,-,,,,,,,,"5.939,11",,,,,,,,"38.405,58",,,,,,,,,
PROPRIA-SE,,,,,,,,SE,,"6.159,07",,,,,-,,,,,,,,"6.159,07",,,,,,,,"39.828,00",,,,,,,,,
RIACHAO DO DANTAS-SE,,,,,,,,SE,,"5.499,17",,,,,-,,,,,,,,"5.499,17",,,,,,,,"35.560,71",,,,,,,,,
RIACHUELO-SE,,,,,,,,SE,,"137.627,61",,,,,"42.720,37",,,,,,,,"180.347,98",,,,,,,,"1.279.842,03",,,,,,,,,
RIBEIROPOLIS-SE,,,,,,,,SE,,"5.279,21",,,,,-,,,,,,,,"5.279,21",,,,,,,,"34.138,29",,,,,,,,,
ROSARIO DO CATETE-SE,,,,,,,,SE,,"772.390,22",,,,,"118.570,65",,,,,,,,"890.960,87",,,,,,,,"2.758.706,82",,,,,,,,,
SALGADO-SE,,,,,,,,SE,,"5.499,17",,,,,-,,,,,,,,"5.499,17",,,,,,,,"35.560,71",,,,,,,,,
SANTA LUZIA DO ITANHY-SE,,,,,,,,SE,,"4.839,27",,,,,-,,,,,,,,"4.839,27",,,,,,,,"31.293,42",,,,,,,,,
SANTA ROSA DE LIMA-SE,,,,,,,,SE,,"4.399,34",,,,,-,,,,,,,,"4.399,34",,,,,,,,"28.448,56",,,,,,,,,
SANTANA DO SAO FRANCISCO-SE,,,,,,,,SE,,"4.399,34",,,,,-,,,,,,,,"4.399,34",,,,,,,,"28.448,56",,,,,,,,,
SANTO AMARO DAS BROTAS-SE,,,,,,,,SE,,"109.078,78",,,,,"30.229,42",,,,,,,,"139.308,20",,,,,,,,"1.043.653,03",,,,,,,,,
SAO CRISTOVAO-SE,,,,,,,,SE,,"80.572,91",,,,,"4.294,52",,,,,,,,"84.867,43",,,,,,,,"728.164,06",,,,,,,,,
SAO DOMINGOS-SE,,,,,,,,SE,,"4.619,30",,,,,-,,,,,,,,"4.619,30",,,,,,,,"29.870,98",,,,,,,,,
SAO FRANCISCO-SE,,,,,,,,SE,,"4.399,34",,,,,-,,,,,,,,"4.399,34",,,,,,,,"28.448,56",,,,,,,,,
SAO MIGUEL DO ALEIXO-SE,,,,,,,,SE,,"4.399,34",,,,,-,,,,,,,,"4.399,34",,,,,,,,"28.448,56",,,,,,,,,
SIMAO DIAS-SE,,,,,,,,SE,,"6.599,01",,,,,-,,,,,,,,"6.599,01",,,,,,,,"42.672,85",,,,,,,,,
SIRIRI-SE,,,,,,,,SE,,"189.938,97",,,,,"78.412,46",,,,,,,,"268.351,43",,,,,,,,"1.989.009,76",,,,,,,,,
TELHA-SE,,,,,,,,SE,,"4.399,34",,,,,-,,,,,,,,"4.399,34",,,,,,,,"28.448,56",,,,,,,,,
TOBIAS BARRETO-SE,,,,,,,,SE,,"7.038,94",,,,,-,,,,,,,,"7.038,94",,,,,,,,"45.517,71",,,,,,,,,
TOMAR DO GERU-SE,,,,,,,,SE,,"4.839,27",,,,,-,,,,,,,,"4.839,27",,,,,,,,"31.293,42",,,,,,,,,
UMBAUBA-SE,,,,,,,,SE,,"5.719,14",,,,,-,,,,,,,,"5.719,14",,,,,,,,"36.983,14",,,,,,,,,
SERGIPE  TOTAL,,,,,,,,,,"8.194.920,16",,,,,"2.773.100,00",,,,,,,,"10.968.020,16",,,,,,,,"81.534.884,13",,,,,,,,,
APARECIDA-SP,,,,,,,,SP,,"22.982,42",,,,,-,,,,,,,,"22.982,42",,,,,,,,"86.752,34",,,,,,,,,
ARAPEI-SP,,,,,,,,SP,,"15.849,95",,,,,-,,,,,,,,"15.849,95",,,,,,,,"59.829,18",,,,,,,,,
AREIAS-SP,,,,,,,,SP,,"15.849,95",,,,,-,,,,,,,,"15.849,95",,,,,,,,"59.829,18",,,,,,,,,
ARUJA-SP,,,,,,,,SP,,"27.737,41",,,,,-,,,,,,,,"27.737,41",,,,,,,,"104.701,13",,,,,,,,,
BANANAL-SP,,,,,,,,SP,,"16.642,44",,,,,-,,,,,,,,"16.642,44",,,,,,,,"62.820,61",,,,,,,,,
BARRA DO TURVO-SP,,,,,,,,SP,,"15.849,95",,,,,-,,,,,,,,"15.849,95",,,,,,,,"59.829,18",,,,,,,,,
BARUERI-SP,,,,,,,,SP,,"31.699,90",,,,,-,,,,,,,,"31.699,90",,,,,,,,"119.658,43",,,,,,,,,
BERTIOGA-SP,,,,,,,,SP,,"622.653,95",,,,,"2.256.529,83",,,,,,,,"2.879.183,78",,,,,,,,"19.453.819,46",,,,,,,,,
BIRITIBA-MIRIM-SP,,,,,,,,SP,,"22.189,93",,,,,-,,,,,,,,"22.189,93",,,,,,,,"83.760,89",,,,,,,,,
CACAPAVA-SP,,,,,,,,SP,,"28.529,91",,,,,-,,,,,,,,"28.529,91",,,,,,,,"107.692,57",,,,,,,,,
Superintendência de Participações Governamentais,,,,,,,,,,,,,,,,,,,,,,,,,,,,,,,,,,,,,,,,
CACHOEIRA PAULISTA-SP,,,,,,,,SP,,"22.189,93",,,,,-,,,,,,,,"22.189,93",,,,,,,,"83.760,89",,,,,,,,,
CAIEIRAS-SP,,,,,,,,SP,,"28.529,91",,,,,-,,,,,,,,"28.529,91",,,,,,,,"107.692,57",,,,,,,,,
CAJAMAR-SP,,,,,,,,SP,,"26.944,91",,,,,-,,,,,,,,"26.944,91",,,,,,,,"101.709,65",,,,,,,,,
CAJATI-SP,,,,,,,,SP,,"22.189,93",,,,,-,,,,,,,,"22.189,93",,,,,,,,"83.760,89",,,,,,,,,
CAMPOS DO JORDAO-SP,,,,,,,,SP,,"24.567,42",,,,,-,,,,,,,,"24.567,42",,,,,,,,"92.735,27",,,,,,,,,
CANANEIA-SP,,,,,,,,SP,,"441.883,44",,,,,"112.714,45",,,,,,,,"554.597,89",,,,,,,,"2.449.980,91",,,,,,,,,
CANAS-SP,,,,,,,,SP,,"15.849,95",,,,,-,,,,,,,,"15.849,95",,,,,,,,"59.829,18",,,,,,,,,
CARAGUATATUBA-SP,,,,,,,,SP,,"1.294.489,89",,,,,"3.377.137,32",,,,,,,,"4.671.627,21",,,,,,,,"36.785.629,57",,,,,,,,,
CARAPICUIBA-SP,,,,,,,,SP,,"31.699,90",,,,,-,,,,,,,,"31.699,90",,,,,,,,"119.658,43",,,,,,,,,
COTIA-SP,,,,,,,,SP,,"31.699,90",,,,,-,,,,,,,,"31.699,90",,,,,,,,"119.658,43",,,,,,,,,
CRUZEIRO-SP,,,,,,,,SP,,"27.737,41",,,,,-,,,,,,,,"27.737,41",,,,,,,,"104.701,13",,,,,,,,,
CUBATAO-SP,,,,,,,,SP,,"2.073.295,74",,,,,"242.950,20",,,,,,,,"2.316.245,94",,,,,,,,"16.303.626,43",,,,,,,,,
CUNHA-SP,,,,,,,,SP,,"20.604,94",,,,,-,,,,,,,,"20.604,94",,,,,,,,"77.777,99",,,,,,,,,
DIADEMA-SP,,,,,,,,SP,,"31.699,90",,,,,-,,,,,,,,"31.699,90",,,,,,,,"119.658,43",,,,,,,,,
ELDORADO-SP,,,,,,,,SP,,"18.227,44",,,,,-,,,,,,,,"18.227,44",,,,,,,,"68.803,57",,,,,,,,,
EMBU-GUACU-SP,,,,,,,,SP,,"26.152,41",,,,,-,,,,,,,,"26.152,41",,,,,,,,"98.718,20",,,,,,,,,
EMBU-SP,,,,,,,,SP,,"31.699,90",,,,,-,,,,,,,,"31.699,90",,,,,,,,"119.658,43",,,,,,,,,
FERRAZ DE VASCONCELOS-SP,,,,,,,,SP,,"31.699,90",,,,,-,,,,,,,,"31.699,90",,,,,,,,"119.658,43",,,,,,,,,
FRANCISCO MORATO-SP,,,,,,,,SP,,"31.699,90",,,,,-,,,,,,,,"31.699,90",,,,,,,,"119.658,43",,,,,,,,,
FRANCO DA ROCHA-SP,,,,,,,,SP,,"30.907,40",,,,,-,,,,,,,,"30.907,40",,,,,,,,"116.666,95",,,,,,,,,
GUARAREMA-SP,,,,,,,,SP,,"591.714,50",,,,,"4.543.492,83",,,,,,,,"5.135.207,33",,,,,,,,"39.505.412,57",,,,,,,,,
GUARATINGUETA-SP,,,,,,,,SP,,"30.114,90",,,,,-,,,,,,,,"30.114,90",,,,,,,,"113.675,50",,,,,,,,,
GUARUJA-SP,,,,,,,,SP,,"31.699,90",,,,,-,,,,,,,,"31.699,90",,,,,,,,"119.658,56",,,,,,,,,
GUARULHOS-SP,,,,,,,,SP,,"31.699,90",,,,,-,,,,,,,,"31.699,90",,,,,,,,"119.658,43",,,,,,,,,
IGARATA-SP,,,,,,,,SP,,"15.849,95",,,,,-,,,,,,,,"15.849,95",,,,,,,,"59.829,18",,,,,,,,,
IGUAPE-SP,,,,,,,,SP,,"541.293,54",,,,,"336.353,35",,,,,,,,"877.646,89",,,,,,,,"4.040.516,99",,,,,,,,,
ILHA COMPRIDA-SP,,,,,,,,SP,,"401.712,21",,,,,"1.602.037,64",,,,,,,,"2.003.749,85",,,,,,,,"7.112.659,41",,,,,,,,,
ILHABELA-SP,,,,,,,,SP,,"283.931,95",,,,,"4.848.340,76",,,,,,,,"5.132.272,71",,,,,,,,"25.280.428,01",,,,,,,,,
ITANHAEM-SP,,,,,,,,SP,,"28.529,91",,,,,-,,,,,,,,"28.529,91",,,,,,,,"107.692,57",,,,,,,,,
ITAPECERICA DA SERRA-SP,,,,,,,,SP,,"31.699,90",,,,,-,,,,,,,,"31.699,90",,,,,,,,"119.658,43",,,,,,,,,
ITAPEVI-SP,,,,,,,,SP,,"31.699,90",,,,,-,,,,,,,,"31.699,90",,,,,,,,"119.658,43",,,,,,,,,
ITAQUAQUECETUBA-SP,,,,,,,,SP,,"31.699,90",,,,,-,,,,,,,,"31.699,90",,,,,,,,"119.658,43",,,,,,,,,
ITARIRI-SP,,,,,,,,SP,,"18.227,44",,,,,-,,,,,,,,"18.227,44",,,,,,,,"68.803,57",,,,,,,,,
JACAREI-SP,,,,,,,,SP,,"31.699,90",,,,,-,,,,,,,,"31.699,90",,,,,,,,"119.658,43",,,,,,,,,
JACUPIRANGA-SP,,,,,,,,SP,,"19.019,94",,,,,-,,,,,,,,"19.019,94",,,,,,,,"71.795,06",,,,,,,,,
JAMBEIRO-SP,,,,,,,,SP,,"15.849,95",,,,,-,,,,,,,,"15.849,95",,,,,,,,"59.829,18",,,,,,,,,
JANDIRA-SP,,,,,,,,SP,,"29.322,41",,,,,-,,,,,,,,"29.322,41",,,,,,,,"110.684,05",,,,,,,,,
JUQUIA-SP,,,,,,,,SP,,"19.812,44",,,,,-,,,,,,,,"19.812,44",,,,,,,,"74.786,50",,,,,,,,,
JUQUITIBA-SP,,,,,,,,SP,,"22.189,93",,,,,-,,,,,,,,"22.189,93",,,,,,,,"83.760,89",,,,,,,,,
LAGOINHA-SP,,,,,,,,SP,,"15.849,95",,,,,-,,,,,,,,"15.849,95",,,,,,,,"59.829,18",,,,,,,,,
LAVRINHAS-SP,,,,,,,,SP,,"15.849,95",,,,,-,,,,,,,,"15.849,95",,,,,,,,"59.829,18",,,,,,,,,
LORENA-SP,,,,,,,,SP,,"599.466,28",,,,,"5.176,70",,,,,,,,"604.642,98",,,,,,,,"683.805,64",,,,,,,,,
MAIRIPORA-SP,,,,,,,,SP,,"28.529,91",,,,,-,,,,,,,,"28.529,91",,,,,,,,"107.692,57",,,,,,,,,
MAUA-SP,,,,,,,,SP,,"602.636,27",,,,,"174.308,61",,,,,,,,"776.944,88",,,,,,,,"864.903,41",,,,,,,,,
MIRACATU-SP,,,,,,,,SP,,"20.604,94",,,,,-,,,,,,,,"20.604,94",,,,,,,,"77.777,99",,,,,,,,,
MOJI DAS CRUZES-SP,,,,,,,,SP,,"31.699,90",,,,,-,,,,,,,,"31.699,90",,,,,,,,"119.658,43",,,,,,,,,
MONGAGUA-SP,,,,,,,,SP,,"24.567,42",,,,,-,,,,,,,,"24.567,42",,,,,,,,"92.735,27",,,,,,,,,
MONTEIRO LOBATO-SP,,,,,,,,SP,,"15.849,95",,,,,-,,,,,,,,"15.849,95",,,,,,,,"59.829,18",,,,,,,,,
NATIVIDADE DA SERRA-SP,,,,,,,,SP,,"15.849,95",,,,,-,,,,,,,,"15.849,95",,,,,,,,"59.829,18",,,,,,,,,
OSASCO-SP,,,,,,,,SP,,"31.699,90",,,,,-,,,,,,,,"31.699,90",,,,,,,,"119.658,43",,,,,,,,,
PARAIBUNA-SP,,,,,,,,SP,,"19.019,94",,,,,-,,,,,,,,"19.019,94",,,,,,,,"71.795,06",,,,,,,,,
PARIQUERA-ACU-SP,,,,,,,,SP,,"19.812,44",,,,,-,,,,,,,,"19.812,44",,,,,,,,"74.786,50",,,,,,,,,
PEDRO DE TOLEDO-SP,,,,,,,,SP,,"16.642,44",,,,,-,,,,,,,,"16.642,44",,,,,,,,"62.820,61",,,,,,,,,
PERUIBE-SP,,,,,,,,SP,,"26.152,41",,,,,"121.591,75",,,,,,,,"147.744,16",,,,,,,,"746.160,25",,,,,,,,,
PINDAMONHANGABA-SP,,,,,,,,SP,,"602.016,97",,,,,"19.373,25",,,,,,,,"621.390,22",,,,,,,,"6.383.580,32",,,,,,,,,
PIQUETE-SP,,,,,,,,SP,,"18.227,44",,,,,-,,,,,,,,"18.227,44",,,,,,,,"68.803,57",,,,,,,,,
PIRAPORA DO BOM JESUS-SP,,,,,,,,SP,,"18.227,44",,,,,-,,,,,,,,"18.227,44",,,,,,,,"68.803,57",,,,,,,,,
"Superintendência de Participações Governamentais
*Valor sem a retenção de 1% (um por cento) de PASEP, conforme disposto no inciso III, do Art.2º da Lei nº 9.715, de 25 de novembro de 1998, combinado como parágrafo 6º do Art.19 da Medida Provisória nº 2.158, de 24 de agosto de 2001.",,,,,,,,,,,,,,,,,,,,,,,,,,,,,,,,,,,,,,,,
,,,,,,,,,,,,,,,,,,,,,,,,,,,,,,,,,,,,,,,,
POA-SP,,,,,,,,SP,,"29.322,41",,,,,-,,,,,,,,"29.322,41",,,,,,,,"110.684,05",,,,,,,,,
POTIM-SP,,,,,,,,SP,,"19.812,44",,,,,-,,,,,,,,"19.812,44",,,,,,,,"74.786,50",,,,,,,,,
PRAIA GRANDE-SP,,,,,,,,SP,,"375.860,77",,,,,-,,,,,,,,"375.860,77",,,,,,,,"1.423.368,27",,,,,,,,,
QUELUZ-SP,,,,,,,,SP,,"16.642,44",,,,,-,,,,,,,,"16.642,44",,,,,,,,"62.820,61",,,,,,,,,
REDENCAO DA SERRA-SP,,,,,,,,SP,,"15.849,95",,,,,-,,,,,,,,"15.849,95",,,,,,,,"59.829,18",,,,,,,,,
REGISTRO-SP,,,,,,,,SP,,"25.359,91",,,,,-,,,,,,,,"25.359,91",,,,,,,,"95.726,70",,,,,,,,,
RIBEIRAO PIRES-SP,,,,,,,,SP,,"30.114,90",,,,,-,,,,,,,,"30.114,90",,,,,,,,"113.675,50",,,,,,,,,
RIO GRANDE DA SERRA-SP,,,,,,,,SP,,"24.567,42",,,,,-,,,,,,,,"24.567,42",,,,,,,,"92.735,27",,,,,,,,,
ROSEIRA-SP,,,,,,,,SP,,"15.849,95",,,,,-,,,,,,,,"15.849,95",,,,,,,,"59.829,18",,,,,,,,,
SALESOPOLIS-SP,,,,,,,,SP,,"18.227,44",,,,,-,,,,,,,,"18.227,44",,,,,,,,"68.803,57",,,,,,,,,
SANTA BRANCA-SP,,,,,,,,SP,,"17.434,94",,,,,-,,,,,,,,"17.434,94",,,,,,,,"65.812,10",,,,,,,,,
SANTA ISABEL-SP,,,,,,,,SP,,"25.359,91",,,,,-,,,,,,,,"25.359,91",,,,,,,,"95.726,70",,,,,,,,,
SANTANA DE PARNAIBA-SP,,,,,,,,SP,,"29.322,41",,,,,-,,,,,,,,"29.322,41",,,,,,,,"110.684,05",,,,,,,,,
SANTO ANDRE-SP,,,,,,,,SP,,"31.699,90",,,,,-,,,,,,,,"31.699,90",,,,,,,,"119.658,43",,,,,,,,,
SANTO ANTONIO DO PINHAL-SP,,,,,,,,SP,,"15.849,95",,,,,-,,,,,,,,"15.849,95",,,,,,,,"59.829,18",,,,,,,,,
SANTOS-SP,,,,,,,,SP,,"31.699,90",,,,,-,,,,,,,,"31.699,90",,,,,,,,"119.659,82",,,,,,,,,
SAO BENTO DO SAPUCAI-SP,,,,,,,,SP,,"16.642,44",,,,,-,,,,,,,,"16.642,44",,,,,,,,"62.820,61",,,,,,,,,
SAO BERNARDO DO CAMPO-SP,,,,,,,,SP,,"602.636,27",,,,,"33.716,39",,,,,,,,"636.352,66",,,,,,,,"724.311,19",,,,,,,,,
SAO CAETANO DO SUL-SP,,,,,,,,SP,,"31.699,90",,,,,-,,,,,,,,"31.699,90",,,,,,,,"119.658,43",,,,,,,,,
SAO JOSE DO BARREIRO-SP,,,,,,,,SP,,"15.849,95",,,,,-,,,,,,,,"15.849,95",,,,,,,,"59.829,18",,,,,,,,,
SAO JOSE DOS CAMPOS-SP,,,,,,,,SP,,"602.636,27",,,,,"267.507,20",,,,,,,,"870.143,47",,,,,,,,"958.102,00",,,,,,,,,
SAO LOURENCO DA SERRA-SP,,,,,,,,SP,,"17.434,94",,,,,-,,,,,,,,"17.434,94",,,,,,,,"65.812,10",,,,,,,,,
SAO LUIS DO PARAITINGA-SP,,,,,,,,SP,,"16.642,44",,,,,-,,,,,,,,"16.642,44",,,,,,,,"62.820,61",,,,,,,,,
SAO PAULO-SP,,,,,,,,SP,,"31.699,90",,,,,-,,,,,,,,"31.699,90",,,,,,,,"119.658,43",,,,,,,,,
SAO SEBASTIAO-SP,,,,,,,,SP,,"597.590,01",,,,,"4.285.286,12",,,,,,,,"4.882.876,13",,,,,,,,"42.168.037,06",,,,,,,,,
SAO VICENTE-SP,,,,,,,,SP,,"375.860,77",,,,,-,,,,,,,,"375.860,77",,,,,,,,"1.423.368,27",,,,,,,,,
SETE BARRAS-SP,,,,,,,,SP,,"17.434,94",,,,,-,,,,,,,,"17.434,94",,,,,,,,"65.812,10",,,,,,,,,
SILVEIRAS-SP,,,,,,,,SP,,"586.786,32",,,,,"2.423,68",,,,,,,,"589.210,00",,,,,,,,"633.189,23",,,,,,,,,
SUZANO-SP,,,,,,,,SP,,"602.636,27",,,,,"80.395,15",,,,,,,,"683.031,42",,,,,,,,"770.989,95",,,,,,,,,
TABOAO DA SERRA-SP,,,,,,,,SP,,"31.699,90",,,,,-,,,,,,,,"31.699,90",,,,,,,,"119.658,43",,,,,,,,,
TAUBATE-SP,,,,,,,,SP,,"602.636,27",,,,,"6.234,29",,,,,,,,"608.870,56",,,,,,,,"696.829,09",,,,,,,,,
TREMEMBE-SP,,,,,,,,SP,,"24.567,42",,,,,-,,,,,,,,"24.567,42",,,,,,,,"92.735,27",,,,,,,,,
UBATUBA-SP,,,,,,,,SP,,"27.737,41",,,,,"43.995,70",,,,,,,,"71.733,11",,,,,,,,"338.965,91",,,,,,,,,
VARGEM GRANDE PAULISTA-SP,,,,,,,,SP,,"24.567,42",,,,,-,,,,,,,,"24.567,42",,,,,,,,"92.735,27",,,,,,,,,
SAO PAULO  TOTAL,,,,,,,,,,"14.363.961,38",,,,,"22.359.565,22",,,,,,,,"36.723.526,60",,,,,,,,"215.951.121,51",,,,,,,,,
