ANADIA,,,AL,,,,,,"26,78",,,,,,-,,,,,,,"26,78",,,,,,,"3.384,09",,,,,,,,
ATALAIA,,,AL,,,,,,"34,59",,,,,,-,,,,,,,"34,59",,,,,,,"4.371,14",,,,,,,,
BARRA DE SANTO ANTONIO,,,AL,,,,,,"23,43",,,,,,-,,,,,,,"23,43",,,,,,,"2.961,09",,,,,,,,
BARRA DE SAO MIGUEL,,,AL,,,,,,"22,31",,,,,,-,,,,,,,"22,31",,,,,,,"2.820,08",,,,,,,,
BOCA DA MATA,,,AL,,,,,,"30,12",,,,,,-,,,,,,,"30,12",,,,,,,"3.807,11",,,,,,,,
BRANQUINHA,,,AL,,,,,,"23,43",,,,,,-,,,,,,,"23,43",,,,,,,"2.961,09",,,,,,,,
CAJUEIRO,,,AL,,,,,,"27,89",,,,,,-,,,,,,,"27,89",,,,,,,"3.525,09",,,,,,,,
CAMPESTRE,,,AL,,,,,,"22,31",,,,,,-,,,,,,,"22,31",,,,,,,"2.820,08",,,,,,,,
CAMPO ALEGRE,,,AL,,,,,,"34,59",,,,,,-,,,,,,,"34,59",,,,,,,"4.371,14",,,,,,,,
CAPELA,,,AL,,,,,,"27,89",,,,,,-,,,,,,,"27,89",,,,,,,"3.525,09",,,,,,,,
CHA PRETA,,,AL,,,,,,"22,31",,,,,,-,,,,,,,"22,31",,,,,,,"2.820,08",,,,,,,,
COLONIA LEOPOLDINA,,,AL,,,,,,"26,78",,,,,,-,,,,,,,"26,78",,,,,,,"3.384,09",,,,,,,,
COQUEIRO SECO,,,AL,,,,,,"385,81",,,,,,"234,46",,,,,,,"620,27",,,,,,,"6.791,46",,,,,,,,
CORURIPE,,,AL,,,,,,"848.907,67",,,,,,"3.803,28",,,,,,,"852.710,95",,,,,,,"5.767.014,69",,,,,,,,
FELIZ DESERTO,,,AL,,,,,,"809,98",,,,,,"1.110,19",,,,,,,"1.920,17",,,,,,,"241.720,58",,,,,,,,
FLEXEIRAS,,,AL,,,,,,"23,43",,,,,,-,,,,,,,"23,43",,,,,,,"3.034,29",,,,,,,,
IBATEGUARA,,,AL,,,,,,"25,66",,,,,,-,,,,,,,"25,66",,,,,,,"3.243,09",,,,,,,,
IGREJA NOVA,,,AL,,,,,,"29,01",,,,,,-,,,,,,,"29,01",,,,,,,"3.666,10",,,,,,,,
JACUIPE,,,AL,,,,,,"22,31",,,,,,-,,,,,,,"22,31",,,,,,,"2.820,08",,,,,,,,
JAPARATINGA,,,AL,,,,,,"22,31",,,,,,-,,,,,,,"22,31",,,,,,,"2.820,08",,,,,,,,
JEQUIA DA PRAIA,,,AL,,,,,,"5.039,75",,,,,,"2.106,38",,,,,,,"7.146,13",,,,,,,"52.424,11",,,,,,,,
JOAQUIM GOMES,,,AL,,,,,,"29,01",,,,,,-,,,,,,,"29,01",,,,,,,"3.666,10",,,,,,,,
JUNDIA,,,AL,,,,,,"22,31",,,,,,-,,,,,,,"22,31",,,,,,,"2.820,08",,,,,,,,
JUNQUEIRO,,,AL,,,,,,"29,01",,,,,,-,,,,,,,"29,01",,,,,,,"3.666,10",,,,,,,,
MACEIO,,,AL,,,,,,"83.679,98",,,,,,"14.948,09",,,,,,,"98.628,07",,,,,,,"554.995,83",,,,,,,,
MARAGOGI,,,AL,,,,,,"29,01",,,,,,-,,,,,,,"29,01",,,,,,,"3.666,10",,,,,,,,
MARECHAL DEODORO,,,AL,,,,,,"142.032,13",,,,,,"104.372,50",,,,,,,"246.404,63",,,,,,,"1.555.901,89",,,,,,,,
MATRIZ DE CAMARAGIBE,,,AL,,,,,,"30,12",,,,,,-,,,,,,,"30,12",,,,,,,"3.733,89",,,,,,,,
MESSIAS,,,AL,,,,,,"23,43",,,,,,-,,,,,,,"23,43",,,,,,,"2.961,09",,,,,,,,
MURICI,,,AL,,,,,,"30,12",,,,,,-,,,,,,,"30,12",,,,,,,"3.807,11",,,,,,,,
NOVO LINO,,,AL,,,,,,"23,43",,,,,,-,,,,,,,"23,43",,,,,,,"2.961,09",,,,,,,,
PARIPUEIRA,,,AL,,,,,,"22,31",,,,,,"6.699,80",,,,,,,"6.722,11",,,,,,,"41.597,16",,,,,,,,
PASSO DE CAMARAGIBE,,,AL,,,,,,"24,54",,,,,,-,,,,,,,"24,54",,,,,,,"3.102,08",,,,,,,,
PENEDO,,,AL,,,,,,"36,82",,,,,,-,,,,,,,"36,82",,,,,,,"4.653,14",,,,,,,,
PIACABUCU,,,AL,,,,,,"26,78",,,,,,-,,,,,,,"26,78",,,,,,,"3.384,09",,,,,,,,
PILAR,,,AL,,,,,,"161.371,74",,,,,,"104.064,62",,,,,,,"265.436,36",,,,,,,"1.391.888,01",,,,,,,,
PINDOBA,,,AL,,,,,,"22,31",,,,,,-,,,,,,,"22,31",,,,,,,"2.820,08",,,,,,,,
PORTO CALVO,,,AL,,,,,,"29,01",,,,,,-,,,,,,,"29,01",,,,,,,"3.666,10",,,,,,,,
PORTO DE PEDRAS,,,AL,,,,,,"23,43",,,,,,-,,,,,,,"23,43",,,,,,,"2.961,09",,,,,,,,
PORTO REAL DO COLEGIO,,,AL,,,,,,"27,89",,,,,,-,,,,,,,"27,89",,,,,,,"3.525,09",,,,,,,,
RIO LARGO,,,AL,,,,,,"2.719,45",,,,,,"1.730,30",,,,,,,"4.449,75",,,,,,,"42.706,12",,,,,,,,
ROTEIRO,,,AL,,,,,,"239,51",,,,,,"140,09",,,,,,,"379,60",,,,,,,"5.130,92",,,,,,,,
SANTA LUZIA DO NORTE,,,AL,,,,,,"22,31",,,,,,-,,,,,,,"22,31",,,,,,,"2.820,08",,,,,,,,
SANTANA DO MUNDAU,,,AL,,,,,,"23,43",,,,,,-,,,,,,,"23,43",,,,,,,"2.961,09",,,,,,,,
SAO JOSE DA LAJE,,,AL,,,,,,"29,01",,,,,,-,,,,,,,"29,01",,,,,,,"3.666,10",,,,,,,,
Superintendência de Controle das Participações Governamentais,,,,,,,,,,,,,,,,,,,,,,,,,,,,,,,,,,,,,
SAO LUIS DO QUITUNDE,,,AL,,,,,,"31,24",,,,,,-,,,,,,,"31,24",,,,,,,"3.948,12",,,,,,,,
SAO MIGUEL DOS CAMPOS,,,AL,,,,,,"211.613,12",,,,,,"122.029,52",,,,,,,"333.642,64",,,,,,,"2.049.618,16",,,,,,,,
SAO MIGUEL DOS MILAGRES,,,AL,,,,,,"22,31",,,,,,-,,,,,,,"22,31",,,,,,,"2.820,08",,,,,,,,
SATUBA,,,AL,,,,,,"32.343,83",,,,,,"20.845,94",,,,,,,"53.189,77",,,,,,,"432.497,30",,,,,,,,
TEOTONIO VILELA,,,AL,,,,,,"33,47",,,,,,-,,,,,,,"33,47",,,,,,,"4.230,13",,,,,,,,
UNIAO DOS PALMARES,,,AL,,,,,,"36,82",,,,,,-,,,,,,,"36,82",,,,,,,"4.653,14",,,,,,,,
VICOSA,,,AL,,,,,,"30,12",,,,,,-,,,,,,,"30,12",,,,,,,"3.807,11",,,,,,,,
TOTAL ALAGOAS,,,,,,,,,"1.490.246,36",,,,,,"382.085,17",,,,,,,"1.872.331,53",,,,,,,"12.278.919,12",,,,,,,,
ANAMA,,,AM,,,,,,-,,,,,,"2.338,62",,,,,,,"2.338,62",,,,,,,"13.121,57",,,,,,,,
ANORI,,,AM,,,,,,-,,,,,,"2.338,62",,,,,,,"2.338,62",,,,,,,"13.121,57",,,,,,,,
AUTAZES,,,AM,,,,,,-,,,,,,"6.281,87",,,,,,,"6.281,87",,,,,,,"33.857,60",,,,,,,,
BERURI,,,AM,,,,,,-,,,,,,"2.338,62",,,,,,,"2.338,62",,,,,,,"13.121,57",,,,,,,,
CAREIRO DA VARZEA,,,AM,,,,,,-,,,,,,"6.281,87",,,,,,,"6.281,87",,,,,,,"33.857,60",,,,,,,,
CAREIRO,,,AM,,,,,,-,,,,,,"2.338,62",,,,,,,"2.338,62",,,,,,,"13.121,57",,,,,,,,
COARI,,,AM,,,,,,"1.778.986,83",,,,,,"1.648.533,84",,,,,,,"3.427.520,67",,,,,,,"19.573.192,16",,,,,,,,
CODAJAS,,,AM,,,,,,-,,,,,,"2.338,62",,,,,,,"2.338,62",,,,,,,"13.121,57",,,,,,,,
IRANDUBA,,,AM,,,,,,-,,,,,,"6.281,87",,,,,,,"6.281,87",,,,,,,"33.857,60",,,,,,,,
ITACOATIARA,,,AM,,,,,,-,,,,,,"6.281,87",,,,,,,"6.281,87",,,,,,,"33.857,60",,,,,,,,
ITAPIRANGA,,,AM,,,,,,-,,,,,,"6.281,87",,,,,,,"6.281,87",,,,,,,"33.857,60",,,,,,,,
MANACAPURU,,,AM,,,,,,-,,,,,,"2.338,62",,,,,,,"2.338,62",,,,,,,"13.121,57",,,,,,,,
MANAQUIRI,,,AM,,,,,,-,,,,,,"2.338,62",,,,,,,"2.338,62",,,,,,,"13.121,57",,,,,,,,
MANAUS,,,AM,,,,,,"919.802,54",,,,,,"78.574,79",,,,,,,"998.377,33",,,,,,,"5.452.066,43",,,,,,,,
PARINTINS,,,AM,,,,,,-,,,,,,"6.281,87",,,,,,,"6.281,87",,,,,,,"33.857,60",,,,,,,,
SILVES,,,AM,,,,,,-,,,,,,"6.281,87",,,,,,,"6.281,87",,,,,,,"33.857,60",,,,,,,,
URUCARA,,,AM,,,,,,-,,,,,,"6.281,87",,,,,,,"6.281,87",,,,,,,"33.857,60",,,,,,,,
URUCURITUBA,,,AM,,,,,,-,,,,,,"6.281,87",,,,,,,"6.281,87",,,,,,,"33.857,60",,,,,,,,
TOTAL AMAZONAS,,,,,,,,,"2.698.789,37",,,,,,"1.800.015,80",,,,,,,"4.498.805,17",,,,,,,"25.421.827,98",,,,,,,,
LARANJAL DO JARI,,,AP,,,,,,-,,,,,,"6.281,87",,,,,,,"6.281,87",,,,,,,"33.857,60",,,,,,,,
MACAPA,,,AP,,,,,,-,,,,,,"6.281,87",,,,,,,"6.281,87",,,,,,,"33.857,60",,,,,,,,
MAZAGAO,,,AP,,,,,,-,,,,,,"6.281,87",,,,,,,"6.281,87",,,,,,,"33.857,60",,,,,,,,
TOTAL AMAPA,,,,,,,,,-,,,,,,"18.845,61",,,,,,,"18.845,61",,,,,,,"101.572,80",,,,,,,,
ACAJUTIBA,,,BA,,,,,,"70,62",,,,,,-,,,,,,,"70,62",,,,,,,"535,64",,,,,,,,
ADUSTINA,,,BA,,,,,,"70,62",,,,,,-,,,,,,,"70,62",,,,,,,"535,64",,,,,,,,
AGUA FRIA,,,BA,,,,,,"70,62",,,,,,-,,,,,,,"70,62",,,,,,,"535,64",,,,,,,,
AIQUARA,,,BA,,,,,,"61,41",,,,,,-,,,,,,,"61,41",,,,,,,"465,77",,,,,,,,
ALAGOINHAS,,,BA,,,,,,"277.619,23",,,,,,"144.878,15",,,,,,,"422.497,38",,,,,,,"2.448.656,02",,,,,,,,
AMARGOSA,,,BA,,,,,,"85,98",,,,,,-,,,,,,,"85,98",,,,,,,"652,09",,,,,,,,
AMELIA RODRIGUES,,,BA,,,,,,"82,91",,,,,,-,,,,,,,"82,91",,,,,,,"628,80",,,,,,,,
ANAGE,,,BA,,,,,,"85,98",,,,,,-,,,,,,,"85,98",,,,,,,"685,35",,,,,,,,
ANGUERA,,,BA,,,,,,"61,41",,,,,,-,,,,,,,"61,41",,,,,,,"465,77",,,,,,,,
ANTAS,,,BA,,,,,,"70,62",,,,,,-,,,,,,,"70,62",,,,,,,"535,64",,,,,,,,
ANTONIO CARDOSO,,,BA,,,,,,"64,48",,,,,,-,,,,,,,"64,48",,,,,,,"489,06",,,,,,,,
APORA,,,BA,,,,,,"73,69",,,,,,-,,,,,,,"73,69",,,,,,,"558,92",,,,,,,,
APUAREMA,,,BA,,,,,,"61,41",,,,,,-,,,,,,,"61,41",,,,,,,"465,77",,,,,,,,
ARACAS,,,BA,,,,,,"219.078,54",,,,,,"95.167,56",,,,,,,"314.246,10",,,,,,,"1.891.290,86",,,,,,,,
ARACI,,,BA,,,,,,"95,19",,,,,,-,,,,,,,"95,19",,,,,,,"721,97",,,,,,,,
ARAMARI,,,BA,,,,,,"61,41",,,,,,-,,,,,,,"61,41",,,,,,,"465,77",,,,,,,,
ARATUIPE,,,BA,,,,,,"61,41",,,,,,-,,,,,,,"61,41",,,,,,,"465,77",,,,,,,,
BAIXA GRANDE,,,BA,,,,,,"79,84",,,,,,-,,,,,,,"79,84",,,,,,,"605,51",,,,,,,,
BANZAE,,,BA,,,,,,"64,48",,,,,,-,,,,,,,"64,48",,,,,,,"489,06",,,,,,,,
BARRA DO CHOCA,,,BA,,,,,,"95,19",,,,,,-,,,,,,,"95,19",,,,,,,"721,97",,,,,,,,
BARROCAS,,,BA,,,,,,"67,55",,,,,,-,,,,,,,"67,55",,,,,,,"512,35",,,,,,,,
BELO CAMPO,,,BA,,,,,,"73,69",,,,,,-,,,,,,,"73,69",,,,,,,"558,92",,,,,,,,
Superintendência de Controle das Participações Governamentais,,,,,,,,,,,,,,,,,,,,,,,,,,,,,,,,,,,,,
BIRITINGA,,,BA,,,,,,"70,62",,,,,,-,,,,,,,"70,62",,,,,,,"535,64",,,,,,,,
BOA NOVA,,,BA,,,,,,"79,84",,,,,,-,,,,,,,"79,84",,,,,,,"605,51",,,,,,,,
BOA VISTA DO TUPIM,,,BA,,,,,,"76,76",,,,,,-,,,,,,,"76,76",,,,,,,"582,22",,,,,,,,
BOM JESUS DA SERRA,,,BA,,,,,,"64,48",,,,,,-,,,,,,,"64,48",,,,,,,"489,06",,,,,,,,
BREJOES,,,BA,,,,,,"70,62",,,,,,-,,,,,,,"70,62",,,,,,,"535,64",,,,,,,,
CAATIBA,,,BA,,,,,,"70,62",,,,,,-,,,,,,,"70,62",,,,,,,"535,64",,,,,,,,
CABACEIRAS DO PARAGUACU,,,BA,,,,,,"70,62",,,,,,-,,,,,,,"70,62",,,,,,,"535,64",,,,,,,,
CACHOEIRA,,,BA,,,,,,"85,98",,,,,,-,,,,,,,"85,98",,,,,,,"652,09",,,,,,,,
CAEM,,,BA,,,,,,"67,55",,,,,,-,,,,,,,"67,55",,,,,,,"512,35",,,,,,,,
CAETANOS,,,BA,,,,,,"67,55",,,,,,-,,,,,,,"67,55",,,,,,,"512,35",,,,,,,,
CAMACARI,,,BA,,,,,,"122,83",,,,,,-,,,,,,,"122,83",,,,,,,"2.733,17",,,,,,,,
CANDEAL,,,BA,,,,,,"64,48",,,,,,-,,,,,,,"64,48",,,,,,,"489,06",,,,,,,,
CANDEIAS,,,BA,,,,,,"205.815,03",,,,,,"266.183,55",,,,,,,"471.998,58",,,,,,,"2.653.728,13",,,,,,,,
CANDIDO SALES,,,BA,,,,,,"85,98",,,,,,-,,,,,,,"85,98",,,,,,,"652,09",,,,,,,,
CANSANCAO,,,BA,,,,,,"85,98",,,,,,-,,,,,,,"85,98",,,,,,,"652,09",,,,,,,,
CANUDOS,,,BA,,,,,,"67,55",,,,,,-,,,,,,,"67,55",,,,,,,"512,35",,,,,,,,
CAPELA DO ALTO ALEGRE,,,BA,,,,,,"64,48",,,,,,-,,,,,,,"64,48",,,,,,,"489,06",,,,,,,,
CAPIM GROSSO,,,BA,,,,,,"79,84",,,,,,-,,,,,,,"79,84",,,,,,,"605,51",,,,,,,,
CARDEAL DA SILVA,,,BA,,,,,,"54.139,66",,,,,,"34.880,47",,,,,,,"89.020,13",,,,,,,"523.528,27",,,,,,,,
CASTRO ALVES,,,BA,,,,,,"82,91",,,,,,-,,,,,,,"82,91",,,,,,,"628,80",,,,,,,,
CATU,,,BA,,,,,,"197.421,59",,,,,,"97.562,69",,,,,,,"294.984,28",,,,,,,"1.834.456,28",,,,,,,,
CICERO DANTAS,,,BA,,,,,,"85,98",,,,,,-,,,,,,,"85,98",,,,,,,"652,09",,,,,,,,
CIPO,,,BA,,,,,,"70,62",,,,,,-,,,,,,,"70,62",,,,,,,"535,64",,,,,,,,
CONCEICAO DA FEIRA,,,BA,,,,,,"73,69",,,,,,-,,,,,,,"73,69",,,,,,,"558,92",,,,,,,,
CONCEICAO DO ALMEIDA,,,BA,,,,,,"76,76",,,,,,-,,,,,,,"76,76",,,,,,,"582,22",,,,,,,,
CONCEICAO DO COITE,,,BA,,,,,,"101,33",,,,,,-,,,,,,,"101,33",,,,,,,"768,54",,,,,,,,
CONCEICAO DO JACUIPE,,,BA,,,,,,"82,91",,,,,,-,,,,,,,"82,91",,,,,,,"628,80",,,,,,,,
CONDE,,,BA,,,,,,"133,21",,,,,,"34,42",,,,,,,"167,63",,,,,,,"5.478,64",,,,,,,,
CORACAO DE MARIA,,,BA,,,,,,"79,84",,,,,,-,,,,,,,"79,84",,,,,,,"605,51",,,,,,,,
CORONEL JOAO SA,,,BA,,,,,,"76,76",,,,,,-,,,,,,,"76,76",,,,,,,"582,22",,,,,,,,
CRAVOLANDIA,,,BA,,,,,,"61,41",,,,,,-,,,,,,,"61,41",,,,,,,"465,77",,,,,,,,
CRISOPOLIS,,,BA,,,,,,"76,76",,,,,,-,,,,,,,"76,76",,,,,,,"582,22",,,,,,,,
CRUZ DAS ALMAS,,,BA,,,,,,"98,26",,,,,,-,,,,,,,"98,26",,,,,,,"745,24",,,,,,,,
DARIO MEIRA,,,BA,,,,,,"70,62",,,,,,-,,,,,,,"70,62",,,,,,,"535,64",,,,,,,,
DIAS D'AVILA,,,BA,,,,,,"1.114,73",,,,,,"428,20",,,,,,,"1.542,93",,,,,,,"10.225,13",,,,,,,,
DOM MACEDO COSTA,,,BA,,,,,,"61,41",,,,,,-,,,,,,,"61,41",,,,,,,"465,77",,,,,,,,
ELISIO MEDRADO,,,BA,,,,,,"61,41",,,,,,-,,,,,,,"61,41",,,,,,,"465,77",,,,,,,,
ENCRUZILHADA,,,BA,,,,,,"89,05",,,,,,-,,,,,,,"89,05",,,,,,,"675,38",,,,,,,,
ENTRE RIOS,,,BA,,,,,,"205.479,74",,,,,,"125.716,29",,,,,,,"331.196,03",,,,,,,"1.956.336,78",,,,,,,,
ESPLANADA,,,BA,,,,,,"359.465,94",,,,,,"211.472,94",,,,,,,"570.938,88",,,,,,,"3.390.699,55",,,,,,,,
EUCLIDES DA CUNHA,,,BA,,,,,,"98,26",,,,,,-,,,,,,,"98,26",,,,,,,"745,24",,,,,,,,
FATIMA,,,BA,,,,,,"76,76",,,,,,-,,,,,,,"76,76",,,,,,,"582,22",,,,,,,,
FEIRA DE SANTANA,,,BA,,,,,,"122,83",,,,,,-,,,,,,,"122,83",,,,,,,"931,57",,,,,,,,
GAVIAO,,,BA,,,,,,"61,41",,,,,,-,,,,,,,"61,41",,,,,,,"465,77",,,,,,,,
GLORIA,,,BA,,,,,,"70,62",,,,,,-,,,,,,,"70,62",,,,,,,"535,64",,,,,,,,
GOVERNADOR MANGABEIRA,,,BA,,,,,,"73,69",,,,,,-,,,,,,,"73,69",,,,,,,"558,92",,,,,,,,
HELIOPOLIS,,,BA,,,,,,"67,55",,,,,,-,,,,,,,"67,55",,,,,,,"512,35",,,,,,,,
IACU,,,BA,,,,,,"85,98",,,,,,-,,,,,,,"85,98",,,,,,,"652,09",,,,,,,,
IBIQUERA,,,BA,,,,,,"61,41",,,,,,-,,,,,,,"61,41",,,,,,,"465,77",,,,,,,,
ICHU,,,BA,,,,,,"61,41",,,,,,-,,,,,,,"61,41",,,,,,,"465,77",,,,,,,,
INHAMBUPE,,,BA,,,,,,"85,98",,,,,,-,,,,,,,"85,98",,,,,,,"652,09",,,,,,,,
IPECAETA,,,BA,,,,,,"76,76",,,,,,-,,,,,,,"76,76",,,,,,,"582,22",,,,,,,,
IPIRA,,,BA,,,,,,"101,33",,,,,,-,,,,,,,"101,33",,,,,,,"768,54",,,,,,,,
Superintendência de Controle das Participações Governamentais,,,,,,,,,,,,,,,,,,,,,,,,,,,,,,,,,,,,,
IRAJUBA,,,BA,,,,,,"61,41",,,,,,-,,,,,,,"61,41",,,,,,,"465,77",,,,,,,,
IRARA,,,BA,,,,,,"82,91",,,,,,-,,,,,,,"82,91",,,,,,,"628,80",,,,,,,,
ITABERABA,,,BA,,,,,,"101,33",,,,,,-,,,,,,,"101,33",,,,,,,"768,54",,,,,,,,
ITAGI,,,BA,,,,,,"70,62",,,,,,-,,,,,,,"70,62",,,,,,,"535,64",,,,,,,,
ITAMBE,,,BA,,,,,,"85,98",,,,,,-,,,,,,,"85,98",,,,,,,"652,09",,,,,,,,
ITANAGRA,,,BA,,,,,,"93.249,36",,,,,,"14.771,91",,,,,,,"108.021,27",,,,,,,"638.833,22",,,,,,,,
ITAPARICA,,,BA,,,,,,"2.124,45",,,,,,"157.967,21",,,,,,,"160.091,66",,,,,,,"721.840,87",,,,,,,,
ITAPETINGA,,,BA,,,,,,"101,33",,,,,,-,,,,,,,"101,33",,,,,,,"768,54",,,,,,,,
ITAPICURU,,,BA,,,,,,"82,91",,,,,,-,,,,,,,"82,91",,,,,,,"628,80",,,,,,,,
ITAQUARA,,,BA,,,,,,"61,41",,,,,,-,,,,,,,"61,41",,,,,,,"465,77",,,,,,,,
ITARANTIM,,,BA,,,,,,"73,69",,,,,,-,,,,,,,"73,69",,,,,,,"547,84",,,,,,,,
ITATIM,,,BA,,,,,,"67,55",,,,,,-,,,,,,,"67,55",,,,,,,"512,35",,,,,,,,
ITIRUCU,,,BA,,,,,,"67,55",,,,,,-,,,,,,,"67,55",,,,,,,"512,35",,,,,,,,
ITIUBA,,,BA,,,,,,"89,05",,,,,,-,,,,,,,"89,05",,,,,,,"675,38",,,,,,,,
JACOBINA,,,BA,,,,,,"107,47",,,,,,-,,,,,,,"107,47",,,,,,,"815,12",,,,,,,,
JAGUAQUARA,,,BA,,,,,,"95,19",,,,,,-,,,,,,,"95,19",,,,,,,"721,97",,,,,,,,
JAGUARIPE,,,BA,,,,,,"67,55",,,,,,-,,,,,,,"67,55",,,,,,,"512,35",,,,,,,,
JANDAIRA,,,BA,,,,,,"64,48",,,,,,-,,,,,,,"64,48",,,,,,,"489,06",,,,,,,,
JEQUIE,,,BA,,,,,,"122,83",,,,,,-,,,,,,,"122,83",,,,,,,"931,57",,,,,,,,
JEREMOABO,,,BA,,,,,,"89,05",,,,,,-,,,,,,,"89,05",,,,,,,"675,38",,,,,,,,
JIQUIRICA,,,BA,,,,,,"67,55",,,,,,-,,,,,,,"67,55",,,,,,,"512,35",,,,,,,,
JITAUNA,,,BA,,,,,,"79,84",,,,,,-,,,,,,,"79,84",,,,,,,"605,51",,,,,,,,
LAFAIETE COUTINHO,,,BA,,,,,,"61,41",,,,,,-,,,,,,,"61,41",,,,,,,"465,77",,,,,,,,
LAJE,,,BA,,,,,,"76,76",,,,,,-,,,,,,,"76,76",,,,,,,"582,22",,,,,,,,
LAJEDINHO,,,BA,,,,,,"61,41",,,,,,-,,,,,,,"61,41",,,,,,,"465,77",,,,,,,,
LAJEDO DO TABOCAL,,,BA,,,,,,"61,41",,,,,,-,,,,,,,"61,41",,,,,,,"465,77",,,,,,,,
LAMARAO,,,BA,,,,,,"61,41",,,,,,-,,,,,,,"61,41",,,,,,,"465,77",,,,,,,,
LAURO DE FREITAS,,,BA,,,,,,"116,68",,,,,,-,,,,,,,"116,68",,,,,,,"884,97",,,,,,,,
MACAJUBA,,,BA,,,,,,"64,48",,,,,,-,,,,,,,"64,48",,,,,,,"489,06",,,,,,,,
MACARANI,,,BA,,,,,,"70,62",,,,,,-,,,,,,,"70,62",,,,,,,"535,64",,,,,,,,
MADRE DE DEUS,,,BA,,,,,,"921.672,06",,,,,,"727.478,68",,,,,,,"1.649.150,74",,,,,,,"8.994.965,99",,,,,,,,
MAIQUINIQUE,,,BA,,,,,,"61,41",,,,,,-,,,,,,,"61,41",,,,,,,"465,77",,,,,,,,
MAIRI,,,BA,,,,,,"79,84",,,,,,-,,,,,,,"79,84",,,,,,,"605,51",,,,,,,,
MANOEL VITORINO,,,BA,,,,,,"73,69",,,,,,-,,,,,,,"73,69",,,,,,,"558,92",,,,,,,,
MARACAS,,,BA,,,,,,"85,98",,,,,,-,,,,,,,"85,98",,,,,,,"652,09",,,,,,,,
MARAGOGIPE,,,BA,,,,,,"95,19",,,,,,-,,,,,,,"95,19",,,,,,,"721,97",,,,,,,,
MARCIONILIO SOUZA,,,BA,,,,,,"64,48",,,,,,-,,,,,,,"64,48",,,,,,,"489,06",,,,,,,,
MATA DE SAO JOAO,,,BA,,,,,,"146.148,33",,,,,,"54.536,22",,,,,,,"200.684,55",,,,,,,"1.331.287,47",,,,,,,,
MIGUEL CALMON,,,BA,,,,,,"85,98",,,,,,-,,,,,,,"85,98",,,,,,,"652,09",,,,,,,,
MILAGRES,,,BA,,,,,,"67,55",,,,,,-,,,,,,,"67,55",,,,,,,"512,35",,,,,,,,
MIRANTE,,,BA,,,,,,"67,55",,,,,,-,,,,,,,"67,55",,,,,,,"512,35",,,,,,,,
MONTE SANTO,,,BA,,,,,,"98,26",,,,,,-,,,,,,,"98,26",,,,,,,"745,24",,,,,,,,
MUNDO NOVO,,,BA,,,,,,"79,84",,,,,,-,,,,,,,"79,84",,,,,,,"605,51",,,,,,,,
MUNIZ FERREIRA,,,BA,,,,,,"61,41",,,,,,-,,,,,,,"61,41",,,,,,,"465,77",,,,,,,,
MURITIBA,,,BA,,,,,,"85,98",,,,,,-,,,,,,,"85,98",,,,,,,"652,09",,,,,,,,
MUTUIPE,,,BA,,,,,,"79,84",,,,,,-,,,,,,,"79,84",,,,,,,"605,51",,,,,,,,
NAZARE,,,BA,,,,,,"82,91",,,,,,-,,,,,,,"82,91",,,,,,,"628,80",,,,,,,,
NORDESTINA,,,BA,,,,,,"64,48",,,,,,-,,,,,,,"64,48",,,,,,,"489,06",,,,,,,,
NOVA CANAA,,,BA,,,,,,"70,62",,,,,,-,,,,,,,"70,62",,,,,,,"535,64",,,,,,,,
NOVA FATIMA,,,BA,,,,,,"61,41",,,,,,-,,,,,,,"61,41",,,,,,,"465,77",,,,,,,,
NOVA ITARANA,,,BA,,,,,,"61,41",,,,,,-,,,,,,,"61,41",,,,,,,"465,77",,,,,,,,
NOVA SOURE,,,BA,,,,,,"82,91",,,,,,-,,,,,,,"82,91",,,,,,,"628,80",,,,,,,,
NOVO TRIUNFO,,,BA,,,,,,"67,55",,,,,,-,,,,,,,"67,55",,,,,,,"512,35",,,,,,,,
Superintendência de Controle das Participações Governamentais,,,,,,,,,,,,,,,,,,,,,,,,,,,,,,,,,,,,,
OLINDINA,,,BA,,,,,,"79,84",,,,,,-,,,,,,,"79,84",,,,,,,"605,51",,,,,,,,
OURICANGAS,,,BA,,,,,,"61,41",,,,,,-,,,,,,,"61,41",,,,,,,"465,77",,,,,,,,
OUROLANDIA,,,BA,,,,,,"70,62",,,,,,-,,,,,,,"70,62",,,,,,,"535,64",,,,,,,,
PARIPIRANGA,,,BA,,,,,,"82,91",,,,,,-,,,,,,,"82,91",,,,,,,"628,80",,,,,,,,
PAULO AFONSO,,,BA,,,,,,"113,61",,,,,,-,,,,,,,"113,61",,,,,,,"861,70",,,,,,,,
PE DE SERRA,,,BA,,,,,,"67,55",,,,,,-,,,,,,,"67,55",,,,,,,"512,35",,,,,,,,
PEDRAO,,,BA,,,,,,"61,41",,,,,,-,,,,,,,"61,41",,,,,,,"465,77",,,,,,,,
PEDRO ALEXANDRE,,,BA,,,,,,"73,69",,,,,,-,,,,,,,"73,69",,,,,,,"558,92",,,,,,,,
PINTADAS,,,BA,,,,,,"64,48",,,,,,-,,,,,,,"64,48",,,,,,,"489,06",,,,,,,,
PIRITIBA,,,BA,,,,,,"76,76",,,,,,-,,,,,,,"76,76",,,,,,,"582,22",,,,,,,,
PLANALTINO,,,BA,,,,,,"61,41",,,,,,-,,,,,,,"61,41",,,,,,,"465,77",,,,,,,,
PLANALTO,,,BA,,,,,,"79,84",,,,,,-,,,,,,,"79,84",,,,,,,"605,51",,,,,,,,
POCOES,,,BA,,,,,,"95,19",,,,,,-,,,,,,,"95,19",,,,,,,"721,97",,,,,,,,
POJUCA,,,BA,,,,,,"631.527,11",,,,,,"610.932,02",,,,,,,"1.242.459,13",,,,,,,"7.787.440,01",,,,,,,,
QUEIMADAS,,,BA,,,,,,"82,91",,,,,,-,,,,,,,"82,91",,,,,,,"628,80",,,,,,,,
QUIJINGUE,,,BA,,,,,,"82,91",,,,,,-,,,,,,,"82,91",,,,,,,"628,80",,,,,,,,
QUIXABEIRA,,,BA,,,,,,"61,41",,,,,,-,,,,,,,"61,41",,,,,,,"465,77",,,,,,,,
RAFAEL JAMBEIRO,,,BA,,,,,,"79,84",,,,,,-,,,,,,,"79,84",,,,,,,"605,51",,,,,,,,
RETIROLANDIA,,,BA,,,,,,"64,48",,,,,,-,,,,,,,"64,48",,,,,,,"489,06",,,,,,,,
RIACHAO DO JACUIPE,,,BA,,,,,,"85,98",,,,,,-,,,,,,,"85,98",,,,,,,"652,09",,,,,,,,
RIBEIRA DO AMPARO,,,BA,,,,,,"67,55",,,,,,-,,,,,,,"67,55",,,,,,,"512,35",,,,,,,,
RIBEIRA DO POMBAL,,,BA,,,,,,"95,19",,,,,,-,,,,,,,"95,19",,,,,,,"721,97",,,,,,,,
RIBEIRAO DO LARGO,,,BA,,,,,,"70,62",,,,,,-,,,,,,,"70,62",,,,,,,"535,64",,,,,,,,
RIO REAL,,,BA,,,,,,"89,05",,,,,,-,,,,,,,"89,05",,,,,,,"675,38",,,,,,,,
RUY BARBOSA,,,BA,,,,,,"85,98",,,,,,-,,,,,,,"85,98",,,,,,,"652,09",,,,,,,,
SALINAS DA MARGARIDA,,,BA,,,,,,"1.784,54",,,,,,"157.967,21",,,,,,,"159.751,75",,,,,,,"719.261,80",,,,,,,,
SALVADOR,,,BA,,,,,,"3.399,12",,,,,,"157.967,21",,,,,,,"161.366,33",,,,,,,"731.512,40",,,,,,,,
SANTA BARBARA,,,BA,,,,,,"73,69",,,,,,-,,,,,,,"73,69",,,,,,,"558,92",,,,,,,,
SANTA BRIGIDA,,,BA,,,,,,"73,69",,,,,,-,,,,,,,"73,69",,,,,,,"558,92",,,,,,,,
SANTA INES,,,BA,,,,,,"64,48",,,,,,-,,,,,,,"64,48",,,,,,,"489,06",,,,,,,,
SANTA TERESINHA,,,BA,,,,,,"61,41",,,,,,-,,,,,,,"61,41",,,,,,,"465,77",,,,,,,,
SANTALUZ,,,BA,,,,,,"85,98",,,,,,-,,,,,,,"85,98",,,,,,,"652,09",,,,,,,,
SANTANOPOLIS,,,BA,,,,,,"61,41",,,,,,-,,,,,,,"61,41",,,,,,,"465,77",,,,,,,,
SANTO AMARO,,,BA,,,,,,"2.804,28",,,,,,"157.967,21",,,,,,,"160.771,49",,,,,,,"726.999,03",,,,,,,,
SANTO ANTONIO DE JESUS,,,BA,,,,,,"107,47",,,,,,-,,,,,,,"107,47",,,,,,,"815,12",,,,,,,,
SANTO ESTEVAO,,,BA,,,,,,"95,19",,,,,,-,,,,,,,"95,19",,,,,,,"721,97",,,,,,,,
SAO DOMINGOS,,,BA,,,,,,"61,41",,,,,,-,,,,,,,"61,41",,,,,,,"465,77",,,,,,,,
SAO FELIPE,,,BA,,,,,,"79,84",,,,,,-,,,,,,,"79,84",,,,,,,"605,51",,,,,,,,
SAO FELIX,,,BA,,,,,,"67,55",,,,,,-,,,,,,,"67,55",,,,,,,"512,35",,,,,,,,
SAO FRANCISCO DO CONDE,,,BA,,,,,,"944.775,50",,,,,,"206.032,02",,,,,,,"1.150.807,52",,,,,,,"6.873.335,12",,,,,,,,
SAO GONCALO DOS CAMPOS,,,BA,,,,,,"82,91",,,,,,-,,,,,,,"82,91",,,,,,,"628,80",,,,,,,,
SAO JOSE DO JACUIPE,,,BA,,,,,,"61,41",,,,,,-,,,,,,,"61,41",,,,,,,"465,77",,,,,,,,
SAO MIGUEL DAS MATAS,,,BA,,,,,,"64,48",,,,,,-,,,,,,,"64,48",,,,,,,"489,06",,,,,,,,
SAO SEBASTIAO DO PASSE,,,BA,,,,,,"234.657,80",,,,,,"158.562,79",,,,,,,"393.220,59",,,,,,,"2.364.040,20",,,,,,,,
SAPEACU,,,BA,,,,,,"73,69",,,,,,-,,,,,,,"73,69",,,,,,,"558,92",,,,,,,,
SATIRO DIAS,,,BA,,,,,,"73,69",,,,,,-,,,,,,,"73,69",,,,,,,"558,92",,,,,,,,
SAUBARA,,,BA,,,,,,"1.784,54",,,,,,"157.967,21",,,,,,,"159.751,75",,,,,,,"719.261,80",,,,,,,,
SERRA PRETA,,,BA,,,,,,"73,69",,,,,,-,,,,,,,"73,69",,,,,,,"558,92",,,,,,,,
SERRINHA,,,BA,,,,,,"104,40",,,,,,-,,,,,,,"104,40",,,,,,,"814,00",,,,,,,,
SERROLANDIA,,,BA,,,,,,"67,55",,,,,,-,,,,,,,"67,55",,,,,,,"512,35",,,,,,,,
SIMOES FILHO,,,BA,,,,,,"83.208,76",,,,,,"5.779,43",,,,,,,"88.988,19",,,,,,,"523.527,25",,,,,,,,
SITIO DO QUINTO,,,BA,,,,,,"73,69",,,,,,-,,,,,,,"73,69",,,,,,,"558,92",,,,,,,,
TANQUINHO,,,BA,,,,,,"61,41",,,,,,-,,,,,,,"61,41",,,,,,,"465,77",,,,,,,,
Superintendência de Controle das Participações Governamentais,,,,,,,,,,,,,,,,,,,,,,,,,,,,,,,,,,,,,
TAPIRAMUTA,,,BA,,,,,,"73,69",,,,,,-,,,,,,,"73,69",,,,,,,"558,92",,,,,,,,
TEODORO SAMPAIO,,,BA,,,,,,"61,41",,,,,,-,,,,,,,"61,41",,,,,,,"465,77",,,,,,,,
TEOFILANDIA,,,BA,,,,,,"79,84",,,,,,-,,,,,,,"79,84",,,,,,,"605,51",,,,,,,,
TERRA NOVA,,,BA,,,,,,"162,23",,,,,,"61,07",,,,,,,"223,30",,,,,,,"1.379,02",,,,,,,,
TUCANO,,,BA,,,,,,"98,26",,,,,,-,,,,,,,"98,26",,,,,,,"745,24",,,,,,,,
UAUA,,,BA,,,,,,"82,91",,,,,,-,,,,,,,"82,91",,,,,,,"628,80",,,,,,,,
UBAIRA,,,BA,,,,,,"79,84",,,,,,-,,,,,,,"79,84",,,,,,,"605,51",,,,,,,,
VALENTE,,,BA,,,,,,"76,76",,,,,,-,,,,,,,"76,76",,,,,,,"582,22",,,,,,,,
VARZEA DA ROCA,,,BA,,,,,,"67,55",,,,,,-,,,,,,,"67,55",,,,,,,"512,35",,,,,,,,
VARZEA DO POCO,,,BA,,,,,,"61,41",,,,,,-,,,,,,,"61,41",,,,,,,"465,77",,,,,,,,
VARZEA NOVA,,,BA,,,,,,"70,62",,,,,,-,,,,,,,"70,62",,,,,,,"535,64",,,,,,,,
VARZEDO,,,BA,,,,,,"61,41",,,,,,-,,,,,,,"61,41",,,,,,,"465,77",,,,,,,,
VERA CRUZ,,,BA,,,,,,"85,98",,,,,,-,,,,,,,"85,98",,,,,,,"652,09",,,,,,,,
VITORIA DA CONQUISTA,,,BA,,,,,,"122,83",,,,,,-,,,,,,,"122,83",,,,,,,"931,57",,,,,,,,
TOTAL BAHIA,,,,,,,,,"4.600.852,11",,,,,,"3.544.314,46",,,,,,,"8.145.166,57",,,,,,,"46.950.700,30",,,,,,,,
ACARAU,,,CE,,,,,,"2.671,07",,,,,,-,,,,,,,"2.671,07",,,,,,,"15.677,76",,,,,,,,
ALCANTARAS,,,CE,,,,,,"1.669,41",,,,,,-,,,,,,,"1.669,41",,,,,,,"9.798,58",,,,,,,,
AMONTADA,,,CE,,,,,,"55.755,30",,,,,,"73.882,59",,,,,,,"129.637,89",,,,,,,"782.375,89",,,,,,,,
APUIARES,,,CE,,,,,,"1.836,36",,,,,,-,,,,,,,"1.836,36",,,,,,,"10.778,44",,,,,,,,
AQUIRAZ-CE,,,CE,,,,,,-,,,,,,-,,,,,,,-,,,,,,,"13.593,39",,,,,,,,
ARACATI,,,CE,,,,,,"466.578,68",,,,,,"11.111,31",,,,,,,"477.689,99",,,,,,,"2.974.836,82",,,,,,,,
ARARENDA,,,CE,,,,,,"1.752,89",,,,,,-,,,,,,,"1.752,89",,,,,,,"10.288,52",,,,,,,,
BARROQUINHA,,,CE,,,,,,"1.836,36",,,,,,-,,,,,,,"1.836,36",,,,,,,"10.778,44",,,,,,,,
BELA CRUZ,,,CE,,,,,,"2.337,18",,,,,,-,,,,,,,"2.337,18",,,,,,,"13.718,04",,,,,,,,
CAMOCIM,,,CE,,,,,,"2.671,07",,,,,,-,,,,,,,"2.671,07",,,,,,,"15.677,76",,,,,,,,
CANINDE,,,CE,,,,,,"2.838,01",,,,,,-,,,,,,,"2.838,01",,,,,,,"16.657,61",,,,,,,,
CARIDADE,,,CE,,,,,,"1.919,83",,,,,,-,,,,,,,"1.919,83",,,,,,,"11.268,37",,,,,,,,
CARIRE,,,CE,,,,,,"2.086,77",,,,,,-,,,,,,,"2.086,77",,,,,,,"12.248,23",,,,,,,,
CARNAUBAL,,,CE,,,,,,"1.919,83",,,,,,-,,,,,,,"1.919,83",,,,,,,"11.268,37",,,,,,,,
CATUNDA,,,CE,,,,,,"1.669,41",,,,,,-,,,,,,,"1.669,41",,,,,,,"9.798,58",,,,,,,,
CAUCAIA-CE,,,CE,,,,,,-,,,,,,-,,,,,,,-,,,,,,,"13.593,39",,,,,,,,
CHAVAL,,,CE,,,,,,"1.836,36",,,,,,-,,,,,,,"1.836,36",,,,,,,"10.778,44",,,,,,,,
COREAU,,,CE,,,,,,"2.086,77",,,,,,-,,,,,,,"2.086,77",,,,,,,"12.248,23",,,,,,,,
CRATEUS,,,CE,,,,,,"2.838,01",,,,,,-,,,,,,,"2.838,01",,,,,,,"16.657,61",,,,,,,,
CROATA,,,CE,,,,,,"2.003,30",,,,,,-,,,,,,,"2.003,30",,,,,,,"11.758,32",,,,,,,,
CRUZ,,,CE,,,,,,"2.086,77",,,,,,-,,,,,,,"2.086,77",,,,,,,"12.248,23",,,,,,,,
FORQUILHA,,,CE,,,,,,"2.003,30",,,,,,-,,,,,,,"2.003,30",,,,,,,"11.758,32",,,,,,,,
FORTALEZA,,,CE,,,,,,"48.385,34",,,,,,-,,,,,,,"48.385,34",,,,,,,"1.261.445,05",,,,,,,,
FRECHEIRINHA,,,CE,,,,,,"1.752,89",,,,,,-,,,,,,,"1.752,89",,,,,,,"10.288,52",,,,,,,,
GENERAL SAMPAIO,,,CE,,,,,,"1.669,41",,,,,,-,,,,,,,"1.669,41",,,,,,,"9.798,58",,,,,,,,
GRACA,,,CE,,,,,,"1.919,83",,,,,,-,,,,,,,"1.919,83",,,,,,,"11.268,37",,,,,,,,
GRANJA,,,CE,,,,,,"2.671,07",,,,,,-,,,,,,,"2.671,07",,,,,,,"15.677,76",,,,,,,,
GROAIRAS,,,CE,,,,,,"1.669,41",,,,,,-,,,,,,,"1.669,41",,,,,,,"9.798,58",,,,,,,,
GUARACIABA DO NORTE,,,CE,,,,,,"2.420,65",,,,,,-,,,,,,,"2.420,65",,,,,,,"14.207,96",,,,,,,,
HIDROLANDIA,,,CE,,,,,,"2.003,30",,,,,,-,,,,,,,"2.003,30",,,,,,,"11.758,32",,,,,,,,
IBIAPINA,,,CE,,,,,,"2.170,24",,,,,,-,,,,,,,"2.170,24",,,,,,,"12.738,17",,,,,,,,
ICAPUI,,,CE,,,,,,"93.510,70",,,,,,"15.270,84",,,,,,,"108.781,54",,,,,,,"803.002,97",,,,,,,,
INDEPENDENCIA,,,CE,,,,,,"2.253,71",,,,,,-,,,,,,,"2.253,71",,,,,,,"13.228,09",,,,,,,,
IPAPORANGA,,,CE,,,,,,"1.752,89",,,,,,-,,,,,,,"1.752,89",,,,,,,"10.288,52",,,,,,,,
IPU,,,CE,,,,,,"2.504,12",,,,,,-,,,,,,,"2.504,12",,,,,,,"14.697,89",,,,,,,,
IPUEIRAS,,,CE,,,,,,"2.504,12",,,,,,-,,,,,,,"2.504,12",,,,,,,"14.697,89",,,,,,,,
IRAUCUBA,,,CE,,,,,,"2.086,77",,,,,,-,,,,,,,"2.086,77",,,,,,,"12.248,23",,,,,,,,
ITAPAGE,,,CE,,,,,,"2.587,60",,,,,,-,,,,,,,"2.587,60",,,,,,,"15.187,83",,,,,,,,
Superintendência de Controle das Participações Governamentais,,,,,,,,,,,,,,,,,,,,,,,,,,,,,,,,,,,,,
ITAPIPOCA,,,CE,,,,,,"69.213,47",,,,,,"74.731,71",,,,,,,"143.945,18",,,,,,,"800.581,50",,,,,,,,
ITAREMA,,,CE,,,,,,"53.832,70",,,,,,"32.830,74",,,,,,,"86.663,44",,,,,,,"531.500,61",,,,,,,,
JIJOCA DE JERICOACOARA,,,CE,,,,,,"1.836,36",,,,,,-,,,,,,,"1.836,36",,,,,,,"10.778,44",,,,,,,,
MARCO,,,CE,,,,,,"2.170,24",,,,,,-,,,,,,,"2.170,24",,,,,,,"12.738,17",,,,,,,,
MARTINOPOLE,,,CE,,,,,,"1.669,41",,,,,,-,,,,,,,"1.669,41",,,,,,,"9.798,58",,,,,,,,
MASSAPE,,,CE,,,,,,"2.337,18",,,,,,-,,,,,,,"2.337,18",,,,,,,"13.718,04",,,,,,,,
MERUOCA,,,CE,,,,,,"1.752,89",,,,,,-,,,,,,,"1.752,89",,,,,,,"10.288,52",,,,,,,,
MIRAIMA,,,CE,,,,,,"1.752,89",,,,,,-,,,,,,,"1.752,89",,,,,,,"10.288,52",,,,,,,,
MONSENHOR TABOSA,,,CE,,,,,,"2.003,30",,,,,,-,,,,,,,"2.003,30",,,,,,,"11.758,32",,,,,,,,
MORAUJO,,,CE,,,,,,"1.669,41",,,,,,-,,,,,,,"1.669,41",,,,,,,"9.798,58",,,,,,,,
MORRINHOS,,,CE,,,,,,"2.003,30",,,,,,-,,,,,,,"2.003,30",,,,,,,"11.758,32",,,,,,,,
MUCAMBO,,,CE,,,,,,"1.836,36",,,,,,-,,,,,,,"1.836,36",,,,,,,"10.778,44",,,,,,,,
NOVA RUSSAS,,,CE,,,,,,"2.337,18",,,,,,-,,,,,,,"2.337,18",,,,,,,"13.718,04",,,,,,,,
NOVO ORIENTE,,,CE,,,,,,"2.253,71",,,,,,-,,,,,,,"2.253,71",,,,,,,"13.228,09",,,,,,,,
PACUJA,,,CE,,,,,,"1.669,41",,,,,,-,,,,,,,"1.669,41",,,,,,,"9.798,58",,,,,,,,
PARACURU,,,CE,,,,,,"51.910,10",,,,,,"97.924,61",,,,,,,"149.834,71",,,,,,,"918.949,69",,,,,,,,
PARAIPABA,,,CE,,,,,,"2.253,71",,,,,,"2.473,77",,,,,,,"4.727,48",,,,,,,"29.227,53",,,,,,,,
PARAMOTI,,,CE,,,,,,"1.752,89",,,,,,-,,,,,,,"1.752,89",,,,,,,"10.288,52",,,,,,,,
PENTECOSTE,,,CE,,,,,,"2.420,65",,,,,,-,,,,,,,"2.420,65",,,,,,,"14.207,96",,,,,,,,
PIRES FERREIRA,,,CE,,,,,,"1.669,41",,,,,,-,,,,,,,"1.669,41",,,,,,,"9.798,58",,,,,,,,
PORANGA,,,CE,,,,,,"1.752,89",,,,,,-,,,,,,,"1.752,89",,,,,,,"10.288,52",,,,,,,,
QUITERIANOPOLIS,,,CE,,,,,,"2.086,77",,,,,,-,,,,,,,"2.086,77",,,,,,,"12.248,23",,,,,,,,
RERIUTABA,,,CE,,,,,,"2.170,24",,,,,,-,,,,,,,"2.170,24",,,,,,,"12.738,17",,,,,,,,
SANTA QUITERIA,,,CE,,,,,,"2.587,60",,,,,,-,,,,,,,"2.587,60",,,,,,,"15.187,83",,,,,,,,
SANTANA DO ACARAU,,,CE,,,,,,"2.253,71",,,,,,-,,,,,,,"2.253,71",,,,,,,"13.228,09",,,,,,,,
SAO BENEDITO,,,CE,,,,,,"2.504,12",,,,,,-,,,,,,,"2.504,12",,,,,,,"14.697,89",,,,,,,,
SAO GONCALO DO AMARANTE,,,CE,,,,,,"2.420,65",,,,,,-,,,,,,,"2.420,65",,,,,,,"14.207,96",,,,,,,,
SAO LUIS DO CURU,,,CE,,,,,,"1.752,89",,,,,,-,,,,,,,"1.752,89",,,,,,,"10.288,52",,,,,,,,
SENADOR SA,,,CE,,,,,,"1.669,41",,,,,,-,,,,,,,"1.669,41",,,,,,,"9.798,58",,,,,,,,
SOBRAL,,,CE,,,,,,"3.338,83",,,,,,-,,,,,,,"3.338,83",,,,,,,"19.597,19",,,,,,,,
TAMBORIL,,,CE,,,,,,"2.253,71",,,,,,-,,,,,,,"2.253,71",,,,,,,"13.228,09",,,,,,,,
TEJUCUOCA,,,CE,,,,,,"1.836,36",,,,,,-,,,,,,,"1.836,36",,,,,,,"10.778,44",,,,,,,,
TIANGUA,,,CE,,,,,,"2.754,54",,,,,,-,,,,,,,"2.754,54",,,,,,,"16.167,68",,,,,,,,
TRAIRI,,,CE,,,,,,"59.600,49",,,,,,"81.046,66",,,,,,,"140.647,15",,,,,,,"784.546,76",,,,,,,,
TURURU,,,CE,,,,,,"1.752,89",,,,,,-,,,,,,,"1.752,89",,,,,,,"10.288,52",,,,,,,,
UBAJARA,,,CE,,,,,,"2.253,71",,,,,,-,,,,,,,"2.253,71",,,,,,,"13.228,09",,,,,,,,
UMIRIM,,,CE,,,,,,"2.003,30",,,,,,-,,,,,,,"2.003,30",,,,,,,"11.758,32",,,,,,,,
URUBURETAMA,,,CE,,,,,,"2.003,30",,,,,,-,,,,,,,"2.003,30",,,,,,,"11.758,32",,,,,,,,
URUOCA,,,CE,,,,,,"1.752,89",,,,,,-,,,,,,,"1.752,89",,,,,,,"10.288,52",,,,,,,,
VARJOTA,,,CE,,,,,,"2.003,30",,,,,,-,,,,,,,"2.003,30",,,,,,,"11.758,32",,,,,,,,
VICOSA DO CEARA,,,CE,,,,,,"2.587,60",,,,,,-,,,,,,,"2.587,60",,,,,,,"15.187,83",,,,,,,,
TOTAL CEARA,,,,,,,,,"1.043.942,50",,,,,,"389.272,23",,,,,,,"1.433.214,73",,,,,,,"9.752.412,97",,,,,,,,
AFONSO CLAUDIO,,,ES,,,,,,"5.374,34",,,,,,-,,,,,,,"5.374,34",,,,,,,"15.196,03",,,,,,,,
AGUA DOCE DO NORTE,,,ES,,,,,,"4.077,09",,,,,,-,,,,,,,"4.077,09",,,,,,,"11.528,00",,,,,,,,
AGUIA BRANCA,,,ES,,,,,,"3.706,44",,,,,,-,,,,,,,"3.706,44",,,,,,,"10.480,00",,,,,,,,
ALEGRE,,,ES,,,,,,"5.189,02",,,,,,-,,,,,,,"5.189,02",,,,,,,"14.672,03",,,,,,,,
ALFREDO CHAVES,,,ES,,,,,,"4.077,09",,,,,,-,,,,,,,"4.077,09",,,,,,,"11.528,00",,,,,,,,
ALTO RIO NOVO,,,ES,,,,,,"3.706,44",,,,,,-,,,,,,,"3.706,44",,,,,,,"10.480,00",,,,,,,,
ANCHIETA,,,ES,,,,,,"77.721,92",,,,,,-,,,,,,,"77.721,92",,,,,,,"219.759,96",,,,,,,,
APIACA,,,ES,,,,,,"3.706,44",,,,,,-,,,,,,,"3.706,44",,,,,,,"10.480,00",,,,,,,,
ARACRUZ,,,ES,,,,,,"419.613,99",,,,,,"57.773,94",,,,,,,"477.387,93",,,,,,,"2.944.787,35",,,,,,,,
ATILIO VIVACQUA,,,ES,,,,,,"3.706,44",,,,,,-,,,,,,,"3.706,44",,,,,,,"10.480,00",,,,,,,,
BAIXO GUANDU,,,ES,,,,,,"5.003,70",,,,,,-,,,,,,,"5.003,70",,,,,,,"14.148,04",,,,,,,,
Superintendência de Controle das Participações Governamentais,,,,,,,,,,,,,,,,,,,,,,,,,,,,,,,,,,,,,
BARRA DE SAO FRANCISCO,,,ES,,,,,,"5.559,67",,,,,,-,,,,,,,"5.559,67",,,,,,,"15.720,03",,,,,,,,
BOA ESPERANCA,,,ES,,,,,,"4.077,09",,,,,,-,,,,,,,"4.077,09",,,,,,,"11.528,00",,,,,,,,
BOM JESUS DO NORTE,,,ES,,,,,,"3.706,44",,,,,,-,,,,,,,"3.706,44",,,,,,,"10.480,00",,,,,,,,
BREJETUBA,,,ES,,,,,,"3.891,76",,,,,,-,,,,,,,"3.891,76",,,,,,,"11.004,00",,,,,,,,
CACHOEIRO DE ITAPEMIRIM,,,ES,,,,,,"7.412,89",,,,,,-,,,,,,,"7.412,89",,,,,,,"20.960,04",,,,,,,,
CASTELO,,,ES,,,,,,"5.374,34",,,,,,-,,,,,,,"5.374,34",,,,,,,"15.196,03",,,,,,,,
COLATINA,,,ES,,,,,,"6.856,92",,,,,,-,,,,,,,"6.856,92",,,,,,,"19.675,09",,,,,,,,
CONCEICAO DA BARRA,,,ES,,,,,,"88.834,08",,,,,,"5.167,46",,,,,,,"94.001,54",,,,,,,"535.327,40",,,,,,,,
CONCEICAO DO CASTELO,,,ES,,,,,,"3.891,76",,,,,,-,,,,,,,"3.891,76",,,,,,,"11.004,00",,,,,,,,
DIVINO DE SAO LOURENCO,,,ES,,,,,,"3.706,44",,,,,,-,,,,,,,"3.706,44",,,,,,,"10.480,00",,,,,,,,
DOMINGOS MARTINS,,,ES,,,,,,"5.189,02",,,,,,-,,,,,,,"5.189,02",,,,,,,"14.672,03",,,,,,,,
DORES DO RIO PRETO,,,ES,,,,,,"3.706,44",,,,,,-,,,,,,,"3.706,44",,,,,,,"10.480,00",,,,,,,,
ECOPORANGA,,,ES,,,,,,"4.818,38",,,,,,-,,,,,,,"4.818,38",,,,,,,"13.624,02",,,,,,,,
FUNDAO,,,ES,,,,,,"4.077,09",,,,,,-,,,,,,,"4.077,09",,,,,,,"11.528,00",,,,,,,,
GOVERNADOR LINDENBERG,,,ES,,,,,,"3.706,44",,,,,,-,,,,,,,"3.706,44",,,,,,,"10.480,00",,,,,,,,
GUACUI,,,ES,,,,,,"5.003,70",,,,,,-,,,,,,,"5.003,70",,,,,,,"14.148,04",,,,,,,,
GUARAPARI,,,ES,,,,,,"6.671,60",,,,,,-,,,,,,,"6.671,60",,,,,,,"18.864,04",,,,,,,,
IBATIBA,,,ES,,,,,,"4.633,05",,,,,,-,,,,,,,"4.633,05",,,,,,,"13.100,01",,,,,,,,
IBIRACU,,,ES,,,,,,"3.891,76",,,,,,-,,,,,,,"3.891,76",,,,,,,"11.004,00",,,,,,,,
IBITIRAMA,,,ES,,,,,,"3.706,44",,,,,,-,,,,,,,"3.706,44",,,,,,,"10.480,00",,,,,,,,
ICONHA,,,ES,,,,,,"3.891,76",,,,,,-,,,,,,,"3.891,76",,,,,,,"11.004,00",,,,,,,,
IRUPI,,,ES,,,,,,"3.891,76",,,,,,-,,,,,,,"3.891,76",,,,,,,"11.004,00",,,,,,,,
ITAGUACU,,,ES,,,,,,"4.262,41",,,,,,-,,,,,,,"4.262,41",,,,,,,"12.052,02",,,,,,,,
ITAPEMIRIM,,,ES,,,,,,"87.048,55",,,,,,"247.985,15",,,,,,,"335.033,70",,,,,,,"3.126.532,99",,,,,,,,
ITARANA,,,ES,,,,,,"3.891,76",,,,,,-,,,,,,,"3.891,76",,,,,,,"11.004,00",,,,,,,,
IUNA,,,ES,,,,,,"5.003,70",,,,,,-,,,,,,,"5.003,70",,,,,,,"14.148,04",,,,,,,,
JAGUARE,,,ES,,,,,,"410.787,15",,,,,,"178.619,47",,,,,,,"589.406,62",,,,,,,"3.726.350,46",,,,,,,,
JERONIMO MONTEIRO,,,ES,,,,,,"3.891,76",,,,,,-,,,,,,,"3.891,76",,,,,,,"11.004,00",,,,,,,,
JOAO NEIVA,,,ES,,,,,,"4.262,41",,,,,,-,,,,,,,"4.262,41",,,,,,,"12.052,02",,,,,,,,
LARANJA DA TERRA,,,ES,,,,,,"3.891,76",,,,,,-,,,,,,,"3.891,76",,,,,,,"11.004,00",,,,,,,,
LINHARES,,,ES,,,,,,"1.213.256,48",,,,,,"224.325,86",,,,,,,"1.437.582,34",,,,,,,"8.756.981,32",,,,,,,,
MANTENOPOLIS,,,ES,,,,,,"4.077,09",,,,,,-,,,,,,,"4.077,09",,,,,,,"11.240,95",,,,,,,,
MARATAIZES,,,ES,,,,,,"5.189,02",,,,,,"35.399,93",,,,,,,"40.588,95",,,,,,,"425.849,59",,,,,,,,
MARECHAL FLORIANO,,,ES,,,,,,"4.077,09",,,,,,-,,,,,,,"4.077,09",,,,,,,"11.528,00",,,,,,,,
MARILANDIA,,,ES,,,,,,"3.706,44",,,,,,-,,,,,,,"3.706,44",,,,,,,"10.480,00",,,,,,,,
MIMOSO DO SUL,,,ES,,,,,,"5.003,70",,,,,,-,,,,,,,"5.003,70",,,,,,,"14.148,04",,,,,,,,
MONTANHA,,,ES,,,,,,"4.447,73",,,,,,-,,,,,,,"4.447,73",,,,,,,"12.576,01",,,,,,,,
MUCURICI,,,ES,,,,,,"3.706,44",,,,,,-,,,,,,,"3.706,44",,,,,,,"10.480,00",,,,,,,,
MUNIZ FREIRE,,,ES,,,,,,"4.633,05",,,,,,-,,,,,,,"4.633,05",,,,,,,"13.100,01",,,,,,,,
MUQUI,,,ES,,,,,,"4.077,09",,,,,,-,,,,,,,"4.077,09",,,,,,,"11.528,00",,,,,,,,
NOVA VENECIA,,,ES,,,,,,"5.744,99",,,,,,-,,,,,,,"5.744,99",,,,,,,"16.244,04",,,,,,,,
PANCAS,,,ES,,,,,,"4.818,38",,,,,,-,,,,,,,"4.818,38",,,,,,,"13.624,02",,,,,,,,
PEDRO CANARIO,,,ES,,,,,,"4.818,38",,,,,,-,,,,,,,"4.818,38",,,,,,,"13.624,02",,,,,,,,
PINHEIROS,,,ES,,,,,,"4.818,38",,,,,,-,,,,,,,"4.818,38",,,,,,,"13.624,02",,,,,,,,
PIUMA,,,ES,,,,,,"4.262,41",,,,,,-,,,,,,,"4.262,41",,,,,,,"12.052,02",,,,,,,,
PONTO BELO,,,ES,,,,,,"3.706,44",,,,,,-,,,,,,,"3.706,44",,,,,,,"10.480,00",,,,,,,,
PRESIDENTE KENNEDY,,,ES,,,,,,"62.177,53",,,,,,"677.328,18",,,,,,,"739.505,71",,,,,,,"5.697.798,82",,,,,,,,
RIO BANANAL,,,ES,,,,,,"4.447,73",,,,,,-,,,,,,,"4.447,73",,,,,,,"12.576,01",,,,,,,,
RIO NOVO DO SUL,,,ES,,,,,,"3.891,76",,,,,,-,,,,,,,"3.891,76",,,,,,,"11.004,00",,,,,,,,
SANTA LEOPOLDINA,,,ES,,,,,,"4.077,09",,,,,,-,,,,,,,"4.077,09",,,,,,,"11.528,00",,,,,,,,
SANTA MARIA DE JETIBA,,,ES,,,,,,"5.189,02",,,,,,-,,,,,,,"5.189,02",,,,,,,"14.672,03",,,,,,,,
SANTA TERESA,,,ES,,,,,,"4.818,38",,,,,,-,,,,,,,"4.818,38",,,,,,,"13.624,02",,,,,,,,
SAO DOMINGOS DO NORTE,,,ES,,,,,,"3.706,44",,,,,,-,,,,,,,"3.706,44",,,,,,,"10.480,00",,,,,,,,
Superintendência de Controle das Participações Governamentais,,,,,,,,,,,,,,,,,,,,,,,,,,,,,,,,,,,,,
SAO GABRIEL DA PALHA,,,ES,,,,,,"5.003,70",,,,,,-,,,,,,,"5.003,70",,,,,,,"14.148,04",,,,,,,,
SAO JOSE DO CALCADO,,,ES,,,,,,"3.891,76",,,,,,-,,,,,,,"3.891,76",,,,,,,"11.004,00",,,,,,,,
SAO MATEUS,,,ES,,,,,,"1.159.468,99",,,,,,"144.719,64",,,,,,,"1.304.188,63",,,,,,,"7.841.700,82",,,,,,,,
SAO ROQUE DO CANAA,,,ES,,,,,,"3.891,76",,,,,,-,,,,,,,"3.891,76",,,,,,,"11.004,00",,,,,,,,
SOORETAMA,,,ES,,,,,,"4.633,05",,,,,,-,,,,,,,"4.633,05",,,,,,,"13.100,01",,,,,,,,
VARGEM ALTA,,,ES,,,,,,"4.447,73",,,,,,-,,,,,,,"4.447,73",,,,,,,"12.576,01",,,,,,,,
VENDA NOVA DO IMIGRANTE,,,ES,,,,,,"4.447,73",,,,,,-,,,,,,,"4.447,73",,,,,,,"12.576,01",,,,,,,,
VILA PAVAO,,,ES,,,,,,"3.706,44",,,,,,-,,,,,,,"3.706,44",,,,,,,"10.480,00",,,,,,,,
VILA VALERIO,,,ES,,,,,,"4.077,09",,,,,,-,,,,,,,"4.077,09",,,,,,,"11.528,00",,,,,,,,
TOTAL ESPIRITO SANTO,,,,,,,,,"3.807.640,55",,,,,,"1.571.319,63",,,,,,,"5.378.960,18",,,,,,,"34.076.809,48",,,,,,,,
JUIZ DE FORA,,,MG,,,,,,"368.548,14",,,,,,-,,,,,,,"368.548,14",,,,,,,"2.185.445,86",,,,,,,,
TOTAL MINAS GERAIS,,,,,,,,,"368.548,14",,,,,,-,,,,,,,"368.548,14",,,,,,,"2.185.445,86",,,,,,,,
AFUA,,,PA,,,,,,-,,,,,,"6.281,87",,,,,,,"6.281,87",,,,,,,"33.857,60",,,,,,,,
ALENQUER,,,PA,,,,,,-,,,,,,"6.281,87",,,,,,,"6.281,87",,,,,,,"33.857,60",,,,,,,,
ALMEIRIM,,,PA,,,,,,-,,,,,,"6.281,87",,,,,,,"6.281,87",,,,,,,"33.857,60",,,,,,,,
ANAJAS,,,PA,,,,,,-,,,,,,"6.281,87",,,,,,,"6.281,87",,,,,,,"33.857,60",,,,,,,,
BREVES,,,PA,,,,,,-,,,,,,"6.281,87",,,,,,,"6.281,87",,,,,,,"33.857,60",,,,,,,,
CHAVES,,,PA,,,,,,-,,,,,,"6.281,87",,,,,,,"6.281,87",,,,,,,"33.857,60",,,,,,,,
CURUA,,,PA,,,,,,-,,,,,,"6.281,87",,,,,,,"6.281,87",,,,,,,"33.857,60",,,,,,,,
FARO,,,PA,,,,,,-,,,,,,"6.281,87",,,,,,,"6.281,87",,,,,,,"33.857,60",,,,,,,,
GURUPA,,,PA,,,,,,-,,,,,,"6.281,87",,,,,,,"6.281,87",,,,,,,"33.857,60",,,,,,,,
JURUTI,,,PA,,,,,,-,,,,,,"6.281,87",,,,,,,"6.281,87",,,,,,,"33.857,60",,,,,,,,
MELGACO,,,PA,,,,,,-,,,,,,"6.281,87",,,,,,,"6.281,87",,,,,,,"33.857,60",,,,,,,,
MONTE ALEGRE,,,PA,,,,,,-,,,,,,"6.281,87",,,,,,,"6.281,87",,,,,,,"33.857,60",,,,,,,,
OBIDOS,,,PA,,,,,,-,,,,,,"6.281,87",,,,,,,"6.281,87",,,,,,,"33.857,60",,,,,,,,
PORTO DE MOZ,,,PA,,,,,,-,,,,,,"6.281,87",,,,,,,"6.281,87",,,,,,,"33.857,60",,,,,,,,
PRAINHA,,,PA,,,,,,-,,,,,,"6.281,87",,,,,,,"6.281,87",,,,,,,"33.857,60",,,,,,,,
SANTAREM,,,PA,,,,,,-,,,,,,"6.281,87",,,,,,,"6.281,87",,,,,,,"33.857,60",,,,,,,,
TERRA SANTA,,,PA,,,,,,-,,,,,,"6.281,87",,,,,,,"6.281,87",,,,,,,"33.857,60",,,,,,,,
TOTAL PARA,,,,,,,,,-,,,,,,"106.791,79",,,,,,,"106.791,79",,,,,,,"575.579,20",,,,,,,,
PAULISTA,,,PE,,,,,,"413.313,04",,,,,,-,,,,,,,"413.313,04",,,,,,,"2.450.446,29",,,,,,,,
TOTAL PERNAMBUCO,,,,,,,,,"413.313,04",,,,,,-,,,,,,,"413.313,04",,,,,,,"2.450.446,29",,,,,,,,
ADRIANOPOLIS,,,PR,,,,,,"3.474,18",,,,,,-,,,,,,,"3.474,18",,,,,,,"19.051,64",,,,,,,,
AGUDOS DO SUL,,,PR,,,,,,"3.474,18",,,,,,-,,,,,,,"3.474,18",,,,,,,"19.051,64",,,,,,,,
ALMIRANTE TAMANDARE,,,PR,,,,,,"6.253,53",,,,,,-,,,,,,,"6.253,53",,,,,,,"34.292,98",,,,,,,,
ANTONINA,,,PR,,,,,,"4.342,73",,,,,,-,,,,,,,"4.342,73",,,,,,,"23.814,55",,,,,,,,
ARAUCARIA,,,PR,,,,,,"6.253,53",,,,,,-,,,,,,,"6.253,53",,,,,,,"34.292,98",,,,,,,,
BALSA NOVA,,,PR,,,,,,"3.647,89",,,,,,-,,,,,,,"3.647,89",,,,,,,"20.004,22",,,,,,,,
BOCAIUVA DO SUL,,,PR,,,,,,"3.474,18",,,,,,-,,,,,,,"3.474,18",,,,,,,"19.051,64",,,,,,,,
CAMPINA GRANDE DO SUL,,,PR,,,,,,"5.037,56",,,,,,-,,,,,,,"5.037,56",,,,,,,"27.624,89",,,,,,,,
CAMPO DO TENENTE,,,PR,,,,,,"3.474,18",,,,,,-,,,,,,,"3.474,18",,,,,,,"19.051,64",,,,,,,,
CAMPO LARGO,,,PR,,,,,,"6.253,53",,,,,,-,,,,,,,"6.253,53",,,,,,,"34.292,98",,,,,,,,
CAMPO MAGRO,,,PR,,,,,,"4.516,43",,,,,,-,,,,,,,"4.516,43",,,,,,,"24.767,13",,,,,,,,
CERRO AZUL,,,PR,,,,,,"4.169,02",,,,,,-,,,,,,,"4.169,02",,,,,,,"22.861,98",,,,,,,,
COLOMBO,,,PR,,,,,,"6.948,36",,,,,,-,,,,,,,"6.948,36",,,,,,,"38.103,31",,,,,,,,
CONTENDA,,,PR,,,,,,"3.821,60",,,,,,-,,,,,,,"3.821,60",,,,,,,"20.956,81",,,,,,,,
CURITIBA,,,PR,,,,,,"6.948,36",,,,,,-,,,,,,,"6.948,36",,,,,,,"38.103,31",,,,,,,,
DOUTOR ULYSSES,,,PR,,,,,,"3.474,18",,,,,,-,,,,,,,"3.474,18",,,,,,,"19.051,64",,,,,,,,
FAZENDA RIO GRANDE,,,PR,,,,,,"5.732,40",,,,,,-,,,,,,,"5.732,40",,,,,,,"31.435,23",,,,,,,,
GUARAQUECABA,,,PR,,,,,,"3.474,18",,,,,,-,,,,,,,"3.474,18",,,,,,,"19.051,64",,,,,,,,
GUARATUBA,,,PR,,,,,,"4.690,14",,,,,,-,,,,,,,"4.690,14",,,,,,,"25.719,72",,,,,,,,
ITAPERUCU,,,PR,,,,,,"4.342,73",,,,,,-,,,,,,,"4.342,73",,,,,,,"23.814,55",,,,,,,,
LAPA,,,PR,,,,,,"5.384,98",,,,,,-,,,,,,,"5.384,98",,,,,,,"29.530,06",,,,,,,,
Superintendência de Controle das Participações Governamentais,,,,,,,,,,,,,,,,,,,,,,,,,,,,,,,,,,,,,
MANDIRITUBA,,,PR,,,,,,"4.169,02",,,,,,-,,,,,,,"4.169,02",,,,,,,"22.861,98",,,,,,,,
MATINHOS,,,PR,,,,,,"254.310,30",,,,,,"128.813,25",,,,,,,"383.123,55",,,,,,,"2.702.188,56",,,,,,,,
MORRETES,,,PR,,,,,,"3.995,31",,,,,,-,,,,,,,"3.995,31",,,,,,,"21.909,39",,,,,,,,
PARANAGUA,,,PR,,,,,,"6.600,95",,,,,,-,,,,,,,"6.600,95",,,,,,,"36.198,15",,,,,,,,
PIEN,,,PR,,,,,,"3.474,18",,,,,,-,,,,,,,"3.474,18",,,,,,,"19.051,64",,,,,,,,
PINHAIS,,,PR,,,,,,"6.427,24",,,,,,-,,,,,,,"6.427,24",,,,,,,"35.245,57",,,,,,,,
PIRAQUARA,,,PR,,,,,,"6.079,82",,,,,,-,,,,,,,"6.079,82",,,,,,,"33.340,40",,,,,,,,
PONTAL DO PARANA,,,PR,,,,,,"3.995,31",,,,,,"93.708,25",,,,,,,"97.703,56",,,,,,,"973.158,45",,,,,,,,
PORTO AMAZONAS,,,PR,,,,,,"3.474,18",,,,,,-,,,,,,,"3.474,18",,,,,,,"19.051,64",,,,,,,,
QUATRO BARRAS,,,PR,,,,,,"4.169,02",,,,,,-,,,,,,,"4.169,02",,,,,,,"22.861,98",,,,,,,,
QUITANDINHA,,,PR,,,,,,"3.995,31",,,,,,-,,,,,,,"3.995,31",,,,,,,"21.909,39",,,,,,,,
RIO BRANCO DO SUL,,,PR,,,,,,"4.863,85",,,,,,-,,,,,,,"4.863,85",,,,,,,"26.672,31",,,,,,,,
RIO NEGRO,,,PR,,,,,,"4.863,85",,,,,,-,,,,,,,"4.863,85",,,,,,,"26.672,31",,,,,,,,
SAO JOSE DOS PINHAIS,,,PR,,,,,,"6.948,36",,,,,,-,,,,,,,"6.948,36",,,,,,,"38.103,31",,,,,,,,
TIJUCAS DO SUL,,,PR,,,,,,"3.821,60",,,,,,-,,,,,,,"3.821,60",,,,,,,"20.956,81",,,,,,,,
TUNAS DO PARANA,,,PR,,,,,,"3.474,18",,,,,,-,,,,,,,"3.474,18",,,,,,,"19.051,64",,,,,,,,
TOTAL PARANA,,,,,,,,,"423.850,35",,,,,,"222.521,50",,,,,,,"646.371,85",,,,,,,"4.583.158,07",,,,,,,,
ANGRA DOS REIS,,,RJ,,,,,,"845.492,81",,,,,,"259.265,06",,,,,,,"1.104.757,87",,,,,,,"6.888.967,31",,,,,,,,
APERIBE,,,RJ,,,,,,"204.458,12",,,,,,-,,,,,,,"204.458,12",,,,,,,"1.400.857,32",,,,,,,,
ARARUAMA,,,RJ,,,,,,"368.024,63",,,,,,-,,,,,,,"368.024,63",,,,,,,"2.521.543,23",,,,,,,,
ARMACAO DOS BUZIOS,,,RJ,,,,,,"1.683.902,98",,,,,,"761.754,86",,,,,,,"2.445.657,84",,,,,,,"16.360.281,16",,,,,,,,
ARRAIAL DO CABO,,,RJ,,,,,,"265.795,56",,,,,,"36.982,40",,,,,,,"302.777,96",,,,,,,"2.021.941,98",,,,,,,,
BARRA MANSA,,,RJ,,,,,,"368.548,14",,,,,,-,,,,,,,"368.548,14",,,,,,,"2.185.445,86",,,,,,,,
BELFORD ROXO,,,RJ,,,,,,"408.916,25",,,,,,-,,,,,,,"408.916,25",,,,,,,"1.784.327,95",,,,,,,,
BOM JARDIM,,,RJ,,,,,,"265.795,56",,,,,,-,,,,,,,"265.795,56",,,,,,,"1.821.114,53",,,,,,,,
BOM JESUS DO ITABAPOANA,,,RJ,,,,,,"296.464,28",,,,,,-,,,,,,,"296.464,28",,,,,,,"2.031.243,14",,,,,,,,
CABO FRIO,,,RJ,,,,,,"2.559.532,53",,,,,,"3.472.886,68",,,,,,,"6.032.419,21",,,,,,,"38.244.310,00",,,,,,,,
CACHOEIRAS DE MACACU,,,RJ,,,,,,"907.623,70",,,,,,-,,,,,,,"907.623,70",,,,,,,"5.411.512,46",,,,,,,,
CAMBUCI,,,RJ,,,,,,"235.126,84",,,,,,-,,,,,,,"235.126,84",,,,,,,"1.610.985,93",,,,,,,,
CAMPOS DOS GOYTACAZES,,,RJ,,,,,,"2.694.244,77",,,,,,"19.718.183,98",,,,,,,"22.412.428,75",,,,,,,"133.630.306,42",,,,,,,,
CANTAGALO,,,RJ,,,,,,"255.572,66",,,,,,-,,,,,,,"255.572,66",,,,,,,"1.751.071,68",,,,,,,,
CARAPEBUS,,,RJ,,,,,,"1.347.122,38",,,,,,"482.067,99",,,,,,,"1.829.190,37",,,,,,,"11.572.345,22",,,,,,,,
CARDOSO MOREIRA,,,RJ,,,,,,"224.903,94",,,,,,-,,,,,,,"224.903,94",,,,,,,"1.540.943,06",,,,,,,,
CARMO,,,RJ,,,,,,"235.126,84",,,,,,-,,,,,,,"235.126,84",,,,,,,"1.610.985,93",,,,,,,,
CASIMIRO DE ABREU,,,RJ,,,,,,"1.751.259,10",,,,,,"376.021,67",,,,,,,"2.127.280,77",,,,,,,"13.740.009,70",,,,,,,,
CONCEICAO DE MACABU,,,RJ,,,,,,"255.572,66",,,,,,-,,,,,,,"255.572,66",,,,,,,"1.751.071,68",,,,,,,,
CORDEIRO,,,RJ,,,,,,"255.572,66",,,,,,-,,,,,,,"255.572,66",,,,,,,"1.751.071,68",,,,,,,,
DUAS BARRAS,,,RJ,,,,,,"214.681,03",,,,,,-,,,,,,,"214.681,03",,,,,,,"1.470.900,20",,,,,,,,
DUQUE DE CAXIAS,,,RJ,,,,,,"1.296.605,29",,,,,,"15.152,93",,,,,,,"1.311.758,22",,,,,,,"7.811.045,65",,,,,,,,
GUAPIMIRIM,,,RJ,,,,,,"972.453,97",,,,,,"15.152,93",,,,,,,"987.606,90",,,,,,,"5.878.362,63",,,,,,,,
IGUABA GRANDE,,,RJ,,,,,,"235.126,84",,,,,,-,,,,,,,"235.126,84",,,,,,,"1.610.985,93",,,,,,,,
ITABORAI,,,RJ,,,,,,"408.916,25",,,,,,"15.152,93",,,,,,,"424.069,18",,,,,,,"1.864.641,51",,,,,,,,
ITAGUAI,,,RJ,,,,,,"368.024,63",,,,,,-,,,,,,,"368.024,63",,,,,,,"1.605.895,17",,,,,,,,
ITALVA,,,RJ,,,,,,"224.903,94",,,,,,-,,,,,,,"224.903,94",,,,,,,"1.540.943,06",,,,,,,,
ITAOCARA,,,RJ,,,,,,"265.795,56",,,,,,-,,,,,,,"265.795,56",,,,,,,"1.821.114,53",,,,,,,,
ITAPERUNA,,,RJ,,,,,,"368.024,63",,,,,,-,,,,,,,"368.024,63",,,,,,,"2.521.543,23",,,,,,,,
JAPERI,,,RJ,,,,,,"736.572,77",,,,,,-,,,,,,,"736.572,77",,,,,,,"3.791.341,03",,,,,,,,
LAJE DO MURIAE,,,RJ,,,,,,"204.458,12",,,,,,-,,,,,,,"204.458,12",,,,,,,"1.400.857,32",,,,,,,,
MACAE,,,RJ,,,,,,"11.218.335,18",,,,,,"7.376.245,57",,,,,,,"18.594.580,75",,,,,,,"111.554.414,60",,,,,,,,
MACUCO,,,RJ,,,,,,"204.458,12",,,,,,-,,,,,,,"204.458,12",,,,,,,"1.400.857,32",,,,,,,,
MAGE,,,RJ,,,,,,"1.166.944,76",,,,,,"15.152,93",,,,,,,"1.182.097,69",,,,,,,"7.037.972,45",,,,,,,,
MANGARATIBA,,,RJ,,,,,,"276.018,47",,,,,,"194.448,79",,,,,,,"470.467,26",,,,,,,"2.371.687,99",,,,,,,,
MARICA,,,RJ,,,,,,"357.801,72",,,,,,-,,,,,,,"357.801,72",,,,,,,"1.561.286,96",,,,,,,,
Superintendência de Controle das Participações Governamentais,,,,,,,,,,,,,,,,,,,,,,,,,,,,,,,,,,,,,
MESQUITA,,,RJ,,,,,,"408.916,25",,,,,,-,,,,,,,"408.916,25",,,,,,,"1.784.327,95",,,,,,,,
MIRACEMA,,,RJ,,,,,,"276.018,47",,,,,,-,,,,,,,"276.018,47",,,,,,,"1.891.157,41",,,,,,,,
NATIVIDADE,,,RJ,,,,,,"235.126,84",,,,,,-,,,,,,,"235.126,84",,,,,,,"1.610.985,93",,,,,,,,
NILOPOLIS,,,RJ,,,,,,"408.916,25",,,,,,-,,,,,,,"408.916,25",,,,,,,"1.784.327,95",,,,,,,,
NITEROI,,,RJ,,,,,,"2.694.244,77",,,,,,"15.152,93",,,,,,,"2.709.397,70",,,,,,,"11.836.794,90",,,,,,,,
NOVA FRIBURGO,,,RJ,,,,,,"408.916,25",,,,,,-,,,,,,,"408.916,25",,,,,,,"2.801.714,68",,,,,,,,
NOVA IGUACU,,,RJ,,,,,,"408.916,25",,,,,,-,,,,,,,"408.916,25",,,,,,,"1.784.327,95",,,,,,,,
PARACAMBI,,,RJ,,,,,,"316.910,09",,,,,,-,,,,,,,"316.910,09",,,,,,,"1.382.854,16",,,,,,,,
PARATI,,,RJ,,,,,,-,,,,,,"194.448,79",,,,,,,"194.448,79",,,,,,,"1.167.266,62",,,,,,,,
PETROPOLIS,,,RJ,,,,,,"408.916,25",,,,,,-,,,,,,,"408.916,25",,,,,,,"2.801.714,68",,,,,,,,
PIRAI,,,RJ,,,,,,"368.548,14",,,,,,-,,,,,,,"368.548,14",,,,,,,"2.185.445,86",,,,,,,,
PORCIUNCULA,,,RJ,,,,,,"235.126,84",,,,,,-,,,,,,,"235.126,84",,,,,,,"1.610.985,93",,,,,,,,
QUEIMADOS,,,RJ,,,,,,"388.470,44",,,,,,-,,,,,,,"388.470,44",,,,,,,"1.695.111,57",,,,,,,,
QUISSAMA,,,RJ,,,,,,"1.481.834,62",,,,,,"2.193.594,71",,,,,,,"3.675.429,33",,,,,,,"24.601.016,89",,,,,,,,
RIO BONITO,,,RJ,,,,,,"327.133,00",,,,,,-,,,,,,,"327.133,00",,,,,,,"2.241.371,74",,,,,,,,
RIO DAS OSTRAS,,,RJ,,,,,,"2.020.683,57",,,,,,"6.490.300,62",,,,,,,"8.510.984,19",,,,,,,"51.216.459,05",,,,,,,,
RIO DE JANEIRO,,,RJ,,,,,,"3.539.737,58",,,,,,"60.611,74",,,,,,,"3.600.349,32",,,,,,,"16.535.537,29",,,,,,,,
SANTA MARIA MADALENA,,,RJ,,,,,,"214.681,03",,,,,,-,,,,,,,"214.681,03",,,,,,,"1.470.900,20",,,,,,,,
SANTO ANTONIO DE PADUA,,,RJ,,,,,,"306.687,19",,,,,,-,,,,,,,"306.687,19",,,,,,,"2.101.286,01",,,,,,,,
SAO FIDELIS,,,RJ,,,,,,"306.687,19",,,,,,-,,,,,,,"306.687,19",,,,,,,"2.101.286,01",,,,,,,,
SAO FRANCISCO DE ITABAPOANA,,,RJ,,,,,,"316.910,09",,,,,,-,,,,,,,"316.910,09",,,,,,,"2.171.328,87",,,,,,,,
SAO GONCALO,,,RJ,,,,,,"408.916,25",,,,,,"15.152,93",,,,,,,"424.069,18",,,,,,,"1.864.641,51",,,,,,,,
SAO JOAO DA BARRA,,,RJ,,,,,,"1.818.615,22",,,,,,"827.511,72",,,,,,,"2.646.126,94",,,,,,,"16.548.446,46",,,,,,,,
SAO JOAO DE MERITI,,,RJ,,,,,,"408.916,25",,,,,,-,,,,,,,"408.916,25",,,,,,,"1.784.327,95",,,,,,,,
SAO JOSE DE UBA,,,RJ,,,,,,"204.458,12",,,,,,-,,,,,,,"204.458,12",,,,,,,"1.400.857,32",,,,,,,,
SAO JOSE DO VALE DO RIO PRETO,,,RJ,,,,,,"255.572,66",,,,,,-,,,,,,,"255.572,66",,,,,,,"1.751.071,68",,,,,,,,
SAO PEDRO DA ALDEIA,,,RJ,,,,,,"337.355,91",,,,,,-,,,,,,,"337.355,91",,,,,,,"2.311.414,62",,,,,,,,
SAO SEBASTIAO DO ALTO,,,RJ,,,,,,"204.458,12",,,,,,-,,,,,,,"204.458,12",,,,,,,"1.400.857,32",,,,,,,,
SAQUAREMA,,,RJ,,,,,,"327.133,00",,,,,,-,,,,,,,"327.133,00",,,,,,,"2.241.371,74",,,,,,,,
SEROPEDICA,,,RJ,,,,,,"347.578,81",,,,,,-,,,,,,,"347.578,81",,,,,,,"1.516.678,77",,,,,,,,
SILVA JARDIM,,,RJ,,,,,,"842.793,44",,,,,,-,,,,,,,"842.793,44",,,,,,,"5.024.975,85",,,,,,,,
SUMIDOURO,,,RJ,,,,,,"235.126,84",,,,,,-,,,,,,,"235.126,84",,,,,,,"1.610.985,93",,,,,,,,
TANGUA,,,RJ,,,,,,"276.018,47",,,,,,-,,,,,,,"276.018,47",,,,,,,"1.204.421,37",,,,,,,,
TERESOPOLIS,,,RJ,,,,,,"398.693,35",,,,,,-,,,,,,,"398.693,35",,,,,,,"2.731.671,83",,,,,,,,
TRAJANO DE MORAIS,,,RJ,,,,,,"214.681,03",,,,,,-,,,,,,,"214.681,03",,,,,,,"1.470.900,20",,,,,,,,
VARRE-SAI,,,RJ,,,,,,"204.458,12",,,,,,-,,,,,,,"204.458,12",,,,,,,"1.400.857,32",,,,,,,,
VOLTA REDONDA,,,RJ,,,,,,"368.548,14",,,,,,-,,,,,,,"368.548,14",,,,,,,"2.185.445,86",,,,,,,,
TOTAL RIO DE JANEIRO,,,,,,,,,"55.874.882,53",,,,,,"42.535.242,16",,,,,,,"98.410.124,69",,,,,,,"588.099.313,20",,,,,,,,
ACARI,,,RN,,,,,,"4.591,25",,,,,,-,,,,,,,"4.591,25",,,,,,,"27.350,28",,,,,,,,
ACU,,,RN,,,,,,"188.866,39",,,,,,"75.965,91",,,,,,,"264.832,30",,,,,,,"1.638.545,88",,,,,,,,
AFONSO BEZERRA,,,RN,,,,,,"4.591,25",,,,,,-,,,,,,,"4.591,25",,,,,,,"27.350,28",,,,,,,,
AGUA NOVA,,,RN,,,,,,"4.372,62",,,,,,-,,,,,,,"4.372,62",,,,,,,"26.047,88",,,,,,,,
ALEXANDRIA,,,RN,,,,,,"4.809,88",,,,,,-,,,,,,,"4.809,88",,,,,,,"28.652,68",,,,,,,,
ALMINO AFONSO,,,RN,,,,,,"4.372,62",,,,,,-,,,,,,,"4.372,62",,,,,,,"26.047,88",,,,,,,,
ALTO DO RODRIGUES,,,RN,,,,,,"255.081,80",,,,,,"99.082,60",,,,,,,"354.164,40",,,,,,,"1.981.893,61",,,,,,,,
ANTONIO MARTINS,,,RN,,,,,,"4.372,62",,,,,,-,,,,,,,"4.372,62",,,,,,,"26.047,88",,,,,,,,
APODI,,,RN,,,,,,"186.469,98",,,,,,"91.541,80",,,,,,,"278.011,78",,,,,,,"1.689.752,40",,,,,,,,
AREIA BRANCA,,,RN,,,,,,"451.575,80",,,,,,"360.816,22",,,,,,,"812.392,02",,,,,,,"5.335.364,97",,,,,,,,
AUGUSTO SEVERO,,,RN,,,,,,"4.372,62",,,,,,-,,,,,,,"4.372,62",,,,,,,"26.047,88",,,,,,,,
BARAUNA,,,RN,,,,,,"5.465,78",,,,,,-,,,,,,,"5.465,78",,,,,,,"32.559,86",,,,,,,,
CAICO,,,RN,,,,,,"7.214,83",,,,,,-,,,,,,,"7.214,83",,,,,,,"42.979,03",,,,,,,,
CARAUBAS,,,RN,,,,,,"113.249,98",,,,,,"28.931,27",,,,,,,"142.181,25",,,,,,,"901.028,27",,,,,,,,
CARNAUBA DOS DANTAS,,,RN,,,,,,"4.372,62",,,,,,-,,,,,,,"4.372,62",,,,,,,"26.047,88",,,,,,,,
Superintendência de Controle das Participações Governamentais,,,,,,,,,,,,,,,,,,,,,,,,,,,,,,,,,,,,,
CARNAUBAIS,,,RN,,,,,,"122.579,44",,,,,,"20.992,61",,,,,,,"143.572,05",,,,,,,"882.349,47",,,,,,,,
CERRO CORA,,,RN,,,,,,"4.591,25",,,,,,-,,,,,,,"4.591,25",,,,,,,"27.350,28",,,,,,,,
CORONEL JOAO PESSOA,,,RN,,,,,,"4.372,62",,,,,,-,,,,,,,"4.372,62",,,,,,,"26.047,88",,,,,,,,
CRUZETA,,,RN,,,,,,"4.372,62",,,,,,-,,,,,,,"4.372,62",,,,,,,"26.047,88",,,,,,,,
CURRAIS NOVOS,,,RN,,,,,,"6.777,57",,,,,,-,,,,,,,"6.777,57",,,,,,,"40.374,25",,,,,,,,
DOUTOR SEVERIANO,,,RN,,,,,,"4.372,62",,,,,,-,,,,,,,"4.372,62",,,,,,,"26.047,88",,,,,,,,
ENCANTO,,,RN,,,,,,"4.372,62",,,,,,-,,,,,,,"4.372,62",,,,,,,"26.047,88",,,,,,,,
EQUADOR,,,RN,,,,,,"4.372,62",,,,,,-,,,,,,,"4.372,62",,,,,,,"26.047,88",,,,,,,,
FELIPE GUERRA,,,RN,,,,,,"123.671,82",,,,,,"33.793,17",,,,,,,"157.464,99",,,,,,,"932.696,53",,,,,,,,
FLORANIA,,,RN,,,,,,"4.372,62",,,,,,-,,,,,,,"4.372,62",,,,,,,"26.047,88",,,,,,,,
FRANCISCO DANTAS,,,RN,,,,,,"4.372,62",,,,,,-,,,,,,,"4.372,62",,,,,,,"26.047,88",,,,,,,,
FRUTUOSO GOMES,,,RN,,,,,,"4.372,62",,,,,,-,,,,,,,"4.372,62",,,,,,,"26.047,88",,,,,,,,
GALINHOS,,,RN,,,,,,"4.372,62",,,,,,"89.335,03",,,,,,,"93.707,65",,,,,,,"518.318,90",,,,,,,,
GOVERNADOR DIX-SEPT ROSADO,,,RN,,,,,,"205.937,72",,,,,,"106.482,51",,,,,,,"312.420,23",,,,,,,"1.855.691,38",,,,,,,,
GROSSOS,,,RN,,,,,,"57.952,68",,,,,,"59.059,97",,,,,,,"117.012,65",,,,,,,"790.500,39",,,,,,,,
GUAMARE,,,RN,,,,,,"990.281,61",,,,,,"674.553,05",,,,,,,"1.664.834,66",,,,,,,"9.893.953,21",,,,,,,,
IELMO MARINHO,,,RN,,,,,,"413.313,04",,,,,,-,,,,,,,"413.313,04",,,,,,,"2.450.446,29",,,,,,,,
IPANGUACU,,,RN,,,,,,"4.591,25",,,,,,-,,,,,,,"4.591,25",,,,,,,"27.350,28",,,,,,,,
IPUEIRA,,,RN,,,,,,"4.372,62",,,,,,-,,,,,,,"4.372,62",,,,,,,"26.047,88",,,,,,,,
ITAJA,,,RN,,,,,,"4.372,62",,,,,,-,,,,,,,"4.372,62",,,,,,,"26.047,88",,,,,,,,
ITAU,,,RN,,,,,,"4.372,62",,,,,,-,,,,,,,"4.372,62",,,,,,,"26.047,88",,,,,,,,
JANDAIRA,,,RN,,,,,,"4.372,62",,,,,,-,,,,,,,"4.372,62",,,,,,,"26.047,88",,,,,,,,
JANDUIS,,,RN,,,,,,"4.372,62",,,,,,-,,,,,,,"4.372,62",,,,,,,"26.047,88",,,,,,,,
JARDIM DE PIRANHAS,,,RN,,,,,,"4.591,25",,,,,,-,,,,,,,"4.591,25",,,,,,,"27.350,28",,,,,,,,
JARDIM DO SERIDO,,,RN,,,,,,"4.809,88",,,,,,-,,,,,,,"4.809,88",,,,,,,"28.652,68",,,,,,,,
JOAO DIAS,,,RN,,,,,,"4.372,62",,,,,,-,,,,,,,"4.372,62",,,,,,,"26.047,88",,,,,,,,
JOSE DA PENHA,,,RN,,,,,,"4.372,62",,,,,,-,,,,,,,"4.372,62",,,,,,,"26.047,88",,,,,,,,
JUCURUTU,,,RN,,,,,,"5.247,15",,,,,,-,,,,,,,"5.247,15",,,,,,,"31.257,47",,,,,,,,
LAGOA NOVA,,,RN,,,,,,"4.809,88",,,,,,-,,,,,,,"4.809,88",,,,,,,"28.652,68",,,,,,,,
LUCRECIA,,,RN,,,,,,"4.372,62",,,,,,-,,,,,,,"4.372,62",,,,,,,"26.047,88",,,,,,,,
LUIS GOMES,,,RN,,,,,,"4.372,62",,,,,,-,,,,,,,"4.372,62",,,,,,,"26.047,88",,,,,,,,
MACAU,,,RN,,,,,,"1.163.442,84",,,,,,"438.836,78",,,,,,,"1.602.279,62",,,,,,,"9.723.797,81",,,,,,,,
MAJOR SALES,,,RN,,,,,,"4.372,62",,,,,,-,,,,,,,"4.372,62",,,,,,,"26.047,88",,,,,,,,
MARCELINO VIEIRA,,,RN,,,,,,"4.372,62",,,,,,-,,,,,,,"4.372,62",,,,,,,"26.047,88",,,,,,,,
MARTINS,,,RN,,,,,,"4.372,62",,,,,,-,,,,,,,"4.372,62",,,,,,,"26.047,88",,,,,,,,
MESSIAS TARGINO,,,RN,,,,,,"4.372,62",,,,,,-,,,,,,,"4.372,62",,,,,,,"26.047,88",,,,,,,,
MOSSORO,,,RN,,,,,,"1.290.768,31",,,,,,"1.017.390,72",,,,,,,"2.308.159,03",,,,,,,"12.446.947,74",,,,,,,,
OLHO D'AGUA DO BORGES,,,RN,,,,,,"4.372,62",,,,,,-,,,,,,,"4.372,62",,,,,,,"26.047,88",,,,,,,,
OURO BRANCO,,,RN,,,,,,"4.372,62",,,,,,-,,,,,,,"4.372,62",,,,,,,"26.047,88",,,,,,,,
PARANA,,,RN,,,,,,"4.372,62",,,,,,-,,,,,,,"4.372,62",,,,,,,"26.047,88",,,,,,,,
PARAU,,,RN,,,,,,"4.372,62",,,,,,-,,,,,,,"4.372,62",,,,,,,"26.047,88",,,,,,,,
PARELHAS,,,RN,,,,,,"5.465,78",,,,,,-,,,,,,,"5.465,78",,,,,,,"32.559,86",,,,,,,,
PATU,,,RN,,,,,,"4.591,25",,,,,,-,,,,,,,"4.591,25",,,,,,,"27.350,28",,,,,,,,
PAU DOS FERROS,,,RN,,,,,,"5.903,04",,,,,,-,,,,,,,"5.903,04",,,,,,,"35.164,65",,,,,,,,
PEDRO AVELINO,,,RN,,,,,,"4.463,01",,,,,,"42,03",,,,,,,"4.505,04",,,,,,,"27.369,15",,,,,,,,
PENDENCIAS,,,RN,,,,,,"175.387,59",,,,,,"74.048,11",,,,,,,"249.435,70",,,,,,,"1.368.015,88",,,,,,,,
PILOES,,,RN,,,,,,"4.372,62",,,,,,-,,,,,,,"4.372,62",,,,,,,"26.047,88",,,,,,,,
PORTALEGRE,,,RN,,,,,,"4.372,62",,,,,,-,,,,,,,"4.372,62",,,,,,,"26.047,88",,,,,,,,
PORTO DO MANGUE,,,RN,,,,,,"132.624,49",,,,,,"252.800,55",,,,,,,"385.425,04",,,,,,,"2.076.083,98",,,,,,,,
RAFAEL FERNANDES,,,RN,,,,,,"4.372,62",,,,,,-,,,,,,,"4.372,62",,,,,,,"26.047,88",,,,,,,,
RAFAEL GODEIRO,,,RN,,,,,,"4.372,62",,,,,,-,,,,,,,"4.372,62",,,,,,,"26.047,88",,,,,,,,
RIACHO DA CRUZ,,,RN,,,,,,"4.372,62",,,,,,-,,,,,,,"4.372,62",,,,,,,"26.047,88",,,,,,,,
RIACHO DE SANTANA,,,RN,,,,,,"4.372,62",,,,,,-,,,,,,,"4.372,62",,,,,,,"26.047,88",,,,,,,,
Superintendência de Controle das Participações Governamentais,,,,,,,,,,,,,,,,,,,,,,,,,,,,,,,,,,,,,
RODOLFO FERNANDES,,,RN,,,,,,"4.372,62",,,,,,-,,,,,,,"4.372,62",,,,,,,"26.047,88",,,,,,,,
SANTANA DO SERIDO,,,RN,,,,,,"4.372,62",,,,,,-,,,,,,,"4.372,62",,,,,,,"26.047,88",,,,,,,,
SAO FERNANDO,,,RN,,,,,,"4.372,62",,,,,,-,,,,,,,"4.372,62",,,,,,,"26.047,88",,,,,,,,
SAO FRANCISCO DO OESTE,,,RN,,,,,,"4.372,62",,,,,,-,,,,,,,"4.372,62",,,,,,,"26.047,88",,,,,,,,
SAO JOAO DO SABUGI,,,RN,,,,,,"4.372,62",,,,,,-,,,,,,,"4.372,62",,,,,,,"26.047,88",,,,,,,,
SAO JOSE DO SERIDO,,,RN,,,,,,"4.372,62",,,,,,-,,,,,,,"4.372,62",,,,,,,"26.047,88",,,,,,,,
SAO MIGUEL,,,RN,,,,,,"5.684,41",,,,,,-,,,,,,,"5.684,41",,,,,,,"33.862,26",,,,,,,,
SAO RAFAEL,,,RN,,,,,,"4.372,62",,,,,,-,,,,,,,"4.372,62",,,,,,,"26.047,88",,,,,,,,
SAO VICENTE,,,RN,,,,,,"4.372,62",,,,,,-,,,,,,,"4.372,62",,,,,,,"26.047,88",,,,,,,,
SERRA DO MEL,,,RN,,,,,,"108.867,21",,,,,,"25.696,71",,,,,,,"134.563,92",,,,,,,"754.943,81",,,,,,,,
SERRA NEGRA DO NORTE,,,RN,,,,,,"4.372,62",,,,,,-,,,,,,,"4.372,62",,,,,,,"26.047,88",,,,,,,,
SERRINHA DOS PINTOS,,,RN,,,,,,"4.372,62",,,,,,-,,,,,,,"4.372,62",,,,,,,"26.047,88",,,,,,,,
SEVERIANO MELO,,,RN,,,,,,"4.591,25",,,,,,-,,,,,,,"4.591,25",,,,,,,"27.350,28",,,,,,,,
TABOLEIRO GRANDE,,,RN,,,,,,"4.372,62",,,,,,-,,,,,,,"4.372,62",,,,,,,"26.047,88",,,,,,,,
TENENTE ANANIAS,,,RN,,,,,,"4.372,62",,,,,,-,,,,,,,"4.372,62",,,,,,,"26.047,88",,,,,,,,
TENENTE LAURENTINO CRUZ,,,RN,,,,,,"4.372,62",,,,,,-,,,,,,,"4.372,62",,,,,,,"26.047,88",,,,,,,,
TIBAU,,,RN,,,,,,"57.952,68",,,,,,"7.145,88",,,,,,,"65.098,56",,,,,,,"432.183,44",,,,,,,,
TIMBAUBA DOS BATISTAS,,,RN,,,,,,"4.372,62",,,,,,-,,,,,,,"4.372,62",,,,,,,"26.047,88",,,,,,,,
TRIUNFO POTIGUAR,,,RN,,,,,,"4.372,62",,,,,,-,,,,,,,"4.372,62",,,,,,,"26.047,88",,,,,,,,
UMARIZAL,,,RN,,,,,,"4.591,25",,,,,,-,,,,,,,"4.591,25",,,,,,,"27.350,28",,,,,,,,
UPANEMA,,,RN,,,,,,"126.913,15",,,,,,"55.573,38",,,,,,,"182.486,53",,,,,,,"1.075.106,73",,,,,,,,
VENHA-VER,,,RN,,,,,,"4.372,62",,,,,,-,,,,,,,"4.372,62",,,,,,,"26.047,88",,,,,,,,
VICOSA,,,RN,,,,,,"4.372,62",,,,,,-,,,,,,,"4.372,62",,,,,,,"26.047,88",,,,,,,,
TOTAL RIO GRANDE DO NORTE,,,,,,,,,"6.498.439,22",,,,,,"3.512.088,30",,,,,,,"10.010.527,52",,,,,,,"58.709.045,14",,,,,,,,
CIDREIRA,,,RS,,,,,,-,,,,,,"56.733,40",,,,,,,"56.733,40",,,,,,,"278.434,65",,,,,,,,
IMBE,,,RS,,,,,,"413.313,04",,,,,,"56.733,40",,,,,,,"470.046,44",,,,,,,"2.728.880,94",,,,,,,,
OSORIO,,,RS,,,,,,"413.313,04",,,,,,-,,,,,,,"413.313,04",,,,,,,"2.450.446,29",,,,,,,,
TRAMANDAI,,,RS,,,,,,"845.492,81",,,,,,"75.644,53",,,,,,,"921.137,34",,,,,,,"5.703.857,98",,,,,,,,
TOTAL RIO GRANDE DO SUL,,,,,,,,,"1.672.118,89",,,,,,"189.111,33",,,,,,,"1.861.230,22",,,,,,,"11.161.619,86",,,,,,,,
ARAQUARI,,,SC,,,,,,-,,,,,,"84.447,73",,,,,,,"84.447,73",,,,,,,"876.153,64",,,,,,,,
BALNEARIO BARRA DO SUL,,,SC,,,,,,-,,,,,,"84.447,73",,,,,,,"84.447,73",,,,,,,"876.153,64",,,,,,,,
GARUVA,,,SC,,,,,,-,,,,,,"84.447,73",,,,,,,"84.447,73",,,,,,,"876.153,64",,,,,,,,
ITAPOA,,,SC,,,,,,-,,,,,,"84.447,73",,,,,,,"84.447,73",,,,,,,"876.153,64",,,,,,,,
JOINVILLE,,,SC,,,,,,-,,,,,,"84.447,73",,,,,,,"84.447,73",,,,,,,"876.153,64",,,,,,,,
SAO FRANCISCO DO SUL,,,SC,,,,,,"845.492,81",,,,,,"281.492,46",,,,,,,"1.126.985,27",,,,,,,"8.253.123,99",,,,,,,,
TOTAL SANTA CATARINA,,,,,,,,,"845.492,81",,,,,,"703.731,11",,,,,,,"1.549.223,92",,,,,,,"12.633.892,19",,,,,,,,
AMPARO DE SAO FRANCISCO,,,SE,,,,,,"2.510,18",,,,,,-,,,,,,,"2.510,18",,,,,,,"16.534,17",,,,,,,,
AQUIDABA,,,SE,,,,,,"3.137,73",,,,,,-,,,,,,,"3.137,73",,,,,,,"20.667,74",,,,,,,,
ARACAJU,,,SE,,,,,,"1.013.363,53",,,,,,"323.305,37",,,,,,,"1.336.668,90",,,,,,,"8.391.177,35",,,,,,,,
ARAUA,,,SE,,,,,,"2.510,18",,,,,,-,,,,,,,"2.510,18",,,,,,,"16.534,17",,,,,,,,
AREIA BRANCA,,,SE,,,,,,"4.537,24",,,,,,"1.064,59",,,,,,,"5.601,83",,,,,,,"35.783,69",,,,,,,,
BARRA DOS COQUEIROS,,,SE,,,,,,"55.828,85",,,,,,"124.204,45",,,,,,,"180.033,30",,,,,,,"1.198.668,98",,,,,,,,
BOQUIM,,,SE,,,,,,"3.388,75",,,,,,-,,,,,,,"3.388,75",,,,,,,"22.321,16",,,,,,,,
BREJO GRANDE,,,SE,,,,,,"87.855,08",,,,,,"8.910,18",,,,,,,"96.765,26",,,,,,,"561.756,44",,,,,,,,
CAMPO DO BRITO,,,SE,,,,,,"2.886,71",,,,,,-,,,,,,,"2.886,71",,,,,,,"19.014,30",,,,,,,,
CANHOBA,,,SE,,,,,,"2.510,18",,,,,,-,,,,,,,"2.510,18",,,,,,,"16.534,17",,,,,,,,
CANINDE DE SAO FRANCISCO,,,SE,,,,,,"3.012,22",,,,,,-,,,,,,,"3.012,22",,,,,,,"19.841,02",,,,,,,,
CAPELA,,,SE,,,,,,"4.640,04",,,,,,"807,08",,,,,,,"5.447,12",,,,,,,"33.452,99",,,,,,,,
CARIRA,,,SE,,,,,,"3.012,22",,,,,,-,,,,,,,"3.012,22",,,,,,,"19.841,02",,,,,,,,
CARMOPOLIS,,,SE,,,,,,"318.933,72",,,,,,"317.384,67",,,,,,,"636.318,39",,,,,,,"3.464.668,09",,,,,,,,
CEDRO DE SAO JOAO,,,SE,,,,,,"2.510,18",,,,,,-,,,,,,,"2.510,18",,,,,,,"16.534,17",,,,,,,,
CRISTINAPOLIS,,,SE,,,,,,"2.886,71",,,,,,-,,,,,,,"2.886,71",,,,,,,"19.014,30",,,,,,,,
CUMBE,,,SE,,,,,,"2.510,18",,,,,,-,,,,,,,"2.510,18",,,,,,,"16.534,17",,,,,,,,
Superintendência de Controle das Participações Governamentais,,,,,,,,,,,,,,,,,,,,,,,,,,,,,,,,,,,,,
DIVINA PASTORA,,,SE,,,,,,"194.037,13",,,,,,"99.334,60",,,,,,,"293.371,73",,,,,,,"1.668.570,01",,,,,,,,
ESTANCIA,,,SE,,,,,,"4.141,80",,,,,,-,,,,,,,"4.141,80",,,,,,,"27.281,40",,,,,,,,
FEIRA NOVA,,,SE,,,,,,"2.510,18",,,,,,-,,,,,,,"2.510,18",,,,,,,"16.534,17",,,,,,,,
FREI PAULO,,,SE,,,,,,"2.635,69",,,,,,-,,,,,,,"2.635,69",,,,,,,"17.710,69",,,,,,,,
GARARU,,,SE,,,,,,"2.635,69",,,,,,-,,,,,,,"2.635,69",,,,,,,"17.360,89",,,,,,,,
GENERAL MAYNARD,,,SE,,,,,,"3.386,59",,,,,,"657,31",,,,,,,"4.043,90",,,,,,,"26.309,40",,,,,,,,
GRACHO CARDOSO,,,SE,,,,,,"2.510,18",,,,,,-,,,,,,,"2.510,18",,,,,,,"16.534,17",,,,,,,,
ILHA DAS FLORES,,,SE,,,,,,"2.510,18",,,,,,-,,,,,,,"2.510,18",,,,,,,"16.534,17",,,,,,,,
INDIAROBA,,,SE,,,,,,"2.761,20",,,,,,-,,,,,,,"2.761,20",,,,,,,"18.187,59",,,,,,,,
ITABAIANA,,,SE,,,,,,"4.392,82",,,,,,-,,,,,,,"4.392,82",,,,,,,"28.934,83",,,,,,,,
ITABAIANINHA,,,SE,,,,,,"3.639,77",,,,,,-,,,,,,,"3.639,77",,,,,,,"23.974,58",,,,,,,,
ITABI,,,SE,,,,,,"2.510,18",,,,,,-,,,,,,,"2.510,18",,,,,,,"16.534,17",,,,,,,,
ITAPORANGA D'AJUDA,,,SE,,,,,,"62.807,45",,,,,,"100.986,38",,,,,,,"163.793,83",,,,,,,"1.021.994,63",,,,,,,,
JAPARATUBA,,,SE,,,,,,"369.731,24",,,,,,"245.839,51",,,,,,,"615.570,75",,,,,,,"3.459.869,22",,,,,,,,
JAPOATA,,,SE,,,,,,"2.761,20",,,,,,-,,,,,,,"2.761,20",,,,,,,"18.187,59",,,,,,,,
LAGARTO,,,SE,,,,,,"4.518,33",,,,,,-,,,,,,,"4.518,33",,,,,,,"29.761,54",,,,,,,,
LARANJEIRAS,,,SE,,,,,,"3.263,24",,,,,,-,,,,,,,"3.263,24",,,,,,,"21.494,45",,,,,,,,
MACAMBIRA,,,SE,,,,,,"2.510,18",,,,,,-,,,,,,,"2.510,18",,,,,,,"16.534,17",,,,,,,,
MALHADA DOS BOIS,,,SE,,,,,,"2.510,18",,,,,,-,,,,,,,"2.510,18",,,,,,,"16.534,17",,,,,,,,
MALHADOR,,,SE,,,,,,"2.635,69",,,,,,-,,,,,,,"2.635,69",,,,,,,"17.360,89",,,,,,,,
MARUIM,,,SE,,,,,,"89.705,17",,,,,,"11.339,05",,,,,,,"101.044,22",,,,,,,"599.997,38",,,,,,,,
MOITA BONITA,,,SE,,,,,,"2.635,69",,,,,,-,,,,,,,"2.635,69",,,,,,,"17.360,89",,,,,,,,
MONTE ALEGRE DE SERGIPE,,,SE,,,,,,"2.635,69",,,,,,-,,,,,,,"2.635,69",,,,,,,"17.360,89",,,,,,,,
MURIBECA,,,SE,,,,,,"2.510,18",,,,,,-,,,,,,,"2.510,18",,,,,,,"16.534,17",,,,,,,,
NEOPOLIS,,,SE,,,,,,"3.137,73",,,,,,-,,,,,,,"3.137,73",,,,,,,"20.667,74",,,,,,,,
NOSSA SENHORA APARECIDA,,,SE,,,,,,"2.510,18",,,,,,-,,,,,,,"2.510,18",,,,,,,"16.534,17",,,,,,,,
NOSSA SENHORA DA GLORIA,,,SE,,,,,,"3.388,75",,,,,,-,,,,,,,"3.388,75",,,,,,,"22.321,16",,,,,,,,
NOSSA SENHORA DAS DORES,,,SE,,,,,,"3.263,24",,,,,,-,,,,,,,"3.263,24",,,,,,,"21.494,45",,,,,,,,
NOSSA SENHORA DE LOURDES,,,SE,,,,,,"2.510,18",,,,,,-,,,,,,,"2.510,18",,,,,,,"16.534,17",,,,,,,,
NOSSA SENHORA DO SOCORRO,,,SE,,,,,,"4.894,86",,,,,,-,,,,,,,"4.894,86",,,,,,,"32.241,69",,,,,,,,
PACATUBA,,,SE,,,,,,"48.850,24",,,,,,"3.595,75",,,,,,,"52.445,99",,,,,,,"343.049,04",,,,,,,,
PEDRA MOLE,,,SE,,,,,,"2.510,18",,,,,,-,,,,,,,"2.510,18",,,,,,,"16.534,17",,,,,,,,
PEDRINHAS,,,SE,,,,,,"2.510,18",,,,,,-,,,,,,,"2.510,18",,,,,,,"16.534,17",,,,,,,,
PINHAO,,,SE,,,,,,"2.510,18",,,,,,-,,,,,,,"2.510,18",,,,,,,"16.534,17",,,,,,,,
PIRAMBU,,,SE,,,,,,"968.161,80",,,,,,"11.217,22",,,,,,,"979.379,02",,,,,,,"6.133.754,12",,,,,,,,
POCO REDONDO,,,SE,,,,,,"3.388,75",,,,,,-,,,,,,,"3.388,75",,,,,,,"22.321,16",,,,,,,,
POCO VERDE,,,SE,,,,,,"3.137,73",,,,,,-,,,,,,,"3.137,73",,,,,,,"20.667,74",,,,,,,,
PORTO DA FOLHA,,,SE,,,,,,"3.388,75",,,,,,-,,,,,,,"3.388,75",,,,,,,"22.321,16",,,,,,,,
PROPRIA,,,SE,,,,,,"3.388,75",,,,,,-,,,,,,,"3.388,75",,,,,,,"22.321,16",,,,,,,,
RIACHAO DO DANTAS,,,SE,,,,,,"3.137,73",,,,,,-,,,,,,,"3.137,73",,,,,,,"20.667,74",,,,,,,,
RIACHUELO,,,SE,,,,,,"25.456,31",,,,,,"14.800,25",,,,,,,"40.256,56",,,,,,,"238.585,84",,,,,,,,
RIBEIROPOLIS,,,SE,,,,,,"2.886,71",,,,,,-,,,,,,,"2.886,71",,,,,,,"19.014,30",,,,,,,,
ROSARIO DO CATETE,,,SE,,,,,,"121.873,34",,,,,,"36.763,64",,,,,,,"158.636,98",,,,,,,"921.299,63",,,,,,,,
SALGADO,,,SE,,,,,,"3.137,73",,,,,,-,,,,,,,"3.137,73",,,,,,,"20.667,74",,,,,,,,
SANTA LUZIA DO ITANHY,,,SE,,,,,,"2.761,20",,,,,,-,,,,,,,"2.761,20",,,,,,,"18.187,59",,,,,,,,
SANTA ROSA DE LIMA,,,SE,,,,,,"2.510,18",,,,,,-,,,,,,,"2.510,18",,,,,,,"16.534,17",,,,,,,,
SANTANA DO SAO FRANCISCO,,,SE,,,,,,"2.510,18",,,,,,-,,,,,,,"2.510,18",,,,,,,"16.534,17",,,,,,,,
SANTO AMARO DAS BROTAS,,,SE,,,,,,"82.523,84",,,,,,"4.021,48",,,,,,,"86.545,32",,,,,,,"513.674,67",,,,,,,,
SAO CRISTOVAO,,,SE,,,,,,"81.460,89",,,,,,"2.259,01",,,,,,,"83.719,90",,,,,,,"489.108,68",,,,,,,,
SAO DOMINGOS,,,SE,,,,,,"2.510,18",,,,,,-,,,,,,,"2.510,18",,,,,,,"16.534,17",,,,,,,,
SAO FRANCISCO,,,SE,,,,,,"2.510,18",,,,,,-,,,,,,,"2.510,18",,,,,,,"16.534,17",,,,,,,,
SAO MIGUEL DO ALEIXO,,,SE,,,,,,"2.510,18",,,,,,-,,,,,,,"2.510,18",,,,,,,"16.534,17",,,,,,,,
SIMAO DIAS,,,SE,,,,,,"3.765,28",,,,,,-,,,,,,,"3.765,28",,,,,,,"24.801,30",,,,,,,,
Superintendência de Controle das Participações Governamentais,,,,,,,,,,,,,,,,,,,,,,,,,,,,,,,,,,,,,
SIRIRI,,,SE,,,,,,"148.825,52",,,,,,"48.700,53",,,,,,,"197.526,05",,,,,,,"1.115.523,45",,,,,,,,
TELHA,,,SE,,,,,,"2.510,18",,,,,,-,,,,,,,"2.510,18",,,,,,,"16.534,17",,,,,,,,
TOBIAS BARRETO,,,SE,,,,,,"3.890,79",,,,,,-,,,,,,,"3.890,79",,,,,,,"25.628,01",,,,,,,,
TOMAR DO GERU,,,SE,,,,,,"2.761,20",,,,,,-,,,,,,,"2.761,20",,,,,,,"18.187,59",,,,,,,,
UMBAUBA,,,SE,,,,,,"3.137,73",,,,,,-,,,,,,,"3.137,73",,,,,,,"20.667,74",,,,,,,,
TOTAL SERGIPE,,,,,,,,,"3.850.160,20",,,,,,"1.355.191,07",,,,,,,"5.205.351,27",,,,,,,"31.325.383,56",,,,,,,,
ARUJA,,,SP,,,,,,"1.293,08",,,,,,-,,,,,,,"1.293,08",,,,,,,"7.764,82",,,,,,,,
BARRA DO TURVO,,,SP,,,,,,"783,68",,,,,,-,,,,,,,"783,68",,,,,,,"4.705,94",,,,,,,,
BARUERI,,,SP,,,,,,"1.567,36",,,,,,-,,,,,,,"1.567,36",,,,,,,"9.411,89",,,,,,,,
BERTIOGA,,,SP,,,,,,"47.947,10",,,,,,"1.215.861,98",,,,,,,"1.263.809,08",,,,,,,"7.485.218,24",,,,,,,,
BIRITIBA-MIRIM,,,SP,,,,,,"1.057,97",,,,,,-,,,,,,,"1.057,97",,,,,,,"6.353,03",,,,,,,,
CAIEIRAS,,,SP,,,,,,"1.332,26",,,,,,-,,,,,,,"1.332,26",,,,,,,"8.000,12",,,,,,,,
CAJAMAR,,,SP,,,,,,"1.253,89",,,,,,-,,,,,,,"1.253,89",,,,,,,"7.529,51",,,,,,,,
CAJATI,,,SP,,,,,,"1.097,15",,,,,,-,,,,,,,"1.097,15",,,,,,,"6.588,32",,,,,,,,
CANANEIA,,,SP,,,,,,"37.672,72",,,,,,"63.799,70",,,,,,,"101.472,42",,,,,,,"609.334,25",,,,,,,,
CARAGUATATUBA,,,SP,,,,,,-,,,,,,"1.149.305,51",,,,,,,"1.149.305,51",,,,,,,"6.797.632,92",,,,,,,,
CARAPICUIBA,,,SP,,,,,,"1.567,36",,,,,,-,,,,,,,"1.567,36",,,,,,,"9.411,89",,,,,,,,
COTIA,,,SP,,,,,,"1.567,36",,,,,,-,,,,,,,"1.567,36",,,,,,,"9.411,89",,,,,,,,
CUBATAO,,,SP,,,,,,"63.358,67",,,,,,"27.117,38",,,,,,,"90.476,05",,,,,,,"407.581,41",,,,,,,,
DIADEMA,,,SP,,,,,,"1.567,36",,,,,,-,,,,,,,"1.567,36",,,,,,,"9.411,89",,,,,,,,
ELDORADO,,,SP,,,,,,"901,23",,,,,,-,,,,,,,"901,23",,,,,,,"5.411,81",,,,,,,,
EMBU-GUACU,,,SP,,,,,,"1.293,08",,,,,,-,,,,,,,"1.293,08",,,,,,,"7.764,82",,,,,,,,
EMBU,,,SP,,,,,,"1.567,36",,,,,,-,,,,,,,"1.567,36",,,,,,,"9.411,89",,,,,,,,
FERRAZ DE VASCONCELOS,,,SP,,,,,,"1.528,18",,,,,,-,,,,,,,"1.528,18",,,,,,,"9.176,61",,,,,,,,
FRANCISCO MORATO,,,SP,,,,,,"1.528,18",,,,,,-,,,,,,,"1.528,18",,,,,,,"9.176,61",,,,,,,,
FRANCO DA ROCHA,,,SP,,,,,,"1.449,81",,,,,,-,,,,,,,"1.449,81",,,,,,,"8.705,99",,,,,,,,
GUARAREMA,,,SP,,,,,,"1.018,79",,,,,,-,,,,,,,"1.018,79",,,,,,,"6.117,73",,,,,,,,
GUARUJA,,,SP,,,,,,"1.567,36",,,,,,"27.117,38",,,,,,,"28.684,74",,,,,,,"36.529,27",,,,,,,,
GUARULHOS,,,SP,,,,,,"1.567,36",,,,,,-,,,,,,,"1.567,36",,,,,,,"9.411,89",,,,,,,,
IGUAPE,,,SP,,,,,,"1.057,97",,,,,,-,,,,,,,"1.057,97",,,,,,,"6.353,03",,,,,,,,
ILHA COMPRIDA,,,SP,,,,,,"783,68",,,,,,-,,,,,,,"783,68",,,,,,,"4.705,94",,,,,,,,
ILHABELA,,,SP,,,,,,-,,,,,,"1.149.305,51",,,,,,,"1.149.305,51",,,,,,,"6.797.632,92",,,,,,,,
ITANHAEM,,,SP,,,,,,"1.332,26",,,,,,-,,,,,,,"1.332,26",,,,,,,"8.000,12",,,,,,,,
ITAPECERICA DA SERRA,,,SP,,,,,,"1.528,18",,,,,,-,,,,,,,"1.528,18",,,,,,,"9.176,61",,,,,,,,
ITAPEVI,,,SP,,,,,,"1.567,36",,,,,,-,,,,,,,"1.567,36",,,,,,,"9.411,89",,,,,,,,
ITAQUAQUECETUBA,,,SP,,,,,,"1.567,36",,,,,,-,,,,,,,"1.567,36",,,,,,,"9.411,89",,,,,,,,
ITARIRI,,,SP,,,,,,"862,05",,,,,,-,,,,,,,"862,05",,,,,,,"5.176,54",,,,,,,,
JACUPIRANGA,,,SP,,,,,,"940,42",,,,,,-,,,,,,,"940,42",,,,,,,"5.647,13",,,,,,,,
JANDIRA,,,SP,,,,,,"1.410,63",,,,,,-,,,,,,,"1.410,63",,,,,,,"8.470,72",,,,,,,,
JUQUIA,,,SP,,,,,,"1.018,79",,,,,,-,,,,,,,"1.018,79",,,,,,,"6.117,73",,,,,,,,
JUQUITIBA,,,SP,,,,,,"1.057,97",,,,,,-,,,,,,,"1.057,97",,,,,,,"6.353,03",,,,,,,,
MAIRIPORA,,,SP,,,,,,"1.293,08",,,,,,-,,,,,,,"1.293,08",,,,,,,"7.764,82",,,,,,,,
MAUA,,,SP,,,,,,"1.567,36",,,,,,-,,,,,,,"1.567,36",,,,,,,"9.411,89",,,,,,,,
MIRACATU,,,SP,,,,,,"1.018,79",,,,,,-,,,,,,,"1.018,79",,,,,,,"6.117,73",,,,,,,,
MOJI DAS CRUZES,,,SP,,,,,,"1.567,36",,,,,,-,,,,,,,"1.567,36",,,,,,,"9.411,89",,,,,,,,
MONGAGUA,,,SP,,,,,,"1.136,34",,,,,,-,,,,,,,"1.136,34",,,,,,,"6.823,62",,,,,,,,
OSASCO,,,SP,,,,,,"1.567,36",,,,,,-,,,,,,,"1.567,36",,,,,,,"9.411,89",,,,,,,,
PARIQUERA-ACU,,,SP,,,,,,"940,42",,,,,,-,,,,,,,"940,42",,,,,,,"5.647,13",,,,,,,,
PEDRO DE TOLEDO,,,SP,,,,,,"783,68",,,,,,-,,,,,,,"783,68",,,,,,,"4.705,94",,,,,,,,
PERUIBE,,,SP,,,,,,"1.253,89",,,,,,-,,,,,,,"1.253,89",,,,,,,"7.529,51",,,,,,,,
PIRAPORA DO BOM JESUS,,,SP,,,,,,"862,05",,,,,,-,,,,,,,"862,05",,,,,,,"5.176,54",,,,,,,,
POA,,,SP,,,,,,"1.410,63",,,,,,-,,,,,,,"1.410,63",,,,,,,"8.470,72",,,,,,,,
PRAIA GRANDE,,,SP,,,,,,"12.414,87",,,,,,"27.117,38",,,,,,,"39.532,25",,,,,,,"101.667,74",,,,,,,,
Superintendência de Controle das Participações Governamentais,,,,,,,,,,,,,,,,,,,,,,,,,,,,,,,,,,,,,
REGISTRO,,,SP,,,,,,"1.253,89",,,,,,-,,,,,,,"1.253,89",,,,,,,"7.529,51",,,,,,,,
RIBEIRAO PIRES,,,SP,,,,,,"1.449,81",,,,,,-,,,,,,,"1.449,81",,,,,,,"8.705,99",,,,,,,,
RIO GRANDE DA SERRA,,,SP,,,,,,"1.175,52",,,,,,-,,,,,,,"1.175,52",,,,,,,"7.058,91",,,,,,,,
SALESOPOLIS,,,SP,,,,,,"901,23",,,,,,-,,,,,,,"901,23",,,,,,,"5.411,81",,,,,,,,
SANTA ISABEL,,,SP,,,,,,"1.214,71",,,,,,-,,,,,,,"1.214,71",,,,,,,"7.294,22",,,,,,,,
SANTANA DE PARNAIBA,,,SP,,,,,,"1.371,44",,,,,,-,,,,,,,"1.371,44",,,,,,,"8.235,39",,,,,,,,
SANTO ANDRE,,,SP,,,,,,"1.567,36",,,,,,-,,,,,,,"1.567,36",,,,,,,"9.411,89",,,,,,,,
SANTOS,,,SP,,,,,,"847.060,17",,,,,,"72.313,01",,,,,,,"919.373,18",,,,,,,"927.217,71",,,,,,,,
SAO BERNARDO DO CAMPO,,,SP,,,,,,"1.567,36",,,,,,-,,,,,,,"1.567,36",,,,,,,"9.411,89",,,,,,,,
SAO CAETANO DO SUL,,,SP,,,,,,"1.528,18",,,,,,-,,,,,,,"1.528,18",,,,,,,"9.176,61",,,,,,,,
SAO LOURENCO DA SERRA,,,SP,,,,,,"862,05",,,,,,-,,,,,,,"862,05",,,,,,,"5.176,54",,,,,,,,
SAO PAULO,,,SP,,,,,,"1.567,36",,,,,,-,,,,,,,"1.567,36",,,,,,,"9.411,89",,,,,,,,
SAO SEBASTIAO,,,SP,,,,,,"846.785,89",,,,,,"2.298.611,03",,,,,,,"3.145.396,92",,,,,,,"19.163.678,95",,,,,,,,
SAO VICENTE,,,SP,,,,,,"12.414,87",,,,,,"27.117,38",,,,,,,"39.532,25",,,,,,,"101.667,74",,,,,,,,
SETE BARRAS,,,SP,,,,,,"862,05",,,,,,-,,,,,,,"862,05",,,,,,,"5.176,54",,,,,,,,
SUZANO,,,SP,,,,,,"1.567,36",,,,,,-,,,,,,,"1.567,36",,,,,,,"9.411,89",,,,,,,,
TABOAO DA SERRA,,,SP,,,,,,"1.567,36",,,,,,-,,,,,,,"1.567,36",,,,,,,"9.411,89",,,,,,,,
VARGEM GRANDE PAULISTA,,,SP,,,,,,"1.136,34",,,,,,-,,,,,,,"1.136,34",,,,,,,"6.823,62",,,,,,,,
TOTAL SAO PAULO,,,,,,,,,"1.939.282,76",,,,,,"6.057.666,26",,,,,,,"7.996.949,02",,,,,,,"42.848.872,70",,,,,,,,
