ANADIA-AL,,,,,,,,,AL,,"687,21",,,,,-,,,,,,"687,21",,,,,,,"6.440,42",,,,,,,,,
ATALAIA-AL,,,,,,,,,AL,,"887,65",,,,,-,,,,,,"887,65",,,,,,,"8.318,89",,,,,,,,,
BARRA DE SANTO ANTONIO-AL,,,,,,,,,AL,,"658,58",,,,,-,,,,,,"658,58",,,,,,,"6.172,06",,,,,,,,,
BARRA DE SAO MIGUEL-AL,,,,,,,,,AL,,"572,68",,,,,-,,,,,,"572,68",,,,,,,"5.367,01",,,,,,,,,
BOCA DA MATA-AL,,,,,,,,,AL,,"773,12",,,,,-,,,,,,"773,12",,,,,,,"7.245,49",,,,,,,,,
BRANQUINHA-AL,,,,,,,,,AL,,"601,31",,,,,-,,,,,,"601,31",,,,,,,"5.635,38",,,,,,,,,
CAJUEIRO-AL,,,,,,,,,AL,,"744,48",,,,,-,,,,,,"744,48",,,,,,,"6.977,12",,,,,,,,,
CAMPESTRE-AL,,,,,,,,,AL,,"572,68",,,,,-,,,,,,"572,68",,,,,,,"5.367,01",,,,,,,,,
CAMPO ALEGRE-AL,,,,,,,,,AL,,"916,29",,,,,-,,,,,,"916,29",,,,,,,"8.587,26",,,,,,,,,
CAPELA-AL,,,,,,,,,AL,,"687,21",,,,,-,,,,,,"687,21",,,,,,,"6.440,42",,,,,,,,,
CHA PRETA-AL,,,,,,,,,AL,,"572,68",,,,,-,,,,,,"572,68",,,,,,,"5.367,01",,,,,,,,,
COLONIA LEOPOLDINA-AL,,,,,,,,,AL,,"744,48",,,,,-,,,,,,"744,48",,,,,,,"6.977,12",,,,,,,,,
COQUEIRO SECO-AL,,,,,,,,,AL,,"71.641,44",,,,,"313,14",,,,,,"71.954,58",,,,,,,"762.456,30",,,,,,,,,
CORURIPE-AL,,,,,,,,,AL,,"1.984.876,98",,,,,"67.641,18",,,,,,"2.052.518,16",,,,,,,"15.251.329,15",,,,,,,,,
FELIZ DESERTO-AL,,,,,,,,,AL,,"20.715,70",,,,,"28.950,19",,,,,,"49.665,89",,,,,,,"465.457,89",,,,,,,,,
FLEXEIRAS-AL,,,,,,,,,AL,,"629,95",,,,,-,,,,,,"629,95",,,,,,,"5.903,73",,,,,,,,,
IBATEGUARA-AL,,,,,,,,,AL,,"658,58",,,,,-,,,,,,"658,58",,,,,,,"6.172,06",,,,,,,,,
IGREJA NOVA-AL,,,,,,,,,AL,,"744,48",,,,,-,,,,,,"744,48",,,,,,,"6.977,12",,,,,,,,,
JACUIPE-AL,,,,,,,,,AL,,"572,68",,,,,-,,,,,,"572,68",,,,,,,"5.367,01",,,,,,,,,
JAPARATINGA-AL,,,,,,,,,AL,,"572,68",,,,,-,,,,,,"572,68",,,,,,,"5.367,01",,,,,,,,,
JEQUIA DA PRAIA-AL,,,,,,,,,AL,,"629,95",,,,,-,,,,,,"629,95",,,,,,,"30.327,07",,,,,,,,,
JOAQUIM GOMES-AL,,,,,,,,,AL,,"744,48",,,,,-,,,,,,"744,48",,,,,,,"6.977,12",,,,,,,,,
JUNDIA-AL,,,,,,,,,AL,,"572,68",,,,,-,,,,,,"572,68",,,,,,,"5.367,01",,,,,,,,,
JUNQUEIRO-AL,,,,,,,,,AL,,"744,48",,,,,-,,,,,,"744,48",,,,,,,"6.977,12",,,,,,,,,
MACEIO-AL,,,,,,,,,AL,,"88.634,17",,,,,"22.007,38",,,,,,"110.641,55",,,,,,,"1.117.095,76",,,,,,,,,
MARAGOGI-AL,,,,,,,,,AL,,"801,75",,,,,-,,,,,,"801,75",,,,,,,"7.513,83",,,,,,,,,
MARECHAL DEODORO-AL,,,,,,,,,AL,,"62.178,33",,,,,"47.273,58",,,,,,"109.451,91",,,,,,,"705.329,91",,,,,,,,,
MATRIZ DE CAMARAGIBE-AL,,,,,,,,,AL,,"744,48",,,,,-,,,,,,"744,48",,,,,,,"6.977,12",,,,,,,,,
MESSIAS-AL,,,,,,,,,AL,,"658,58",,,,,-,,,,,,"658,58",,,,,,,"6.172,06",,,,,,,,,
MURICI-AL,,,,,,,,,AL,,"773,12",,,,,-,,,,,,"773,12",,,,,,,"23.434,44",,,,,,,,,
NOVO LINO-AL,,,,,,,,,AL,,"629,95",,,,,-,,,,,,"629,95",,,,,,,"5.903,73",,,,,,,,,
PARIPUEIRA-AL,,,,,,,,,AL,,"601,31",,,,,"7.149,22",,,,,,"7.750,53",,,,,,,"68.839,18",,,,,,,,,
PASSO DE CAMARAGIBE-AL,,,,,,,,,AL,,"658,58",,,,,-,,,,,,"658,58",,,,,,,"6.172,06",,,,,,,,,
PENEDO-AL,,,,,,,,,AL,,"490.549,56",,,,,"81,53",,,,,,"490.631,09",,,,,,,"2.104.747,70",,,,,,,,,
PIACABUCU-AL,,,,,,,,,AL,,"687,21",,,,,-,,,,,,"687,21",,,,,,,"6.440,42",,,,,,,,,
PILAR-AL,,,,,,,,,AL,,"208.038,97",,,,,"109.890,48",,,,,,"317.929,45",,,,,,,"2.677.014,66",,,,,,,,,
PINDOBA-AL,,,,,,,,,AL,,"572,68",,,,,-,,,,,,"572,68",,,,,,,"5.367,01",,,,,,,,,
PORTO CALVO-AL,,,,,,,,,AL,,"773,12",,,,,-,,,,,,"773,12",,,,,,,"7.245,49",,,,,,,,,
PORTO DE PEDRAS-AL,,,,,,,,,AL,,"572,68",,,,,-,,,,,,"572,68",,,,,,,"5.367,01",,,,,,,,,
PORTO REAL DO COLEGIO-AL,,,,,,,,,AL,,"715,85",,,,,-,,,,,,"715,85",,,,,,,"6.708,77",,,,,,,,,
RIO LARGO-AL,,,,,,,,,AL,,"494.415,65",,,,,"6.872,50",,,,,,"501.288,15",,,,,,,"2.405.121,83",,,,,,,,,
ROTEIRO-AL,,,,,,,,,AL,,"1.942.618,00",,,,,"1.062,26",,,,,,"1.943.680,26",,,,,,,"12.982.069,30",,,,,,,,,
SANTA LUZIA DO NORTE-AL,,,,,,,,,AL,,"71.521,71",,,,,"179,20",,,,,,"71.700,91",,,,,,,"559.807,27",,,,,,,,,
SANTANA DO MUNDAU-AL,,,,,,,,,AL,,"601,31",,,,,-,,,,,,"601,31",,,,,,,"5.635,38",,,,,,,,,
SAO JOSE DA LAJE-AL,,,,,,,,,AL,,"744,48",,,,,-,,,,,,"744,48",,,,,,,"6.977,12",,,,,,,,,
SAO LUIS DO QUITUNDE-AL,,,,,,,,,AL,,"830,39",,,,,-,,,,,,"830,39",,,,,,,"7.782,20",,,,,,,,,
SAO MIGUEL DOS CAMPOS-AL,,,,,,,,,AL,,"250.876,46",,,,,"142.823,10",,,,,,"393.699,56",,,,,,,"3.691.105,53",,,,,,,,,
SAO MIGUEL DOS MILAGRES-AL,,,,,,,,,AL,,"572,68",,,,,-,,,,,,"572,68",,,,,,,"5.367,01",,,,,,,,,
SATUBA-AL,,,,,,,,,AL,,"12.565,94",,,,,"8.105,03",,,,,,"20.670,97",,,,,,,"298.535,44",,,,,,,,,
TEOTONIO VILELA-AL,,,,,,,,,AL,,"887,65",,,,,-,,,,,,"887,65",,,,,,,"8.318,89",,,,,,,,,
UNIAO DOS PALMARES-AL,,,,,,,,,AL,,"944,92",,,,,-,,,,,,"944,92",,,,,,,"8.855,60",,,,,,,,,
Superintendência de Participações Governamentais,,,,,,,,,,,,,,,,,,,,,,,,,,,,,,,,,,,,,,
VICOSA-AL,,,,,,,,,AL,,"773,12",,,,,-,,,,,,"773,12",,,,,,,"7.245,49",,,,,,,,,
ALAGOAS  TOTAL,,,,,,,,,,,"5.726.465,10",,,,,"442.348,79",,,,,,"6.168.813,89",,,,,,,"43.384.723,99",,,,,,,,,
ANAMA-AM,,,,,,,,,AM,,-,,,,,"3.239,12",,,,,,"3.239,12",,,,,,,"29.951,39",,,,,,,,,
ANORI-AM,,,,,,,,,AM,,-,,,,,"3.239,12",,,,,,"3.239,12",,,,,,,"29.951,39",,,,,,,,,
AUTAZES-AM,,,,,,,,,AM,,-,,,,,"8.843,73",,,,,,"8.843,73",,,,,,,"79.980,45",,,,,,,,,
BERURI-AM,,,,,,,,,AM,,-,,,,,"3.239,12",,,,,,"3.239,12",,,,,,,"29.951,39",,,,,,,,,
CAREIRO DA VARZEA-AM,,,,,,,,,AM,,-,,,,,"8.843,73",,,,,,"8.843,73",,,,,,,"79.980,45",,,,,,,,,
CAREIRO-AM,,,,,,,,,AM,,-,,,,,"3.239,12",,,,,,"3.239,12",,,,,,,"29.951,39",,,,,,,,,
COARI-AM,,,,,,,,,AM,,"3.134.129,77",,,,,"2.933.443,05",,,,,,"6.067.572,82",,,,,,,"52.906.184,39",,,,,,,,,
CODAJAS-AM,,,,,,,,,AM,,"70.459,70",,,,,"3.340,91",,,,,,"73.800,61",,,,,,,"165.635,79",,,,,,,,,
IRANDUBA-AM,,,,,,,,,AM,,-,,,,,"8.843,73",,,,,,"8.843,73",,,,,,,"79.980,45",,,,,,,,,
ITACOATIARA-AM,,,,,,,,,AM,,-,,,,,"8.843,73",,,,,,"8.843,73",,,,,,,"79.980,45",,,,,,,,,
ITAPIRANGA-AM,,,,,,,,,AM,,-,,,,,"8.843,73",,,,,,"8.843,73",,,,,,,"79.980,45",,,,,,,,,
MANACAPURU-AM,,,,,,,,,AM,,-,,,,,"3.239,12",,,,,,"3.239,12",,,,,,,"29.951,39",,,,,,,,,
MANAQUIRI-AM,,,,,,,,,AM,,-,,,,,"3.239,12",,,,,,"3.239,12",,,,,,,"29.951,39",,,,,,,,,
MANAUS-AM,,,,,,,,,AM,,"489.789,50",,,,,"258.328,83",,,,,,"748.118,33",,,,,,,"13.114.045,34",,,,,,,,,
PARINTINS-AM,,,,,,,,,AM,,-,,,,,"8.843,73",,,,,,"8.843,73",,,,,,,"79.980,45",,,,,,,,,
SILVES-AM,,,,,,,,,AM,,-,,,,,"8.843,73",,,,,,"8.843,73",,,,,,,"79.980,45",,,,,,,,,
TEFE-AM,,,,,,,,,AM,,"21,77",,,,,"1,54",,,,,,"23,31",,,,,,,"808.347,79",,,,,,,,,
URUCARA-AM,,,,,,,,,AM,,-,,,,,"8.843,73",,,,,,"8.843,73",,,,,,,"79.980,45",,,,,,,,,
URUCURITUBA-AM,,,,,,,,,AM,,-,,,,,"8.843,73",,,,,,"8.843,73",,,,,,,"79.980,45",,,,,,,,,
AMAZONAS  TOTAL,,,,,,,,,,,"3.694.400,74",,,,,"3.294.142,62",,,,,,"6.988.543,36",,,,,,,"67.893.745,70",,,,,,,,,
LARANJAL DO JARI-AP,,,,,,,,,AP,,-,,,,,"8.843,73",,,,,,"8.843,73",,,,,,,"79.980,45",,,,,,,,,
MACAPA-AP,,,,,,,,,AP,,-,,,,,"8.843,73",,,,,,"8.843,73",,,,,,,"79.980,45",,,,,,,,,
MAZAGAO-AP,,,,,,,,,AP,,-,,,,,"8.843,73",,,,,,"8.843,73",,,,,,,"79.980,45",,,,,,,,,
AMAPA  TOTAL,,,,,,,,,,,-,,,,,"26.531,19",,,,,,"26.531,19",,,,,,,"239.941,35",,,,,,,,,
ACAJUTIBA-BA,,,,,,,,,BA,,"1.516,37",,,,,-,,,,,,"1.516,37",,,,,,,"11.868,26",,,,,,,,,
ADUSTINA-BA,,,,,,,,,BA,,"1.516,37",,,,,-,,,,,,"1.516,37",,,,,,,"11.868,26",,,,,,,,,
AGUA FRIA-BA,,,,,,,,,BA,,"1.516,37",,,,,-,,,,,,"1.516,37",,,,,,,"11.868,26",,,,,,,,,
AIQUARA-BA,,,,,,,,,BA,,"1.318,59",,,,,-,,,,,,"1.318,59",,,,,,,"10.320,23",,,,,,,,,
ALAGOINHAS-BA,,,,,,,,,BA,,"446.299,98",,,,,"294.752,71",,,,,,"741.052,69",,,,,,,"6.189.966,91",,,,,,,,,
ALCOBACA-BA,,,,,,,,,BA,,"1.714,16",,,,,-,,,,,,"1.714,16",,,,,,,"13.416,30",,,,,,,,,
ALMADINA-BA,,,,,,,,,BA,,"1.318,59",,,,,-,,,,,,"1.318,59",,,,,,,"10.320,23",,,,,,,,,
AMARGOSA-BA,,,,,,,,,BA,,"1.911,95",,,,,-,,,,,,"1.911,95",,,,,,,"14.964,34",,,,,,,,,
AMELIA RODRIGUES-BA,,,,,,,,,BA,,"1.780,09",,,,,-,,,,,,"1.780,09",,,,,,,"13.932,32",,,,,,,,,
ANAGE-BA,,,,,,,,,BA,,"1.780,09",,,,,-,,,,,,"1.780,09",,,,,,,"13.932,32",,,,,,,,,
ANGUERA-BA,,,,,,,,,BA,,"1.384,52",,,,,-,,,,,,"1.384,52",,,,,,,"10.836,23",,,,,,,,,
ANTAS-BA,,,,,,,,,BA,,"1.582,30",,,,,-,,,,,,"1.582,30",,,,,,,"12.384,26",,,,,,,,,
ANTONIO CARDOSO-BA,,,,,,,,,BA,,"1.384,52",,,,,-,,,,,,"1.384,52",,,,,,,"10.836,23",,,,,,,,,
APORA-BA,,,,,,,,,BA,,"1.582,30",,,,,-,,,,,,"1.582,30",,,,,,,"12.384,26",,,,,,,,,
APUAREMA-BA,,,,,,,,,BA,,"1.318,59",,,,,-,,,,,,"1.318,59",,,,,,,"10.320,23",,,,,,,,,
ARACAS-BA,,,,,,,,,BA,,"426.504,32",,,,,"243.767,25",,,,,,"670.271,57",,,,,,,"5.742.316,86",,,,,,,,,
ARACI-BA,,,,,,,,,BA,,"2.109,74",,,,,-,,,,,,"2.109,74",,,,,,,"16.512,37",,,,,,,,,
ARAMARI-BA,,,,,,,,,BA,,"1.384,52",,,,,-,,,,,,"1.384,52",,,,,,,"10.915,52",,,,,,,,,
ARATACA-BA,,,,,,,,,BA,,"1.384,52",,,,,-,,,,,,"1.384,52",,,,,,,"10.836,23",,,,,,,,,
ARATUIPE-BA,,,,,,,,,BA,,"1.318,59",,,,,-,,,,,,"1.318,59",,,,,,,"10.320,23",,,,,,,,,
AURELINO LEAL-BA,,,,,,,,,BA,,"1.450,45",,,,,-,,,,,,"1.450,45",,,,,,,"11.352,25",,,,,,,,,
BAIXA GRANDE-BA,,,,,,,,,BA,,"1.714,16",,,,,-,,,,,,"1.714,16",,,,,,,"13.416,30",,,,,,,,,
BANZAE-BA,,,,,,,,,BA,,"1.384,52",,,,,-,,,,,,"1.384,52",,,,,,,"10.836,23",,,,,,,,,
BARRA DO CHOCA-BA,,,,,,,,,BA,,"1.911,95",,,,,-,,,,,,"1.911,95",,,,,,,"14.964,34",,,,,,,,,
BARRA DO ROCHA-BA,,,,,,,,,BA,,"1.318,59",,,,,-,,,,,,"1.318,59",,,,,,,"10.320,23",,,,,,,,,
BARRO PRETO-BA,,,,,,,,,BA,,"1.318,59",,,,,-,,,,,,"1.318,59",,,,,,,"10.320,23",,,,,,,,,
BARROCAS-BA,,,,,,,,,BA,,"1.516,37",,,,,-,,,,,,"1.516,37",,,,,,,"11.868,26",,,,,,,,,
BELMONTE-BA,,,,,,,,,BA,,"1.714,16",,,,,-,,,,,,"1.714,16",,,,,,,"13.416,30",,,,,,,,,
BELO CAMPO-BA,,,,,,,,,BA,,"1.582,30",,,,,-,,,,,,"1.582,30",,,,,,,"12.384,26",,,,,,,,,
BIRITINGA-BA,,,,,,,,,BA,,"1.516,37",,,,,-,,,,,,"1.516,37",,,,,,,"11.868,26",,,,,,,,,
BOA NOVA-BA,,,,,,,,,BA,,"1.516,37",,,,,-,,,,,,"1.516,37",,,,,,,"11.868,26",,,,,,,,,
Superintendência de Participações Governamentais,,,,,,,,,,,,,,,,,,,,,,,,,,,,,,,,,,,,,,
BOA VISTA DO TUPIM-BA,,,,,,,,,BA,,"1.582,30",,,,,-,,,,,,"1.582,30",,,,,,,"12.384,26",,,,,,,,,
BOM JESUS DA SERRA-BA,,,,,,,,,BA,,"1.384,52",,,,,-,,,,,,"1.384,52",,,,,,,"10.836,23",,,,,,,,,
BREJOES-BA,,,,,,,,,BA,,"1.516,37",,,,,-,,,,,,"1.516,37",,,,,,,"11.868,26",,,,,,,,,
BUERAREMA-BA,,,,,,,,,BA,,"1.648,23",,,,,-,,,,,,"1.648,23",,,,,,,"12.900,28",,,,,,,,,
CAATIBA-BA,,,,,,,,,BA,,"1.384,52",,,,,-,,,,,,"1.384,52",,,,,,,"10.836,23",,,,,,,,,
CABACEIRAS DO PARAGUACU-BA,,,,,,,,,BA,,"1.582,30",,,,,-,,,,,,"1.582,30",,,,,,,"12.384,26",,,,,,,,,
CACHOEIRA-BA,,,,,,,,,BA,,"1.911,95",,,,,-,,,,,,"1.911,95",,,,,,,"14.964,34",,,,,,,,,
CAEM-BA,,,,,,,,,BA,,"1.384,52",,,,,-,,,,,,"1.384,52",,,,,,,"10.836,23",,,,,,,,,
CAETANOS-BA,,,,,,,,,BA,,"1.450,45",,,,,-,,,,,,"1.450,45",,,,,,,"11.352,25",,,,,,,,,
CAIRU-BA,,,,,,,,,BA,,"45.551,27",,,,,"508.701,63",,,,,,"554.252,90",,,,,,,"4.356.553,06",,,,,,,,,
CAMACAN-BA,,,,,,,,,BA,,"1.846,02",,,,,-,,,,,,"1.846,02",,,,,,,"14.448,33",,,,,,,,,
CAMACARI-BA,,,,,,,,,BA,,"492.360,44",,,,,"328.211,29",,,,,,"820.571,73",,,,,,,"3.950.238,39",,,,,,,,,
CAMAMU-BA,,,,,,,,,BA,,"1.911,95",,,,,-,,,,,,"1.911,95",,,,,,,"14.964,34",,,,,,,,,
CANAVIEIRAS-BA,,,,,,,,,BA,,"1.911,95",,,,,-,,,,,,"1.911,95",,,,,,,"14.964,34",,,,,,,,,
CANDEAL-BA,,,,,,,,,BA,,"1.318,59",,,,,-,,,,,,"1.318,59",,,,,,,"10.320,23",,,,,,,,,
CANDEIAS-BA,,,,,,,,,BA,,"685.274,39",,,,,"517.222,22",,,,,,"1.202.496,61",,,,,,,"8.323.758,08",,,,,,,,,
CANDIDO SALES-BA,,,,,,,,,BA,,"1.780,09",,,,,-,,,,,,"1.780,09",,,,,,,"13.932,32",,,,,,,,,
CANSANCAO-BA,,,,,,,,,BA,,"1.911,95",,,,,-,,,,,,"1.911,95",,,,,,,"14.964,34",,,,,,,,,
CANUDOS-BA,,,,,,,,,BA,,"1.516,37",,,,,-,,,,,,"1.516,37",,,,,,,"11.868,26",,,,,,,,,
CAPELA DO ALTO ALEGRE-BA,,,,,,,,,BA,,"1.384,52",,,,,-,,,,,,"1.384,52",,,,,,,"10.836,23",,,,,,,,,
CAPIM GROSSO-BA,,,,,,,,,BA,,"1.780,09",,,,,-,,,,,,"1.780,09",,,,,,,"13.932,32",,,,,,,,,
CARAVELAS-BA,,,,,,,,,BA,,"1.714,16",,,,,-,,,,,,"1.714,16",,,,,,,"13.416,30",,,,,,,,,
CARDEAL DA SILVA-BA,,,,,,,,,BA,,"123.253,16",,,,,"33.559,66",,,,,,"156.812,82",,,,,,,"1.577.591,50",,,,,,,,,
CASTRO ALVES-BA,,,,,,,,,BA,,"1.780,09",,,,,-,,,,,,"1.780,09",,,,,,,"13.932,32",,,,,,,,,
CATU-BA,,,,,,,,,BA,,"295.374,05",,,,,"160.043,62",,,,,,"455.417,67",,,,,,,"4.396.356,10",,,,,,,,,
CICERO DANTAS-BA,,,,,,,,,BA,,"1.911,95",,,,,-,,,,,,"1.911,95",,,,,,,"14.964,34",,,,,,,,,
CIPO-BA,,,,,,,,,BA,,"1.516,37",,,,,-,,,,,,"1.516,37",,,,,,,"11.868,26",,,,,,,,,
COARACI-BA,,,,,,,,,BA,,"1.714,16",,,,,-,,,,,,"1.714,16",,,,,,,"13.416,30",,,,,,,,,
CONCEICAO DA FEIRA-BA,,,,,,,,,BA,,"1.714,16",,,,,-,,,,,,"1.714,16",,,,,,,"13.416,30",,,,,,,,,
CONCEICAO DO ALMEIDA-BA,,,,,,,,,BA,,"1.582,30",,,,,-,,,,,,"1.582,30",,,,,,,"12.384,26",,,,,,,,,
CONCEICAO DO COITE-BA,,,,,,,,,BA,,"2.175,67",,,,,-,,,,,,"2.175,67",,,,,,,"17.028,38",,,,,,,,,
CONCEICAO DO JACUIPE-BA,,,,,,,,,BA,,"1.846,02",,,,,-,,,,,,"1.846,02",,,,,,,"14.448,33",,,,,,,,,
CONDE-BA,,,,,,,,,BA,,"2.589,47",,,,,"564,57",,,,,,"3.154,04",,,,,,,"33.603,57",,,,,,,,,
CORACAO DE MARIA-BA,,,,,,,,,BA,,"1.714,16",,,,,-,,,,,,"1.714,16",,,,,,,"13.416,30",,,,,,,,,
CORONEL JOAO SA-BA,,,,,,,,,BA,,"1.582,30",,,,,-,,,,,,"1.582,30",,,,,,,"12.384,26",,,,,,,,,
CRAVOLANDIA-BA,,,,,,,,,BA,,"1.318,59",,,,,-,,,,,,"1.318,59",,,,,,,"10.320,23",,,,,,,,,
CRISOPOLIS-BA,,,,,,,,,BA,,"1.714,16",,,,,-,,,,,,"1.714,16",,,,,,,"13.416,30",,,,,,,,,
CRUZ DAS ALMAS-BA,,,,,,,,,BA,,"2.175,67",,,,,-,,,,,,"2.175,67",,,,,,,"17.028,38",,,,,,,,,
DARIO MEIRA-BA,,,,,,,,,BA,,"1.450,45",,,,,-,,,,,,"1.450,45",,,,,,,"11.352,25",,,,,,,,,
DIAS D'AVILA-BA,,,,,,,,,BA,,"2.241,60",,,,,-,,,,,,"2.241,60",,,,,,,"17.544,41",,,,,,,,,
DOM MACEDO COSTA-BA,,,,,,,,,BA,,"1.318,59",,,,,-,,,,,,"1.318,59",,,,,,,"10.320,23",,,,,,,,,
ELISIO MEDRADO-BA,,,,,,,,,BA,,"1.318,59",,,,,-,,,,,,"1.318,59",,,,,,,"10.320,23",,,,,,,,,
ENCRUZILHADA-BA,,,,,,,,,BA,,"1.714,16",,,,,-,,,,,,"1.714,16",,,,,,,"13.416,30",,,,,,,,,
ENTRE RIOS-BA,,,,,,,,,BA,,"414.706,86",,,,,"276.210,28",,,,,,"690.917,14",,,,,,,"5.829.723,68",,,,,,,,,
ESPLANADA-BA,,,,,,,,,BA,,"731.671,77",,,,,"566.870,51",,,,,,"1.298.542,28",,,,,,,"11.245.100,21",,,,,,,,,
EUCLIDES DA CUNHA-BA,,,,,,,,,BA,,"2.175,67",,,,,-,,,,,,"2.175,67",,,,,,,"17.028,38",,,,,,,,,
EUNAPOLIS-BA,,,,,,,,,BA,,"492.044,03",,,,,"11.259,47",,,,,,"503.303,50",,,,,,,"2.352.279,83",,,,,,,,,
FATIMA-BA,,,,,,,,,BA,,"1.582,30",,,,,-,,,,,,"1.582,30",,,,,,,"12.384,26",,,,,,,,,
FEIRA DE SANTANA-BA,,,,,,,,,BA,,"2.637,18",,,,,-,,,,,,"2.637,18",,,,,,,"20.640,50",,,,,,,,,
FIRMINO ALVES-BA,,,,,,,,,BA,,"1.318,59",,,,,-,,,,,,"1.318,59",,,,,,,"10.320,23",,,,,,,,,
FLORESTA AZUL-BA,,,,,,,,,BA,,"1.384,52",,,,,-,,,,,,"1.384,52",,,,,,,"10.836,23",,,,,,,,,
GANDU-BA,,,,,,,,,BA,,"1.846,02",,,,,-,,,,,,"1.846,02",,,,,,,"14.448,33",,,,,,,,,
GAVIAO-BA,,,,,,,,,BA,,"1.318,59",,,,,-,,,,,,"1.318,59",,,,,,,"10.320,23",,,,,,,,,
GLORIA-BA,,,,,,,,,BA,,"1.516,37",,,,,-,,,,,,"1.516,37",,,,,,,"11.868,26",,,,,,,,,
GONGOGI-BA,,,,,,,,,BA,,"1.318,59",,,,,-,,,,,,"1.318,59",,,,,,,"10.320,23",,,,,,,,,
GOVERNADOR MANGABEIRA-BA,,,,,,,,,BA,,"1.648,23",,,,,-,,,,,,"1.648,23",,,,,,,"12.900,28",,,,,,,,,
GUARATINGA-BA,,,,,,,,,BA,,"1.714,16",,,,,-,,,,,,"1.714,16",,,,,,,"13.416,30",,,,,,,,,
Superintendência de Participações Governamentais,,,,,,,,,,,,,,,,,,,,,,,,,,,,,,,,,,,,,,
HELIOPOLIS-BA,,,,,,,,,BA,,"1.450,45",,,,,-,,,,,,"1.450,45",,,,,,,"11.352,25",,,,,,,,,
IACU-BA,,,,,,,,,BA,,"1.780,09",,,,,-,,,,,,"1.780,09",,,,,,,"13.932,32",,,,,,,,,
IBICARAI-BA,,,,,,,,,BA,,"1.780,09",,,,,-,,,,,,"1.780,09",,,,,,,"13.932,32",,,,,,,,,
IBICUI-BA,,,,,,,,,BA,,"1.516,37",,,,,-,,,,,,"1.516,37",,,,,,,"11.868,26",,,,,,,,,
IBIQUERA-BA,,,,,,,,,BA,,"1.318,59",,,,,-,,,,,,"1.318,59",,,,,,,"10.320,23",,,,,,,,,
IBIRAPITANGA-BA,,,,,,,,,BA,,"1.714,16",,,,,-,,,,,,"1.714,16",,,,,,,"13.416,30",,,,,,,,,
IBIRAPUA-BA,,,,,,,,,BA,,"1.318,59",,,,,-,,,,,,"1.318,59",,,,,,,"10.320,23",,,,,,,,,
IBIRATAIA-BA,,,,,,,,,BA,,"1.648,23",,,,,-,,,,,,"1.648,23",,,,,,,"12.900,28",,,,,,,,,
ICHU-BA,,,,,,,,,BA,,"1.318,59",,,,,-,,,,,,"1.318,59",,,,,,,"10.320,23",,,,,,,,,
IGRAPIUNA-BA,,,,,,,,,BA,,"1.450,45",,,,,-,,,,,,"1.450,45",,,,,,,"11.352,25",,,,,,,,,
IGUAI-BA,,,,,,,,,BA,,"1.780,09",,,,,-,,,,,,"1.780,09",,,,,,,"13.932,32",,,,,,,,,
ILHEUS-BA,,,,,,,,,BA,,"2.637,18",,,,,-,,,,,,"2.637,18",,,,,,,"20.640,50",,,,,,,,,
INHAMBUPE-BA,,,,,,,,,BA,,"2.601,08",,,,,"317,83",,,,,,"2.918,91",,,,,,,"22.533,21",,,,,,,,,
IPECAETA-BA,,,,,,,,,BA,,"1.516,37",,,,,-,,,,,,"1.516,37",,,,,,,"11.868,26",,,,,,,,,
IPIAU-BA,,,,,,,,,BA,,"2.043,81",,,,,-,,,,,,"2.043,81",,,,,,,"15.996,36",,,,,,,,,
IPIRA-BA,,,,,,,,,BA,,"2.175,67",,,,,-,,,,,,"2.175,67",,,,,,,"17.028,38",,,,,,,,,
IRAJUBA-BA,,,,,,,,,BA,,"1.318,59",,,,,-,,,,,,"1.318,59",,,,,,,"10.320,23",,,,,,,,,
IRARA-BA,,,,,,,,,BA,,"1.780,09",,,,,-,,,,,,"1.780,09",,,,,,,"13.932,32",,,,,,,,,
ITABELA-BA,,,,,,,,,BA,,"1.846,02",,,,,-,,,,,,"1.846,02",,,,,,,"14.448,33",,,,,,,,,
ITABERABA-BA,,,,,,,,,BA,,"2.175,67",,,,,-,,,,,,"2.175,67",,,,,,,"17.028,38",,,,,,,,,
ITABUNA-BA,,,,,,,,,BA,,"492.241,82",,,,,"4.080,62",,,,,,"496.322,44",,,,,,,"2.325.640,02",,,,,,,,,
ITACARE-BA,,,,,,,,,BA,,"1.780,09",,,,,-,,,,,,"1.780,09",,,,,,,"13.932,32",,,,,,,,,
ITAGI-BA,,,,,,,,,BA,,"1.450,45",,,,,-,,,,,,"1.450,45",,,,,,,"11.352,25",,,,,,,,,
ITAGIBA-BA,,,,,,,,,BA,,"1.516,37",,,,,-,,,,,,"1.516,37",,,,,,,"11.868,26",,,,,,,,,
ITAGIMIRIM-BA,,,,,,,,,BA,,"1.318,59",,,,,-,,,,,,"1.318,59",,,,,,,"10.320,23",,,,,,,,,
ITAJU DO COLONIA-BA,,,,,,,,,BA,,"1.318,59",,,,,-,,,,,,"1.318,59",,,,,,,"10.320,23",,,,,,,,,
ITAJUIPE-BA,,,,,,,,,BA,,"1.714,16",,,,,-,,,,,,"1.714,16",,,,,,,"13.416,30",,,,,,,,,
ITAMARAJU-BA,,,,,,,,,BA,,"2.175,67",,,,,-,,,,,,"2.175,67",,,,,,,"17.028,38",,,,,,,,,
ITAMARI-BA,,,,,,,,,BA,,"1.318,59",,,,,-,,,,,,"1.318,59",,,,,,,"10.320,23",,,,,,,,,
ITAMBE-BA,,,,,,,,,BA,,"1.714,16",,,,,-,,,,,,"1.714,16",,,,,,,"13.416,30",,,,,,,,,
ITANAGRA-BA,,,,,,,,,BA,,"95.183,06",,,,,"18.414,71",,,,,,"113.597,77",,,,,,,"1.148.963,07",,,,,,,,,
ITANHEM-BA,,,,,,,,,BA,,"1.714,16",,,,,-,,,,,,"1.714,16",,,,,,,"13.416,30",,,,,,,,,
ITAPARICA-BA,,,,,,,,,BA,,"123.755,66",,,,,"402.912,63",,,,,,"526.668,29",,,,,,,"3.928.811,75",,,,,,,,,
ITAPE-BA,,,,,,,,,BA,,"1.384,52",,,,,-,,,,,,"1.384,52",,,,,,,"10.836,23",,,,,,,,,
ITAPEBI-BA,,,,,,,,,BA,,"1.384,52",,,,,-,,,,,,"1.384,52",,,,,,,"10.836,23",,,,,,,,,
ITAPETINGA-BA,,,,,,,,,BA,,"2.241,60",,,,,-,,,,,,"2.241,60",,,,,,,"17.544,41",,,,,,,,,
ITAPICURU-BA,,,,,,,,,BA,,"1.911,95",,,,,-,,,,,,"1.911,95",,,,,,,"14.964,34",,,,,,,,,
ITAPITANGA-BA,,,,,,,,,BA,,"1.384,52",,,,,-,,,,,,"1.384,52",,,,,,,"10.836,23",,,,,,,,,
ITAQUARA-BA,,,,,,,,,BA,,"1.318,59",,,,,-,,,,,,"1.318,59",,,,,,,"10.320,23",,,,,,,,,
ITARANTIM-BA,,,,,,,,,BA,,"1.648,23",,,,,-,,,,,,"1.648,23",,,,,,,"12.900,28",,,,,,,,,
ITATIM-BA,,,,,,,,,BA,,"1.516,37",,,,,-,,,,,,"1.516,37",,,,,,,"11.868,26",,,,,,,,,
ITIRUCU-BA,,,,,,,,,BA,,"1.450,45",,,,,-,,,,,,"1.450,45",,,,,,,"11.352,25",,,,,,,,,
ITIUBA-BA,,,,,,,,,BA,,"1.977,88",,,,,-,,,,,,"1.977,88",,,,,,,"15.480,35",,,,,,,,,
ITORORO-BA,,,,,,,,,BA,,"1.648,23",,,,,-,,,,,,"1.648,23",,,,,,,"12.900,28",,,,,,,,,
ITUBERA-BA,,,,,,,,,BA,,"1.780,09",,,,,-,,,,,,"1.780,09",,,,,,,"13.932,32",,,,,,,,,
JACOBINA-BA,,,,,,,,,BA,,"2.307,53",,,,,-,,,,,,"2.307,53",,,,,,,"18.060,42",,,,,,,,,
JAGUAQUARA-BA,,,,,,,,,BA,,"2.109,74",,,,,-,,,,,,"2.109,74",,,,,,,"16.512,37",,,,,,,,,
JAGUARIPE-BA,,,,,,,,,BA,,"71.050,08",,,,,-,,,,,,"71.050,08",,,,,,,"556.090,09",,,,,,,,,
JANDAIRA-BA,,,,,,,,,BA,,"1.384,52",,,,,-,,,,,,"1.384,52",,,,,,,"10.836,23",,,,,,,,,
JEQUIE-BA,,,,,,,,,BA,,"2.637,18",,,,,-,,,,,,"2.637,18",,,,,,,"20.640,50",,,,,,,,,
JEREMOABO-BA,,,,,,,,,BA,,"1.977,88",,,,,-,,,,,,"1.977,88",,,,,,,"15.480,35",,,,,,,,,
JIQUIRICA-BA,,,,,,,,,BA,,"1.516,37",,,,,-,,,,,,"1.516,37",,,,,,,"11.868,26",,,,,,,,,
JITAUNA-BA,,,,,,,,,BA,,"1.516,37",,,,,-,,,,,,"1.516,37",,,,,,,"11.868,26",,,,,,,,,
JUCURUCU-BA,,,,,,,,,BA,,"1.384,52",,,,,-,,,,,,"1.384,52",,,,,,,"10.836,23",,,,,,,,,
JUSSARI-BA,,,,,,,,,BA,,"1.318,59",,,,,-,,,,,,"1.318,59",,,,,,,"10.320,23",,,,,,,,,
LAFAIETE COUTINHO-BA,,,,,,,,,BA,,"1.318,59",,,,,-,,,,,,"1.318,59",,,,,,,"10.320,23",,,,,,,,,
LAJE-BA,,,,,,,,,BA,,"1.714,16",,,,,-,,,,,,"1.714,16",,,,,,,"13.416,30",,,,,,,,,
Superintendência de Participações Governamentais,,,,,,,,,,,,,,,,,,,,,,,,,,,,,,,,,,,,,,
LAJEDAO-BA,,,,,,,,,BA,,"1.318,59",,,,,-,,,,,,"1.318,59",,,,,,,"10.320,23",,,,,,,,,
LAJEDINHO-BA,,,,,,,,,BA,,"1.318,59",,,,,-,,,,,,"1.318,59",,,,,,,"10.320,23",,,,,,,,,
LAJEDO DO TABOCAL-BA,,,,,,,,,BA,,"1.318,59",,,,,-,,,,,,"1.318,59",,,,,,,"10.320,23",,,,,,,,,
LAMARAO-BA,,,,,,,,,BA,,"1.318,59",,,,,-,,,,,,"1.318,59",,,,,,,"10.320,23",,,,,,,,,
LAURO DE FREITAS-BA,,,,,,,,,BA,,"2.637,18",,,,,-,,,,,,"2.637,18",,,,,,,"20.640,50",,,,,,,,,
MACAJUBA-BA,,,,,,,,,BA,,"1.384,52",,,,,-,,,,,,"1.384,52",,,,,,,"10.836,23",,,,,,,,,
MACARANI-BA,,,,,,,,,BA,,"1.582,30",,,,,-,,,,,,"1.582,30",,,,,,,"12.384,26",,,,,,,,,
MADRE DE DEUS-BA,,,,,,,,,BA,,"1.996.130,75",,,,,"1.861.842,06",,,,,,"3.857.972,81",,,,,,,"28.538.270,75",,,,,,,,,
MAIQUINIQUE-BA,,,,,,,,,BA,,"1.318,59",,,,,-,,,,,,"1.318,59",,,,,,,"10.320,23",,,,,,,,,
MAIRI-BA,,,,,,,,,BA,,"1.648,23",,,,,-,,,,,,"1.648,23",,,,,,,"12.900,28",,,,,,,,,
MANOEL VITORINO-BA,,,,,,,,,BA,,"1.516,37",,,,,-,,,,,,"1.516,37",,,,,,,"11.868,26",,,,,,,,,
MARACAS-BA,,,,,,,,,BA,,"1.780,09",,,,,-,,,,,,"1.780,09",,,,,,,"13.932,32",,,,,,,,,
MARAGOGIPE-BA,,,,,,,,,BA,,"61.395,19",,,,,-,,,,,,"61.395,19",,,,,,,"480.523,83",,,,,,,,,
MARAU-BA,,,,,,,,,BA,,"1.648,23",,,,,-,,,,,,"1.648,23",,,,,,,"12.900,28",,,,,,,,,
MARCIONILIO SOUZA-BA,,,,,,,,,BA,,"1.384,52",,,,,-,,,,,,"1.384,52",,,,,,,"10.836,23",,,,,,,,,
MASCOTE-BA,,,,,,,,,BA,,"1.516,37",,,,,-,,,,,,"1.516,37",,,,,,,"11.868,26",,,,,,,,,
MATA DE SAO JOAO-BA,,,,,,,,,BA,,"209.867,27",,,,,"104.160,06",,,,,,"314.027,33",,,,,,,"2.910.976,74",,,,,,,,,
MEDEIROS NETO-BA,,,,,,,,,BA,,"1.714,16",,,,,-,,,,,,"1.714,16",,,,,,,"13.416,30",,,,,,,,,
MIGUEL CALMON-BA,,,,,,,,,BA,,"1.780,09",,,,,-,,,,,,"1.780,09",,,,,,,"13.932,32",,,,,,,,,
MILAGRES-BA,,,,,,,,,BA,,"1.384,52",,,,,-,,,,,,"1.384,52",,,,,,,"10.836,23",,,,,,,,,
MIRANTE-BA,,,,,,,,,BA,,"1.384,52",,,,,-,,,,,,"1.384,52",,,,,,,"10.836,23",,,,,,,,,
MONTE SANTO-BA,,,,,,,,,BA,,"2.109,74",,,,,-,,,,,,"2.109,74",,,,,,,"16.512,37",,,,,,,,,
MUCURI-BA,,,,,,,,,BA,,"491.582,52",,,,,"22.701,19",,,,,,"514.283,71",,,,,,,"2.386.881,48",,,,,,,,,
MUNDO NOVO-BA,,,,,,,,,BA,,"1.780,09",,,,,-,,,,,,"1.780,09",,,,,,,"13.932,32",,,,,,,,,
MUNIZ FERREIRA-BA,,,,,,,,,BA,,"1.318,59",,,,,-,,,,,,"1.318,59",,,,,,,"10.320,23",,,,,,,,,
MURITIBA-BA,,,,,,,,,BA,,"1.846,02",,,,,-,,,,,,"1.846,02",,,,,,,"14.448,33",,,,,,,,,
MUTUIPE-BA,,,,,,,,,BA,,"1.714,16",,,,,-,,,,,,"1.714,16",,,,,,,"13.416,30",,,,,,,,,
NAZARE-BA,,,,,,,,,BA,,"1.780,09",,,,,-,,,,,,"1.780,09",,,,,,,"13.932,32",,,,,,,,,
NILO PECANHA-BA,,,,,,,,,BA,,"1.450,45",,,,,-,,,,,,"1.450,45",,,,,,,"11.352,25",,,,,,,,,
NORDESTINA-BA,,,,,,,,,BA,,"1.450,45",,,,,-,,,,,,"1.450,45",,,,,,,"11.352,25",,,,,,,,,
NOVA CANAA-BA,,,,,,,,,BA,,"1.582,30",,,,,-,,,,,,"1.582,30",,,,,,,"12.384,26",,,,,,,,,
NOVA FATIMA-BA,,,,,,,,,BA,,"1.318,59",,,,,-,,,,,,"1.318,59",,,,,,,"10.320,23",,,,,,,,,
NOVA IBIA-BA,,,,,,,,,BA,,"1.318,59",,,,,-,,,,,,"1.318,59",,,,,,,"10.320,23",,,,,,,,,
NOVA ITARANA-BA,,,,,,,,,BA,,"1.318,59",,,,,-,,,,,,"1.318,59",,,,,,,"10.320,23",,,,,,,,,
NOVA SOURE-BA,,,,,,,,,BA,,"1.780,09",,,,,-,,,,,,"1.780,09",,,,,,,"13.932,32",,,,,,,,,
NOVA VICOSA-BA,,,,,,,,,BA,,"1.977,88",,,,,-,,,,,,"1.977,88",,,,,,,"15.480,35",,,,,,,,,
NOVO TRIUNFO-BA,,,,,,,,,BA,,"1.516,37",,,,,-,,,,,,"1.516,37",,,,,,,"11.868,26",,,,,,,,,
OLINDINA-BA,,,,,,,,,BA,,"1.780,09",,,,,-,,,,,,"1.780,09",,,,,,,"13.932,32",,,,,,,,,
OURICANGAS-BA,,,,,,,,,BA,,"1.318,59",,,,,-,,,,,,"1.318,59",,,,,,,"10.320,23",,,,,,,,,
OUROLANDIA-BA,,,,,,,,,BA,,"1.582,30",,,,,-,,,,,,"1.582,30",,,,,,,"12.384,26",,,,,,,,,
PARIPIRANGA-BA,,,,,,,,,BA,,"1.780,09",,,,,-,,,,,,"1.780,09",,,,,,,"13.932,32",,,,,,,,,
PAU BRASIL-BA,,,,,,,,,BA,,"1.384,52",,,,,-,,,,,,"1.384,52",,,,,,,"10.836,23",,,,,,,,,
PAULO AFONSO-BA,,,,,,,,,BA,,"2.439,39",,,,,-,,,,,,"2.439,39",,,,,,,"19.092,45",,,,,,,,,
PE DE SERRA-BA,,,,,,,,,BA,,"1.450,45",,,,,-,,,,,,"1.450,45",,,,,,,"11.352,25",,,,,,,,,
PEDRAO-BA,,,,,,,,,BA,,"1.318,59",,,,,-,,,,,,"1.318,59",,,,,,,"10.320,23",,,,,,,,,
PEDRO ALEXANDRE-BA,,,,,,,,,BA,,"1.582,30",,,,,-,,,,,,"1.582,30",,,,,,,"12.384,26",,,,,,,,,
PINTADAS-BA,,,,,,,,,BA,,"1.384,52",,,,,-,,,,,,"1.384,52",,,,,,,"10.836,23",,,,,,,,,
PIRAI DO NORTE-BA,,,,,,,,,BA,,"1.318,59",,,,,-,,,,,,"1.318,59",,,,,,,"10.320,23",,,,,,,,,
PIRITIBA-BA,,,,,,,,,BA,,"1.714,16",,,,,-,,,,,,"1.714,16",,,,,,,"13.416,30",,,,,,,,,
PLANALTINO-BA,,,,,,,,,BA,,"1.318,59",,,,,-,,,,,,"1.318,59",,,,,,,"10.320,23",,,,,,,,,
PLANALTO-BA,,,,,,,,,BA,,"1.780,09",,,,,-,,,,,,"1.780,09",,,,,,,"13.932,32",,,,,,,,,
POCOES-BA,,,,,,,,,BA,,"2.043,81",,,,,-,,,,,,"2.043,81",,,,,,,"15.996,36",,,,,,,,,
POJUCA-BA,,,,,,,,,BA,,"667.718,05",,,,,"548.789,28",,,,,,"1.216.507,33",,,,,,,"11.303.508,22",,,,,,,,,
PORTO SEGURO-BA,,,,,,,,,BA,,"2.505,32",,,,,-,,,,,,"2.505,32",,,,,,,"19.608,45",,,,,,,,,
POTIRAGUA-BA,,,,,,,,,BA,,"1.318,59",,,,,-,,,,,,"1.318,59",,,,,,,"10.320,23",,,,,,,,,
PRADO-BA,,,,,,,,,BA,,"1.780,09",,,,,-,,,,,,"1.780,09",,,,,,,"13.932,32",,,,,,,,,
PRESIDENTE TANCREDO NEVES-BA,,,,,,,,,BA,,"1.714,16",,,,,-,,,,,,"1.714,16",,,,,,,"13.416,30",,,,,,,,,
Superintendência de Participações Governamentais,,,,,,,,,,,,,,,,,,,,,,,,,,,,,,,,,,,,,,
QUEIMADAS-BA,,,,,,,,,BA,,"1.780,09",,,,,-,,,,,,"1.780,09",,,,,,,"13.932,32",,,,,,,,,
QUIJINGUE-BA,,,,,,,,,BA,,"1.780,09",,,,,-,,,,,,"1.780,09",,,,,,,"13.932,32",,,,,,,,,
QUIXABEIRA-BA,,,,,,,,,BA,,"1.318,59",,,,,-,,,,,,"1.318,59",,,,,,,"10.320,23",,,,,,,,,
RAFAEL JAMBEIRO-BA,,,,,,,,,BA,,"1.714,16",,,,,-,,,,,,"1.714,16",,,,,,,"13.416,30",,,,,,,,,
RETIROLANDIA-BA,,,,,,,,,BA,,"1.450,45",,,,,-,,,,,,"1.450,45",,,,,,,"11.352,25",,,,,,,,,
RIACHAO DO JACUIPE-BA,,,,,,,,,BA,,"1.911,95",,,,,-,,,,,,"1.911,95",,,,,,,"14.964,34",,,,,,,,,
RIBEIRA DO AMPARO-BA,,,,,,,,,BA,,"1.516,37",,,,,-,,,,,,"1.516,37",,,,,,,"11.868,26",,,,,,,,,
RIBEIRA DO POMBAL-BA,,,,,,,,,BA,,"2.043,81",,,,,-,,,,,,"2.043,81",,,,,,,"15.996,36",,,,,,,,,
RIBEIRAO DO LARGO-BA,,,,,,,,,BA,,"1.318,59",,,,,-,,,,,,"1.318,59",,,,,,,"10.320,23",,,,,,,,,
RIO REAL-BA,,,,,,,,,BA,,"1.977,88",,,,,-,,,,,,"1.977,88",,,,,,,"15.480,35",,,,,,,,,
RUY BARBOSA-BA,,,,,,,,,BA,,"1.846,02",,,,,-,,,,,,"1.846,02",,,,,,,"14.448,33",,,,,,,,,
SALINAS DA MARGARIDA-BA,,,,,,,,,BA,,"43.570,78",,,,,"402.332,13",,,,,,"445.902,91",,,,,,,"3.091.422,58",,,,,,,,,
SALVADOR-BA,,,,,,,,,BA,,"79.219,60",,,,,"402.332,13",,,,,,"481.551,73",,,,,,,"3.370.436,46",,,,,,,,,
SANTA BARBARA-BA,,,,,,,,,BA,,"1.648,23",,,,,-,,,,,,"1.648,23",,,,,,,"12.900,28",,,,,,,,,
SANTA BRIGIDA-BA,,,,,,,,,BA,,"1.516,37",,,,,-,,,,,,"1.516,37",,,,,,,"11.868,26",,,,,,,,,
SANTA CRUZ CABRALIA-BA,,,,,,,,,BA,,"1.780,09",,,,,-,,,,,,"1.780,09",,,,,,,"13.932,32",,,,,,,,,
SANTA CRUZ DA VITORIA-BA,,,,,,,,,BA,,"1.318,59",,,,,-,,,,,,"1.318,59",,,,,,,"10.320,23",,,,,,,,,
SANTA INES-BA,,,,,,,,,BA,,"1.384,52",,,,,-,,,,,,"1.384,52",,,,,,,"10.836,23",,,,,,,,,
SANTA LUZIA-BA,,,,,,,,,BA,,"1.450,45",,,,,-,,,,,,"1.450,45",,,,,,,"11.352,25",,,,,,,,,
SANTA TERESINHA-BA,,,,,,,,,BA,,"1.318,59",,,,,-,,,,,,"1.318,59",,,,,,,"10.320,23",,,,,,,,,
SANTALUZ-BA,,,,,,,,,BA,,"1.911,95",,,,,-,,,,,,"1.911,95",,,,,,,"14.964,34",,,,,,,,,
SANTANOPOLIS-BA,,,,,,,,,BA,,"1.318,59",,,,,-,,,,,,"1.318,59",,,,,,,"10.320,23",,,,,,,,,
SANTO AMARO-BA,,,,,,,,,BA,,"65.356,17",,,,,"402.332,13",,,,,,"467.688,30",,,,,,,"3.261.931,05",,,,,,,,,
SANTO ANTONIO DE JESUS-BA,,,,,,,,,BA,,"2.373,46",,,,,-,,,,,,"2.373,46",,,,,,,"18.576,44",,,,,,,,,
SANTO ESTEVAO-BA,,,,,,,,,BA,,"2.043,81",,,,,-,,,,,,"2.043,81",,,,,,,"15.996,36",,,,,,,,,
SAO DOMINGOS-BA,,,,,,,,,BA,,"1.318,59",,,,,-,,,,,,"1.318,59",,,,,,,"10.320,23",,,,,,,,,
SAO FELIPE-BA,,,,,,,,,BA,,"1.714,16",,,,,-,,,,,,"1.714,16",,,,,,,"13.416,30",,,,,,,,,
SAO FELIX-BA,,,,,,,,,BA,,"1.516,37",,,,,-,,,,,,"1.516,37",,,,,,,"11.868,26",,,,,,,,,
SAO FRANCISCO DO CONDE-BA,,,,,,,,,BA,,"2.420.626,05",,,,,"1.430.571,73",,,,,,"3.851.197,78",,,,,,,"29.153.792,65",,,,,,,,,
SAO GONCALO DOS CAMPOS-BA,,,,,,,,,BA,,"1.911,95",,,,,-,,,,,,"1.911,95",,,,,,,"14.964,34",,,,,,,,,
SAO JOSE DA VITORIA-BA,,,,,,,,,BA,,"1.318,59",,,,,-,,,,,,"1.318,59",,,,,,,"10.320,23",,,,,,,,,
SAO JOSE DO JACUIPE-BA,,,,,,,,,BA,,"1.384,52",,,,,-,,,,,,"1.384,52",,,,,,,"10.836,23",,,,,,,,,
SAO MIGUEL DAS MATAS-BA,,,,,,,,,BA,,"1.384,52",,,,,-,,,,,,"1.384,52",,,,,,,"10.836,23",,,,,,,,,
SAO SEBASTIAO DO PASSE-BA,,,,,,,,,BA,,"520.790,54",,,,,"290.366,83",,,,,,"811.157,37",,,,,,,"6.468.860,29",,,,,,,,,
SAPEACU-BA,,,,,,,,,BA,,"1.582,30",,,,,-,,,,,,"1.582,30",,,,,,,"12.384,26",,,,,,,,,
SATIRO DIAS-BA,,,,,,,,,BA,,"74.803,92",,,,,"1.969,11",,,,,,"76.773,03",,,,,,,"618.747,01",,,,,,,,,
SAUBARA-BA,,,,,,,,,BA,,"41.590,29",,,,,"402.332,13",,,,,,"443.922,42",,,,,,,"3.075.921,81",,,,,,,,,
SERRA PRETA-BA,,,,,,,,,BA,,"1.516,37",,,,,-,,,,,,"1.516,37",,,,,,,"11.868,26",,,,,,,,,
SERRINHA-BA,,,,,,,,,BA,,"2.307,53",,,,,-,,,,,,"2.307,53",,,,,,,"18.060,42",,,,,,,,,
SERROLANDIA-BA,,,,,,,,,BA,,"1.450,45",,,,,-,,,,,,"1.450,45",,,,,,,"11.352,25",,,,,,,,,
SIMOES FILHO-BA,,,,,,,,,BA,,"494.069,92",,,,,"21.273,63",,,,,,"515.343,55",,,,,,,"2.931.852,53",,,,,,,,,
SITIO DO QUINTO-BA,,,,,,,,,BA,,"1.450,45",,,,,-,,,,,,"1.450,45",,,,,,,"11.352,25",,,,,,,,,
TANQUINHO-BA,,,,,,,,,BA,,"1.318,59",,,,,-,,,,,,"1.318,59",,,,,,,"10.320,23",,,,,,,,,
TAPEROA-BA,,,,,,,,,BA,,"1.648,23",,,,,-,,,,,,"1.648,23",,,,,,,"12.900,28",,,,,,,,,
TAPIRAMUTA-BA,,,,,,,,,BA,,"1.582,30",,,,,-,,,,,,"1.582,30",,,,,,,"12.384,26",,,,,,,,,
TEIXEIRA DE FREITAS-BA,,,,,,,,,BA,,"2.571,25",,,,,-,,,,,,"2.571,25",,,,,,,"20.124,48",,,,,,,,,
TEODORO SAMPAIO-BA,,,,,,,,,BA,,"72.904,61",,,,,"692,47",,,,,,"73.597,08",,,,,,,"784.642,86",,,,,,,,,
TEOFILANDIA-BA,,,,,,,,,BA,,"1.714,16",,,,,-,,,,,,"1.714,16",,,,,,,"13.416,30",,,,,,,,,
TEOLANDIA-BA,,,,,,,,,BA,,"1.516,37",,,,,-,,,,,,"1.516,37",,,,,,,"11.868,26",,,,,,,,,
TERRA NOVA-BA,,,,,,,,,BA,,"1.450,45",,,,,-,,,,,,"1.450,45",,,,,,,"11.833,91",,,,,,,,,
TUCANO-BA,,,,,,,,,BA,,"2.109,74",,,,,-,,,,,,"2.109,74",,,,,,,"16.512,37",,,,,,,,,
UAUA-BA,,,,,,,,,BA,,"1.780,09",,,,,-,,,,,,"1.780,09",,,,,,,"13.932,32",,,,,,,,,
UBAIRA-BA,,,,,,,,,BA,,"1.648,23",,,,,-,,,,,,"1.648,23",,,,,,,"12.900,28",,,,,,,,,
UBAITABA-BA,,,,,,,,,BA,,"1.714,16",,,,,-,,,,,,"1.714,16",,,,,,,"13.416,30",,,,,,,,,
UBATA-BA,,,,,,,,,BA,,"1.780,09",,,,,-,,,,,,"1.780,09",,,,,,,"13.932,32",,,,,,,,,
UNA-BA,,,,,,,,,BA,,"1.780,09",,,,,-,,,,,,"1.780,09",,,,,,,"13.932,32",,,,,,,,,
URUCUCA-BA,,,,,,,,,BA,,"1.648,23",,,,,-,,,,,,"1.648,23",,,,,,,"12.900,28",,,,,,,,,
Superintendência de Participações Governamentais,,,,,,,,,,,,,,,,,,,,,,,,,,,,,,,,,,,,,,
VALENCA-BA,,,,,,,,,BA,,"71.050,08",,,,,-,,,,,,"71.050,08",,,,,,,"556.090,09",,,,,,,,,
VALENTE-BA,,,,,,,,,BA,,"1.780,09",,,,,-,,,,,,"1.780,09",,,,,,,"13.932,32",,,,,,,,,
VARZEA DA ROCA-BA,,,,,,,,,BA,,"1.450,45",,,,,-,,,,,,"1.450,45",,,,,,,"11.352,25",,,,,,,,,
VARZEA DO POCO-BA,,,,,,,,,BA,,"1.318,59",,,,,-,,,,,,"1.318,59",,,,,,,"10.320,23",,,,,,,,,
VARZEA NOVA-BA,,,,,,,,,BA,,"1.450,45",,,,,-,,,,,,"1.450,45",,,,,,,"11.352,25",,,,,,,,,
VARZEDO-BA,,,,,,,,,BA,,"1.318,59",,,,,-,,,,,,"1.318,59",,,,,,,"10.320,23",,,,,,,,,
VERA CRUZ-BA,,,,,,,,,BA,,"72.985,86",,,,,"15,21",,,,,,"73.001,07",,,,,,,"807.622,11",,,,,,,,,
VEREDA-BA,,,,,,,,,BA,,"1.318,59",,,,,-,,,,,,"1.318,59",,,,,,,"10.320,23",,,,,,,,,
VITORIA DA CONQUISTA-BA,,,,,,,,,BA,,"2.637,18",,,,,-,,,,,,"2.637,18",,,,,,,"20.640,50",,,,,,,,,
WENCESLAU GUIMARAES-BA,,,,,,,,,BA,,"1.714,16",,,,,-,,,,,,"1.714,16",,,,,,,"13.416,30",,,,,,,,,
BAHIA  TOTAL,,,,,,,,,,,"12.713.040,26",,,,,"9.258.599,09",,,,,,"21.971.639,35",,,,,,,"164.765.519,66",,,,,,,,,
ACARAU-CE,,,,,,,,,CE,,"4.129,75",,,,,-,,,,,,"4.129,75",,,,,,,"36.150,02",,,,,,,,,
ALCANTARAS-CE,,,,,,,,,CE,,"2.628,02",,,,,-,,,,,,"2.628,02",,,,,,,"23.004,54",,,,,,,,,
AMONTADA-CE,,,,,,,,,CE,,"84.923,65",,,,,"20.218,33",,,,,,"105.141,98",,,,,,,"916.856,96",,,,,,,,,
APUIARES-CE,,,,,,,,,CE,,"2.753,16",,,,,-,,,,,,"2.753,16",,,,,,,"24.100,00",,,,,,,,,
AQUIRAZ-CE,,,,,,,,,CE,,-,,,,,"40.271,02",,,,,,"40.271,02",,,,,,,"346.999,20",,,,,,,,,
ARACATI-CE,,,,,,,,,CE,,"549.268,80",,,,,"30.228,26",,,,,,"579.497,06",,,,,,,"2.856.898,20",,,,,,,,,
ARARENDA-CE,,,,,,,,,CE,,"2.628,02",,,,,-,,,,,,"2.628,02",,,,,,,"23.004,54",,,,,,,,,
BARROQUINHA-CE,,,,,,,,,CE,,"2.878,31",,,,,-,,,,,,"2.878,31",,,,,,,"25.195,47",,,,,,,,,
BELA CRUZ-CE,,,,,,,,,CE,,"3.504,03",,,,,-,,,,,,"3.504,03",,,,,,,"30.672,74",,,,,,,,,
CAMOCIM-CE,,,,,,,,,CE,,"4.129,75",,,,,-,,,,,,"4.129,75",,,,,,,"36.150,02",,,,,,,,,
CANINDE-CE,,,,,,,,,CE,,"4.380,03",,,,,-,,,,,,"4.380,03",,,,,,,"38.340,94",,,,,,,,,
CARIDADE-CE,,,,,,,,,CE,,"3.253,74",,,,,-,,,,,,"3.253,74",,,,,,,"28.481,83",,,,,,,,,
CARIRE-CE,,,,,,,,,CE,,"3.128,59",,,,,-,,,,,,"3.128,59",,,,,,,"27.386,37",,,,,,,,,
CARNAUBAL-CE,,,,,,,,,CE,,"3.003,45",,,,,-,,,,,,"3.003,45",,,,,,,"26.290,91",,,,,,,,,
CATUNDA-CE,,,,,,,,,CE,,"2.502,87",,,,,-,,,,,,"2.502,87",,,,,,,"21.909,09",,,,,,,,,
CAUCAIA-CE,,,,,,,,,CE,,-,,,,,"40.276,57",,,,,,"40.276,57",,,,,,,"895.218,12",,,,,,,,,
CHAVAL-CE,,,,,,,,,CE,,"2.753,16",,,,,-,,,,,,"2.753,16",,,,,,,"24.100,00",,,,,,,,,
COREAU-CE,,,,,,,,,CE,,"3.253,74",,,,,-,,,,,,"3.253,74",,,,,,,"28.481,83",,,,,,,,,
CRATEUS-CE,,,,,,,,,CE,,"4.380,03",,,,,-,,,,,,"4.380,03",,,,,,,"38.340,94",,,,,,,,,
CROATA-CE,,,,,,,,,CE,,"3.003,45",,,,,-,,,,,,"3.003,45",,,,,,,"26.290,91",,,,,,,,,
CRUZ-CE,,,,,,,,,CE,,"3.253,74",,,,,-,,,,,,"3.253,74",,,,,,,"28.481,83",,,,,,,,,
FORQUILHA-CE,,,,,,,,,CE,,"3.253,74",,,,,-,,,,,,"3.253,74",,,,,,,"28.481,83",,,,,,,,,
FORTALEZA-CE,,,,,,,,,CE,,"493.791,15",,,,,"63.834,39",,,,,,"557.625,54",,,,,,,"11.983.489,45",,,,,,,,,
FRECHEIRINHA-CE,,,,,,,,,CE,,"2.753,16",,,,,-,,,,,,"2.753,16",,,,,,,"24.100,00",,,,,,,,,
GENERAL SAMPAIO-CE,,,,,,,,,CE,,"2.502,87",,,,,-,,,,,,"2.502,87",,,,,,,"21.909,09",,,,,,,,,
GRACA-CE,,,,,,,,,CE,,"2.878,31",,,,,-,,,,,,"2.878,31",,,,,,,"25.195,47",,,,,,,,,
GRANJA-CE,,,,,,,,,CE,,"4.004,60",,,,,-,,,,,,"4.004,60",,,,,,,"35.054,57",,,,,,,,,
GROAIRAS-CE,,,,,,,,,CE,,"2.628,02",,,,,-,,,,,,"2.628,02",,,,,,,"23.004,54",,,,,,,,,
GUARACIABA DO NORTE-CE,,,,,,,,,CE,,"3.754,31",,,,,-,,,,,,"3.754,31",,,,,,,"32.863,65",,,,,,,,,
HIDROLANDIA-CE,,,,,,,,,CE,,"3.128,59",,,,,-,,,,,,"3.128,59",,,,,,,"27.386,37",,,,,,,,,
HORIZONTE-CE,,,,,,,,,CE,,"489.604,64",,,,,"90,39",,,,,,"489.695,03",,,,,,,"1.558.707,44",,,,,,,,,
IBIAPINA-CE,,,,,,,,,CE,,"3.253,74",,,,,-,,,,,,"3.253,74",,,,,,,"28.481,83",,,,,,,,,
ICAPUI-CE,,,,,,,,,CE,,"79.808,00",,,,,"11.880,50",,,,,,"91.688,50",,,,,,,"1.040.951,60",,,,,,,,,
INDEPENDENCIA-CE,,,,,,,,,CE,,"3.378,88",,,,,-,,,,,,"3.378,88",,,,,,,"29.577,28",,,,,,,,,
IPAPORANGA-CE,,,,,,,,,CE,,"2.628,02",,,,,-,,,,,,"2.628,02",,,,,,,"23.004,54",,,,,,,,,
IPU-CE,,,,,,,,,CE,,"3.879,46",,,,,-,,,,,,"3.879,46",,,,,,,"33.959,12",,,,,,,,,
IPUEIRAS-CE,,,,,,,,,CE,,"3.754,31",,,,,-,,,,,,"3.754,31",,,,,,,"32.863,65",,,,,,,,,
IRAUCUBA-CE,,,,,,,,,CE,,"3.253,74",,,,,-,,,,,,"3.253,74",,,,,,,"28.481,83",,,,,,,,,
ITAPAGE-CE,,,,,,,,,CE,,"4.004,60",,,,,-,,,,,,"4.004,60",,,,,,,"35.054,57",,,,,,,,,
ITAPIPOCA-CE,,,,,,,,,CE,,"107.569,96",,,,,"161.855,57",,,,,,"269.425,53",,,,,,,"2.430.929,62",,,,,,,,,
ITAREMA-CE,,,,,,,,,CE,,"84.923,65",,,,,"97.466,45",,,,,,"182.390,10",,,,,,,"1.527.581,44",,,,,,,,,
JAGUARUANA-CE,,,,,,,,,CE,,"2.689,24",,,,,"1.100,37",,,,,,"3.789,61",,,,,,,"105.853,65",,,,,,,,,
JIJOCA DE JERICOACOARA-CE,,,,,,,,,CE,,"3.003,45",,,,,-,,,,,,"3.003,45",,,,,,,"26.290,91",,,,,,,,,
MARACANAU-CE,,,,,,,,,CE,,-,,,,,"0,08",,,,,,"0,08",,,,,,,"451.474,81",,,,,,,,,
MARCO-CE,,,,,,,,,CE,,"3.378,88",,,,,-,,,,,,"3.378,88",,,,,,,"29.577,28",,,,,,,,,
MARTINOPOLE-CE,,,,,,,,,CE,,"2.628,02",,,,,-,,,,,,"2.628,02",,,,,,,"23.004,54",,,,,,,,,
Superintendência de Participações Governamentais,,,,,,,,,,,,,,,,,,,,,,,,,,,,,,,,,,,,,,
MASSAPE-CE,,,,,,,,,CE,,"3.629,17",,,,,-,,,,,,"3.629,17",,,,,,,"31.768,20",,,,,,,,,
MERUOCA-CE,,,,,,,,,CE,,"2.753,16",,,,,-,,,,,,"2.753,16",,,,,,,"24.100,00",,,,,,,,,
MIRAIMA-CE,,,,,,,,,CE,,"2.753,16",,,,,-,,,,,,"2.753,16",,,,,,,"24.100,00",,,,,,,,,
MONSENHOR TABOSA-CE,,,,,,,,,CE,,"3.003,45",,,,,-,,,,,,"3.003,45",,,,,,,"26.290,91",,,,,,,,,
MORAUJO-CE,,,,,,,,,CE,,"2.502,87",,,,,-,,,,,,"2.502,87",,,,,,,"21.909,09",,,,,,,,,
MORRINHOS-CE,,,,,,,,,CE,,"3.253,74",,,,,-,,,,,,"3.253,74",,,,,,,"28.481,83",,,,,,,,,
MUCAMBO-CE,,,,,,,,,CE,,"2.878,31",,,,,-,,,,,,"2.878,31",,,,,,,"25.195,47",,,,,,,,,
NOVA RUSSAS-CE,,,,,,,,,CE,,"3.504,03",,,,,-,,,,,,"3.504,03",,,,,,,"30.672,74",,,,,,,,,
NOVO ORIENTE-CE,,,,,,,,,CE,,"3.378,88",,,,,-,,,,,,"3.378,88",,,,,,,"29.577,28",,,,,,,,,
PACUJA-CE,,,,,,,,,CE,,"2.502,87",,,,,-,,,,,,"2.502,87",,,,,,,"21.909,09",,,,,,,,,
PARACURU-CE,,,,,,,,,CE,,"79.262,07",,,,,"111.728,85",,,,,,"190.990,92",,,,,,,"1.684.148,78",,,,,,,,,
PARAIPABA-CE,,,,,,,,,CE,,"3.504,03",,,,,"4.914,67",,,,,,"8.418,70",,,,,,,"70.237,28",,,,,,,,,
PARAMOTI-CE,,,,,,,,,CE,,"2.628,02",,,,,-,,,,,,"2.628,02",,,,,,,"23.004,54",,,,,,,,,
PENTECOSTE-CE,,,,,,,,,CE,,"3.629,17",,,,,-,,,,,,"3.629,17",,,,,,,"31.768,20",,,,,,,,,
PIRES FERREIRA-CE,,,,,,,,,CE,,"2.628,02",,,,,-,,,,,,"2.628,02",,,,,,,"23.004,54",,,,,,,,,
PORANGA-CE,,,,,,,,,CE,,"2.753,16",,,,,-,,,,,,"2.753,16",,,,,,,"24.100,00",,,,,,,,,
QUITERIANOPOLIS-CE,,,,,,,,,CE,,"3.128,59",,,,,-,,,,,,"3.128,59",,,,,,,"27.386,37",,,,,,,,,
RERIUTABA-CE,,,,,,,,,CE,,"3.128,59",,,,,-,,,,,,"3.128,59",,,,,,,"27.386,37",,,,,,,,,
SANTA QUITERIA-CE,,,,,,,,,CE,,"3.879,46",,,,,-,,,,,,"3.879,46",,,,,,,"33.959,12",,,,,,,,,
SANTANA DO ACARAU-CE,,,,,,,,,CE,,"3.504,03",,,,,-,,,,,,"3.504,03",,,,,,,"30.672,74",,,,,,,,,
SAO BENEDITO-CE,,,,,,,,,CE,,"3.879,46",,,,,-,,,,,,"3.879,46",,,,,,,"33.959,12",,,,,,,,,
SAO GONCALO DO AMARANTE-CE,,,,,,,,,CE,,-,,,,,-,,,,,,-,,,,,,,"427.008,29",,,,,,,,,
SAO LUIS DO CURU-CE,,,,,,,,,CE,,"2.753,16",,,,,-,,,,,,"2.753,16",,,,,,,"24.100,00",,,,,,,,,
SENADOR SA-CE,,,,,,,,,CE,,"2.502,87",,,,,-,,,,,,"2.502,87",,,,,,,"21.909,09",,,,,,,,,
SOBRAL-CE,,,,,,,,,CE,,"5.005,75",,,,,-,,,,,,"5.005,75",,,,,,,"43.818,22",,,,,,,,,
TAMBORIL-CE,,,,,,,,,CE,,"3.378,88",,,,,-,,,,,,"3.378,88",,,,,,,"29.577,28",,,,,,,,,
TEJUCUOCA-CE,,,,,,,,,CE,,"3.003,45",,,,,-,,,,,,"3.003,45",,,,,,,"26.290,91",,,,,,,,,
TIANGUA-CE,,,,,,,,,CE,,"4.254,89",,,,,-,,,,,,"4.254,89",,,,,,,"37.245,49",,,,,,,,,
TRAIRI-CE,,,,,,,,,CE,,"90.585,23",,,,,"162.896,83",,,,,,"253.482,06",,,,,,,"2.210.033,40",,,,,,,,,
TURURU-CE,,,,,,,,,CE,,"2.878,31",,,,,-,,,,,,"2.878,31",,,,,,,"25.195,47",,,,,,,,,
UBAJARA-CE,,,,,,,,,CE,,"3.504,03",,,,,-,,,,,,"3.504,03",,,,,,,"30.672,74",,,,,,,,,
UMIRIM-CE,,,,,,,,,CE,,"3.128,59",,,,,-,,,,,,"3.128,59",,,,,,,"27.386,37",,,,,,,,,
URUBURETAMA-CE,,,,,,,,,CE,,"3.128,59",,,,,-,,,,,,"3.128,59",,,,,,,"27.386,37",,,,,,,,,
URUOCA-CE,,,,,,,,,CE,,"2.753,16",,,,,-,,,,,,"2.753,16",,,,,,,"24.100,00",,,,,,,,,
VARJOTA-CE,,,,,,,,,CE,,"3.003,45",,,,,-,,,,,,"3.003,45",,,,,,,"26.290,91",,,,,,,,,
VICOSA DO CEARA-CE,,,,,,,,,CE,,"4.004,60",,,,,-,,,,,,"4.004,60",,,,,,,"35.054,57",,,,,,,,,
CEARA  TOTAL,,,,,,,,,,,"2.282.178,83",,,,,"746.762,28",,,,,,"3.028.941,11",,,,,,,"30.399.334,32",,,,,,,,,
AFONSO CLAUDIO-ES,,,,,,,,,ES,,"213.669,90",,,,,-,,,,,,"213.669,90",,,,,,,"1.849.423,28",,,,,,,,,
AGUA DOCE DO NORTE-ES,,,,,,,,,ES,,"160.252,42",,,,,-,,,,,,"160.252,42",,,,,,,"1.387.067,42",,,,,,,,,
AGUIA BRANCA-ES,,,,,,,,,ES,,"152.621,35",,,,,-,,,,,,"152.621,35",,,,,,,"1.321.016,60",,,,,,,,,
ALEGRE-ES,,,,,,,,,ES,,"213.669,90",,,,,-,,,,,,"213.669,90",,,,,,,"1.849.423,28",,,,,,,,,
ALFREDO CHAVES-ES,,,,,,,,,ES,,"167.883,49",,,,,-,,,,,,"167.883,49",,,,,,,"1.453.118,26",,,,,,,,,
ALTO RIO NOVO-ES,,,,,,,,,ES,,"152.621,35",,,,,-,,,,,,"152.621,35",,,,,,,"1.321.016,60",,,,,,,,,
ANCHIETA-ES,,,,,,,,,ES,,"1.352.693,62",,,,,"635.901,52",,,,,,"1.988.595,14",,,,,,,"26.474.076,99",,,,,,,,,
APIACA-ES,,,,,,,,,ES,,"152.621,35",,,,,-,,,,,,"152.621,35",,,,,,,"1.321.016,60",,,,,,,,,
ARACRUZ-ES,,,,,,,,,ES,,"1.782.210,51",,,,,"1.778.601,14",,,,,,"3.560.811,65",,,,,,,"27.903.252,10",,,,,,,,,
ATILIO VIVACQUA-ES,,,,,,,,,ES,,"152.621,35",,,,,-,,,,,,"152.621,35",,,,,,,"1.321.016,60",,,,,,,,,
BAIXO GUANDU-ES,,,,,,,,,ES,,"213.669,90",,,,,-,,,,,,"213.669,90",,,,,,,"1.849.423,28",,,,,,,,,
BARRA DE SAO FRANCISCO-ES,,,,,,,,,ES,,"236.563,10",,,,,-,,,,,,"236.563,10",,,,,,,"2.047.575,76",,,,,,,,,
BOA ESPERANCA-ES,,,,,,,,,ES,,"175.514,56",,,,,-,,,,,,"175.514,56",,,,,,,"1.519.169,08",,,,,,,,,
BOM JESUS DO NORTE-ES,,,,,,,,,ES,,"152.621,35",,,,,-,,,,,,"152.621,35",,,,,,,"1.321.016,60",,,,,,,,,
BREJETUBA-ES,,,,,,,,,ES,,"160.252,42",,,,,-,,,,,,"160.252,42",,,,,,,"1.387.067,42",,,,,,,,,
CACHOEIRO DE ITAPEMIRIM-ES,,,,,,,,,ES,,"305.242,71",,,,,-,,,,,,"305.242,71",,,,,,,"2.642.033,27",,,,,,,,,
CARIACICA-ES,,,,,,,,,ES,,"305.242,71",,,,,-,,,,,,"305.242,71",,,,,,,"2.642.033,27",,,,,,,,,
CASTELO-ES,,,,,,,,,ES,,"221.300,97",,,,,-,,,,,,"221.300,97",,,,,,,"1.915.474,10",,,,,,,,,
COLATINA-ES,,,,,,,,,ES,,"282.349,51",,,,,-,,,,,,"282.349,51",,,,,,,"2.443.880,77",,,,,,,,,
CONCEICAO DA BARRA-ES,,,,,,,,,ES,,"300.086,44",,,,,"38.356,50",,,,,,"338.442,94",,,,,,,"3.050.517,20",,,,,,,,,
Superintendência de Participações Governamentais,,,,,,,,,,,,,,,,,,,,,,,,,,,,,,,,,,,,,,
CONCEICAO DO CASTELO-ES,,,,,,,,,ES,,"160.252,42",,,,,-,,,,,,"160.252,42",,,,,,,"1.387.067,42",,,,,,,,,
DIVINO DE SAO LOURENCO-ES,,,,,,,,,ES,,"152.621,35",,,,,-,,,,,,"152.621,35",,,,,,,"1.321.016,60",,,,,,,,,
DOMINGOS MARTINS-ES,,,,,,,,,ES,,"213.669,90",,,,,-,,,,,,"213.669,90",,,,,,,"1.849.423,28",,,,,,,,,
DORES DO RIO PRETO-ES,,,,,,,,,ES,,"152.621,35",,,,,-,,,,,,"152.621,35",,,,,,,"1.321.016,60",,,,,,,,,
ECOPORANGA-ES,,,,,,,,,ES,,"198.407,76",,,,,-,,,,,,"198.407,76",,,,,,,"1.717.321,58",,,,,,,,,
FUNDAO-ES,,,,,,,,,ES,,"861.737,24",,,,,"177.317,61",,,,,,"1.039.054,85",,,,,,,"8.883.601,04",,,,,,,,,
GOVERNADOR LINDENBERG-ES,,,,,,,,,ES,,"160.252,42",,,,,-,,,,,,"160.252,42",,,,,,,"1.387.067,42",,,,,,,,,
GUACUI-ES,,,,,,,,,ES,,"206.038,83",,,,,-,,,,,,"206.038,83",,,,,,,"1.783.372,43",,,,,,,,,
GUARAPARI-ES,,,,,,,,,ES,,"282.349,51",,,,,-,,,,,,"282.349,51",,,,,,,"2.443.880,77",,,,,,,,,
IBATIBA-ES,,,,,,,,,ES,,"198.407,76",,,,,-,,,,,,"198.407,76",,,,,,,"1.717.321,58",,,,,,,,,
IBIRACU-ES,,,,,,,,,ES,,"160.252,42",,,,,-,,,,,,"160.252,42",,,,,,,"1.387.067,42",,,,,,,,,
IBITIRAMA-ES,,,,,,,,,ES,,"152.621,35",,,,,-,,,,,,"152.621,35",,,,,,,"1.321.016,60",,,,,,,,,
ICONHA-ES,,,,,,,,,ES,,"167.883,49",,,,,-,,,,,,"167.883,49",,,,,,,"1.453.118,26",,,,,,,,,
IRUPI-ES,,,,,,,,,ES,,"160.252,42",,,,,-,,,,,,"160.252,42",,,,,,,"1.387.067,42",,,,,,,,,
ITAGUACU-ES,,,,,,,,,ES,,"175.514,56",,,,,-,,,,,,"175.514,56",,,,,,,"1.519.169,08",,,,,,,,,
ITAPEMIRIM-ES,,,,,,,,,ES,,"1.494.964,76",,,,,"7.358.400,44",,,,,,"8.853.365,20",,,,,,,"74.369.445,02",,,,,,,,,
ITARANA-ES,,,,,,,,,ES,,"160.252,42",,,,,-,,,,,,"160.252,42",,,,,,,"1.387.067,42",,,,,,,,,
IUNA-ES,,,,,,,,,ES,,"206.038,83",,,,,-,,,,,,"206.038,83",,,,,,,"1.783.372,43",,,,,,,,,
JAGUARE-ES,,,,,,,,,ES,,"645.448,08",,,,,"218.452,58",,,,,,"863.900,66",,,,,,,"7.945.185,84",,,,,,,,,
JERONIMO MONTEIRO-ES,,,,,,,,,ES,,"160.252,42",,,,,-,,,,,,"160.252,42",,,,,,,"1.387.067,42",,,,,,,,,
JOAO NEIVA-ES,,,,,,,,,ES,,"175.514,56",,,,,-,,,,,,"175.514,56",,,,,,,"1.519.169,08",,,,,,,,,
LARANJA DA TERRA-ES,,,,,,,,,ES,,"160.252,42",,,,,-,,,,,,"160.252,42",,,,,,,"1.387.067,42",,,,,,,,,
LINHARES-ES,,,,,,,,,ES,,"7.058.622,20",,,,,"1.605.236,96",,,,,,"8.663.859,16",,,,,,,"82.181.004,28",,,,,,,,,
MANTENOPOLIS-ES,,,,,,,,,ES,,"167.883,49",,,,,-,,,,,,"167.883,49",,,,,,,"1.453.118,26",,,,,,,,,
MARATAIZES-ES,,,,,,,,,ES,,"1.041.265,84",,,,,"5.498.329,89",,,,,,"6.539.595,73",,,,,,,"54.020.259,96",,,,,,,,,
MARECHAL FLORIANO-ES,,,,,,,,,ES,,"175.514,56",,,,,-,,,,,,"175.514,56",,,,,,,"1.519.169,08",,,,,,,,,
MARILANDIA-ES,,,,,,,,,ES,,"160.252,42",,,,,-,,,,,,"160.252,42",,,,,,,"1.387.067,42",,,,,,,,,
MIMOSO DO SUL-ES,,,,,,,,,ES,,"206.038,83",,,,,-,,,,,,"206.038,83",,,,,,,"1.783.372,43",,,,,,,,,
MONTANHA-ES,,,,,,,,,ES,,"183.145,63",,,,,-,,,,,,"183.145,63",,,,,,,"1.585.219,94",,,,,,,,,
MUCURICI-ES,,,,,,,,,ES,,"152.621,35",,,,,-,,,,,,"152.621,35",,,,,,,"1.321.016,60",,,,,,,,,
MUNIZ FREIRE-ES,,,,,,,,,ES,,"190.776,69",,,,,-,,,,,,"190.776,69",,,,,,,"1.651.270,74",,,,,,,,,
MUQUI-ES,,,,,,,,,ES,,"175.514,56",,,,,-,,,,,,"175.514,56",,,,,,,"1.519.169,08",,,,,,,,,
NOVA VENECIA-ES,,,,,,,,,ES,,"236.563,10",,,,,-,,,,,,"236.563,10",,,,,,,"2.047.575,76",,,,,,,,,
PANCAS-ES,,,,,,,,,ES,,"198.407,76",,,,,-,,,,,,"198.407,76",,,,,,,"1.717.321,58",,,,,,,,,
PEDRO CANARIO-ES,,,,,,,,,ES,,"198.407,76",,,,,-,,,,,,"198.407,76",,,,,,,"1.717.321,58",,,,,,,,,
PINHEIROS-ES,,,,,,,,,ES,,"198.407,76",,,,,-,,,,,,"198.407,76",,,,,,,"1.717.321,58",,,,,,,,,
PIUMA-ES,,,,,,,,,ES,,"897.642,96",,,,,"239.460,99",,,,,,"1.137.103,95",,,,,,,"9.930.741,24",,,,,,,,,
PONTO BELO-ES,,,,,,,,,ES,,"152.621,35",,,,,-,,,,,,"152.621,35",,,,,,,"1.321.016,60",,,,,,,,,
PRESIDENTE KENNEDY-ES,,,,,,,,,ES,,"754.020,09",,,,,"9.694.296,44",,,,,,"10.448.316,53",,,,,,,"90.817.178,90",,,,,,,,,
RIO BANANAL-ES,,,,,,,,,ES,,"183.145,63",,,,,-,,,,,,"183.145,63",,,,,,,"1.585.219,94",,,,,,,,,
RIO NOVO DO SUL-ES,,,,,,,,,ES,,"160.252,42",,,,,-,,,,,,"160.252,42",,,,,,,"1.387.067,42",,,,,,,,,
SANTA LEOPOLDINA-ES,,,,,,,,,ES,,"167.883,49",,,,,-,,,,,,"167.883,49",,,,,,,"1.453.118,26",,,,,,,,,
SANTA MARIA DE JETIBA-ES,,,,,,,,,ES,,"221.300,97",,,,,-,,,,,,"221.300,97",,,,,,,"1.915.474,10",,,,,,,,,
SANTA TERESA-ES,,,,,,,,,ES,,"198.407,76",,,,,-,,,,,,"198.407,76",,,,,,,"1.717.321,58",,,,,,,,,
SAO DOMINGOS DO NORTE-ES,,,,,,,,,ES,,"152.621,35",,,,,-,,,,,,"152.621,35",,,,,,,"1.321.016,60",,,,,,,,,
SAO GABRIEL DA PALHA-ES,,,,,,,,,ES,,"213.669,90",,,,,-,,,,,,"213.669,90",,,,,,,"1.849.423,28",,,,,,,,,
SAO JOSE DO CALCADO-ES,,,,,,,,,ES,,"160.252,42",,,,,-,,,,,,"160.252,42",,,,,,,"1.387.067,42",,,,,,,,,
SAO MATEUS-ES,,,,,,,,,ES,,"3.438.259,11",,,,,"171.318,55",,,,,,"3.609.577,66",,,,,,,"29.532.926,35",,,,,,,,,
SAO ROQUE DO CANAA-ES,,,,,,,,,ES,,"160.252,42",,,,,-,,,,,,"160.252,42",,,,,,,"1.387.067,42",,,,,,,,,
SERRA-ES,,,,,,,,,ES,,"1.925.833,38",,,,,"526.520,75",,,,,,"2.452.354,13",,,,,,,"18.840.445,02",,,,,,,,,
SOORETAMA-ES,,,,,,,,,ES,,"198.407,76",,,,,-,,,,,,"198.407,76",,,,,,,"1.717.321,58",,,,,,,,,
VARGEM ALTA-ES,,,,,,,,,ES,,"190.776,69",,,,,-,,,,,,"190.776,69",,,,,,,"1.651.270,74",,,,,,,,,
VENDA NOVA DO IMIGRANTE-ES,,,,,,,,,ES,,"198.407,76",,,,,-,,,,,,"198.407,76",,,,,,,"1.717.321,58",,,,,,,,,
VIANA-ES,,,,,,,,,ES,,"749.060,95",,,,,"14.238,70",,,,,,"763.299,65",,,,,,,"4.590.145,90",,,,,,,,,
VILA PAVAO-ES,,,,,,,,,ES,,"152.621,35",,,,,-,,,,,,"152.621,35",,,,,,,"1.321.016,60",,,,,,,,,
VILA VALERIO-ES,,,,,,,,,ES,,"167.883,49",,,,,-,,,,,,"167.883,49",,,,,,,"1.453.118,26",,,,,,,,,
VILA VELHA-ES,,,,,,,,,ES,,"1.436.228,74",,,,,-,,,,,,"1.436.228,74",,,,,,,"12.431.059,09",,,,,,,,,
Superintendência de Participações Governamentais,,,,,,,,,,,,,,,,,,,,,,,,,,,,,,,,,,,,,,
VITORIA-ES,,,,,,,,,ES,,"1.925.833,38",,,,,"141.456,67",,,,,,"2.067.290,05",,,,,,,"15.329.253,14",,,,,,,,,
ESPIRITO SANTO  TOTAL,,,,,,,,,,,"37.408.120,50",,,,,"28.097.888,74",,,,,,"65.506.009,24",,,,,,,"567.951.319,92",,,,,,,,,
SANTO ANTONIO DOS LOPES-MA,,,,,,,,,MA,,"508.903,53",,,,,"671.209,59",,,,,,"1.180.113,12",,,,,,,"5.699.706,39",,,,,,,,,
MARANHAO TOTAL,,,,,,,,,,,"508.903,53",,,,,"671.209,59",,,,,,"1.180.113,12",,,,,,,"5.699.706,39",,,,,,,,,
BARBACENA-MG,,,,,,,,,MG,,"419.144,94",,,,,"72,72",,,,,,"419.217,66",,,,,,,"2.020.651,25",,,,,,,,,
BETIM-MG,,,,,,,,,MG,,"419.288,25",,,,,"20.608,67",,,,,,"439.896,92",,,,,,,"2.468.899,36",,,,,,,,,
BRUMADINHO-MG,,,,,,,,,MG,,"419.144,94",,,,,"2.303,42",,,,,,"421.448,36",,,,,,,"2.027.389,71",,,,,,,,,
JUIZ DE FORA-MG,,,,,,,,,MG,,"419.144,94",,,,,"2.868,67",,,,,,"422.013,61",,,,,,,"1.991.092,93",,,,,,,,,
SAO BRAS DO SUACUI-MG,,,,,,,,,MG,,"419.144,94",,,,,"14.841,92",,,,,,"433.986,86",,,,,,,"2.069.929,13",,,,,,,,,
MINAS GERAIS  TOTAL,,,,,,,,,,,"2.095.868,01",,,,,"40.695,40",,,,,,"2.136.563,41",,,,,,,"10.577.962,38",,,,,,,,,
AFUA-PA,,,,,,,,,PA,,-,,,,,"8.843,73",,,,,,"8.843,73",,,,,,,"79.980,45",,,,,,,,,
ALENQUER-PA,,,,,,,,,PA,,-,,,,,"8.843,73",,,,,,"8.843,73",,,,,,,"79.980,45",,,,,,,,,
ALMEIRIM-PA,,,,,,,,,PA,,-,,,,,"8.843,73",,,,,,"8.843,73",,,,,,,"79.980,45",,,,,,,,,
ANAJAS-PA,,,,,,,,,PA,,-,,,,,"8.843,73",,,,,,"8.843,73",,,,,,,"79.980,45",,,,,,,,,
BREVES-PA,,,,,,,,,PA,,-,,,,,"8.843,73",,,,,,"8.843,73",,,,,,,"79.980,45",,,,,,,,,
CHAVES-PA,,,,,,,,,PA,,-,,,,,"8.843,73",,,,,,"8.843,73",,,,,,,"79.980,45",,,,,,,,,
CURUA-PA,,,,,,,,,PA,,-,,,,,"8.843,73",,,,,,"8.843,73",,,,,,,"79.980,45",,,,,,,,,
FARO-PA,,,,,,,,,PA,,-,,,,,"8.843,73",,,,,,"8.843,73",,,,,,,"79.980,45",,,,,,,,,
GURUPA-PA,,,,,,,,,PA,,-,,,,,"8.843,73",,,,,,"8.843,73",,,,,,,"79.980,45",,,,,,,,,
JURUTI-PA,,,,,,,,,PA,,-,,,,,"8.843,73",,,,,,"8.843,73",,,,,,,"79.980,45",,,,,,,,,
MELGACO-PA,,,,,,,,,PA,,-,,,,,"8.843,73",,,,,,"8.843,73",,,,,,,"79.980,45",,,,,,,,,
MONTE ALEGRE-PA,,,,,,,,,PA,,-,,,,,"8.843,73",,,,,,"8.843,73",,,,,,,"79.980,45",,,,,,,,,
OBIDOS-PA,,,,,,,,,PA,,-,,,,,"8.843,73",,,,,,"8.843,73",,,,,,,"79.980,45",,,,,,,,,
PORTO DE MOZ-PA,,,,,,,,,PA,,-,,,,,"8.843,73",,,,,,"8.843,73",,,,,,,"79.980,45",,,,,,,,,
PRAINHA-PA,,,,,,,,,PA,,-,,,,,"8.843,73",,,,,,"8.843,73",,,,,,,"79.980,45",,,,,,,,,
SANTAREM-PA,,,,,,,,,PA,,-,,,,,"8.843,73",,,,,,"8.843,73",,,,,,,"79.980,45",,,,,,,,,
TERRA SANTA-PA,,,,,,,,,PA,,-,,,,,"8.843,73",,,,,,"8.843,73",,,,,,,"79.980,45",,,,,,,,,
PARA  TOTAL,,,,,,,,,,,-,,,,,"150.343,41",,,,,,"150.343,41",,,,,,,"1.359.667,65",,,,,,,,,
ALHANDRA-PB,,,,,,,,,PB,,"489.747,95",,,,,-,,,,,,"489.747,95",,,,,,,"8.364.546,44",,,,,,,,,
MAMANGUAPE-PB,,,,,,,,,PB,,"489.604,64",,,,,"670,98",,,,,,"490.275,62",,,,,,,"2.293.829,47",,,,,,,,,
PEDRAS DE FOGO-PB,,,,,,,,,PB,,"489.604,64",,,,,"13.086,39",,,,,,"502.691,03",,,,,,,"2.269.985,28",,,,,,,,,
SANTA RITA-PB,,,,,,,,,PB,,"489.604,64",,,,,"19.042,75",,,,,,"508.647,39",,,,,,,"2.344.143,76",,,,,,,,,
PARAIBA  TOTAL,,,,,,,,,,,"1.958.561,87",,,,,"32.800,12",,,,,,"1.991.361,99",,,,,,,"15.272.504,95",,,,,,,,,
ABREU E LIMA-PE,,,,,,,,,PE,,"489.604,64",,,,,"9.285,59",,,,,,"498.890,23",,,,,,,"2.322.406,62",,,,,,,,,
CABO DE SANTO AGOSTINHO-PE,,,,,,,,,PE,,"1.220.965,25",,,,,-,,,,,,"1.220.965,25",,,,,,,"10.246.125,57",,,,,,,,,
GOIANA-PE,,,,,,,,,PE,,"489.693,29",,,,,"3.623,93",,,,,,"493.317,22",,,,,,,"2.303.904,31",,,,,,,,,
IGARASSU-PE,,,,,,,,,PE,,"489.604,64",,,,,"10.201,96",,,,,,"499.806,60",,,,,,,"2.325.126,87",,,,,,,,,
IPOJUCA-PE,,,,,,,,,PE,,"489.604,64",,,,,"216.401,48",,,,,,"706.006,12",,,,,,,"2.875.867,12",,,,,,,,,
ITAQUITINGA-PE,,,,,,,,,PE,,"1.213.314,45",,,,,-,,,,,,"1.213.314,45",,,,,,,"9.066.265,60",,,,,,,,,
JABOATAO DOS GUARARAPES-PE,,,,,,,,,PE,,"489.604,64",,,,,"14.354,66",,,,,,"503.959,30",,,,,,,"2.342.190,73",,,,,,,,,
PAULISTA-PE,,,,,,,,,PE,,"1.135.040,81",,,,,-,,,,,,"1.135.040,81",,,,,,,"8.409.924,83",,,,,,,,,
SAO LOURENCO DA MATA-PE,,,,,,,,,PE,,"489.604,64",,,,,"18.563,04",,,,,,"508.167,68",,,,,,,"2.254.348,78",,,,,,,,,
PERNAMBUCO  TOTAL,,,,,,,,,,,"6.507.037,00",,,,,"272.430,66",,,,,,"6.779.467,66",,,,,,,"42.146.160,42",,,,,,,,,
SAO MATEUS DO SUL-PR,,,,,,,,,PR,,"229.120,67",,,,,-,,,,,,"229.120,67",,,,,,,"1.247.996,85",,,,,,,,,
PARANA  TOTAL,,,,,,,,,,,"229.120,67",,,,,-,,,,,,"229.120,67",,,,,,,"1.247.996,85",,,,,,,,,
ANGRA DOS REIS-RJ,,,,,,,,,RJ,,"4.413.100,67",,,,,-,,,,,,"4.413.100,67",,,,,,,"56.482.467,78",,,,,,,,,
APERIBE-RJ,,,,,,,,,RJ,,"486.304,47",,,,,-,,,,,,"486.304,47",,,,,,,"4.078.562,45",,,,,,,,,
ARARUAMA-RJ,,,,,,,,,RJ,,"879.979,52",,,,,-,,,,,,"879.979,52",,,,,,,"7.380.255,91",,,,,,,,,
ARMACAO DOS BUZIOS-RJ,,,,,,,,,RJ,,"2.983.966,29",,,,,"2.280.539,38",,,,,,"5.264.505,67",,,,,,,"44.878.238,16",,,,,,,,,
ARRAIAL DO CABO-RJ,,,,,,,,,RJ,,"2.983.966,29",,,,,"466.612,68",,,,,,"3.450.578,97",,,,,,,"32.665.809,68",,,,,,,,,
BARRA DO PIRAI-RJ,,,,,,,,,RJ,,"833.664,81",,,,,-,,,,,,"833.664,81",,,,,,,"6.991.821,40",,,,,,,,,
BARRA MANSA-RJ,,,,,,,,,RJ,,"1.345.439,17",,,,,"17.214,41",,,,,,"1.362.653,58",,,,,,,"9.839.274,63",,,,,,,,,
BELFORD ROXO-RJ,,,,,,,,,RJ,,"926.294,23",,,,,-,,,,,,"926.294,23",,,,,,,"7.768.690,42",,,,,,,,,
BOM JARDIM-RJ,,,,,,,,,RJ,,"625.248,60",,,,,-,,,,,,"625.248,60",,,,,,,"5.243.866,00",,,,,,,,,
BOM JESUS DO ITABAPOANA-RJ,,,,,,,,,RJ,,"671.563,31",,,,,-,,,,,,"671.563,31",,,,,,,"5.632.300,53",,,,,,,,,
CABO FRIO-RJ,,,,,,,,,RJ,,"4.420.690,80",,,,,"11.301.484,21",,,,,,"15.722.175,01",,,,,,,"135.612.692,78",,,,,,,,,
CACHOEIRAS DE MACACU-RJ,,,,,,,,,RJ,,"3.502.238,81",,,,,-,,,,,,"3.502.238,81",,,,,,,"29.372.750,42",,,,,,,,,
Superintendência de Participações Governamentais,,,,,,,,,,,,,,,,,,,,,,,,,,,,,,,,,,,,,,
CAMBUCI-RJ,,,,,,,,,RJ,,"532.619,18",,,,,-,,,,,,"532.619,18",,,,,,,"4.466.996,95",,,,,,,,,
CAMPOS DOS GOYTACAZES-RJ,,,,,,,,,RJ,,"4.420.690,80",,,,,"49.310.283,82",,,,,,"53.730.974,62",,,,,,,"460.995.155,63",,,,,,,,,
CANTAGALO-RJ,,,,,,,,,RJ,,"578.933,89",,,,,-,,,,,,"578.933,89",,,,,,,"4.855.431,45",,,,,,,,,
CARAPEBUS-RJ,,,,,,,,,RJ,,"2.431.379,94",,,,,"699.094,19",,,,,,"3.130.474,13",,,,,,,"26.068.829,64",,,,,,,,,
CARDOSO MOREIRA-RJ,,,,,,,,,RJ,,"509.461,82",,,,,-,,,,,,"509.461,82",,,,,,,"4.272.779,70",,,,,,,,,
CARMO-RJ,,,,,,,,,RJ,,"555.776,54",,,,,-,,,,,,"555.776,54",,,,,,,"4.661.214,24",,,,,,,,,
CASIMIRO DE ABREU-RJ,,,,,,,,,RJ,,"3.205.000,83",,,,,"3.350.798,36",,,,,,"6.555.799,19",,,,,,,"55.495.578,89",,,,,,,,,
CONCEICAO DE MACABU-RJ,,,,,,,,,RJ,,"602.091,25",,,,,-,,,,,,"602.091,25",,,,,,,"5.049.648,75",,,,,,,,,
CORDEIRO-RJ,,,,,,,,,RJ,,"602.091,25",,,,,-,,,,,,"602.091,25",,,,,,,"5.049.648,75",,,,,,,,,
DUAS BARRAS-RJ,,,,,,,,,RJ,,"486.304,47",,,,,-,,,,,,"486.304,47",,,,,,,"4.078.562,45",,,,,,,,,
DUQUE DE CAXIAS-RJ,,,,,,,,,RJ,,"4.839.835,74",,,,,"468.706,14",,,,,,"5.308.541,88",,,,,,,"41.882.998,37",,,,,,,,,
ENGENHEIRO PAULO DE FRONTIN-RJ,,,,,,,,,RJ,,"509.461,82",,,,,-,,,,,,"509.461,82",,,,,,,"4.272.779,70",,,,,,,,,
GUAPIMIRIM-RJ,,,,,,,,,RJ,,"4.283.684,32",,,,,"322.707,91",,,,,,"4.606.392,23",,,,,,,"36.954.743,78",,,,,,,,,
IGUABA GRANDE-RJ,,,,,,,,,RJ,,"602.091,25",,,,,-,,,,,,"602.091,25",,,,,,,"5.049.648,75",,,,,,,,,
ITABORAI-RJ,,,,,,,,,RJ,,"926.294,23",,,,,"269.755,14",,,,,,"1.196.049,37",,,,,,,"10.122.180,39",,,,,,,,,
ITAGUAI-RJ,,,,,,,,,RJ,,"4.089.138,99",,,,,"1.009,53",,,,,,"4.090.148,52",,,,,,,"34.304.631,07",,,,,,,,,
ITALVA-RJ,,,,,,,,,RJ,,"532.619,18",,,,,-,,,,,,"532.619,18",,,,,,,"4.466.996,95",,,,,,,,,
ITAOCARA-RJ,,,,,,,,,RJ,,"602.091,25",,,,,-,,,,,,"602.091,25",,,,,,,"5.049.648,75",,,,,,,,,
ITAPERUNA-RJ,,,,,,,,,RJ,,"833.664,81",,,,,-,,,,,,"833.664,81",,,,,,,"6.991.821,40",,,,,,,,,
ITATIAIA-RJ,,,,,,,,,RJ,,"648.405,96",,,,,-,,,,,,"648.405,96",,,,,,,"5.438.083,27",,,,,,,,,
JAPERI-RJ,,,,,,,,,RJ,,"1.252.809,75",,,,,"199.276,50",,,,,,"1.452.086,25",,,,,,,"9.842.862,35",,,,,,,,,
LAJE DO MURIAE-RJ,,,,,,,,,RJ,,"463.147,11",,,,,-,,,,,,"463.147,11",,,,,,,"3.884.345,14",,,,,,,,,
MACAE-RJ,,,,,,,,,RJ,,"30.369.325,15",,,,,"9.503.101,83",,,,,,"39.872.426,98",,,,,,,"341.101.209,40",,,,,,,,,
MACUCO-RJ,,,,,,,,,RJ,,"463.147,11",,,,,-,,,,,,"463.147,11",,,,,,,"3.884.345,14",,,,,,,,,
MAGE-RJ,,,,,,,,,RJ,,"4.468.373,66",,,,,"269.755,14",,,,,,"4.738.128,80",,,,,,,"39.829.068,10",,,,,,,,,
MANGARATIBA-RJ,,,,,,,,,RJ,,"694.720,67",,,,,-,,,,,,"694.720,67",,,,,,,"12.572.213,89",,,,,,,,,
MARICA-RJ,,,,,,,,,RJ,,"4.199.656,26",,,,,"5.335.669,47",,,,,,"9.535.325,73",,,,,,,"73.159.712,48",,,,,,,,,
MENDES-RJ,,,,,,,,,RJ,,"555.776,54",,,,,-,,,,,,"555.776,54",,,,,,,"4.661.214,24",,,,,,,,,
MESQUITA-RJ,,,,,,,,,RJ,,"926.294,23",,,,,-,,,,,,"926.294,23",,,,,,,"7.768.690,42",,,,,,,,,
MIGUEL PEREIRA-RJ,,,,,,,,,RJ,,"625.248,60",,,,,-,,,,,,"625.248,60",,,,,,,"5.243.866,00",,,,,,,,,
MIRACEMA-RJ,,,,,,,,,RJ,,"625.248,60",,,,,-,,,,,,"625.248,60",,,,,,,"5.243.866,00",,,,,,,,,
NATIVIDADE-RJ,,,,,,,,,RJ,,"532.619,18",,,,,-,,,,,,"532.619,18",,,,,,,"4.466.996,95",,,,,,,,,
NILOPOLIS-RJ,,,,,,,,,RJ,,"926.294,23",,,,,-,,,,,,"926.294,23",,,,,,,"7.768.690,42",,,,,,,,,
NITEROI-RJ,,,,,,,,,RJ,,"4.420.690,80",,,,,"4.319.386,51",,,,,,"8.740.077,31",,,,,,,"67.363.528,40",,,,,,,,,
NOVA FRIBURGO-RJ,,,,,,,,,RJ,,"926.294,23",,,,,-,,,,,,"926.294,23",,,,,,,"7.768.690,42",,,,,,,,,
NOVA IGUACU-RJ,,,,,,,,,RJ,,"926.294,23",,,,,-,,,,,,"926.294,23",,,,,,,"7.768.690,42",,,,,,,,,
PARACAMBI-RJ,,,,,,,,,RJ,,"1.137.022,97",,,,,"934,87",,,,,,"1.137.957,84",,,,,,,"8.043.851,11",,,,,,,,,
PARATI-RJ,,,,,,,,,RJ,,"3.315.518,10",,,,,"2.694.466,84",,,,,,"6.009.984,94",,,,,,,"53.379.410,70",,,,,,,,,
PATY DO ALFERES-RJ,,,,,,,,,RJ,,"625.248,60",,,,,-,,,,,,"625.248,60",,,,,,,"5.243.866,00",,,,,,,,,
PETROPOLIS-RJ,,,,,,,,,RJ,,"926.294,23",,,,,-,,,,,,"926.294,23",,,,,,,"7.768.690,42",,,,,,,,,
PINHEIRAL-RJ,,,,,,,,,RJ,,"602.091,25",,,,,-,,,,,,"602.091,25",,,,,,,"5.049.648,75",,,,,,,,,
PIRAI-RJ,,,,,,,,,RJ,,"1.044.393,54",,,,,"5.684,43",,,,,,"1.050.077,97",,,,,,,"7.279.775,80",,,,,,,,,
PORCIUNCULA-RJ,,,,,,,,,RJ,,"555.776,54",,,,,-,,,,,,"555.776,54",,,,,,,"4.661.214,24",,,,,,,,,
PORTO REAL-RJ,,,,,,,,,RJ,,"555.776,54",,,,,-,,,,,,"555.776,54",,,,,,,"4.661.214,24",,,,,,,,,
QUATIS-RJ,,,,,,,,,RJ,,"509.461,82",,,,,-,,,,,,"509.461,82",,,,,,,"4.272.779,70",,,,,,,,,
QUEIMADOS-RJ,,,,,,,,,RJ,,"903.136,87",,,,,-,,,,,,"903.136,87",,,,,,,"7.574.473,14",,,,,,,,,
QUISSAMA-RJ,,,,,,,,,RJ,,"2.873.449,02",,,,,"4.541.425,69",,,,,,"7.414.874,71",,,,,,,"62.778.845,53",,,,,,,,,
RESENDE-RJ,,,,,,,,,RJ,,"1.299.124,46",,,,,"4.053,25",,,,,,"1.303.177,71",,,,,,,"9.410.579,54",,,,,,,,,
RIO BONITO-RJ,,,,,,,,,RJ,,"741.035,38",,,,,-,,,,,,"741.035,38",,,,,,,"6.214.952,31",,,,,,,,,
RIO CLARO-RJ,,,,,,,,,RJ,,"555.776,54",,,,,-,,,,,,"555.776,54",,,,,,,"4.661.214,24",,,,,,,,,
RIO DAS FLORES-RJ,,,,,,,,,RJ,,"882.292,05",,,,,"2.061,71",,,,,,"884.353,76",,,,,,,"5.911.475,42",,,,,,,,,
RIO DAS OSTRAS-RJ,,,,,,,,,RJ,,"4.089.138,99",,,,,"11.777.879,53",,,,,,"15.867.018,52",,,,,,,"136.251.208,19",,,,,,,,,
RIO DE JANEIRO-RJ,,,,,,,,,RJ,,"4.910.311,64",,,,,"1.843.200,41",,,,,,"6.753.512,05",,,,,,,"63.383.574,79",,,,,,,,,
SANTA MARIA MADALENA-RJ,,,,,,,,,RJ,,"486.304,47",,,,,-,,,,,,"486.304,47",,,,,,,"4.078.562,45",,,,,,,,,
SANTO ANTONIO DE PADUA-RJ,,,,,,,,,RJ,,"717.878,03",,,,,-,,,,,,"717.878,03",,,,,,,"6.020.735,06",,,,,,,,,
SAO FIDELIS-RJ,,,,,,,,,RJ,,"694.720,67",,,,,-,,,,,,"694.720,67",,,,,,,"5.826.517,79",,,,,,,,,
SAO FRANCISCO DE ITABAPOANA-RJ,,,,,,,,,RJ,,"717.878,03",,,,,-,,,,,,"717.878,03",,,,,,,"6.020.735,06",,,,,,,,,
Superintendência de Participações Governamentais,,,,,,,,,,,,,,,,,,,,,,,,,,,,,,,,,,,,,,
SAO GONCALO-RJ,,,,,,,,,RJ,,"926.294,23",,,,,"269.755,14",,,,,,"1.196.049,37",,,,,,,"10.122.180,39",,,,,,,,,
SAO JOAO DA BARRA-RJ,,,,,,,,,RJ,,"3.205.000,83",,,,,"6.653.763,38",,,,,,"9.858.764,21",,,,,,,"75.957.478,79",,,,,,,,,
SAO JOAO DE MERITI-RJ,,,,,,,,,RJ,,"926.294,23",,,,,-,,,,,,"926.294,23",,,,,,,"7.768.690,42",,,,,,,,,
SAO JOSE DE UBA-RJ,,,,,,,,,RJ,,"463.147,11",,,,,-,,,,,,"463.147,11",,,,,,,"3.884.345,14",,,,,,,,,
SAO JOSE DO VALE DO RIO PRETO-RJ,,,,,,,,,RJ,,"602.091,25",,,,,-,,,,,,"602.091,25",,,,,,,"5.049.648,75",,,,,,,,,
SAO PEDRO DA ALDEIA-RJ,,,,,,,,,RJ,,"833.664,81",,,,,-,,,,,,"833.664,81",,,,,,,"6.991.821,40",,,,,,,,,
SAO SEBASTIAO DO ALTO-RJ,,,,,,,,,RJ,,"463.147,11",,,,,-,,,,,,"463.147,11",,,,,,,"3.884.345,14",,,,,,,,,
SAQUAREMA-RJ,,,,,,,,,RJ,,"810.507,45",,,,,-,,,,,,"810.507,45",,,,,,,"6.797.604,10",,,,,,,,,
SEROPEDICA-RJ,,,,,,,,,RJ,,"810.507,45",,,,,-,,,,,,"810.507,45",,,,,,,"6.797.604,10",,,,,,,,,
SILVA JARDIM-RJ,,,,,,,,,RJ,,"3.139.938,24",,,,,-,,,,,,"3.139.938,24",,,,,,,"26.334.190,01",,,,,,,,,
SUMIDOURO-RJ,,,,,,,,,RJ,,"532.619,18",,,,,-,,,,,,"532.619,18",,,,,,,"4.466.996,95",,,,,,,,,
TANGUA-RJ,,,,,,,,,RJ,,"648.405,96",,,,,-,,,,,,"648.405,96",,,,,,,"5.438.083,27",,,,,,,,,
TERESOPOLIS-RJ,,,,,,,,,RJ,,"926.294,23",,,,,-,,,,,,"926.294,23",,,,,,,"7.768.690,42",,,,,,,,,
TRAJANO DE MORAIS-RJ,,,,,,,,,RJ,,"486.304,47",,,,,-,,,,,,"486.304,47",,,,,,,"4.078.562,45",,,,,,,,,
VALENCA-RJ,,,,,,,,,RJ,,"787.350,09",,,,,-,,,,,,"787.350,09",,,,,,,"6.603.386,83",,,,,,,,,
VARRE-SAI-RJ,,,,,,,,,RJ,,"463.147,11",,,,,-,,,,,,"463.147,11",,,,,,,"3.884.345,14",,,,,,,,,
VASSOURAS-RJ,,,,,,,,,RJ,,"671.563,31",,,,,-,,,,,,"671.563,31",,,,,,,"5.632.300,53",,,,,,,,,
VOLTA REDONDA-RJ,,,,,,,,,RJ,,"1.345.439,17",,,,,"87.431,61",,,,,,"1.432.870,78",,,,,,,"10.045.760,70",,,,,,,,,
RIO DE JANEIRO  TOTAL,,,,,,,,,,,"154.424.380,81",,,,,"115.996.052,08",,,,,,"270.420.432,89",,,,,,,"2.297.801.457,81",,,,,,,,,
ACARI-RN,,,,,,,,,RN,,"4.534,88",,,,,-,,,,,,"4.534,88",,,,,,,"38.356,14",,,,,,,,,
ACU-RN,,,,,,,,,RN,,"327.319,27",,,,,"144.028,33",,,,,,"471.347,60",,,,,,,"3.995.175,16",,,,,,,,,
AFONSO BEZERRA-RN,,,,,,,,,RN,,"75.211,06",,,,,"81,91",,,,,,"75.292,97",,,,,,,"790.376,87",,,,,,,,,
AGUA NOVA-RN,,,,,,,,,RN,,"4.318,94",,,,,-,,,,,,"4.318,94",,,,,,,"36.529,65",,,,,,,,,
ALEXANDRIA-RN,,,,,,,,,RN,,"4.750,83",,,,,-,,,,,,"4.750,83",,,,,,,"40.182,63",,,,,,,,,
ALMINO AFONSO-RN,,,,,,,,,RN,,"4.318,94",,,,,-,,,,,,"4.318,94",,,,,,,"36.529,65",,,,,,,,,
ALTO DO RODRIGUES-RN,,,,,,,,,RN,,"2.202.080,83",,,,,"149.674,93",,,,,,"2.351.755,76",,,,,,,"16.540.237,50",,,,,,,,,
ANGICOS-RN,,,,,,,,,RN,,"3.718,28",,,,,"2.398,29",,,,,,"6.116,57",,,,,,,"56.155,13",,,,,,,,,
ANTONIO MARTINS-RN,,,,,,,,,RN,,"4.318,94",,,,,-,,,,,,"4.318,94",,,,,,,"36.529,65",,,,,,,,,
APODI-RN,,,,,,,,,RN,,"313.618,65",,,,,"201.013,67",,,,,,"514.632,32",,,,,,,"4.599.554,96",,,,,,,,,
AREIA BRANCA-RN,,,,,,,,,RN,,"661.619,56",,,,,"485.085,91",,,,,,"1.146.705,47",,,,,,,"8.900.475,28",,,,,,,,,
AUGUSTO SEVERO-RN,,,,,,,,,RN,,"6.128,85",,,,,"1.357,43",,,,,,"7.486,28",,,,,,,"57.332,64",,,,,,,,,
BARAUNA-RN,,,,,,,,,RN,,"5.830,57",,,,,-,,,,,,"5.830,57",,,,,,,"49.315,05",,,,,,,,,
CAICO-RN,,,,,,,,,RN,,"7.126,25",,,,,-,,,,,,"7.126,25",,,,,,,"60.273,97",,,,,,,,,
CARAUBAS-RN,,,,,,,,,RN,,"183.482,16",,,,,"93.441,86",,,,,,"276.924,02",,,,,,,"2.603.088,56",,,,,,,,,
CARNAUBA DOS DANTAS-RN,,,,,,,,,RN,,"4.318,94",,,,,-,,,,,,"4.318,94",,,,,,,"36.529,65",,,,,,,,,
CARNAUBAIS-RN,,,,,,,,,RN,,"212.403,70",,,,,"92.928,89",,,,,,"305.332,59",,,,,,,"2.873.868,25",,,,,,,,,
CERRO CORA-RN,,,,,,,,,RN,,"4.534,88",,,,,-,,,,,,"4.534,88",,,,,,,"38.356,14",,,,,,,,,
CORONEL JOAO PESSOA-RN,,,,,,,,,RN,,"4.318,94",,,,,-,,,,,,"4.318,94",,,,,,,"36.529,65",,,,,,,,,
CRUZETA-RN,,,,,,,,,RN,,"4.318,94",,,,,-,,,,,,"4.318,94",,,,,,,"36.529,65",,,,,,,,,
CURRAIS NOVOS-RN,,,,,,,,,RN,,"6.694,36",,,,,-,,,,,,"6.694,36",,,,,,,"56.620,99",,,,,,,,,
DOUTOR SEVERIANO-RN,,,,,,,,,RN,,"4.318,94",,,,,-,,,,,,"4.318,94",,,,,,,"36.529,65",,,,,,,,,
ENCANTO-RN,,,,,,,,,RN,,"4.318,94",,,,,-,,,,,,"4.318,94",,,,,,,"36.529,65",,,,,,,,,
EQUADOR-RN,,,,,,,,,RN,,"4.318,94",,,,,-,,,,,,"4.318,94",,,,,,,"36.529,65",,,,,,,,,
FELIPE GUERRA-RN,,,,,,,,,RN,,"147.112,54",,,,,"56.773,45",,,,,,"203.885,99",,,,,,,"1.886.846,71",,,,,,,,,
FLORANIA-RN,,,,,,,,,RN,,"4.318,94",,,,,-,,,,,,"4.318,94",,,,,,,"36.529,65",,,,,,,,,
FRANCISCO DANTAS-RN,,,,,,,,,RN,,"4.318,94",,,,,-,,,,,,"4.318,94",,,,,,,"36.529,65",,,,,,,,,
FRUTUOSO GOMES-RN,,,,,,,,,RN,,"4.318,94",,,,,-,,,,,,"4.318,94",,,,,,,"36.529,65",,,,,,,,,
GALINHOS-RN,,,,,,,,,RN,,"4.318,94",,,,,"88.286,38",,,,,,"92.605,32",,,,,,,"577.897,68",,,,,,,,,
GOIANINHA-RN,,,,,,,,,RN,,"1.803.534,90",,,,,"0,04",,,,,,"1.803.534,94",,,,,,,"9.658.489,03",,,,,,,,,
GOVERNADOR DIX-SEPT ROSADO-RN,,,,,,,,,RN,,"217.800,45",,,,,"123.754,32",,,,,,"341.554,77",,,,,,,"3.052.893,59",,,,,,,,,
GROSSOS-RN,,,,,,,,,RN,,"1.199.605,33",,,,,"57.162,38",,,,,,"1.256.767,71",,,,,,,"3.196.780,70",,,,,,,,,
GUAMARE-RN,,,,,,,,,RN,,"2.028.332,54",,,,,"784.621,46",,,,,,"2.812.954,00",,,,,,,"22.096.288,38",,,,,,,,,
IELMO MARINHO-RN,,,,,,,,,RN,,"1.213.314,45",,,,,-,,,,,,"1.213.314,45",,,,,,,"9.066.372,67",,,,,,,,,
IPANGUACU-RN,,,,,,,,,RN,,"4.750,83",,,,,-,,,,,,"4.750,83",,,,,,,"40.182,63",,,,,,,,,
IPUEIRA-RN,,,,,,,,,RN,,"4.318,94",,,,,-,,,,,,"4.318,94",,,,,,,"36.529,65",,,,,,,,,
ITAJA-RN,,,,,,,,,RN,,"4.318,94",,,,,-,,,,,,"4.318,94",,,,,,,"36.529,65",,,,,,,,,
ITAU-RN,,,,,,,,,RN,,"4.318,94",,,,,-,,,,,,"4.318,94",,,,,,,"36.529,65",,,,,,,,,
Superintendência de Participações Governamentais,,,,,,,,,,,,,,,,,,,,,,,,,,,,,,,,,,,,,,
JANDAIRA-RN,,,,,,,,,RN,,"4.318,94",,,,,-,,,,,,"4.318,94",,,,,,,"36.529,65",,,,,,,,,
JANDUIS-RN,,,,,,,,,RN,,"4.318,94",,,,,-,,,,,,"4.318,94",,,,,,,"36.529,65",,,,,,,,,
JARDIM DE PIRANHAS-RN,,,,,,,,,RN,,"4.750,83",,,,,-,,,,,,"4.750,83",,,,,,,"40.182,63",,,,,,,,,
JARDIM DO SERIDO-RN,,,,,,,,,RN,,"4.750,83",,,,,-,,,,,,"4.750,83",,,,,,,"40.182,63",,,,,,,,,
JOAO DIAS-RN,,,,,,,,,RN,,"4.318,94",,,,,-,,,,,,"4.318,94",,,,,,,"36.529,65",,,,,,,,,
JOSE DA PENHA-RN,,,,,,,,,RN,,"4.318,94",,,,,-,,,,,,"4.318,94",,,,,,,"36.529,65",,,,,,,,,
JUCURUTU-RN,,,,,,,,,RN,,"5.182,73",,,,,-,,,,,,"5.182,73",,,,,,,"43.835,61",,,,,,,,,
LAGOA NOVA-RN,,,,,,,,,RN,,"4.750,83",,,,,-,,,,,,"4.750,83",,,,,,,"40.182,63",,,,,,,,,
LUCRECIA-RN,,,,,,,,,RN,,"4.318,94",,,,,-,,,,,,"4.318,94",,,,,,,"36.529,65",,,,,,,,,
LUIS GOMES-RN,,,,,,,,,RN,,"4.318,94",,,,,-,,,,,,"4.318,94",,,,,,,"36.529,65",,,,,,,,,
MACAIBA-RN,,,,,,,,,RN,,"489.693,29",,,,,"24.028,82",,,,,,"513.722,11",,,,,,,"2.371.388,48",,,,,,,,,
MACAU-RN,,,,,,,,,RN,,"2.305.669,65",,,,,"679.628,56",,,,,,"2.985.298,21",,,,,,,"23.239.863,28",,,,,,,,,
MAJOR SALES-RN,,,,,,,,,RN,,"4.318,94",,,,,-,,,,,,"4.318,94",,,,,,,"36.529,65",,,,,,,,,
MARCELINO VIEIRA-RN,,,,,,,,,RN,,"4.318,94",,,,,-,,,,,,"4.318,94",,,,,,,"36.529,65",,,,,,,,,
MARTINS-RN,,,,,,,,,RN,,"4.318,94",,,,,-,,,,,,"4.318,94",,,,,,,"36.529,65",,,,,,,,,
MESSIAS TARGINO-RN,,,,,,,,,RN,,"4.318,94",,,,,-,,,,,,"4.318,94",,,,,,,"36.529,65",,,,,,,,,
MOSSORO-RN,,,,,,,,,RN,,"2.077.772,37",,,,,"1.409.114,82",,,,,,"3.486.887,19",,,,,,,"27.337.032,78",,,,,,,,,
OLHO D'AGUA DO BORGES-RN,,,,,,,,,RN,,"4.318,94",,,,,-,,,,,,"4.318,94",,,,,,,"36.529,65",,,,,,,,,
OURO BRANCO-RN,,,,,,,,,RN,,"4.318,94",,,,,-,,,,,,"4.318,94",,,,,,,"36.529,65",,,,,,,,,
PARANA-RN,,,,,,,,,RN,,"4.318,94",,,,,-,,,,,,"4.318,94",,,,,,,"36.529,65",,,,,,,,,
PARAU-RN,,,,,,,,,RN,,"4.318,94",,,,,-,,,,,,"4.318,94",,,,,,,"36.529,65",,,,,,,,,
PARELHAS-RN,,,,,,,,,RN,,"5.614,62",,,,,-,,,,,,"5.614,62",,,,,,,"47.488,56",,,,,,,,,
PATU-RN,,,,,,,,,RN,,"4.534,88",,,,,-,,,,,,"4.534,88",,,,,,,"38.356,14",,,,,,,,,
PAU DOS FERROS-RN,,,,,,,,,RN,,"5.830,57",,,,,-,,,,,,"5.830,57",,,,,,,"49.315,05",,,,,,,,,
PEDRO AVELINO-RN,,,,,,,,,RN,,"4.318,94",,,,,-,,,,,,"4.318,94",,,,,,,"36.529,65",,,,,,,,,
PENDENCIAS-RN,,,,,,,,,RN,,"2.187.611,32",,,,,"162.616,10",,,,,,"2.350.227,42",,,,,,,"17.864.937,30",,,,,,,,,
PILOES-RN,,,,,,,,,RN,,"4.318,94",,,,,-,,,,,,"4.318,94",,,,,,,"36.529,65",,,,,,,,,
PORTALEGRE-RN,,,,,,,,,RN,,"4.318,94",,,,,-,,,,,,"4.318,94",,,,,,,"36.529,65",,,,,,,,,
PORTO DO MANGUE-RN,,,,,,,,,RN,,"66.027,72",,,,,"143.241,56",,,,,,"209.269,28",,,,,,,"1.697.867,14",,,,,,,,,
RAFAEL FERNANDES-RN,,,,,,,,,RN,,"4.318,94",,,,,-,,,,,,"4.318,94",,,,,,,"36.529,65",,,,,,,,,
RAFAEL GODEIRO-RN,,,,,,,,,RN,,"4.318,94",,,,,-,,,,,,"4.318,94",,,,,,,"36.529,65",,,,,,,,,
RIACHO DA CRUZ-RN,,,,,,,,,RN,,"4.318,94",,,,,-,,,,,,"4.318,94",,,,,,,"36.529,65",,,,,,,,,
RIACHO DE SANTANA-RN,,,,,,,,,RN,,"4.318,94",,,,,-,,,,,,"4.318,94",,,,,,,"36.529,65",,,,,,,,,
RODOLFO FERNANDES-RN,,,,,,,,,RN,,"4.318,94",,,,,-,,,,,,"4.318,94",,,,,,,"36.529,65",,,,,,,,,
SANTANA DO SERIDO-RN,,,,,,,,,RN,,"4.318,94",,,,,-,,,,,,"4.318,94",,,,,,,"36.529,65",,,,,,,,,
SAO FERNANDO-RN,,,,,,,,,RN,,"4.318,94",,,,,-,,,,,,"4.318,94",,,,,,,"36.529,65",,,,,,,,,
SAO FRANCISCO DO OESTE-RN,,,,,,,,,RN,,"4.318,94",,,,,-,,,,,,"4.318,94",,,,,,,"36.529,65",,,,,,,,,
SAO JOAO DO SABUGI-RN,,,,,,,,,RN,,"4.318,94",,,,,-,,,,,,"4.318,94",,,,,,,"36.529,65",,,,,,,,,
SAO JOSE DO SERIDO-RN,,,,,,,,,RN,,"4.318,94",,,,,-,,,,,,"4.318,94",,,,,,,"36.529,65",,,,,,,,,
SAO MIGUEL-RN,,,,,,,,,RN,,"5.614,62",,,,,-,,,,,,"5.614,62",,,,,,,"47.488,56",,,,,,,,,
SAO RAFAEL-RN,,,,,,,,,RN,,"4.318,94",,,,,-,,,,,,"4.318,94",,,,,,,"36.529,65",,,,,,,,,
SAO VICENTE-RN,,,,,,,,,RN,,"4.318,94",,,,,-,,,,,,"4.318,94",,,,,,,"36.529,65",,,,,,,,,
SERRA DO MEL-RN,,,,,,,,,RN,,"100.640,97",,,,,"28.697,10",,,,,,"129.338,07",,,,,,,"1.259.077,56",,,,,,,,,
SERRA NEGRA DO NORTE-RN,,,,,,,,,RN,,"4.318,94",,,,,-,,,,,,"4.318,94",,,,,,,"36.529,65",,,,,,,,,
SERRINHA DOS PINTOS-RN,,,,,,,,,RN,,"4.318,94",,,,,-,,,,,,"4.318,94",,,,,,,"36.529,65",,,,,,,,,
SEVERIANO MELO-RN,,,,,,,,,RN,,"4.318,94",,,,,-,,,,,,"4.318,94",,,,,,,"36.529,65",,,,,,,,,
TABOLEIRO GRANDE-RN,,,,,,,,,RN,,"4.318,94",,,,,-,,,,,,"4.318,94",,,,,,,"36.529,65",,,,,,,,,
TENENTE ANANIAS-RN,,,,,,,,,RN,,"4.318,94",,,,,-,,,,,,"4.318,94",,,,,,,"36.529,65",,,,,,,,,
TENENTE LAURENTINO CRUZ-RN,,,,,,,,,RN,,"4.318,94",,,,,-,,,,,,"4.318,94",,,,,,,"36.529,65",,,,,,,,,
TIBAU-RN,,,,,,,,,RN,,"64.564,52",,,,,"10.762,85",,,,,,"75.327,37",,,,,,,"639.050,52",,,,,,,,,
TIMBAUBA DOS BATISTAS-RN,,,,,,,,,RN,,"4.318,94",,,,,-,,,,,,"4.318,94",,,,,,,"36.529,65",,,,,,,,,
TRIUNFO POTIGUAR-RN,,,,,,,,,RN,,"4.318,94",,,,,-,,,,,,"4.318,94",,,,,,,"36.529,65",,,,,,,,,
UMARIZAL-RN,,,,,,,,,RN,,"4.534,88",,,,,-,,,,,,"4.534,88",,,,,,,"38.356,14",,,,,,,,,
UPANEMA-RN,,,,,,,,,RN,,"137.540,31",,,,,"103.256,60",,,,,,"240.796,91",,,,,,,"2.032.825,92",,,,,,,,,
VENHA-VER-RN,,,,,,,,,RN,,"4.318,94",,,,,-,,,,,,"4.318,94",,,,,,,"36.529,65",,,,,,,,,
VICOSA-RN,,,,,,,,,RN,,"4.318,94",,,,,-,,,,,,"4.318,94",,,,,,,"36.529,65",,,,,,,,,
RIO GRANDE DO NORTE  TOTAL,,,,,,,,,,,"18.346.131,81",,,,,"4.841.955,66",,,,,,"23.188.087,47",,,,,,,"169.075.152,69",,,,,,,,,
Superintendência de Participações Governamentais,,,,,,,,,,,,,,,,,,,,,,,,,,,,,,,,,,,,,,
ARAMBARE-RS,,,,,,,,,RS,,-,,,,,"4.940,32",,,,,,"4.940,32",,,,,,,"96.157,68",,,,,,,,,
BARRA DO RIBEIRO-RS,,,,,,,,,RS,,-,,,,,"4.940,32",,,,,,"4.940,32",,,,,,,"96.157,68",,,,,,,,,
CAMAQUA-RS,,,,,,,,,RS,,-,,,,,"4.940,32",,,,,,"4.940,32",,,,,,,"96.157,68",,,,,,,,,
CANOAS-RS,,,,,,,,,RS,,"419.144,94",,,,,-,,,,,,"419.144,94",,,,,,,"7.694.033,03",,,,,,,,,
CAPIVARI DO SUL-RS,,,,,,,,,RS,,-,,,,,"4.940,32",,,,,,"4.940,32",,,,,,,"96.157,68",,,,,,,,,
CIDREIRA-RS,,,,,,,,,RS,,-,,,,,"1.059.071,23",,,,,,"1.059.071,23",,,,,,,"6.174.289,33",,,,,,,,,
ELDORADO DO SUL-RS,,,,,,,,,RS,,-,,,,,"4.940,32",,,,,,"4.940,32",,,,,,,"96.157,68",,,,,,,,,
GUAIBA-RS,,,,,,,,,RS,,-,,,,,"4.940,32",,,,,,"4.940,32",,,,,,,"96.157,68",,,,,,,,,
IMBE-RS,,,,,,,,,RS,,-,,,,,"1.059.071,23",,,,,,"1.059.071,23",,,,,,,"6.174.289,33",,,,,,,,,
MOSTARDAS-RS,,,,,,,,,RS,,-,,,,,"4.940,32",,,,,,"4.940,32",,,,,,,"96.157,68",,,,,,,,,
OSORIO-RS,,,,,,,,,RS,,"419.253,32",,,,,"2.981.299,38",,,,,,"3.400.552,70",,,,,,,"27.023.624,12",,,,,,,,,
PALMARES DO SUL-RS,,,,,,,,,RS,,-,,,,,"4.940,32",,,,,,"4.940,32",,,,,,,"96.157,68",,,,,,,,,
PELOTAS-RS,,,,,,,,,RS,,-,,,,,"4.940,32",,,,,,"4.940,32",,,,,,,"96.157,68",,,,,,,,,
PORTO ALEGRE-RS,,,,,,,,,RS,,-,,,,,"4.940,32",,,,,,"4.940,32",,,,,,,"96.157,68",,,,,,,,,
RIO GRANDE-RS,,,,,,,,,RS,,"1.845.788,44",,,,,"52.696,82",,,,,,"1.898.485,26",,,,,,,"15.526.686,61",,,,,,,,,
SAO JOSE DO NORTE-RS,,,,,,,,,RS,,-,,,,,"4.940,32",,,,,,"4.940,32",,,,,,,"96.157,68",,,,,,,,,
SAO LOURENCO DO SUL-RS,,,,,,,,,RS,,-,,,,,"4.940,32",,,,,,"4.940,32",,,,,,,"96.157,68",,,,,,,,,
TAPES-RS,,,,,,,,,RS,,-,,,,,"4.940,32",,,,,,"4.940,32",,,,,,,"96.157,68",,,,,,,,,
TAVARES-RS,,,,,,,,,RS,,-,,,,,"4.940,32",,,,,,"4.940,32",,,,,,,"96.157,68",,,,,,,,,
TRAMANDAI-RS,,,,,,,,,RS,,"1.845.788,44",,,,,"1.412.094,97",,,,,,"3.257.883,41",,,,,,,"22.818.474,75",,,,,,,,,
TURUCU-RS,,,,,,,,,RS,,-,,,,,"4.940,32",,,,,,"4.940,32",,,,,,,"96.157,68",,,,,,,,,
VIAMAO-RS,,,,,,,,,RS,,-,,,,,"4.940,32",,,,,,"4.940,32",,,,,,,"96.157,68",,,,,,,,,
RIO GRANDE DO SUL  TOTAL,,,,,,,,,,,"4.529.975,14",,,,,"6.643.278,75",,,,,,"11.173.253,89",,,,,,,"86.949.920,05",,,,,,,,,
ARAQUARI-SC,,,,,,,,,SC,,-,,,,,"370.622,72",,,,,,"370.622,72",,,,,,,"3.425.247,04",,,,,,,,,
BALNEARIO BARRA DO SUL-SC,,,,,,,,,SC,,-,,,,,"370.622,72",,,,,,"370.622,72",,,,,,,"3.425.247,04",,,,,,,,,
GARUVA-SC,,,,,,,,,SC,,-,,,,,"370.622,72",,,,,,"370.622,72",,,,,,,"3.425.247,04",,,,,,,,,
ITAPOA-SC,,,,,,,,,SC,,-,,,,,"370.622,72",,,,,,"370.622,72",,,,,,,"3.425.247,04",,,,,,,,,
JOINVILLE-SC,,,,,,,,,SC,,-,,,,,"370.622,72",,,,,,"370.622,72",,,,,,,"3.425.247,04",,,,,,,,,
SAO FRANCISCO DO SUL-SC,,,,,,,,,SC,,"1.845.788,44",,,,,"1.235.409,09",,,,,,"3.081.197,53",,,,,,,"26.003.579,26",,,,,,,,,
SANTA CATARINA  TOTAL,,,,,,,,,,,"1.845.788,44",,,,,"3.088.522,69",,,,,,"4.934.311,13",,,,,,,"43.129.814,46",,,,,,,,,
AMPARO DE SAO FRANCISCO-SE,,,,,,,,,SE,,"5.103,49",,,,,-,,,,,,"5.103,49",,,,,,,"43.063,59",,,,,,,,,
AQUIDABA-SE,,,,,,,,,SE,,"6.634,54",,,,,-,,,,,,"6.634,54",,,,,,,"55.982,69",,,,,,,,,
ARACAJU-SE,,,,,,,,,SE,,"2.093.889,75",,,,,"612.260,68",,,,,,"2.706.150,43",,,,,,,"19.658.800,98",,,,,,,,,
ARAUA-SE,,,,,,,,,SE,,"5.358,67",,,,,-,,,,,,"5.358,67",,,,,,,"45.216,77",,,,,,,,,
AREIA BRANCA-SE,,,,,,,,,SE,,"8.483,42",,,,,"1.521,70",,,,,,"10.005,12",,,,,,,"84.552,61",,,,,,,,,
BARRA DOS COQUEIROS-SE,,,,,,,,,SE,,"98.631,80",,,,,"205.189,36",,,,,,"303.821,16",,,,,,,"2.523.034,20",,,,,,,,,
BOQUIM-SE,,,,,,,,,SE,,"6.889,72",,,,,-,,,,,,"6.889,72",,,,,,,"58.135,88",,,,,,,,,
BREJO GRANDE-SE,,,,,,,,,SE,,"82.867,78",,,,,"5.437,22",,,,,,"88.305,00",,,,,,,"976.888,36",,,,,,,,,
CAMPO DO BRITO-SE,,,,,,,,,SE,,"6.124,19",,,,,-,,,,,,"6.124,19",,,,,,,"51.676,33",,,,,,,,,
CANHOBA-SE,,,,,,,,,SE,,"5.103,49",,,,,-,,,,,,"5.103,49",,,,,,,"43.063,59",,,,,,,,,
CANINDE DE SAO FRANCISCO-SE,,,,,,,,,SE,,"6.889,72",,,,,-,,,,,,"6.889,72",,,,,,,"58.135,88",,,,,,,,,
CAPELA-SE,,,,,,,,,SE,,"17.627,13",,,,,"6.761,04",,,,,,"24.388,17",,,,,,,"240.843,33",,,,,,,,,
CARIRA-SE,,,,,,,,,SE,,"6.634,54",,,,,-,,,,,,"6.634,54",,,,,,,"55.982,69",,,,,,,,,
CARMOPOLIS-SE,,,,,,,,,SE,,"1.026.272,64",,,,,"612.090,88",,,,,,"1.638.363,52",,,,,,,"21.744.463,82",,,,,,,,,
CEDRO DE SAO JOAO-SE,,,,,,,,,SE,,"5.103,49",,,,,-,,,,,,"5.103,49",,,,,,,"43.063,59",,,,,,,,,
CRISTINAPOLIS-SE,,,,,,,,,SE,,"6.124,19",,,,,-,,,,,,"6.124,19",,,,,,,"51.676,33",,,,,,,,,
CUMBE-SE,,,,,,,,,SE,,"5.103,49",,,,,-,,,,,,"5.103,49",,,,,,,"43.063,59",,,,,,,,,
DIVINA PASTORA-SE,,,,,,,,,SE,,"319.661,19",,,,,"205.626,27",,,,,,"525.287,46",,,,,,,"4.589.594,49",,,,,,,,,
ESTANCIA-SE,,,,,,,,,SE,,"613.807,65",,,,,"171.388,50",,,,,,"785.196,15",,,,,,,"4.904.437,96",,,,,,,,,
FEIRA NOVA-SE,,,,,,,,,SE,,"5.103,49",,,,,-,,,,,,"5.103,49",,,,,,,"43.063,59",,,,,,,,,
FREI PAULO-SE,,,,,,,,,SE,,"5.613,84",,,,,-,,,,,,"5.613,84",,,,,,,"47.369,96",,,,,,,,,
GARARU-SE,,,,,,,,,SE,,"5.358,67",,,,,-,,,,,,"5.358,67",,,,,,,"45.216,77",,,,,,,,,
GENERAL MAYNARD-SE,,,,,,,,,SE,,"7.222,07",,,,,"1.588,93",,,,,,"8.811,00",,,,,,,"72.717,68",,,,,,,,,
GRACHO CARDOSO-SE,,,,,,,,,SE,,"5.103,49",,,,,-,,,,,,"5.103,49",,,,,,,"43.063,59",,,,,,,,,
ILHA DAS FLORES-SE,,,,,,,,,SE,,"5.103,49",,,,,-,,,,,,"5.103,49",,,,,,,"43.063,59",,,,,,,,,
INDIAROBA-SE,,,,,,,,,SE,,"5.869,02",,,,,-,,,,,,"5.869,02",,,,,,,"49.523,15",,,,,,,,,
ITABAIANA-SE,,,,,,,,,SE,,"9.186,29",,,,,-,,,,,,"9.186,29",,,,,,,"77.514,50",,,,,,,,,
Superintendência de Participações Governamentais,,,,,,,,,,,,,,,,,,,,,,,,,,,,,,,,,,,,,,
ITABAIANINHA-SE,,,,,,,,,SE,,"7.655,24",,,,,-,,,,,,"7.655,24",,,,,,,"64.595,41",,,,,,,,,
ITABI-SE,,,,,,,,,SE,,"5.103,49",,,,,-,,,,,,"5.103,49",,,,,,,"43.063,59",,,,,,,,,
ITAPORANGA D'AJUDA-SE,,,,,,,,,SE,,"591.915,55",,,,,"300.805,28",,,,,,"892.720,83",,,,,,,"5.941.970,97",,,,,,,,,
JAPARATUBA-SE,,,,,,,,,SE,,"2.550.335,47",,,,,"501.952,42",,,,,,"3.052.287,89",,,,,,,"22.779.800,18",,,,,,,,,
JAPOATA-SE,,,,,,,,,SE,,"5.613,84",,,,,-,,,,,,"5.613,84",,,,,,,"47.369,96",,,,,,,,,
LAGARTO-SE,,,,,,,,,SE,,"9.186,29",,,,,-,,,,,,"9.186,29",,,,,,,"77.514,50",,,,,,,,,
LARANJEIRAS-SE,,,,,,,,,SE,,"496.494,36",,,,,"13.595,89",,,,,,"510.090,25",,,,,,,"2.398.833,22",,,,,,,,,
MACAMBIRA-SE,,,,,,,,,SE,,"5.103,49",,,,,-,,,,,,"5.103,49",,,,,,,"43.063,59",,,,,,,,,
MALHADA DOS BOIS-SE,,,,,,,,,SE,,"5.103,49",,,,,-,,,,,,"5.103,49",,,,,,,"43.063,59",,,,,,,,,
MALHADOR-SE,,,,,,,,,SE,,"5.613,84",,,,,-,,,,,,"5.613,84",,,,,,,"47.369,96",,,,,,,,,
MARUIM-SE,,,,,,,,,SE,,"107.362,21",,,,,"26.806,84",,,,,,"134.169,05",,,,,,,"1.291.751,06",,,,,,,,,
MOITA BONITA-SE,,,,,,,,,SE,,"5.358,67",,,,,-,,,,,,"5.358,67",,,,,,,"45.216,77",,,,,,,,,
MONTE ALEGRE DE SERGIPE-SE,,,,,,,,,SE,,"5.613,84",,,,,-,,,,,,"5.613,84",,,,,,,"47.369,96",,,,,,,,,
MURIBECA-SE,,,,,,,,,SE,,"5.103,49",,,,,-,,,,,,"5.103,49",,,,,,,"43.063,59",,,,,,,,,
NEOPOLIS-SE,,,,,,,,,SE,,"6.379,37",,,,,-,,,,,,"6.379,37",,,,,,,"53.829,51",,,,,,,,,
NOSSA SENHORA APARECIDA-SE,,,,,,,,,SE,,"5.103,49",,,,,-,,,,,,"5.103,49",,,,,,,"43.063,59",,,,,,,,,
NOSSA SENHORA DA GLORIA-SE,,,,,,,,,SE,,"7.400,07",,,,,-,,,,,,"7.400,07",,,,,,,"62.442,24",,,,,,,,,
NOSSA SENHORA DAS DORES-SE,,,,,,,,,SE,,"6.889,72",,,,,-,,,,,,"6.889,72",,,,,,,"58.135,88",,,,,,,,,
NOSSA SENHORA DE LOURDES-SE,,,,,,,,,SE,,"5.103,49",,,,,-,,,,,,"5.103,49",,,,,,,"43.063,59",,,,,,,,,
NOSSA SENHORA DO SOCORRO-SE,,,,,,,,,SE,,"10.206,99",,,,,-,,,,,,"10.206,99",,,,,,,"86.127,24",,,,,,,,,
PACATUBA-SE,,,,,,,,,SE,,"145.002,17",,,,,"3.230,90",,,,,,"148.233,07",,,,,,,"1.476.056,15",,,,,,,,,
PEDRA MOLE-SE,,,,,,,,,SE,,"5.103,49",,,,,-,,,,,,"5.103,49",,,,,,,"43.063,59",,,,,,,,,
PEDRINHAS-SE,,,,,,,,,SE,,"5.103,49",,,,,-,,,,,,"5.103,49",,,,,,,"43.063,59",,,,,,,,,
PINHAO-SE,,,,,,,,,SE,,"5.103,49",,,,,-,,,,,,"5.103,49",,,,,,,"43.063,59",,,,,,,,,
PIRAMBU-SE,,,,,,,,,SE,,"2.035.267,34",,,,,"48.701,27",,,,,,"2.083.968,61",,,,,,,"15.184.292,52",,,,,,,,,
POCO REDONDO-SE,,,,,,,,,SE,,"7.144,89",,,,,-,,,,,,"7.144,89",,,,,,,"60.289,06",,,,,,,,,
POCO VERDE-SE,,,,,,,,,SE,,"6.634,54",,,,,-,,,,,,"6.634,54",,,,,,,"55.982,69",,,,,,,,,
PORTO DA FOLHA-SE,,,,,,,,,SE,,"6.889,72",,,,,-,,,,,,"6.889,72",,,,,,,"58.135,88",,,,,,,,,
PROPRIA-SE,,,,,,,,,SE,,"7.144,89",,,,,-,,,,,,"7.144,89",,,,,,,"60.289,06",,,,,,,,,
RIACHAO DO DANTAS-SE,,,,,,,,,SE,,"6.379,37",,,,,-,,,,,,"6.379,37",,,,,,,"53.829,51",,,,,,,,,
RIACHUELO-SE,,,,,,,,,SE,,"154.439,51",,,,,"51.100,34",,,,,,"205.539,85",,,,,,,"1.868.053,83",,,,,,,,,
RIBEIROPOLIS-SE,,,,,,,,,SE,,"6.124,19",,,,,-,,,,,,"6.124,19",,,,,,,"51.676,33",,,,,,,,,
ROSARIO DO CATETE-SE,,,,,,,,,SE,,"634.083,89",,,,,"124.767,76",,,,,,"758.851,65",,,,,,,"5.210.687,19",,,,,,,,,
SALGADO-SE,,,,,,,,,SE,,"6.379,37",,,,,-,,,,,,"6.379,37",,,,,,,"53.829,51",,,,,,,,,
SANTA LUZIA DO ITANHY-SE,,,,,,,,,SE,,"5.613,84",,,,,-,,,,,,"5.613,84",,,,,,,"47.369,96",,,,,,,,,
SANTA ROSA DE LIMA-SE,,,,,,,,,SE,,"5.103,49",,,,,-,,,,,,"5.103,49",,,,,,,"43.063,59",,,,,,,,,
SANTANA DO SAO FRANCISCO-SE,,,,,,,,,SE,,"5.103,49",,,,,-,,,,,,"5.103,49",,,,,,,"43.063,59",,,,,,,,,
SANTO AMARO DAS BROTAS-SE,,,,,,,,,SE,,"122.559,60",,,,,"37.126,36",,,,,,"159.685,96",,,,,,,"1.493.131,58",,,,,,,,,
SAO CRISTOVAO-SE,,,,,,,,,SE,,"85.205,31",,,,,"4.352,91",,,,,,"89.558,22",,,,,,,"988.173,73",,,,,,,,,
SAO DOMINGOS-SE,,,,,,,,,SE,,"5.358,67",,,,,-,,,,,,"5.358,67",,,,,,,"45.216,77",,,,,,,,,
SAO FRANCISCO-SE,,,,,,,,,SE,,"5.103,49",,,,,-,,,,,,"5.103,49",,,,,,,"43.063,59",,,,,,,,,
SAO MIGUEL DO ALEIXO-SE,,,,,,,,,SE,,"5.103,49",,,,,-,,,,,,"5.103,49",,,,,,,"43.063,59",,,,,,,,,
SIMAO DIAS-SE,,,,,,,,,SE,,"7.655,24",,,,,-,,,,,,"7.655,24",,,,,,,"64.595,41",,,,,,,,,
SIRIRI-SE,,,,,,,,,SE,,"248.471,92",,,,,"113.553,33",,,,,,"362.025,25",,,,,,,"2.940.828,46",,,,,,,,,
TELHA-SE,,,,,,,,,SE,,"5.103,49",,,,,-,,,,,,"5.103,49",,,,,,,"43.063,59",,,,,,,,,
TOBIAS BARRETO-SE,,,,,,,,,SE,,"8.165,59",,,,,-,,,,,,"8.165,59",,,,,,,"68.901,77",,,,,,,,,
TOMAR DO GERU-SE,,,,,,,,,SE,,"5.613,84",,,,,-,,,,,,"5.613,84",,,,,,,"47.369,96",,,,,,,,,
UMBAUBA-SE,,,,,,,,,SE,,"6.634,54",,,,,-,,,,,,"6.634,54",,,,,,,"55.982,69",,,,,,,,,
SERGIPE  TOTAL,,,,,,,,,,,"11.773.114,00",,,,,"3.047.857,88",,,,,,"14.820.971,88",,,,,,,"119.183.118,70",,,,,,,,,
APARECIDA-SP,,,,,,,,,SP,,"31.620,04",,,,,-,,,,,,"31.620,04",,,,,,,"173.172,39",,,,,,,,,
ARAPEI-SP,,,,,,,,,SP,,"21.806,92",,,,,-,,,,,,"21.806,92",,,,,,,"119.429,21",,,,,,,,,
AREIAS-SP,,,,,,,,,SP,,"21.806,92",,,,,-,,,,,,"21.806,92",,,,,,,"119.429,21",,,,,,,,,
ARUJA-SP,,,,,,,,,SP,,"38.162,12",,,,,-,,,,,,"38.162,12",,,,,,,"209.001,20",,,,,,,,,
BANANAL-SP,,,,,,,,,SP,,"22.897,26",,,,,-,,,,,,"22.897,26",,,,,,,"125.400,63",,,,,,,,,
BARRA DO TURVO-SP,,,,,,,,,SP,,"21.806,92",,,,,-,,,,,,"21.806,92",,,,,,,"119.429,21",,,,,,,,,
BARUERI-SP,,,,,,,,,SP,,"43.613,85",,,,,-,,,,,,"43.613,85",,,,,,,"238.858,51",,,,,,,,,
BERTIOGA-SP,,,,,,,,,SP,,"832.832,22",,,,,"2.988.418,03",,,,,,"3.821.250,25",,,,,,,"30.545.093,05",,,,,,,,,
Superintendência de Participações Governamentais,,,,,,,,,,,,,,,,,,,,,,,,,,,,,,,,,,,,,,
BIRITIBA-MIRIM-SP,,,,,,,,,SP,,"30.529,70",,,,,-,,,,,,"30.529,70",,,,,,,"167.200,95",,,,,,,,,
CACAPAVA-SP,,,,,,,,,SP,,"39.252,46",,,,,-,,,,,,"39.252,46",,,,,,,"214.972,63",,,,,,,,,
CACHOEIRA PAULISTA-SP,,,,,,,,,SP,,"30.529,70",,,,,-,,,,,,"30.529,70",,,,,,,"167.200,95",,,,,,,,,
CAIEIRAS-SP,,,,,,,,,SP,,"39.252,46",,,,,-,,,,,,"39.252,46",,,,,,,"214.972,63",,,,,,,,,
CAJAMAR-SP,,,,,,,,,SP,,"37.071,77",,,,,-,,,,,,"37.071,77",,,,,,,"203.029,71",,,,,,,,,
CAJATI-SP,,,,,,,,,SP,,"30.529,70",,,,,-,,,,,,"30.529,70",,,,,,,"167.200,95",,,,,,,,,
CAMPOS DO JORDAO-SP,,,,,,,,,SP,,"33.800,73",,,,,-,,,,,,"33.800,73",,,,,,,"185.115,33",,,,,,,,,
CANANEIA-SP,,,,,,,,,SP,,"591.042,22",,,,,"117.468,38",,,,,,"708.510,60",,,,,,,"4.441.213,66",,,,,,,,,
CANAS-SP,,,,,,,,,SP,,"21.806,92",,,,,-,,,,,,"21.806,92",,,,,,,"119.429,21",,,,,,,,,
CARAGUATATUBA-SP,,,,,,,,,SP,,"1.394.640,17",,,,,"4.258.159,14",,,,,,"5.652.799,31",,,,,,,"52.880.170,97",,,,,,,,,
CARAPICUIBA-SP,,,,,,,,,SP,,"43.613,85",,,,,-,,,,,,"43.613,85",,,,,,,"238.858,51",,,,,,,,,
COTIA-SP,,,,,,,,,SP,,"43.613,85",,,,,-,,,,,,"43.613,85",,,,,,,"238.858,51",,,,,,,,,
CRUZEIRO-SP,,,,,,,,,SP,,"38.162,12",,,,,-,,,,,,"38.162,12",,,,,,,"209.001,20",,,,,,,,,
CUBATAO-SP,,,,,,,,,SP,,"2.485.323,43",,,,,"360.934,95",,,,,,"2.846.258,38",,,,,,,"24.297.780,67",,,,,,,,,
CUNHA-SP,,,,,,,,,SP,,"28.349,00",,,,,-,,,,,,"28.349,00",,,,,,,"155.258,04",,,,,,,,,
DIADEMA-SP,,,,,,,,,SP,,"43.613,85",,,,,-,,,,,,"43.613,85",,,,,,,"238.858,51",,,,,,,,,
ELDORADO-SP,,,,,,,,,SP,,"25.077,96",,,,,-,,,,,,"25.077,96",,,,,,,"137.343,60",,,,,,,,,
EMBU-GUACU-SP,,,,,,,,,SP,,"35.981,43",,,,,-,,,,,,"35.981,43",,,,,,,"197.058,28",,,,,,,,,
EMBU-SP,,,,,,,,,SP,,"43.613,85",,,,,-,,,,,,"43.613,85",,,,,,,"238.858,51",,,,,,,,,
FERRAZ DE VASCONCELOS-SP,,,,,,,,,SP,,"43.613,85",,,,,-,,,,,,"43.613,85",,,,,,,"238.858,51",,,,,,,,,
FRANCISCO MORATO-SP,,,,,,,,,SP,,"43.613,85",,,,,-,,,,,,"43.613,85",,,,,,,"238.858,51",,,,,,,,,
FRANCO DA ROCHA-SP,,,,,,,,,SP,,"42.523,50",,,,,-,,,,,,"42.523,50",,,,,,,"232.887,01",,,,,,,,,
GUARAREMA-SP,,,,,,,,,SP,,"448.584,29",,,,,"5.769.307,32",,,,,,"6.217.891,61",,,,,,,"56.610.799,82",,,,,,,,,
GUARATINGUETA-SP,,,,,,,,,SP,,"41.433,16",,,,,-,,,,,,"41.433,16",,,,,,,"226.915,59",,,,,,,,,
GUARUJA-SP,,,,,,,,,SP,,"43.613,85",,,,,-,,,,,,"43.613,85",,,,,,,"238.858,64",,,,,,,,,
GUARULHOS-SP,,,,,,,,,SP,,"43.613,85",,,,,-,,,,,,"43.613,85",,,,,,,"238.858,51",,,,,,,,,
IGARATA-SP,,,,,,,,,SP,,"21.806,92",,,,,-,,,,,,"21.806,92",,,,,,,"119.429,21",,,,,,,,,
IGUAPE-SP,,,,,,,,,SP,,"731.131,98",,,,,"687.957,50",,,,,,"1.419.089,48",,,,,,,"7.550.865,52",,,,,,,,,
ILHA COMPRIDA-SP,,,,,,,,,SP,,"537.311,10",,,,,"3.589.094,61",,,,,,"4.126.405,71",,,,,,,"17.035.286,57",,,,,,,,,
ILHABELA-SP,,,,,,,,,SP,,"473.770,39",,,,,"5.184.467,38",,,,,,"5.658.237,77",,,,,,,"43.136.892,33",,,,,,,,,
ITANHAEM-SP,,,,,,,,,SP,,"39.252,46",,,,,-,,,,,,"39.252,46",,,,,,,"214.972,63",,,,,,,,,
ITAPECERICA DA SERRA-SP,,,,,,,,,SP,,"43.613,85",,,,,-,,,,,,"43.613,85",,,,,,,"238.858,51",,,,,,,,,
ITAPEVI-SP,,,,,,,,,SP,,"43.613,85",,,,,-,,,,,,"43.613,85",,,,,,,"238.858,51",,,,,,,,,
ITAQUAQUECETUBA-SP,,,,,,,,,SP,,"43.613,85",,,,,-,,,,,,"43.613,85",,,,,,,"238.858,51",,,,,,,,,
ITARIRI-SP,,,,,,,,,SP,,"25.077,96",,,,,-,,,,,,"25.077,96",,,,,,,"137.343,60",,,,,,,,,
JACAREI-SP,,,,,,,,,SP,,"43.613,85",,,,,-,,,,,,"43.613,85",,,,,,,"238.858,51",,,,,,,,,
JACUPIRANGA-SP,,,,,,,,,SP,,"26.168,31",,,,,-,,,,,,"26.168,31",,,,,,,"143.315,11",,,,,,,,,
JAMBEIRO-SP,,,,,,,,,SP,,"21.806,92",,,,,-,,,,,,"21.806,92",,,,,,,"119.429,21",,,,,,,,,
JANDIRA-SP,,,,,,,,,SP,,"40.342,81",,,,,-,,,,,,"40.342,81",,,,,,,"220.944,14",,,,,,,,,
JUQUIA-SP,,,,,,,,,SP,,"27.258,65",,,,,-,,,,,,"27.258,65",,,,,,,"149.286,54",,,,,,,,,
JUQUITIBA-SP,,,,,,,,,SP,,"30.529,70",,,,,-,,,,,,"30.529,70",,,,,,,"167.200,95",,,,,,,,,
LAGOINHA-SP,,,,,,,,,SP,,"21.806,92",,,,,-,,,,,,"21.806,92",,,,,,,"119.429,21",,,,,,,,,
LAVRINHAS-SP,,,,,,,,,SP,,"21.806,92",,,,,-,,,,,,"21.806,92",,,,,,,"119.429,21",,,,,,,,,
LORENA-SP,,,,,,,,,SP,,"458.397,40",,,,,"6.775,93",,,,,,"465.173,33",,,,,,,"2.253.640,22",,,,,,,,,
MAIRIPORA-SP,,,,,,,,,SP,,"39.252,46",,,,,-,,,,,,"39.252,46",,,,,,,"214.972,63",,,,,,,,,
MAUA-SP,,,,,,,,,SP,,"462.758,79",,,,,"151.889,30",,,,,,"614.648,09",,,,,,,"2.892.763,18",,,,,,,,,
MIRACATU-SP,,,,,,,,,SP,,"28.349,00",,,,,-,,,,,,"28.349,00",,,,,,,"155.258,04",,,,,,,,,
MOJI DAS CRUZES-SP,,,,,,,,,SP,,"43.613,85",,,,,-,,,,,,"43.613,85",,,,,,,"238.858,51",,,,,,,,,
MONGAGUA-SP,,,,,,,,,SP,,"33.800,73",,,,,-,,,,,,"33.800,73",,,,,,,"185.115,33",,,,,,,,,
MONTEIRO LOBATO-SP,,,,,,,,,SP,,"21.806,92",,,,,-,,,,,,"21.806,92",,,,,,,"119.429,21",,,,,,,,,
NATIVIDADE DA SERRA-SP,,,,,,,,,SP,,"21.806,92",,,,,-,,,,,,"21.806,92",,,,,,,"119.429,21",,,,,,,,,
OSASCO-SP,,,,,,,,,SP,,"43.613,85",,,,,-,,,,,,"43.613,85",,,,,,,"238.858,51",,,,,,,,,
PARAIBUNA-SP,,,,,,,,,SP,,"26.168,31",,,,,-,,,,,,"26.168,31",,,,,,,"143.315,11",,,,,,,,,
PARIQUERA-ACU-SP,,,,,,,,,SP,,"27.258,65",,,,,-,,,,,,"27.258,65",,,,,,,"149.286,54",,,,,,,,,
PEDRO DE TOLEDO-SP,,,,,,,,,SP,,"22.897,26",,,,,-,,,,,,"22.897,26",,,,,,,"125.400,63",,,,,,,,,
PERUIBE-SP,,,,,,,,,SP,,"35.981,43",,,,,"149.170,03",,,,,,"185.151,46",,,,,,,"1.207.313,74",,,,,,,,,
PINDAMONHANGABA-SP,,,,,,,,,SP,,"462.758,79",,,,,"23.498,99",,,,,,"486.257,78",,,,,,,"8.003.506,92",,,,,,,,,
"Superintendência de Participações Governamentais
*Valor sem a retenção de 1% (um por cento) de PASEP, conforme disposto no inciso III, do Art.2º da Lei nº 9.715, de 25 de novembro de 1998, combinado como parágrafo 6º do Art.19 da Medida Provisória nº 2.158, de 24 de agosto de 2001.",,,,,,,,,,,,,,,,,,,,,,,,,,,,,,,,,,,,,,
,,,,,,,,,,,,,,,,,,,,,,,,,,,,,,,,,,,,,,
PIQUETE-SP,,,,,,,,,SP,,"25.077,96",,,,,-,,,,,,"25.077,96",,,,,,,"137.343,60",,,,,,,,,
PIRAPORA DO BOM JESUS-SP,,,,,,,,,SP,,"25.077,96",,,,,-,,,,,,"25.077,96",,,,,,,"137.343,60",,,,,,,,,
POA-SP,,,,,,,,,SP,,"40.342,81",,,,,-,,,,,,"40.342,81",,,,,,,"220.944,14",,,,,,,,,
POTIM-SP,,,,,,,,,SP,,"27.258,65",,,,,-,,,,,,"27.258,65",,,,,,,"149.286,54",,,,,,,,,
PRAIA GRANDE-SP,,,,,,,,,SP,,"516.544,62",,,,,-,,,,,,"516.544,62",,,,,,,"2.835.535,88",,,,,,,,,
QUELUZ-SP,,,,,,,,,SP,,"22.897,26",,,,,-,,,,,,"22.897,26",,,,,,,"125.400,63",,,,,,,,,
REDENCAO DA SERRA-SP,,,,,,,,,SP,,"21.806,92",,,,,-,,,,,,"21.806,92",,,,,,,"119.429,21",,,,,,,,,
REGISTRO-SP,,,,,,,,,SP,,"34.891,08",,,,,-,,,,,,"34.891,08",,,,,,,"191.086,76",,,,,,,,,
RIBEIRAO PIRES-SP,,,,,,,,,SP,,"41.433,16",,,,,-,,,,,,"41.433,16",,,,,,,"226.915,59",,,,,,,,,
RIO GRANDE DA SERRA-SP,,,,,,,,,SP,,"33.800,73",,,,,-,,,,,,"33.800,73",,,,,,,"185.115,33",,,,,,,,,
ROSEIRA-SP,,,,,,,,,SP,,"21.806,92",,,,,-,,,,,,"21.806,92",,,,,,,"119.429,21",,,,,,,,,
SALESOPOLIS-SP,,,,,,,,,SP,,"25.077,96",,,,,-,,,,,,"25.077,96",,,,,,,"137.343,60",,,,,,,,,
SANTA BRANCA-SP,,,,,,,,,SP,,"23.987,62",,,,,-,,,,,,"23.987,62",,,,,,,"131.372,15",,,,,,,,,
SANTA ISABEL-SP,,,,,,,,,SP,,"34.891,08",,,,,-,,,,,,"34.891,08",,,,,,,"191.086,76",,,,,,,,,
SANTANA DE PARNAIBA-SP,,,,,,,,,SP,,"40.342,81",,,,,-,,,,,,"40.342,81",,,,,,,"220.944,14",,,,,,,,,
SANTO ANDRE-SP,,,,,,,,,SP,,"43.613,85",,,,,-,,,,,,"43.613,85",,,,,,,"238.858,51",,,,,,,,,
SANTO ANTONIO DO PINHAL-SP,,,,,,,,,SP,,"21.806,92",,,,,-,,,,,,"21.806,92",,,,,,,"119.429,21",,,,,,,,,
SANTOS-SP,,,,,,,,,SP,,"43.613,85",,,,,-,,,,,,"43.613,85",,,,,,,"238.859,90",,,,,,,,,
SAO BENTO DO SAPUCAI-SP,,,,,,,,,SP,,"22.897,26",,,,,-,,,,,,"22.897,26",,,,,,,"125.400,63",,,,,,,,,
SAO BERNARDO DO CAMPO-SP,,,,,,,,,SP,,"462.758,79",,,,,"26.714,32",,,,,,"489.473,11",,,,,,,"2.385.303,54",,,,,,,,,
SAO CAETANO DO SUL-SP,,,,,,,,,SP,,"43.613,85",,,,,-,,,,,,"43.613,85",,,,,,,"238.858,51",,,,,,,,,
SAO JOSE DO BARREIRO-SP,,,,,,,,,SP,,"21.806,92",,,,,-,,,,,,"21.806,92",,,,,,,"119.429,21",,,,,,,,,
SAO JOSE DOS CAMPOS-SP,,,,,,,,,SP,,"462.758,79",,,,,"341.636,47",,,,,,"804.395,26",,,,,,,"3.438.831,90",,,,,,,,,
SAO LOURENCO DA SERRA-SP,,,,,,,,,SP,,"23.987,62",,,,,-,,,,,,"23.987,62",,,,,,,"131.372,15",,,,,,,,,
SAO LUIS DO PARAITINGA-SP,,,,,,,,,SP,,"22.897,26",,,,,-,,,,,,"22.897,26",,,,,,,"125.400,63",,,,,,,,,
SAO PAULO-SP,,,,,,,,,SP,,"43.613,85",,,,,-,,,,,,"43.613,85",,,,,,,"238.858,51",,,,,,,,,
SAO SEBASTIAO-SP,,,,,,,,,SP,,"1.883.984,32",,,,,"5.739.320,37",,,,,,"7.623.304,69",,,,,,,"64.328.568,29",,,,,,,,,
SAO VICENTE-SP,,,,,,,,,SP,,"516.544,62",,,,,-,,,,,,"516.544,62",,,,,,,"2.835.535,88",,,,,,,,,
SETE BARRAS-SP,,,,,,,,,SP,,"23.987,62",,,,,-,,,,,,"23.987,62",,,,,,,"131.372,15",,,,,,,,,
SILVEIRAS-SP,,,,,,,,,SP,,"440.951,86",,,,,"3.280,62",,,,,,"444.232,48",,,,,,,"2.149.181,30",,,,,,,,,
SUZANO-SP,,,,,,,,,SP,,"462.758,79",,,,,"69.316,25",,,,,,"532.075,04",,,,,,,"2.543.793,60",,,,,,,,,
TABOAO DA SERRA-SP,,,,,,,,,SP,,"43.613,85",,,,,-,,,,,,"43.613,85",,,,,,,"238.858,51",,,,,,,,,
TAUBATE-SP,,,,,,,,,SP,,"462.758,79",,,,,"9.222,40",,,,,,"471.981,19",,,,,,,"2.284.951,30",,,,,,,,,
TREMEMBE-SP,,,,,,,,,SP,,"33.800,73",,,,,-,,,,,,"33.800,73",,,,,,,"185.115,33",,,,,,,,,
UBATUBA-SP,,,,,,,,,SP,,"38.162,12",,,,,"53.974,38",,,,,,"92.136,50",,,,,,,"574.543,21",,,,,,,,,
VARGEM GRANDE PAULISTA-SP,,,,,,,,,SP,,"33.800,73",,,,,-,,,,,,"33.800,73",,,,,,,"185.115,33",,,,,,,,,
SAO PAULO  TOTAL,,,,,,,,,,,"16.787.308,50",,,,,"29.530.606,37",,,,,,"46.317.914,87",,,,,,,"348.610.853,60",,,,,,,,,
