ANADIA,,,AL,,,,,,"375,21",,,,,,-,,,,,,"375,21",,,,,,"3.759,30",,,,,,,,,
ATALAIA,,,AL,,,,,,"484,65",,,,,,-,,,,,,"484,65",,,,,,"4.855,79",,,,,,,,,
BARRA DE SANTO ANTONIO,,,AL,,,,,,"328,31",,,,,,-,,,,,,"328,31",,,,,,"3.289,40",,,,,,,,,
BARRA DE SAO MIGUEL,,,AL,,,,,,"312,68",,,,,,-,,,,,,"312,68",,,,,,"3.132,76",,,,,,,,,
BOCA DA MATA,,,AL,,,,,,"422,11",,,,,,-,,,,,,"422,11",,,,,,"4.229,22",,,,,,,,,
BRANQUINHA,,,AL,,,,,,"328,31",,,,,,-,,,,,,"328,31",,,,,,"3.289,40",,,,,,,,,
CAJUEIRO,,,AL,,,,,,"390,85",,,,,,-,,,,,,"390,85",,,,,,"3.915,94",,,,,,,,,
CAMPESTRE,,,AL,,,,,,"312,68",,,,,,-,,,,,,"312,68",,,,,,"3.132,76",,,,,,,,,
CAMPO ALEGRE,,,AL,,,,,,"484,65",,,,,,-,,,,,,"484,65",,,,,,"4.855,79",,,,,,,,,
CAPELA,,,AL,,,,,,"390,85",,,,,,-,,,,,,"390,85",,,,,,"3.915,94",,,,,,,,,
CHA PRETA,,,AL,,,,,,"312,68",,,,,,-,,,,,,"312,68",,,,,,"3.132,76",,,,,,,,,
COLONIA LEOPOLDINA,,,AL,,,,,,"375,21",,,,,,-,,,,,,"375,21",,,,,,"3.759,30",,,,,,,,,
COQUEIRO SECO,,,AL,,,,,,"1.517,31",,,,,,"776,98",,,,,,"2.294,29",,,,,,"9.085,75",,,,,,,,,
CORURIPE,,,AL,,,,,,"1.010.276,88",,,,,,"32.119,07",,,,,,"1.042.395,95",,,,,,"6.809.410,64",,,,,,,,,
FELIZ DESERTO,,,AL,,,,,,"11.348,47",,,,,,"15.554,49",,,,,,"26.902,96",,,,,,"268.623,54",,,,,,,,,
FLEXEIRAS,,,AL,,,,,,"328,31",,,,,,-,,,,,,"328,31",,,,,,"3.362,60",,,,,,,,,
IBATEGUARA,,,AL,,,,,,"359,58",,,,,,-,,,,,,"359,58",,,,,,"3.602,67",,,,,,,,,
IGREJA NOVA,,,AL,,,,,,"406,48",,,,,,-,,,,,,"406,48",,,,,,"4.072,58",,,,,,,,,
JACUIPE,,,AL,,,,,,"312,68",,,,,,-,,,,,,"312,68",,,,,,"3.132,76",,,,,,,,,
JAPARATINGA,,,AL,,,,,,"312,68",,,,,,-,,,,,,"312,68",,,,,,"3.132,76",,,,,,,,,
JEQUIA DA PRAIA,,,AL,,,,,,"3.017,87",,,,,,"1.123,05",,,,,,"4.140,92",,,,,,"56.565,03",,,,,,,,,
JOAQUIM GOMES,,,AL,,,,,,"406,48",,,,,,-,,,,,,"406,48",,,,,,"4.072,58",,,,,,,,,
JUNDIA,,,AL,,,,,,"312,68",,,,,,-,,,,,,"312,68",,,,,,"3.132,76",,,,,,,,,
JUNQUEIRO,,,AL,,,,,,"406,48",,,,,,-,,,,,,"406,48",,,,,,"4.072,58",,,,,,,,,
MACEIO,,,AL,,,,,,"77.097,82",,,,,,"17.194,21",,,,,,"94.292,03",,,,,,"649.287,86",,,,,,,,,
MARAGOGI,,,AL,,,,,,"406,48",,,,,,-,,,,,,"406,48",,,,,,"4.072,58",,,,,,,,,
MARECHAL DEODORO,,,AL,,,,,,"136.995,26",,,,,,"107.462,70",,,,,,"244.457,96",,,,,,"1.800.359,85",,,,,,,,,
MATRIZ DE CAMARAGIBE,,,AL,,,,,,"422,11",,,,,,-,,,,,,"422,11",,,,,,"4.156,00",,,,,,,,,
MESSIAS,,,AL,,,,,,"328,31",,,,,,-,,,,,,"328,31",,,,,,"3.289,40",,,,,,,,,
MURICI,,,AL,,,,,,"422,11",,,,,,-,,,,,,"422,11",,,,,,"4.229,22",,,,,,,,,
NOVO LINO,,,AL,,,,,,"328,31",,,,,,-,,,,,,"328,31",,,,,,"3.289,40",,,,,,,,,
PARIPUEIRA,,,AL,,,,,,"312,68",,,,,,"8.938,14",,,,,,"9.250,82",,,,,,"50.847,98",,,,,,,,,
PASSO DE CAMARAGIBE,,,AL,,,,,,"343,94",,,,,,-,,,,,,"343,94",,,,,,"3.446,02",,,,,,,,,
PENEDO,,,AL,,,,,,"515,92",,,,,,-,,,,,,"515,92",,,,,,"5.169,06",,,,,,,,,
PIACABUCU,,,AL,,,,,,"375,21",,,,,,-,,,,,,"375,21",,,,,,"3.759,30",,,,,,,,,
PILAR,,,AL,,,,,,"194.294,92",,,,,,"125.037,87",,,,,,"319.332,79",,,,,,"1.711.220,80",,,,,,,,,
PINDOBA,,,AL,,,,,,"312,68",,,,,,-,,,,,,"312,68",,,,,,"3.132,76",,,,,,,,,
PORTO CALVO,,,AL,,,,,,"406,48",,,,,,-,,,,,,"406,48",,,,,,"4.072,58",,,,,,,,,
PORTO DE PEDRAS,,,AL,,,,,,"328,31",,,,,,-,,,,,,"328,31",,,,,,"3.289,40",,,,,,,,,
PORTO REAL DO COLEGIO,,,AL,,,,,,"390,85",,,,,,-,,,,,,"390,85",,,,,,"3.915,94",,,,,,,,,
RIO LARGO,,,AL,,,,,,"3.291,02",,,,,,"1.789,94",,,,,,"5.080,96",,,,,,"47.787,08",,,,,,,,,
ROTEIRO,,,AL,,,,,,"530,73",,,,,,"140,64",,,,,,"671,37",,,,,,"5.802,29",,,,,,,,,
SANTA LUZIA DO NORTE,,,AL,,,,,,"312,68",,,,,,-,,,,,,"312,68",,,,,,"3.132,76",,,,,,,,,
SANTANA DO MUNDAU,,,AL,,,,,,"328,31",,,,,,-,,,,,,"328,31",,,,,,"3.289,40",,,,,,,,,
SAO JOSE DA LAJE,,,AL,,,,,,"406,48",,,,,,-,,,,,,"406,48",,,,,,"4.072,58",,,,,,,,,
SAO LUIS DO QUITUNDE,,,AL,,,,,,"437,75",,,,,,-,,,,,,"437,75",,,,,,"4.385,87",,,,,,,,,
SAO MIGUEL DOS CAMPOS,,,AL,,,,,,"213.715,34",,,,,,"129.409,21",,,,,,"343.124,55",,,,,,"2.392.742,71",,,,,,,,,
SAO MIGUEL DOS MILAGRES,,,AL,,,,,,"312,68",,,,,,-,,,,,,"312,68",,,,,,"3.132,76",,,,,,,,,
SATUBA,,,AL,,,,,,"26.239,96",,,,,,"16.702,93",,,,,,"42.942,89",,,,,,"475.440,19",,,,,,,,,
TEOTONIO VILELA,,,AL,,,,,,"469,02",,,,,,-,,,,,,"469,02",,,,,,"4.699,15",,,,,,,,,
UNIAO DOS PALMARES,,,AL,,,,,,"515,92",,,,,,-,,,,,,"515,92",,,,,,"5.169,06",,,,,,,,,
Superintendência de Controle das Participações Governamentais,,,,,,,,,,,,,,,,,,,,,,,,,,,,,,,,,,,,
VICOSA,,,AL,,,,,,"422,11",,,,,,-,,,,,,"422,11",,,,,,"4.229,22",,,,,,,,,
TOTAL ALAGOAS,,,,,,,,,"1.693.787,48",,,,,,"456.249,23",,,,,,"2.150.036,71",,,,,,"14.428.955,83",,,,,,,,,
ANAMA,,,AM,,,,,,-,,,,,,"2.102,90",,,,,,"2.102,90",,,,,,"15.224,47",,,,,,,,,
ANORI,,,AM,,,,,,-,,,,,,"2.102,90",,,,,,"2.102,90",,,,,,"15.224,47",,,,,,,,,
AUTAZES,,,AM,,,,,,-,,,,,,"4.416,46",,,,,,"4.416,46",,,,,,"38.274,06",,,,,,,,,
BERURI,,,AM,,,,,,-,,,,,,"2.102,90",,,,,,"2.102,90",,,,,,"15.224,47",,,,,,,,,
CAREIRO DA VARZEA,,,AM,,,,,,-,,,,,,"4.416,46",,,,,,"4.416,46",,,,,,"38.274,06",,,,,,,,,
CAREIRO,,,AM,,,,,,-,,,,,,"2.102,90",,,,,,"2.102,90",,,,,,"15.224,47",,,,,,,,,
COARI,,,AM,,,,,,"1.615.888,44",,,,,,"1.517.303,66",,,,,,"3.133.192,10",,,,,,"22.706.384,26",,,,,,,,,
CODAJAS,,,AM,,,,,,-,,,,,,"2.102,90",,,,,,"2.102,90",,,,,,"15.224,47",,,,,,,,,
IRANDUBA,,,AM,,,,,,-,,,,,,"4.416,46",,,,,,"4.416,46",,,,,,"38.274,06",,,,,,,,,
ITACOATIARA,,,AM,,,,,,-,,,,,,"4.416,46",,,,,,"4.416,46",,,,,,"38.274,06",,,,,,,,,
ITAPIRANGA,,,AM,,,,,,-,,,,,,"4.416,46",,,,,,"4.416,46",,,,,,"38.274,06",,,,,,,,,
MANACAPURU,,,AM,,,,,,-,,,,,,"2.102,90",,,,,,"2.102,90",,,,,,"15.224,47",,,,,,,,,
MANAQUIRI,,,AM,,,,,,-,,,,,,"2.102,90",,,,,,"2.102,90",,,,,,"15.224,47",,,,,,,,,
MANAUS,,,AM,,,,,,"68.291,54",,,,,,"46.831,72",,,,,,"115.123,26",,,,,,"5.567.189,69",,,,,,,,,
PARINTINS,,,AM,,,,,,-,,,,,,"4.416,46",,,,,,"4.416,46",,,,,,"38.274,06",,,,,,,,,
SILVES,,,AM,,,,,,-,,,,,,"4.416,46",,,,,,"4.416,46",,,,,,"38.274,06",,,,,,,,,
URUCARA,,,AM,,,,,,-,,,,,,"4.416,46",,,,,,"4.416,46",,,,,,"38.274,06",,,,,,,,,
URUCURITUBA,,,AM,,,,,,-,,,,,,"4.416,46",,,,,,"4.416,46",,,,,,"38.274,06",,,,,,,,,
TOTAL AMAZONAS,,,,,,,,,"1.684.179,98",,,,,,"1.618.603,82",,,,,,"3.302.783,80",,,,,,"28.724.611,78",,,,,,,,,
LARANJAL DO JARI,,,AP,,,,,,-,,,,,,"4.416,46",,,,,,"4.416,46",,,,,,"38.274,06",,,,,,,,,
MACAPA,,,AP,,,,,,-,,,,,,"4.416,46",,,,,,"4.416,46",,,,,,"38.274,06",,,,,,,,,
MAZAGAO,,,AP,,,,,,-,,,,,,"4.416,46",,,,,,"4.416,46",,,,,,"38.274,06",,,,,,,,,
TOTAL AMAPA,,,,,,,,,-,,,,,,"13.249,38",,,,,,"13.249,38",,,,,,"114.822,18",,,,,,,,,
ACAJUTIBA,,,BA,,,,,,"61,74",,,,,,-,,,,,,"61,74",,,,,,"597,38",,,,,,,,,
ADUSTINA,,,BA,,,,,,"61,74",,,,,,-,,,,,,"61,74",,,,,,"597,38",,,,,,,,,
AGUA FRIA,,,BA,,,,,,"61,74",,,,,,-,,,,,,"61,74",,,,,,"597,38",,,,,,,,,
AIQUARA,,,BA,,,,,,"53,68",,,,,,-,,,,,,"53,68",,,,,,"519,45",,,,,,,,,
ALAGOINHAS,,,BA,,,,,,"242.786,43",,,,,,"109.653,22",,,,,,"352.439,65",,,,,,"2.801.095,67",,,,,,,,,
AMARGOSA,,,BA,,,,,,"75,16",,,,,,-,,,,,,"75,16",,,,,,"727,25",,,,,,,,,
AMELIA RODRIGUES,,,BA,,,,,,"72,47",,,,,,-,,,,,,"72,47",,,,,,"701,27",,,,,,,,,
ANAGE,,,BA,,,,,,"75,16",,,,,,-,,,,,,"75,16",,,,,,"760,51",,,,,,,,,
ANGUERA,,,BA,,,,,,"53,68",,,,,,-,,,,,,"53,68",,,,,,"519,45",,,,,,,,,
ANTAS,,,BA,,,,,,"61,74",,,,,,-,,,,,,"61,74",,,,,,"597,38",,,,,,,,,
ANTONIO CARDOSO,,,BA,,,,,,"56,37",,,,,,-,,,,,,"56,37",,,,,,"545,43",,,,,,,,,
APORA,,,BA,,,,,,"64,42",,,,,,-,,,,,,"64,42",,,,,,"623,34",,,,,,,,,
APUAREMA,,,BA,,,,,,"53,68",,,,,,-,,,,,,"53,68",,,,,,"519,45",,,,,,,,,
ARACAS,,,BA,,,,,,"194.676,73",,,,,,"79.821,80",,,,,,"274.498,53",,,,,,"2.165.789,39",,,,,,,,,
ARACI,,,BA,,,,,,"83,21",,,,,,-,,,,,,"83,21",,,,,,"805,18",,,,,,,,,
ARAMARI,,,BA,,,,,,"53,68",,,,,,-,,,,,,"53,68",,,,,,"519,45",,,,,,,,,
ARATUIPE,,,BA,,,,,,"53,68",,,,,,-,,,,,,"53,68",,,,,,"519,45",,,,,,,,,
BAIXA GRANDE,,,BA,,,,,,"69,79",,,,,,-,,,,,,"69,79",,,,,,"675,30",,,,,,,,,
BANZAE,,,BA,,,,,,"56,37",,,,,,-,,,,,,"56,37",,,,,,"545,43",,,,,,,,,
BARRA DO CHOCA,,,BA,,,,,,"83,21",,,,,,-,,,,,,"83,21",,,,,,"805,18",,,,,,,,,
BARROCAS,,,BA,,,,,,"59,05",,,,,,-,,,,,,"59,05",,,,,,"571,40",,,,,,,,,
BELO CAMPO,,,BA,,,,,,"64,42",,,,,,-,,,,,,"64,42",,,,,,"623,34",,,,,,,,,
BIRITINGA,,,BA,,,,,,"61,74",,,,,,-,,,,,,"61,74",,,,,,"597,38",,,,,,,,,
BOA NOVA,,,BA,,,,,,"69,79",,,,,,-,,,,,,"69,79",,,,,,"675,30",,,,,,,,,
BOA VISTA DO TUPIM,,,BA,,,,,,"67,11",,,,,,-,,,,,,"67,11",,,,,,"649,33",,,,,,,,,
BOM JESUS DA SERRA,,,BA,,,,,,"56,37",,,,,,-,,,,,,"56,37",,,,,,"545,43",,,,,,,,,
BREJOES,,,BA,,,,,,"61,74",,,,,,-,,,,,,"61,74",,,,,,"597,38",,,,,,,,,
CAATIBA,,,BA,,,,,,"61,74",,,,,,-,,,,,,"61,74",,,,,,"597,38",,,,,,,,,
CABACEIRAS DO PARAGUACU,,,BA,,,,,,"61,74",,,,,,-,,,,,,"61,74",,,,,,"597,38",,,,,,,,,
CACHOEIRA,,,BA,,,,,,"75,16",,,,,,-,,,,,,"75,16",,,,,,"727,25",,,,,,,,,
CAEM,,,BA,,,,,,"59,05",,,,,,-,,,,,,"59,05",,,,,,"571,40",,,,,,,,,
CAETANOS,,,BA,,,,,,"59,05",,,,,,-,,,,,,"59,05",,,,,,"571,40",,,,,,,,,
CAMACARI,,,BA,,,,,,"107,37",,,,,,-,,,,,,"107,37",,,,,,"2.840,54",,,,,,,,,
Superintendência de Controle das Participações Governamentais,,,,,,,,,,,,,,,,,,,,,,,,,,,,,,,,,,,,
CANDEAL,,,BA,,,,,,"56,37",,,,,,-,,,,,,"56,37",,,,,,"545,43",,,,,,,,,
CANDEIAS,,,BA,,,,,,"181.842,39",,,,,,"215.617,09",,,,,,"397.459,48",,,,,,"3.051.187,61",,,,,,,,,
CANDIDO SALES,,,BA,,,,,,"75,16",,,,,,-,,,,,,"75,16",,,,,,"727,25",,,,,,,,,
CANSANCAO,,,BA,,,,,,"75,16",,,,,,-,,,,,,"75,16",,,,,,"727,25",,,,,,,,,
CANUDOS,,,BA,,,,,,"59,05",,,,,,-,,,,,,"59,05",,,,,,"571,40",,,,,,,,,
CAPELA DO ALTO ALEGRE,,,BA,,,,,,"56,37",,,,,,-,,,,,,"56,37",,,,,,"545,43",,,,,,,,,
CAPIM GROSSO,,,BA,,,,,,"69,79",,,,,,-,,,,,,"69,79",,,,,,"675,30",,,,,,,,,
CARDEAL DA SILVA,,,BA,,,,,,"57.605,31",,,,,,"37.120,80",,,,,,"94.726,11",,,,,,"618.254,38",,,,,,,,,
CASTRO ALVES,,,BA,,,,,,"72,47",,,,,,-,,,,,,"72,47",,,,,,"701,27",,,,,,,,,
CATU,,,BA,,,,,,"192.397,73",,,,,,"91.435,21",,,,,,"283.832,94",,,,,,"2.118.289,22",,,,,,,,,
CICERO DANTAS,,,BA,,,,,,"75,16",,,,,,-,,,,,,"75,16",,,,,,"727,25",,,,,,,,,
CIPO,,,BA,,,,,,"61,74",,,,,,-,,,,,,"61,74",,,,,,"597,38",,,,,,,,,
CONCEICAO DA FEIRA,,,BA,,,,,,"64,42",,,,,,-,,,,,,"64,42",,,,,,"623,34",,,,,,,,,
CONCEICAO DO ALMEIDA,,,BA,,,,,,"67,11",,,,,,-,,,,,,"67,11",,,,,,"649,33",,,,,,,,,
CONCEICAO DO COITE,,,BA,,,,,,"88,58",,,,,,-,,,,,,"88,58",,,,,,"857,12",,,,,,,,,
CONCEICAO DO JACUIPE,,,BA,,,,,,"72,47",,,,,,-,,,,,,"72,47",,,,,,"701,27",,,,,,,,,
CONDE,,,BA,,,,,,"112,38",,,,,,"27,47",,,,,,"139,85",,,,,,"5.618,49",,,,,,,,,
CORACAO DE MARIA,,,BA,,,,,,"69,79",,,,,,-,,,,,,"69,79",,,,,,"675,30",,,,,,,,,
CORONEL JOAO SA,,,BA,,,,,,"67,11",,,,,,-,,,,,,"67,11",,,,,,"649,33",,,,,,,,,
CRAVOLANDIA,,,BA,,,,,,"53,68",,,,,,-,,,,,,"53,68",,,,,,"519,45",,,,,,,,,
CRISOPOLIS,,,BA,,,,,,"67,11",,,,,,-,,,,,,"67,11",,,,,,"649,33",,,,,,,,,
CRUZ DAS ALMAS,,,BA,,,,,,"85,90",,,,,,-,,,,,,"85,90",,,,,,"831,14",,,,,,,,,
DARIO MEIRA,,,BA,,,,,,"61,74",,,,,,-,,,,,,"61,74",,,,,,"597,38",,,,,,,,,
DIAS D'AVILA,,,BA,,,,,,"1.145,44",,,,,,"446,13",,,,,,"1.591,57",,,,,,"11.816,70",,,,,,,,,
DOM MACEDO COSTA,,,BA,,,,,,"53,68",,,,,,-,,,,,,"53,68",,,,,,"519,45",,,,,,,,,
ELISIO MEDRADO,,,BA,,,,,,"53,68",,,,,,-,,,,,,"53,68",,,,,,"519,45",,,,,,,,,
ENCRUZILHADA,,,BA,,,,,,"77,84",,,,,,-,,,,,,"77,84",,,,,,"753,22",,,,,,,,,
ENTRE RIOS,,,BA,,,,,,"193.117,15",,,,,,"114.748,45",,,,,,"307.865,60",,,,,,"2.264.202,38",,,,,,,,,
ESPLANADA,,,BA,,,,,,"347.706,87",,,,,,"207.969,26",,,,,,"555.676,13",,,,,,"3.946.375,68",,,,,,,,,
EUCLIDES DA CUNHA,,,BA,,,,,,"85,90",,,,,,-,,,,,,"85,90",,,,,,"831,14",,,,,,,,,
FATIMA,,,BA,,,,,,"67,11",,,,,,-,,,,,,"67,11",,,,,,"649,33",,,,,,,,,
FEIRA DE SANTANA,,,BA,,,,,,"107,37",,,,,,-,,,,,,"107,37",,,,,,"1.038,94",,,,,,,,,
GAVIAO,,,BA,,,,,,"53,68",,,,,,-,,,,,,"53,68",,,,,,"519,45",,,,,,,,,
GLORIA,,,BA,,,,,,"61,74",,,,,,-,,,,,,"61,74",,,,,,"597,38",,,,,,,,,
GOVERNADOR MANGABEIRA,,,BA,,,,,,"64,42",,,,,,-,,,,,,"64,42",,,,,,"623,34",,,,,,,,,
HELIOPOLIS,,,BA,,,,,,"59,05",,,,,,-,,,,,,"59,05",,,,,,"571,40",,,,,,,,,
IACU,,,BA,,,,,,"75,16",,,,,,-,,,,,,"75,16",,,,,,"727,25",,,,,,,,,
IBIQUERA,,,BA,,,,,,"53,68",,,,,,-,,,,,,"53,68",,,,,,"519,45",,,,,,,,,
ICHU,,,BA,,,,,,"53,68",,,,,,-,,,,,,"53,68",,,,,,"519,45",,,,,,,,,
INHAMBUPE,,,BA,,,,,,"75,16",,,,,,-,,,,,,"75,16",,,,,,"727,25",,,,,,,,,
IPECAETA,,,BA,,,,,,"67,11",,,,,,-,,,,,,"67,11",,,,,,"649,33",,,,,,,,,
IPIRA,,,BA,,,,,,"88,58",,,,,,-,,,,,,"88,58",,,,,,"857,12",,,,,,,,,
IRAJUBA,,,BA,,,,,,"53,68",,,,,,-,,,,,,"53,68",,,,,,"519,45",,,,,,,,,
IRARA,,,BA,,,,,,"72,47",,,,,,-,,,,,,"72,47",,,,,,"701,27",,,,,,,,,
ITABERABA,,,BA,,,,,,"88,58",,,,,,-,,,,,,"88,58",,,,,,"857,12",,,,,,,,,
ITAGI,,,BA,,,,,,"61,74",,,,,,-,,,,,,"61,74",,,,,,"597,38",,,,,,,,,
ITAMBE,,,BA,,,,,,"75,16",,,,,,-,,,,,,"75,16",,,,,,"727,25",,,,,,,,,
ITANAGRA,,,BA,,,,,,"80.068,19",,,,,,"9.142,27",,,,,,"89.210,46",,,,,,"728.043,68",,,,,,,,,
ITAPARICA,,,BA,,,,,,"1.857,15",,,,,,"120.244,11",,,,,,"122.101,26",,,,,,"843.942,13",,,,,,,,,
ITAPETINGA,,,BA,,,,,,"88,58",,,,,,-,,,,,,"88,58",,,,,,"857,12",,,,,,,,,
ITAPICURU,,,BA,,,,,,"72,47",,,,,,-,,,,,,"72,47",,,,,,"701,27",,,,,,,,,
ITAQUARA,,,BA,,,,,,"53,68",,,,,,-,,,,,,"53,68",,,,,,"519,45",,,,,,,,,
ITARANTIM,,,BA,,,,,,"64,42",,,,,,-,,,,,,"64,42",,,,,,"612,26",,,,,,,,,
ITATIM,,,BA,,,,,,"59,05",,,,,,-,,,,,,"59,05",,,,,,"571,40",,,,,,,,,
ITIRUCU,,,BA,,,,,,"59,05",,,,,,-,,,,,,"59,05",,,,,,"571,40",,,,,,,,,
ITIUBA,,,BA,,,,,,"77,84",,,,,,-,,,,,,"77,84",,,,,,"753,22",,,,,,,,,
JACOBINA,,,BA,,,,,,"93,95",,,,,,-,,,,,,"93,95",,,,,,"909,07",,,,,,,,,
JAGUAQUARA,,,BA,,,,,,"83,21",,,,,,-,,,,,,"83,21",,,,,,"805,18",,,,,,,,,
Superintendência de Controle das Participações Governamentais,,,,,,,,,,,,,,,,,,,,,,,,,,,,,,,,,,,,
JAGUARIPE,,,BA,,,,,,"59,05",,,,,,-,,,,,,"59,05",,,,,,"571,40",,,,,,,,,
JANDAIRA,,,BA,,,,,,"56,37",,,,,,-,,,,,,"56,37",,,,,,"545,43",,,,,,,,,
JEQUIE,,,BA,,,,,,"107,37",,,,,,-,,,,,,"107,37",,,,,,"1.038,94",,,,,,,,,
JEREMOABO,,,BA,,,,,,"77,84",,,,,,-,,,,,,"77,84",,,,,,"753,22",,,,,,,,,
JIQUIRICA,,,BA,,,,,,"59,05",,,,,,-,,,,,,"59,05",,,,,,"571,40",,,,,,,,,
JITAUNA,,,BA,,,,,,"69,79",,,,,,-,,,,,,"69,79",,,,,,"675,30",,,,,,,,,
LAFAIETE COUTINHO,,,BA,,,,,,"53,68",,,,,,-,,,,,,"53,68",,,,,,"519,45",,,,,,,,,
LAJE,,,BA,,,,,,"67,11",,,,,,-,,,,,,"67,11",,,,,,"649,33",,,,,,,,,
LAJEDINHO,,,BA,,,,,,"53,68",,,,,,-,,,,,,"53,68",,,,,,"519,45",,,,,,,,,
LAJEDO DO TABOCAL,,,BA,,,,,,"53,68",,,,,,-,,,,,,"53,68",,,,,,"519,45",,,,,,,,,
LAMARAO,,,BA,,,,,,"53,68",,,,,,-,,,,,,"53,68",,,,,,"519,45",,,,,,,,,
LAURO DE FREITAS,,,BA,,,,,,"102,00",,,,,,-,,,,,,"102,00",,,,,,"986,97",,,,,,,,,
MACAJUBA,,,BA,,,,,,"56,37",,,,,,-,,,,,,"56,37",,,,,,"545,43",,,,,,,,,
MACARANI,,,BA,,,,,,"61,74",,,,,,-,,,,,,"61,74",,,,,,"597,38",,,,,,,,,
MADRE DE DEUS,,,BA,,,,,,"1.060.607,68",,,,,,"552.770,38",,,,,,"1.613.378,06",,,,,,"10.608.344,05",,,,,,,,,
MAIQUINIQUE,,,BA,,,,,,"53,68",,,,,,-,,,,,,"53,68",,,,,,"519,45",,,,,,,,,
MAIRI,,,BA,,,,,,"69,79",,,,,,-,,,,,,"69,79",,,,,,"675,30",,,,,,,,,
MANOEL VITORINO,,,BA,,,,,,"64,42",,,,,,-,,,,,,"64,42",,,,,,"623,34",,,,,,,,,
MARACAS,,,BA,,,,,,"75,16",,,,,,-,,,,,,"75,16",,,,,,"727,25",,,,,,,,,
MARAGOGIPE,,,BA,,,,,,"83,21",,,,,,-,,,,,,"83,21",,,,,,"805,18",,,,,,,,,
MARCIONILIO SOUZA,,,BA,,,,,,"56,37",,,,,,-,,,,,,"56,37",,,,,,"545,43",,,,,,,,,
MATA DE SAO JOAO,,,BA,,,,,,"139.724,43",,,,,,"51.514,75",,,,,,"191.239,18",,,,,,"1.522.526,65",,,,,,,,,
MIGUEL CALMON,,,BA,,,,,,"75,16",,,,,,-,,,,,,"75,16",,,,,,"727,25",,,,,,,,,
MILAGRES,,,BA,,,,,,"59,05",,,,,,-,,,,,,"59,05",,,,,,"571,40",,,,,,,,,
MIRANTE,,,BA,,,,,,"59,05",,,,,,-,,,,,,"59,05",,,,,,"571,40",,,,,,,,,
MONTE SANTO,,,BA,,,,,,"85,90",,,,,,-,,,,,,"85,90",,,,,,"831,14",,,,,,,,,
MUNDO NOVO,,,BA,,,,,,"69,79",,,,,,-,,,,,,"69,79",,,,,,"675,30",,,,,,,,,
MUNIZ FERREIRA,,,BA,,,,,,"53,68",,,,,,-,,,,,,"53,68",,,,,,"519,45",,,,,,,,,
MURITIBA,,,BA,,,,,,"75,16",,,,,,-,,,,,,"75,16",,,,,,"727,25",,,,,,,,,
MUTUIPE,,,BA,,,,,,"69,79",,,,,,-,,,,,,"69,79",,,,,,"675,30",,,,,,,,,
NAZARE,,,BA,,,,,,"72,47",,,,,,-,,,,,,"72,47",,,,,,"701,27",,,,,,,,,
NORDESTINA,,,BA,,,,,,"56,37",,,,,,-,,,,,,"56,37",,,,,,"545,43",,,,,,,,,
NOVA CANAA,,,BA,,,,,,"61,74",,,,,,-,,,,,,"61,74",,,,,,"597,38",,,,,,,,,
NOVA FATIMA,,,BA,,,,,,"53,68",,,,,,-,,,,,,"53,68",,,,,,"519,45",,,,,,,,,
NOVA ITARANA,,,BA,,,,,,"53,68",,,,,,-,,,,,,"53,68",,,,,,"519,45",,,,,,,,,
NOVA SOURE,,,BA,,,,,,"72,47",,,,,,-,,,,,,"72,47",,,,,,"701,27",,,,,,,,,
NOVO TRIUNFO,,,BA,,,,,,"59,05",,,,,,-,,,,,,"59,05",,,,,,"571,40",,,,,,,,,
OLINDINA,,,BA,,,,,,"69,79",,,,,,-,,,,,,"69,79",,,,,,"675,30",,,,,,,,,
OURICANGAS,,,BA,,,,,,"53,68",,,,,,-,,,,,,"53,68",,,,,,"519,45",,,,,,,,,
OUROLANDIA,,,BA,,,,,,"61,74",,,,,,-,,,,,,"61,74",,,,,,"597,38",,,,,,,,,
PARIPIRANGA,,,BA,,,,,,"72,47",,,,,,-,,,,,,"72,47",,,,,,"701,27",,,,,,,,,
PAULO AFONSO,,,BA,,,,,,"99,32",,,,,,-,,,,,,"99,32",,,,,,"961,02",,,,,,,,,
PE DE SERRA,,,BA,,,,,,"59,05",,,,,,-,,,,,,"59,05",,,,,,"571,40",,,,,,,,,
PEDRAO,,,BA,,,,,,"53,68",,,,,,-,,,,,,"53,68",,,,,,"519,45",,,,,,,,,
PEDRO ALEXANDRE,,,BA,,,,,,"64,42",,,,,,-,,,,,,"64,42",,,,,,"623,34",,,,,,,,,
PINTADAS,,,BA,,,,,,"56,37",,,,,,-,,,,,,"56,37",,,,,,"545,43",,,,,,,,,
PIRITIBA,,,BA,,,,,,"67,11",,,,,,-,,,,,,"67,11",,,,,,"649,33",,,,,,,,,
PLANALTINO,,,BA,,,,,,"53,68",,,,,,-,,,,,,"53,68",,,,,,"519,45",,,,,,,,,
PLANALTO,,,BA,,,,,,"69,79",,,,,,-,,,,,,"69,79",,,,,,"675,30",,,,,,,,,
POCOES,,,BA,,,,,,"83,21",,,,,,-,,,,,,"83,21",,,,,,"805,18",,,,,,,,,
POJUCA,,,BA,,,,,,"614.247,71",,,,,,"580.629,89",,,,,,"1.194.877,60",,,,,,"8.982.317,61",,,,,,,,,
QUEIMADAS,,,BA,,,,,,"72,47",,,,,,-,,,,,,"72,47",,,,,,"701,27",,,,,,,,,
QUIJINGUE,,,BA,,,,,,"72,47",,,,,,-,,,,,,"72,47",,,,,,"701,27",,,,,,,,,
QUIXABEIRA,,,BA,,,,,,"53,68",,,,,,-,,,,,,"53,68",,,,,,"519,45",,,,,,,,,
RAFAEL JAMBEIRO,,,BA,,,,,,"69,79",,,,,,-,,,,,,"69,79",,,,,,"675,30",,,,,,,,,
RETIROLANDIA,,,BA,,,,,,"56,37",,,,,,-,,,,,,"56,37",,,,,,"545,43",,,,,,,,,
RIACHAO DO JACUIPE,,,BA,,,,,,"75,16",,,,,,-,,,,,,"75,16",,,,,,"727,25",,,,,,,,,
RIBEIRA DO AMPARO,,,BA,,,,,,"59,05",,,,,,-,,,,,,"59,05",,,,,,"571,40",,,,,,,,,
Superintendência de Controle das Participações Governamentais,,,,,,,,,,,,,,,,,,,,,,,,,,,,,,,,,,,,
RIBEIRA DO POMBAL,,,BA,,,,,,"83,21",,,,,,-,,,,,,"83,21",,,,,,"805,18",,,,,,,,,
RIBEIRAO DO LARGO,,,BA,,,,,,"61,74",,,,,,-,,,,,,"61,74",,,,,,"597,38",,,,,,,,,
RIO REAL,,,BA,,,,,,"77,84",,,,,,-,,,,,,"77,84",,,,,,"753,22",,,,,,,,,
RUY BARBOSA,,,BA,,,,,,"75,16",,,,,,-,,,,,,"75,16",,,,,,"727,25",,,,,,,,,
SALINAS DA MARGARIDA,,,BA,,,,,,"1.560,00",,,,,,"120.244,11",,,,,,"121.804,11",,,,,,"841.065,91",,,,,,,,,
SALVADOR,,,BA,,,,,,"2.971,44",,,,,,"120.244,11",,,,,,"123.215,55",,,,,,"854.727,95",,,,,,,,,
SANTA BARBARA,,,BA,,,,,,"64,42",,,,,,-,,,,,,"64,42",,,,,,"623,34",,,,,,,,,
SANTA BRIGIDA,,,BA,,,,,,"64,42",,,,,,-,,,,,,"64,42",,,,,,"623,34",,,,,,,,,
SANTA INES,,,BA,,,,,,"56,37",,,,,,-,,,,,,"56,37",,,,,,"545,43",,,,,,,,,
SANTA TERESINHA,,,BA,,,,,,"53,68",,,,,,-,,,,,,"53,68",,,,,,"519,45",,,,,,,,,
SANTALUZ,,,BA,,,,,,"75,16",,,,,,-,,,,,,"75,16",,,,,,"727,25",,,,,,,,,
SANTANOPOLIS,,,BA,,,,,,"53,68",,,,,,-,,,,,,"53,68",,,,,,"519,45",,,,,,,,,
SANTO AMARO,,,BA,,,,,,"2.451,44",,,,,,"120.244,11",,,,,,"122.695,55",,,,,,"849.694,58",,,,,,,,,
SANTO ANTONIO DE JESUS,,,BA,,,,,,"93,95",,,,,,-,,,,,,"93,95",,,,,,"909,07",,,,,,,,,
SANTO ESTEVAO,,,BA,,,,,,"83,21",,,,,,-,,,,,,"83,21",,,,,,"805,18",,,,,,,,,
SAO DOMINGOS,,,BA,,,,,,"53,68",,,,,,-,,,,,,"53,68",,,,,,"519,45",,,,,,,,,
SAO FELIPE,,,BA,,,,,,"69,79",,,,,,-,,,,,,"69,79",,,,,,"675,30",,,,,,,,,
SAO FELIX,,,BA,,,,,,"59,05",,,,,,-,,,,,,"59,05",,,,,,"571,40",,,,,,,,,
SAO FRANCISCO DO CONDE,,,BA,,,,,,"1.076.627,30",,,,,,"159.698,84",,,,,,"1.236.326,14",,,,,,"8.109.661,26",,,,,,,,,
SAO GONCALO DOS CAMPOS,,,BA,,,,,,"72,47",,,,,,-,,,,,,"72,47",,,,,,"701,27",,,,,,,,,
SAO JOSE DO JACUIPE,,,BA,,,,,,"53,68",,,,,,-,,,,,,"53,68",,,,,,"519,45",,,,,,,,,
SAO MIGUEL DAS MATAS,,,BA,,,,,,"56,37",,,,,,-,,,,,,"56,37",,,,,,"545,43",,,,,,,,,
SAO SEBASTIAO DO PASSE,,,BA,,,,,,"221.197,31",,,,,,"143.557,45",,,,,,"364.754,76",,,,,,"2.728.794,96",,,,,,,,,
SAPEACU,,,BA,,,,,,"64,42",,,,,,-,,,,,,"64,42",,,,,,"623,34",,,,,,,,,
SATIRO DIAS,,,BA,,,,,,"64,42",,,,,,-,,,,,,"64,42",,,,,,"623,34",,,,,,,,,
SAUBARA,,,BA,,,,,,"1.560,00",,,,,,"120.244,11",,,,,,"121.804,11",,,,,,"841.065,91",,,,,,,,,
SERRA PRETA,,,BA,,,,,,"64,42",,,,,,-,,,,,,"64,42",,,,,,"623,34",,,,,,,,,
SERRINHA,,,BA,,,,,,"91,26",,,,,,-,,,,,,"91,26",,,,,,"905,26",,,,,,,,,
SERROLANDIA,,,BA,,,,,,"59,05",,,,,,-,,,,,,"59,05",,,,,,"571,40",,,,,,,,,
SIMOES FILHO,,,BA,,,,,,"74.759,71",,,,,,"4.156,29",,,,,,"78.916,00",,,,,,"602.443,25",,,,,,,,,
SITIO DO QUINTO,,,BA,,,,,,"64,42",,,,,,-,,,,,,"64,42",,,,,,"623,34",,,,,,,,,
TANQUINHO,,,BA,,,,,,"53,68",,,,,,-,,,,,,"53,68",,,,,,"519,45",,,,,,,,,
TAPIRAMUTA,,,BA,,,,,,"64,42",,,,,,-,,,,,,"64,42",,,,,,"623,34",,,,,,,,,
TEODORO SAMPAIO,,,BA,,,,,,"53,68",,,,,,-,,,,,,"53,68",,,,,,"519,45",,,,,,,,,
TEOFILANDIA,,,BA,,,,,,"69,79",,,,,,-,,,,,,"69,79",,,,,,"675,30",,,,,,,,,
TERRA NOVA,,,BA,,,,,,"135,46",,,,,,"49,29",,,,,,"184,75",,,,,,"1.563,77",,,,,,,,,
TUCANO,,,BA,,,,,,"85,90",,,,,,-,,,,,,"85,90",,,,,,"831,14",,,,,,,,,
UAUA,,,BA,,,,,,"72,47",,,,,,-,,,,,,"72,47",,,,,,"701,27",,,,,,,,,
UBAIRA,,,BA,,,,,,"69,79",,,,,,-,,,,,,"69,79",,,,,,"675,30",,,,,,,,,
VALENTE,,,BA,,,,,,"67,11",,,,,,-,,,,,,"67,11",,,,,,"649,33",,,,,,,,,
VARZEA DA ROCA,,,BA,,,,,,"59,05",,,,,,-,,,,,,"59,05",,,,,,"571,40",,,,,,,,,
VARZEA DO POCO,,,BA,,,,,,"53,68",,,,,,-,,,,,,"53,68",,,,,,"519,45",,,,,,,,,
VARZEA NOVA,,,BA,,,,,,"61,74",,,,,,-,,,,,,"61,74",,,,,,"597,38",,,,,,,,,
VARZEDO,,,BA,,,,,,"53,68",,,,,,-,,,,,,"53,68",,,,,,"519,45",,,,,,,,,
VERA CRUZ,,,BA,,,,,,"75,16",,,,,,-,,,,,,"75,16",,,,,,"727,25",,,,,,,,,
VITORIA DA CONQUISTA,,,BA,,,,,,"107,37",,,,,,-,,,,,,"107,37",,,,,,"1.038,94",,,,,,,,,
TOTAL BAHIA,,,,,,,,,"4.700.772,77",,,,,,"2.959.579,14",,,,,,"7.660.351,91",,,,,,"54.611.052,21",,,,,,,,,
ACARAU,,,CE,,,,,,"3.092,00",,,,,,-,,,,,,"3.092,00",,,,,,"18.769,76",,,,,,,,,
ALCANTARAS,,,CE,,,,,,"1.932,50",,,,,,-,,,,,,"1.932,50",,,,,,"11.731,08",,,,,,,,,
AMONTADA,,,CE,,,,,,"64.541,70",,,,,,"70.968,34",,,,,,"135.510,04",,,,,,"917.885,93",,,,,,,,,
APUIARES,,,CE,,,,,,"2.125,75",,,,,,-,,,,,,"2.125,75",,,,,,"12.904,19",,,,,,,,,
AQUIRAZ,,,CE,,,,,,-,,,,,,"2.403,12",,,,,,"2.403,12",,,,,,"15.996,51",,,,,,,,,
ARACATI,,,CE,,,,,,"447.517,41",,,,,,"11.244,51",,,,,,"458.761,92",,,,,,"3.433.598,74",,,,,,,,,
ARARENDA,,,CE,,,,,,"2.029,12",,,,,,-,,,,,,"2.029,12",,,,,,"12.317,64",,,,,,,,,
BARROQUINHA,,,CE,,,,,,"2.125,75",,,,,,-,,,,,,"2.125,75",,,,,,"12.904,19",,,,,,,,,
BELA CRUZ,,,CE,,,,,,"2.705,50",,,,,,-,,,,,,"2.705,50",,,,,,"16.423,54",,,,,,,,,
CAMOCIM,,,CE,,,,,,"3.092,00",,,,,,-,,,,,,"3.092,00",,,,,,"18.769,76",,,,,,,,,
CANINDE,,,CE,,,,,,"3.285,25",,,,,,-,,,,,,"3.285,25",,,,,,"19.942,86",,,,,,,,,
Superintendência de Controle das Participações Governamentais,,,,,,,,,,,,,,,,,,,,,,,,,,,,,,,,,,,,
CARIDADE,,,CE,,,,,,"2.222,37",,,,,,-,,,,,,"2.222,37",,,,,,"13.490,74",,,,,,,,,
CARIRE,,,CE,,,,,,"2.415,62",,,,,,-,,,,,,"2.415,62",,,,,,"14.663,85",,,,,,,,,
CARNAUBAL,,,CE,,,,,,"2.222,37",,,,,,-,,,,,,"2.222,37",,,,,,"13.490,74",,,,,,,,,
CATUNDA,,,CE,,,,,,"1.932,50",,,,,,-,,,,,,"1.932,50",,,,,,"11.731,08",,,,,,,,,
CAUCAIA,,,CE,,,,,,-,,,,,,"2.403,12",,,,,,"2.403,12",,,,,,"15.996,51",,,,,,,,,
CHAVAL,,,CE,,,,,,"2.125,75",,,,,,-,,,,,,"2.125,75",,,,,,"12.904,19",,,,,,,,,
COREAU,,,CE,,,,,,"2.415,62",,,,,,-,,,,,,"2.415,62",,,,,,"14.663,85",,,,,,,,,
CRATEUS,,,CE,,,,,,"3.285,25",,,,,,-,,,,,,"3.285,25",,,,,,"19.942,86",,,,,,,,,
CROATA,,,CE,,,,,,"2.319,00",,,,,,-,,,,,,"2.319,00",,,,,,"14.077,32",,,,,,,,,
CRUZ,,,CE,,,,,,"2.415,62",,,,,,-,,,,,,"2.415,62",,,,,,"14.663,85",,,,,,,,,
FORQUILHA,,,CE,,,,,,"2.319,00",,,,,,-,,,,,,"2.319,00",,,,,,"14.077,32",,,,,,,,,
FORTALEZA,,,CE,,,,,,"124.301,86",,,,,,"3.204,16",,,,,,"127.506,02",,,,,,"1.388.951,07",,,,,,,,,
FRECHEIRINHA,,,CE,,,,,,"2.029,12",,,,,,-,,,,,,"2.029,12",,,,,,"12.317,64",,,,,,,,,
GENERAL SAMPAIO,,,CE,,,,,,"1.932,50",,,,,,-,,,,,,"1.932,50",,,,,,"11.731,08",,,,,,,,,
GRACA,,,CE,,,,,,"2.222,37",,,,,,-,,,,,,"2.222,37",,,,,,"13.490,74",,,,,,,,,
GRANJA,,,CE,,,,,,"3.092,00",,,,,,-,,,,,,"3.092,00",,,,,,"18.769,76",,,,,,,,,
GROAIRAS,,,CE,,,,,,"1.932,50",,,,,,-,,,,,,"1.932,50",,,,,,"11.731,08",,,,,,,,,
GUARACIABA DO NORTE,,,CE,,,,,,"2.802,12",,,,,,-,,,,,,"2.802,12",,,,,,"17.010,08",,,,,,,,,
HIDROLANDIA,,,CE,,,,,,"2.319,00",,,,,,-,,,,,,"2.319,00",,,,,,"14.077,32",,,,,,,,,
IBIAPINA,,,CE,,,,,,"2.512,25",,,,,,-,,,,,,"2.512,25",,,,,,"15.250,42",,,,,,,,,
ICAPUI,,,CE,,,,,,"86.515,98",,,,,,"14.679,65",,,,,,"101.195,63",,,,,,"904.198,60",,,,,,,,,
INDEPENDENCIA,,,CE,,,,,,"2.608,87",,,,,,-,,,,,,"2.608,87",,,,,,"15.836,96",,,,,,,,,
IPAPORANGA,,,CE,,,,,,"2.029,12",,,,,,-,,,,,,"2.029,12",,,,,,"12.317,64",,,,,,,,,
IPU,,,CE,,,,,,"2.898,75",,,,,,-,,,,,,"2.898,75",,,,,,"17.596,64",,,,,,,,,
IPUEIRAS,,,CE,,,,,,"2.898,75",,,,,,-,,,,,,"2.898,75",,,,,,"17.596,64",,,,,,,,,
IRAUCUBA,,,CE,,,,,,"2.415,62",,,,,,-,,,,,,"2.415,62",,,,,,"14.663,85",,,,,,,,,
ITAPAGE,,,CE,,,,,,"2.995,37",,,,,,-,,,,,,"2.995,37",,,,,,"18.183,20",,,,,,,,,
ITAPIPOCA,,,CE,,,,,,"80.120,73",,,,,,"84.466,15",,,,,,"164.586,88",,,,,,"965.168,38",,,,,,,,,
ITAREMA,,,CE,,,,,,"62.316,12",,,,,,"54.604,22",,,,,,"116.920,34",,,,,,"648.420,95",,,,,,,,,
JIJOCA DE JERICOACOARA,,,CE,,,,,,"2.125,75",,,,,,-,,,,,,"2.125,75",,,,,,"12.904,19",,,,,,,,,
MARCO,,,CE,,,,,,"2.512,25",,,,,,-,,,,,,"2.512,25",,,,,,"15.250,42",,,,,,,,,
MARTINOPOLE,,,CE,,,,,,"1.932,50",,,,,,-,,,,,,"1.932,50",,,,,,"11.731,08",,,,,,,,,
MASSAPE,,,CE,,,,,,"2.705,50",,,,,,-,,,,,,"2.705,50",,,,,,"16.423,54",,,,,,,,,
MERUOCA,,,CE,,,,,,"2.029,12",,,,,,-,,,,,,"2.029,12",,,,,,"12.317,64",,,,,,,,,
MIRAIMA,,,CE,,,,,,"2.029,12",,,,,,-,,,,,,"2.029,12",,,,,,"12.317,64",,,,,,,,,
MONSENHOR TABOSA,,,CE,,,,,,"2.319,00",,,,,,-,,,,,,"2.319,00",,,,,,"14.077,32",,,,,,,,,
MORAUJO,,,CE,,,,,,"1.932,50",,,,,,-,,,,,,"1.932,50",,,,,,"11.731,08",,,,,,,,,
MORRINHOS,,,CE,,,,,,"2.319,00",,,,,,-,,,,,,"2.319,00",,,,,,"14.077,32",,,,,,,,,
MUCAMBO,,,CE,,,,,,"2.125,75",,,,,,-,,,,,,"2.125,75",,,,,,"12.904,19",,,,,,,,,
NOVA RUSSAS,,,CE,,,,,,"2.705,50",,,,,,-,,,,,,"2.705,50",,,,,,"16.423,54",,,,,,,,,
NOVO ORIENTE,,,CE,,,,,,"2.608,87",,,,,,-,,,,,,"2.608,87",,,,,,"15.836,96",,,,,,,,,
PACUJA,,,CE,,,,,,"1.932,50",,,,,,-,,,,,,"1.932,50",,,,,,"11.731,08",,,,,,,,,
PARACURU,,,CE,,,,,,"60.090,54",,,,,,"89.924,19",,,,,,"150.014,73",,,,,,"1.068.964,42",,,,,,,,,
PARAIPABA,,,CE,,,,,,"2.608,87",,,,,,"4.068,03",,,,,,"6.676,90",,,,,,"35.904,43",,,,,,,,,
PARAMOTI,,,CE,,,,,,"2.029,12",,,,,,-,,,,,,"2.029,12",,,,,,"12.317,64",,,,,,,,,
PENTECOSTE,,,CE,,,,,,"2.802,12",,,,,,-,,,,,,"2.802,12",,,,,,"17.010,08",,,,,,,,,
PIRES FERREIRA,,,CE,,,,,,"1.932,50",,,,,,-,,,,,,"1.932,50",,,,,,"11.731,08",,,,,,,,,
PORANGA,,,CE,,,,,,"2.029,12",,,,,,-,,,,,,"2.029,12",,,,,,"12.317,64",,,,,,,,,
QUITERIANOPOLIS,,,CE,,,,,,"2.415,62",,,,,,-,,,,,,"2.415,62",,,,,,"14.663,85",,,,,,,,,
RERIUTABA,,,CE,,,,,,"2.512,25",,,,,,-,,,,,,"2.512,25",,,,,,"15.250,42",,,,,,,,,
SANTA QUITERIA,,,CE,,,,,,"2.995,37",,,,,,-,,,,,,"2.995,37",,,,,,"18.183,20",,,,,,,,,
SANTANA DO ACARAU,,,CE,,,,,,"2.608,87",,,,,,-,,,,,,"2.608,87",,,,,,"15.836,96",,,,,,,,,
SAO BENEDITO,,,CE,,,,,,"2.898,75",,,,,,-,,,,,,"2.898,75",,,,,,"17.596,64",,,,,,,,,
SAO GONCALO DO AMARANTE,,,CE,,,,,,"2.802,12",,,,,,-,,,,,,"2.802,12",,,,,,"17.010,08",,,,,,,,,
SAO LUIS DO CURU,,,CE,,,,,,"2.029,12",,,,,,-,,,,,,"2.029,12",,,,,,"12.317,64",,,,,,,,,
SENADOR SA,,,CE,,,,,,"1.932,50",,,,,,-,,,,,,"1.932,50",,,,,,"11.731,08",,,,,,,,,
SOBRAL,,,CE,,,,,,"3.865,00",,,,,,-,,,,,,"3.865,00",,,,,,"23.462,19",,,,,,,,,
TAMBORIL,,,CE,,,,,,"2.608,87",,,,,,-,,,,,,"2.608,87",,,,,,"15.836,96",,,,,,,,,
Superintendência de Controle das Participações Governamentais,,,,,,,,,,,,,,,,,,,,,,,,,,,,,,,,,,,,
TEJUCUOCA,,,CE,,,,,,"2.125,75",,,,,,-,,,,,,"2.125,75",,,,,,"12.904,19",,,,,,,,,
TIANGUA,,,CE,,,,,,"3.188,62",,,,,,-,,,,,,"3.188,62",,,,,,"19.356,30",,,,,,,,,
TRAIRI,,,CE,,,,,,"68.992,85",,,,,,"116.046,50",,,,,,"185.039,35",,,,,,"969.586,11",,,,,,,,,
TURURU,,,CE,,,,,,"2.029,12",,,,,,-,,,,,,"2.029,12",,,,,,"12.317,64",,,,,,,,,
UBAJARA,,,CE,,,,,,"2.608,87",,,,,,-,,,,,,"2.608,87",,,,,,"15.836,96",,,,,,,,,
UMIRIM,,,CE,,,,,,"2.319,00",,,,,,-,,,,,,"2.319,00",,,,,,"14.077,32",,,,,,,,,
URUBURETAMA,,,CE,,,,,,"2.319,00",,,,,,-,,,,,,"2.319,00",,,,,,"14.077,32",,,,,,,,,
URUOCA,,,CE,,,,,,"2.029,12",,,,,,-,,,,,,"2.029,12",,,,,,"12.317,64",,,,,,,,,
VARJOTA,,,CE,,,,,,"2.319,00",,,,,,-,,,,,,"2.319,00",,,,,,"14.077,32",,,,,,,,,
VICOSA DO CEARA,,,CE,,,,,,"2.995,37",,,,,,-,,,,,,"2.995,37",,,,,,"18.183,20",,,,,,,,,
TOTAL CEARA,,,,,,,,,"1.162.427,91",,,,,,"454.011,99",,,,,,"1.616.439,90",,,,,,"11.368.852,87",,,,,,,,,
AFONSO CLAUDIO,,,ES,,,,,,"4.831,11",,,,,,-,,,,,,"4.831,11",,,,,,"20.027,14",,,,,,,,,
AGUA DOCE DO NORTE,,,ES,,,,,,"3.664,98",,,,,,-,,,,,,"3.664,98",,,,,,"15.192,98",,,,,,,,,
AGUIA BRANCA,,,ES,,,,,,"3.331,80",,,,,,-,,,,,,"3.331,80",,,,,,"13.811,80",,,,,,,,,
ALEGRE,,,ES,,,,,,"4.664,52",,,,,,-,,,,,,"4.664,52",,,,,,"19.336,55",,,,,,,,,
ALFREDO CHAVES,,,ES,,,,,,"3.664,98",,,,,,-,,,,,,"3.664,98",,,,,,"15.192,98",,,,,,,,,
ALTO RIO NOVO,,,ES,,,,,,"3.331,80",,,,,,-,,,,,,"3.331,80",,,,,,"13.811,80",,,,,,,,,
ANCHIETA,,,ES,,,,,,"69.865,89",,,,,,-,,,,,,"69.865,89",,,,,,"289.625,85",,,,,,,,,
APIACA,,,ES,,,,,,"3.331,80",,,,,,-,,,,,,"3.331,80",,,,,,"13.811,80",,,,,,,,,
ARACRUZ,,,ES,,,,,,"403.255,71",,,,,,"36.155,18",,,,,,"439.410,89",,,,,,"3.384.198,24",,,,,,,,,
ATILIO VIVACQUA,,,ES,,,,,,"3.331,80",,,,,,-,,,,,,"3.331,80",,,,,,"13.811,80",,,,,,,,,
BAIXO GUANDU,,,ES,,,,,,"4.497,93",,,,,,-,,,,,,"4.497,93",,,,,,"18.645,97",,,,,,,,,
BARRA DE SAO FRANCISCO,,,ES,,,,,,"4.997,70",,,,,,-,,,,,,"4.997,70",,,,,,"20.717,73",,,,,,,,,
BOA ESPERANCA,,,ES,,,,,,"3.664,98",,,,,,-,,,,,,"3.664,98",,,,,,"15.192,98",,,,,,,,,
BOM JESUS DO NORTE,,,ES,,,,,,"3.331,80",,,,,,-,,,,,,"3.331,80",,,,,,"13.811,80",,,,,,,,,
BREJETUBA,,,ES,,,,,,"3.498,39",,,,,,-,,,,,,"3.498,39",,,,,,"14.502,39",,,,,,,,,
CACHOEIRO DE ITAPEMIRIM,,,ES,,,,,,"6.663,60",,,,,,-,,,,,,"6.663,60",,,,,,"27.623,64",,,,,,,,,
CASTELO,,,ES,,,,,,"4.831,11",,,,,,-,,,,,,"4.831,11",,,,,,"20.027,14",,,,,,,,,
COLATINA,,,ES,,,,,,"6.163,83",,,,,,-,,,,,,"6.163,83",,,,,,"25.838,92",,,,,,,,,
CONCEICAO DA BARRA,,,ES,,,,,,"82.004,11",,,,,,"5.024,56",,,,,,"87.028,67",,,,,,"622.356,07",,,,,,,,,
CONCEICAO DO CASTELO,,,ES,,,,,,"3.498,39",,,,,,-,,,,,,"3.498,39",,,,,,"14.502,39",,,,,,,,,
DIVINO DE SAO LOURENCO,,,ES,,,,,,"3.331,80",,,,,,-,,,,,,"3.331,80",,,,,,"13.811,80",,,,,,,,,
DOMINGOS MARTINS,,,ES,,,,,,"4.664,52",,,,,,-,,,,,,"4.664,52",,,,,,"19.336,55",,,,,,,,,
DORES DO RIO PRETO,,,ES,,,,,,"3.331,80",,,,,,-,,,,,,"3.331,80",,,,,,"13.811,80",,,,,,,,,
ECOPORANGA,,,ES,,,,,,"4.331,34",,,,,,-,,,,,,"4.331,34",,,,,,"17.955,36",,,,,,,,,
FUNDAO,,,ES,,,,,,"3.664,98",,,,,,-,,,,,,"3.664,98",,,,,,"15.192,98",,,,,,,,,
GOVERNADOR LINDENBERG,,,ES,,,,,,"3.331,80",,,,,,-,,,,,,"3.331,80",,,,,,"13.811,80",,,,,,,,,
GUACUI,,,ES,,,,,,"4.497,93",,,,,,-,,,,,,"4.497,93",,,,,,"18.645,97",,,,,,,,,
GUARAPARI,,,ES,,,,,,"5.997,24",,,,,,-,,,,,,"5.997,24",,,,,,"24.861,28",,,,,,,,,
IBATIBA,,,ES,,,,,,"4.164,75",,,,,,-,,,,,,"4.164,75",,,,,,"17.264,76",,,,,,,,,
IBIRACU,,,ES,,,,,,"3.498,39",,,,,,-,,,,,,"3.498,39",,,,,,"14.502,39",,,,,,,,,
IBITIRAMA,,,ES,,,,,,"3.331,80",,,,,,-,,,,,,"3.331,80",,,,,,"13.811,80",,,,,,,,,
ICONHA,,,ES,,,,,,"3.498,39",,,,,,-,,,,,,"3.498,39",,,,,,"14.502,39",,,,,,,,,
IRUPI,,,ES,,,,,,"3.498,39",,,,,,-,,,,,,"3.498,39",,,,,,"14.502,39",,,,,,,,,
ITAGUACU,,,ES,,,,,,"3.831,57",,,,,,-,,,,,,"3.831,57",,,,,,"15.883,59",,,,,,,,,
ITAPEMIRIM,,,ES,,,,,,"78.249,80",,,,,,"220.882,03",,,,,,"299.131,83",,,,,,"3.425.664,82",,,,,,,,,
ITARANA,,,ES,,,,,,"3.498,39",,,,,,-,,,,,,"3.498,39",,,,,,"14.502,39",,,,,,,,,
IUNA,,,ES,,,,,,"4.497,93",,,,,,-,,,,,,"4.497,93",,,,,,"18.645,97",,,,,,,,,
JAGUARE,,,ES,,,,,,"379.158,41",,,,,,"165.586,63",,,,,,"544.745,04",,,,,,"4.271.095,50",,,,,,,,,
JERONIMO MONTEIRO,,,ES,,,,,,"3.498,39",,,,,,-,,,,,,"3.498,39",,,,,,"14.502,39",,,,,,,,,
JOAO NEIVA,,,ES,,,,,,"3.831,57",,,,,,-,,,,,,"3.831,57",,,,,,"15.883,59",,,,,,,,,
LARANJA DA TERRA,,,ES,,,,,,"3.498,39",,,,,,-,,,,,,"3.498,39",,,,,,"14.502,39",,,,,,,,,
LINHARES,,,ES,,,,,,"1.326.621,27",,,,,,"186.981,65",,,,,,"1.513.602,92",,,,,,"10.270.584,24",,,,,,,,,
MANTENOPOLIS,,,ES,,,,,,"3.664,98",,,,,,-,,,,,,"3.664,98",,,,,,"14.905,93",,,,,,,,,
MARATAIZES,,,ES,,,,,,"4.664,52",,,,,,"31.530,95",,,,,,"36.195,47",,,,,,"462.045,06",,,,,,,,,
MARECHAL FLORIANO,,,ES,,,,,,"3.664,98",,,,,,-,,,,,,"3.664,98",,,,,,"15.192,98",,,,,,,,,
MARILANDIA,,,ES,,,,,,"3.331,80",,,,,,-,,,,,,"3.331,80",,,,,,"13.811,80",,,,,,,,,
MIMOSO DO SUL,,,ES,,,,,,"4.497,93",,,,,,-,,,,,,"4.497,93",,,,,,"18.645,97",,,,,,,,,
Superintendência de Controle das Participações Governamentais,,,,,,,,,,,,,,,,,,,,,,,,,,,,,,,,,,,,
MONTANHA,,,ES,,,,,,"3.998,16",,,,,,-,,,,,,"3.998,16",,,,,,"16.574,17",,,,,,,,,
MUCURICI,,,ES,,,,,,"3.331,80",,,,,,-,,,,,,"3.331,80",,,,,,"13.811,80",,,,,,,,,
MUNIZ FREIRE,,,ES,,,,,,"4.164,75",,,,,,-,,,,,,"4.164,75",,,,,,"17.264,76",,,,,,,,,
MUQUI,,,ES,,,,,,"3.664,98",,,,,,-,,,,,,"3.664,98",,,,,,"15.192,98",,,,,,,,,
NOVA VENECIA,,,ES,,,,,,"5.164,29",,,,,,-,,,,,,"5.164,29",,,,,,"21.408,33",,,,,,,,,
PANCAS,,,ES,,,,,,"4.331,34",,,,,,-,,,,,,"4.331,34",,,,,,"17.955,36",,,,,,,,,
PEDRO CANARIO,,,ES,,,,,,"4.331,34",,,,,,-,,,,,,"4.331,34",,,,,,"17.955,36",,,,,,,,,
PINHEIROS,,,ES,,,,,,"4.331,34",,,,,,-,,,,,,"4.331,34",,,,,,"17.955,36",,,,,,,,,
PIUMA,,,ES,,,,,,"3.831,57",,,,,,-,,,,,,"3.831,57",,,,,,"15.883,59",,,,,,,,,
PONTO BELO,,,ES,,,,,,"3.331,80",,,,,,-,,,,,,"3.331,80",,,,,,"13.811,80",,,,,,,,,
PRESIDENTE KENNEDY,,,ES,,,,,,"55.892,71",,,,,,"644.964,67",,,,,,"700.857,38",,,,,,"6.398.656,20",,,,,,,,,
RIO BANANAL,,,ES,,,,,,"3.998,16",,,,,,-,,,,,,"3.998,16",,,,,,"16.574,17",,,,,,,,,
RIO NOVO DO SUL,,,ES,,,,,,"3.498,39",,,,,,-,,,,,,"3.498,39",,,,,,"14.502,39",,,,,,,,,
SANTA LEOPOLDINA,,,ES,,,,,,"3.664,98",,,,,,-,,,,,,"3.664,98",,,,,,"15.192,98",,,,,,,,,
SANTA MARIA DE JETIBA,,,ES,,,,,,"4.664,52",,,,,,-,,,,,,"4.664,52",,,,,,"19.336,55",,,,,,,,,
SANTA TERESA,,,ES,,,,,,"4.331,34",,,,,,-,,,,,,"4.331,34",,,,,,"17.955,36",,,,,,,,,
SAO DOMINGOS DO NORTE,,,ES,,,,,,"3.331,80",,,,,,-,,,,,,"3.331,80",,,,,,"13.811,80",,,,,,,,,
SAO GABRIEL DA PALHA,,,ES,,,,,,"4.497,93",,,,,,-,,,,,,"4.497,93",,,,,,"18.645,97",,,,,,,,,
SAO JOSE DO CALCADO,,,ES,,,,,,"3.498,39",,,,,,-,,,,,,"3.498,39",,,,,,"14.502,39",,,,,,,,,
SAO MATEUS,,,ES,,,,,,"1.282.637,56",,,,,,"127.036,83",,,,,,"1.409.674,39",,,,,,"9.251.375,21",,,,,,,,,
SAO ROQUE DO CANAA,,,ES,,,,,,"3.498,39",,,,,,-,,,,,,"3.498,39",,,,,,"14.502,39",,,,,,,,,
SOORETAMA,,,ES,,,,,,"4.164,75",,,,,,-,,,,,,"4.164,75",,,,,,"17.264,76",,,,,,,,,
VARGEM ALTA,,,ES,,,,,,"3.998,16",,,,,,-,,,,,,"3.998,16",,,,,,"16.574,17",,,,,,,,,
VENDA NOVA DO IMIGRANTE,,,ES,,,,,,"3.998,16",,,,,,-,,,,,,"3.998,16",,,,,,"16.574,17",,,,,,,,,
VILA PAVAO,,,ES,,,,,,"3.331,80",,,,,,-,,,,,,"3.331,80",,,,,,"13.811,80",,,,,,,,,
VILA VALERIO,,,ES,,,,,,"3.664,98",,,,,,-,,,,,,"3.664,98",,,,,,"15.192,98",,,,,,,,,
TOTAL ESPIRITO SANTO,,,,,,,,,"3.937.232,68",,,,,,"1.418.162,50",,,,,,"5.355.395,18",,,,,,"39.432.204,66",,,,,,,,,
JUIZ DE FORA,,,MG,,,,,,"355.629,38",,,,,,-,,,,,,"355.629,38",,,,,,"2.541.075,24",,,,,,,,,
TOTAL MINAS GERAIS,,,,,,,,,"355.629,38",,,,,,-,,,,,,"355.629,38",,,,,,"2.541.075,24",,,,,,,,,
AFUA,,,PA,,,,,,-,,,,,,"4.416,46",,,,,,"4.416,46",,,,,,"38.274,06",,,,,,,,,
ALENQUER,,,PA,,,,,,-,,,,,,"4.416,46",,,,,,"4.416,46",,,,,,"38.274,06",,,,,,,,,
ALMEIRIM,,,PA,,,,,,-,,,,,,"4.416,46",,,,,,"4.416,46",,,,,,"38.274,06",,,,,,,,,
ANAJAS,,,PA,,,,,,-,,,,,,"4.416,46",,,,,,"4.416,46",,,,,,"38.274,06",,,,,,,,,
BREVES,,,PA,,,,,,-,,,,,,"4.416,46",,,,,,"4.416,46",,,,,,"38.274,06",,,,,,,,,
CHAVES,,,PA,,,,,,-,,,,,,"4.416,46",,,,,,"4.416,46",,,,,,"38.274,06",,,,,,,,,
CURUA,,,PA,,,,,,-,,,,,,"4.416,46",,,,,,"4.416,46",,,,,,"38.274,06",,,,,,,,,
FARO,,,PA,,,,,,-,,,,,,"4.416,46",,,,,,"4.416,46",,,,,,"38.274,06",,,,,,,,,
GURUPA,,,PA,,,,,,-,,,,,,"4.416,46",,,,,,"4.416,46",,,,,,"38.274,06",,,,,,,,,
JURUTI,,,PA,,,,,,-,,,,,,"4.416,46",,,,,,"4.416,46",,,,,,"38.274,06",,,,,,,,,
MELGACO,,,PA,,,,,,-,,,,,,"4.416,46",,,,,,"4.416,46",,,,,,"38.274,06",,,,,,,,,
MONTE ALEGRE,,,PA,,,,,,-,,,,,,"4.416,46",,,,,,"4.416,46",,,,,,"38.274,06",,,,,,,,,
OBIDOS,,,PA,,,,,,-,,,,,,"4.416,46",,,,,,"4.416,46",,,,,,"38.274,06",,,,,,,,,
PORTO DE MOZ,,,PA,,,,,,-,,,,,,"4.416,46",,,,,,"4.416,46",,,,,,"38.274,06",,,,,,,,,
PRAINHA,,,PA,,,,,,-,,,,,,"4.416,46",,,,,,"4.416,46",,,,,,"38.274,06",,,,,,,,,
SANTAREM,,,PA,,,,,,-,,,,,,"4.416,46",,,,,,"4.416,46",,,,,,"38.274,06",,,,,,,,,
TERRA SANTA,,,PA,,,,,,-,,,,,,"4.416,46",,,,,,"4.416,46",,,,,,"38.274,06",,,,,,,,,
TOTAL PARA,,,,,,,,,-,,,,,,"75.079,82",,,,,,"75.079,82",,,,,,"650.659,02",,,,,,,,,
PAULISTA,,,PE,,,,,,"397.591,65",,,,,,-,,,,,,"397.591,65",,,,,,"2.848.037,94",,,,,,,,,
TOTAL PERNAMBUCO,,,,,,,,,"397.591,65",,,,,,-,,,,,,"397.591,65",,,,,,"2.848.037,94",,,,,,,,,
ADRIANOPOLIS,,,PR,,,,,,"3.840,17",,,,,,-,,,,,,"3.840,17",,,,,,"22.891,81",,,,,,,,,
AGUDOS DO SUL,,,PR,,,,,,"3.840,17",,,,,,-,,,,,,"3.840,17",,,,,,"22.891,81",,,,,,,,,
ALMIRANTE TAMANDARE,,,PR,,,,,,"6.912,31",,,,,,-,,,,,,"6.912,31",,,,,,"41.205,29",,,,,,,,,
ANTONINA,,,PR,,,,,,"4.800,21",,,,,,-,,,,,,"4.800,21",,,,,,"28.614,76",,,,,,,,,
ARAUCARIA,,,PR,,,,,,"6.912,31",,,,,,-,,,,,,"6.912,31",,,,,,"41.205,29",,,,,,,,,
BALSA NOVA,,,PR,,,,,,"4.032,18",,,,,,-,,,,,,"4.032,18",,,,,,"24.036,40",,,,,,,,,
BOCAIUVA DO SUL,,,PR,,,,,,"3.840,17",,,,,,-,,,,,,"3.840,17",,,,,,"22.891,81",,,,,,,,,
CAMPINA GRANDE DO SUL,,,PR,,,,,,"5.568,24",,,,,,-,,,,,,"5.568,24",,,,,,"33.193,13",,,,,,,,,
CAMPO DO TENENTE,,,PR,,,,,,"3.840,17",,,,,,-,,,,,,"3.840,17",,,,,,"22.891,81",,,,,,,,,
Superintendência de Controle das Participações Governamentais,,,,,,,,,,,,,,,,,,,,,,,,,,,,,,,,,,,,
CAMPO LARGO,,,PR,,,,,,"6.912,31",,,,,,-,,,,,,"6.912,31",,,,,,"41.205,29",,,,,,,,,
CAMPO MAGRO,,,PR,,,,,,"4.992,22",,,,,,-,,,,,,"4.992,22",,,,,,"29.759,35",,,,,,,,,
CERRO AZUL,,,PR,,,,,,"4.608,20",,,,,,-,,,,,,"4.608,20",,,,,,"27.470,18",,,,,,,,,
COLOMBO,,,PR,,,,,,"7.680,34",,,,,,-,,,,,,"7.680,34",,,,,,"45.783,65",,,,,,,,,
CONTENDA,,,PR,,,,,,"4.224,18",,,,,,-,,,,,,"4.224,18",,,,,,"25.180,99",,,,,,,,,
CURITIBA,,,PR,,,,,,"7.680,34",,,,,,-,,,,,,"7.680,34",,,,,,"45.783,65",,,,,,,,,
DOUTOR ULYSSES,,,PR,,,,,,"3.840,17",,,,,,-,,,,,,"3.840,17",,,,,,"22.891,81",,,,,,,,,
FAZENDA RIO GRANDE,,,PR,,,,,,"6.336,28",,,,,,-,,,,,,"6.336,28",,,,,,"37.771,51",,,,,,,,,
GUARAQUECABA,,,PR,,,,,,"3.840,17",,,,,,-,,,,,,"3.840,17",,,,,,"22.891,81",,,,,,,,,
GUARATUBA,,,PR,,,,,,"5.184,23",,,,,,-,,,,,,"5.184,23",,,,,,"30.903,95",,,,,,,,,
ITAPERUCU,,,PR,,,,,,"4.800,21",,,,,,-,,,,,,"4.800,21",,,,,,"28.614,76",,,,,,,,,
LAPA,,,PR,,,,,,"5.952,26",,,,,,-,,,,,,"5.952,26",,,,,,"35.482,32",,,,,,,,,
MANDIRITUBA,,,PR,,,,,,"4.608,20",,,,,,-,,,,,,"4.608,20",,,,,,"27.470,18",,,,,,,,,
MATINHOS,,,PR,,,,,,"281.100,60",,,,,,"142.383,08",,,,,,"423.483,68",,,,,,"3.125.672,24",,,,,,,,,
MORRETES,,,PR,,,,,,"4.416,19",,,,,,-,,,,,,"4.416,19",,,,,,"26.325,58",,,,,,,,,
PARANAGUA,,,PR,,,,,,"7.296,32",,,,,,-,,,,,,"7.296,32",,,,,,"43.494,47",,,,,,,,,
PIEN,,,PR,,,,,,"3.840,17",,,,,,-,,,,,,"3.840,17",,,,,,"22.891,81",,,,,,,,,
PINHAIS,,,PR,,,,,,"7.104,31",,,,,,-,,,,,,"7.104,31",,,,,,"42.349,88",,,,,,,,,
PIRAQUARA,,,PR,,,,,,"6.720,30",,,,,,-,,,,,,"6.720,30",,,,,,"40.060,70",,,,,,,,,
PONTAL DO PARANA,,,PR,,,,,,"4.416,19",,,,,,"103.579,94",,,,,,"107.996,13",,,,,,"1.081.154,58",,,,,,,,,
PORTO AMAZONAS,,,PR,,,,,,"3.840,17",,,,,,-,,,,,,"3.840,17",,,,,,"22.891,81",,,,,,,,,
QUATRO BARRAS,,,PR,,,,,,"4.608,20",,,,,,-,,,,,,"4.608,20",,,,,,"27.470,18",,,,,,,,,
QUITANDINHA,,,PR,,,,,,"4.416,19",,,,,,-,,,,,,"4.416,19",,,,,,"26.325,58",,,,,,,,,
RIO BRANCO DO SUL,,,PR,,,,,,"5.376,24",,,,,,-,,,,,,"5.376,24",,,,,,"32.048,55",,,,,,,,,
RIO NEGRO,,,PR,,,,,,"5.376,24",,,,,,-,,,,,,"5.376,24",,,,,,"32.048,55",,,,,,,,,
SAO JOSE DOS PINHAIS,,,PR,,,,,,"7.680,34",,,,,,-,,,,,,"7.680,34",,,,,,"45.783,65",,,,,,,,,
TIJUCAS DO SUL,,,PR,,,,,,"4.224,18",,,,,,-,,,,,,"4.224,18",,,,,,"25.180,99",,,,,,,,,
TUNAS DO PARANA,,,PR,,,,,,"3.840,17",,,,,,-,,,,,,"3.840,17",,,,,,"22.891,81",,,,,,,,,
TOTAL PARANA,,,,,,,,,"468.500,85",,,,,,"245.963,02",,,,,,"714.463,87",,,,,,"5.297.621,94",,,,,,,,,
ANGRA DOS REIS,,,RJ,,,,,,"990.681,85",,,,,,"273.668,34",,,,,,"1.264.350,19",,,,,,"8.153.317,50",,,,,,,,,
APERIBE,,,RJ,,,,,,"196.580,69",,,,,,-,,,,,,"196.580,69",,,,,,"1.597.438,01",,,,,,,,,
ARARUAMA,,,RJ,,,,,,"353.845,24",,,,,,-,,,,,,"353.845,24",,,,,,"2.875.388,47",,,,,,,,,
ARMACAO DOS BUZIOS,,,RJ,,,,,,"1.619.024,97",,,,,,"822.427,50",,,,,,"2.441.452,47",,,,,,"18.801.733,63",,,,,,,,,
ARRAIAL DO CABO,,,RJ,,,,,,"255.554,90",,,,,,"38.695,56",,,,,,"294.250,46",,,,,,"2.316.192,44",,,,,,,,,
BARRA MANSA,,,RJ,,,,,,"355.629,38",,,,,,-,,,,,,"355.629,38",,,,,,"2.541.075,24",,,,,,,,,
BELFORD ROXO,,,RJ,,,,,,"393.161,38",,,,,,-,,,,,,"393.161,38",,,,,,"2.177.489,33",,,,,,,,,
BOM JARDIM,,,RJ,,,,,,"255.554,90",,,,,,-,,,,,,"255.554,90",,,,,,"2.076.669,43",,,,,,,,,
BOM JESUS DO ITABAPOANA,,,RJ,,,,,,"285.042,00",,,,,,-,,,,,,"285.042,00",,,,,,"2.316.285,14",,,,,,,,,
CABO FRIO,,,RJ,,,,,,"2.460.917,95",,,,,,"3.409.018,12",,,,,,"5.869.936,07",,,,,,"44.114.246,07",,,,,,,,,
CACHOEIRAS DE MACACU,,,RJ,,,,,,"872.654,45",,,,,,-,,,,,,"872.654,45",,,,,,"6.284.166,91",,,,,,,,,
CAMBUCI,,,RJ,,,,,,"226.067,79",,,,,,-,,,,,,"226.067,79",,,,,,"1.837.053,72",,,,,,,,,
CAMPOS DOS GOYTACAZES,,,RJ,,,,,,"2.590.439,95",,,,,,"18.848.538,95",,,,,,"21.438.978,90",,,,,,"155.069.285,32",,,,,,,,,
CANTAGALO,,,RJ,,,,,,"245.725,86",,,,,,-,,,,,,"245.725,86",,,,,,"1.996.797,54",,,,,,,,,
CARAPEBUS,,,RJ,,,,,,"1.295.219,97",,,,,,"456.918,30",,,,,,"1.752.138,27",,,,,,"13.324.483,49",,,,,,,,,
CARDOSO MOREIRA,,,RJ,,,,,,"216.238,76",,,,,,-,,,,,,"216.238,76",,,,,,"1.757.181,82",,,,,,,,,
CARMO,,,RJ,,,,,,"226.067,79",,,,,,-,,,,,,"226.067,79",,,,,,"1.837.053,72",,,,,,,,,
CASIMIRO DE ABREU,,,RJ,,,,,,"1.683.785,97",,,,,,"377.330,58",,,,,,"2.061.116,55",,,,,,"15.801.126,25",,,,,,,,,
CONCEICAO DE MACABU,,,RJ,,,,,,"245.725,86",,,,,,-,,,,,,"245.725,86",,,,,,"1.996.797,54",,,,,,,,,
CORDEIRO,,,RJ,,,,,,"245.725,86",,,,,,-,,,,,,"245.725,86",,,,,,"1.996.797,54",,,,,,,,,
DUAS BARRAS,,,RJ,,,,,,"206.409,72",,,,,,-,,,,,,"206.409,72",,,,,,"1.677.309,92",,,,,,,,,
DUQUE DE CAXIAS,,,RJ,,,,,,"1.246.649,22",,,,,,"9.566,07",,,,,,"1.256.215,29",,,,,,"9.067.260,94",,,,,,,,,
GUAPIMIRIM,,,RJ,,,,,,"934.986,92",,,,,,"9.566,07",,,,,,"944.552,99",,,,,,"6.822.915,62",,,,,,,,,
IGUABA GRANDE,,,RJ,,,,,,"226.067,79",,,,,,-,,,,,,"226.067,79",,,,,,"1.837.053,72",,,,,,,,,
ITABORAI,,,RJ,,,,,,"393.161,38",,,,,,"9.566,07",,,,,,"402.727,45",,,,,,"2.267.368,96",,,,,,,,,
ITAGUAI,,,RJ,,,,,,"353.845,24",,,,,,-,,,,,,"353.845,24",,,,,,"1.959.740,41",,,,,,,,,
ITALVA,,,RJ,,,,,,"216.238,76",,,,,,-,,,,,,"216.238,76",,,,,,"1.757.181,82",,,,,,,,,
ITAOCARA,,,RJ,,,,,,"255.554,90",,,,,,-,,,,,,"255.554,90",,,,,,"2.076.669,43",,,,,,,,,
ITAPERUNA,,,RJ,,,,,,"353.845,24",,,,,,-,,,,,,"353.845,24",,,,,,"2.875.388,47",,,,,,,,,
Superintendência de Controle das Participações Governamentais,,,,,,,,,,,,,,,,,,,,,,,,,,,,,,,,,,,,
JAPERI,,,RJ,,,,,,"709.474,62",,,,,,-,,,,,,"709.474,62",,,,,,"4.500.815,65",,,,,,,,,
LAJE DO MURIAE,,,RJ,,,,,,"196.580,69",,,,,,-,,,,,,"196.580,69",,,,,,"1.597.438,01",,,,,,,,,
MACAE,,,RJ,,,,,,"10.963.875,67",,,,,,"6.993.364,37",,,,,,"17.957.240,04",,,,,,"129.511.654,64",,,,,,,,,
MACUCO,,,RJ,,,,,,"196.580,69",,,,,,-,,,,,,"196.580,69",,,,,,"1.597.438,01",,,,,,,,,
MAGE,,,RJ,,,,,,"1.121.984,30",,,,,,"9.566,07",,,,,,"1.131.550,37",,,,,,"8.169.522,82",,,,,,,,,
MANGARATIBA,,,RJ,,,,,,"265.383,93",,,,,,"205.251,25",,,,,,"470.635,18",,,,,,"2.842.323,17",,,,,,,,,
MARICA,,,RJ,,,,,,"344.016,21",,,,,,-,,,,,,"344.016,21",,,,,,"1.905.303,17",,,,,,,,,
MESQUITA,,,RJ,,,,,,"393.161,38",,,,,,-,,,,,,"393.161,38",,,,,,"2.177.489,33",,,,,,,,,
MIRACEMA,,,RJ,,,,,,"265.383,93",,,,,,-,,,,,,"265.383,93",,,,,,"2.156.541,34",,,,,,,,,
NATIVIDADE,,,RJ,,,,,,"226.067,79",,,,,,-,,,,,,"226.067,79",,,,,,"1.837.053,72",,,,,,,,,
NILOPOLIS,,,RJ,,,,,,"393.161,38",,,,,,-,,,,,,"393.161,38",,,,,,"2.177.489,33",,,,,,,,,
NITEROI,,,RJ,,,,,,"2.590.439,95",,,,,,"9.566,07",,,,,,"2.600.006,02",,,,,,"14.436.800,92",,,,,,,,,
NOVA FRIBURGO,,,RJ,,,,,,"393.161,38",,,,,,-,,,,,,"393.161,38",,,,,,"3.194.876,06",,,,,,,,,
NOVA IGUACU,,,RJ,,,,,,"393.161,38",,,,,,-,,,,,,"393.161,38",,,,,,"2.177.489,33",,,,,,,,,
PARACAMBI,,,RJ,,,,,,"304.700,07",,,,,,-,,,,,,"304.700,07",,,,,,"1.687.554,23",,,,,,,,,
PARATI,,,RJ,,,,,,-,,,,,,"205.251,25",,,,,,"205.251,25",,,,,,"1.372.517,87",,,,,,,,,
PETROPOLIS,,,RJ,,,,,,"393.161,38",,,,,,-,,,,,,"393.161,38",,,,,,"3.194.876,06",,,,,,,,,
PIRAI,,,RJ,,,,,,"355.629,38",,,,,,-,,,,,,"355.629,38",,,,,,"2.541.075,24",,,,,,,,,
PORCIUNCULA,,,RJ,,,,,,"226.067,79",,,,,,-,,,,,,"226.067,79",,,,,,"1.837.053,72",,,,,,,,,
QUEIMADOS,,,RJ,,,,,,"373.503,31",,,,,,-,,,,,,"373.503,31",,,,,,"2.068.614,88",,,,,,,,,
QUISSAMA,,,RJ,,,,,,"1.424.741,97",,,,,,"2.288.822,19",,,,,,"3.713.564,16",,,,,,"28.314.581,05",,,,,,,,,
RIO BONITO,,,RJ,,,,,,"314.529,10",,,,,,-,,,,,,"314.529,10",,,,,,"2.555.900,84",,,,,,,,,
RIO DAS OSTRAS,,,RJ,,,,,,"1.942.829,96",,,,,,"6.083.800,72",,,,,,"8.026.630,68",,,,,,"59.243.089,73",,,,,,,,,
RIO DE JANEIRO,,,RJ,,,,,,"3.581.121,80",,,,,,"38.264,29",,,,,,"3.619.386,09",,,,,,"20.154.923,38",,,,,,,,,
SANTA MARIA MADALENA,,,RJ,,,,,,"206.409,72",,,,,,-,,,,,,"206.409,72",,,,,,"1.677.309,92",,,,,,,,,
SANTO ANTONIO DE PADUA,,,RJ,,,,,,"294.871,03",,,,,,-,,,,,,"294.871,03",,,,,,"2.396.157,04",,,,,,,,,
SAO FIDELIS,,,RJ,,,,,,"294.871,03",,,,,,-,,,,,,"294.871,03",,,,,,"2.396.157,04",,,,,,,,,
SAO FRANCISCO DE ITABAPOANA,,,RJ,,,,,,"304.700,07",,,,,,-,,,,,,"304.700,07",,,,,,"2.476.028,94",,,,,,,,,
SAO GONCALO,,,RJ,,,,,,"393.161,38",,,,,,"9.566,07",,,,,,"402.727,45",,,,,,"2.267.368,96",,,,,,,,,
SAO JOAO DA BARRA,,,RJ,,,,,,"1.748.546,96",,,,,,"824.588,94",,,,,,"2.573.135,90",,,,,,"19.121.582,36",,,,,,,,,
SAO JOAO DE MERITI,,,RJ,,,,,,"393.161,38",,,,,,-,,,,,,"393.161,38",,,,,,"2.177.489,33",,,,,,,,,
SAO JOSE DE UBA,,,RJ,,,,,,"196.580,69",,,,,,-,,,,,,"196.580,69",,,,,,"1.597.438,01",,,,,,,,,
SAO JOSE DO VALE DO RIO PRETO,,,RJ,,,,,,"245.725,86",,,,,,-,,,,,,"245.725,86",,,,,,"1.996.797,54",,,,,,,,,
SAO PEDRO DA ALDEIA,,,RJ,,,,,,"324.358,14",,,,,,-,,,,,,"324.358,14",,,,,,"2.635.772,76",,,,,,,,,
SAO SEBASTIAO DO ALTO,,,RJ,,,,,,"196.580,69",,,,,,-,,,,,,"196.580,69",,,,,,"1.597.438,01",,,,,,,,,
SAQUAREMA,,,RJ,,,,,,"314.529,10",,,,,,-,,,,,,"314.529,10",,,,,,"2.555.900,84",,,,,,,,,
SEROPEDICA,,,RJ,,,,,,"334.187,17",,,,,,-,,,,,,"334.187,17",,,,,,"1.850.865,94",,,,,,,,,
SILVA JARDIM,,,RJ,,,,,,"810.321,99",,,,,,-,,,,,,"810.321,99",,,,,,"5.835.297,84",,,,,,,,,
SUMIDOURO,,,RJ,,,,,,"226.067,79",,,,,,-,,,,,,"226.067,79",,,,,,"1.837.053,72",,,,,,,,,
TANGUA,,,RJ,,,,,,"265.383,93",,,,,,-,,,,,,"265.383,93",,,,,,"1.469.805,30",,,,,,,,,
TERESOPOLIS,,,RJ,,,,,,"383.332,35",,,,,,-,,,,,,"383.332,35",,,,,,"3.115.004,18",,,,,,,,,
TRAJANO DE MORAIS,,,RJ,,,,,,"206.409,72",,,,,,-,,,,,,"206.409,72",,,,,,"1.677.309,92",,,,,,,,,
VARRE-SAI,,,RJ,,,,,,"196.580,69",,,,,,-,,,,,,"196.580,69",,,,,,"1.597.438,01",,,,,,,,,
VOLTA REDONDA,,,RJ,,,,,,"355.629,38",,,,,,-,,,,,,"355.629,38",,,,,,"2.541.075,24",,,,,,,,,
TOTAL RIO DE JANEIRO,,,,,,,,,"54.260.531,82",,,,,,"40.923.336,78",,,,,,"95.183.868,60",,,,,,"683.283.181,80",,,,,,,,,
ACARI,,,RN,,,,,,"4.612,55",,,,,,-,,,,,,"4.612,55",,,,,,"31.962,83",,,,,,,,,
ACU,,,RN,,,,,,"164.332,17",,,,,,"62.861,27",,,,,,"227.193,44",,,,,,"1.865.739,32",,,,,,,,,
AFONSO BEZERRA,,,RN,,,,,,"4.612,55",,,,,,-,,,,,,"4.612,55",,,,,,"31.962,83",,,,,,,,,
AGUA NOVA,,,RN,,,,,,"4.392,90",,,,,,-,,,,,,"4.392,90",,,,,,"30.440,78",,,,,,,,,
ALEXANDRIA,,,RN,,,,,,"4.832,19",,,,,,-,,,,,,"4.832,19",,,,,,"33.484,87",,,,,,,,,
ALMINO AFONSO,,,RN,,,,,,"4.392,90",,,,,,-,,,,,,"4.392,90",,,,,,"30.440,78",,,,,,,,,
ALTO DO RODRIGUES,,,RN,,,,,,"207.554,54",,,,,,"76.702,57",,,,,,"284.257,11",,,,,,"2.266.150,72",,,,,,,,,
ANTONIO MARTINS,,,RN,,,,,,"4.392,90",,,,,,-,,,,,,"4.392,90",,,,,,"30.440,78",,,,,,,,,
APODI,,,RN,,,,,,"165.459,00",,,,,,"78.875,63",,,,,,"244.334,63",,,,,,"1.934.087,03",,,,,,,,,
AREIA BRANCA,,,RN,,,,,,"431.644,76",,,,,,"359.313,34",,,,,,"790.958,10",,,,,,"6.126.323,07",,,,,,,,,
AUGUSTO SEVERO,,,RN,,,,,,"4.392,90",,,,,,-,,,,,,"4.392,90",,,,,,"30.440,78",,,,,,,,,
BARAUNA,,,RN,,,,,,"5.491,13",,,,,,-,,,,,,"5.491,13",,,,,,"38.050,99",,,,,,,,,
CAICO,,,RN,,,,,,"7.248,29",,,,,,-,,,,,,"7.248,29",,,,,,"50.227,32",,,,,,,,,
Superintendência de Controle das Participações Governamentais,,,,,,,,,,,,,,,,,,,,,,,,,,,,,,,,,,,,
CARAUBAS,,,RN,,,,,,"102.905,38",,,,,,"25.189,23",,,,,,"128.094,61",,,,,,"1.029.122,88",,,,,,,,,
CARNAUBA DOS DANTAS,,,RN,,,,,,"4.392,90",,,,,,-,,,,,,"4.392,90",,,,,,"30.440,78",,,,,,,,,
CARNAUBAIS,,,RN,,,,,,"110.696,94",,,,,,"18.139,46",,,,,,"128.836,40",,,,,,"1.011.185,87",,,,,,,,,
CERRO CORA,,,RN,,,,,,"4.612,55",,,,,,-,,,,,,"4.612,55",,,,,,"31.962,83",,,,,,,,,
CORONEL JOAO PESSOA,,,RN,,,,,,"4.392,90",,,,,,-,,,,,,"4.392,90",,,,,,"30.440,78",,,,,,,,,
CRUZETA,,,RN,,,,,,"4.392,90",,,,,,-,,,,,,"4.392,90",,,,,,"30.440,78",,,,,,,,,
CURRAIS NOVOS,,,RN,,,,,,"6.809,01",,,,,,-,,,,,,"6.809,01",,,,,,"47.183,26",,,,,,,,,
DOUTOR SEVERIANO,,,RN,,,,,,"4.392,90",,,,,,-,,,,,,"4.392,90",,,,,,"30.440,78",,,,,,,,,
ENCANTO,,,RN,,,,,,"4.392,90",,,,,,-,,,,,,"4.392,90",,,,,,"30.440,78",,,,,,,,,
EQUADOR,,,RN,,,,,,"4.392,90",,,,,,-,,,,,,"4.392,90",,,,,,"30.440,78",,,,,,,,,
FELIPE GUERRA,,,RN,,,,,,"108.883,15",,,,,,"27.150,28",,,,,,"136.033,43",,,,,,"1.068.729,96",,,,,,,,,
FLORANIA,,,RN,,,,,,"4.392,90",,,,,,-,,,,,,"4.392,90",,,,,,"30.440,78",,,,,,,,,
FRANCISCO DANTAS,,,RN,,,,,,"4.392,90",,,,,,-,,,,,,"4.392,90",,,,,,"30.440,78",,,,,,,,,
FRUTUOSO GOMES,,,RN,,,,,,"4.392,90",,,,,,-,,,,,,"4.392,90",,,,,,"30.440,78",,,,,,,,,
GALINHOS,,,RN,,,,,,"4.392,90",,,,,,"81.758,21",,,,,,"86.151,11",,,,,,"604.470,01",,,,,,,,,
GOVERNADOR DIX-SEPT ROSADO,,,RN,,,,,,"189.455,93",,,,,,"98.193,87",,,,,,"287.649,80",,,,,,"2.143.341,18",,,,,,,,,
GROSSOS,,,RN,,,,,,"58.260,91",,,,,,"56.389,84",,,,,,"114.650,75",,,,,,"905.151,14",,,,,,,,,
GUAMARE,,,RN,,,,,,"1.128.518,59",,,,,,"599.151,90",,,,,,"1.727.670,49",,,,,,"11.621.623,70",,,,,,,,,
IELMO MARINHO,,,RN,,,,,,"397.591,65",,,,,,-,,,,,,"397.591,65",,,,,,"2.848.037,94",,,,,,,,,
IPANGUACU,,,RN,,,,,,"4.612,55",,,,,,-,,,,,,"4.612,55",,,,,,"31.962,83",,,,,,,,,
IPUEIRA,,,RN,,,,,,"4.392,90",,,,,,-,,,,,,"4.392,90",,,,,,"30.440,78",,,,,,,,,
ITAJA,,,RN,,,,,,"4.392,90",,,,,,-,,,,,,"4.392,90",,,,,,"30.440,78",,,,,,,,,
ITAU,,,RN,,,,,,"4.392,90",,,,,,-,,,,,,"4.392,90",,,,,,"30.440,78",,,,,,,,,
JANDAIRA,,,RN,,,,,,"4.392,90",,,,,,-,,,,,,"4.392,90",,,,,,"30.440,78",,,,,,,,,
JANDUIS,,,RN,,,,,,"4.392,90",,,,,,-,,,,,,"4.392,90",,,,,,"30.440,78",,,,,,,,,
JARDIM DE PIRANHAS,,,RN,,,,,,"4.612,55",,,,,,-,,,,,,"4.612,55",,,,,,"31.962,83",,,,,,,,,
JARDIM DO SERIDO,,,RN,,,,,,"4.832,19",,,,,,-,,,,,,"4.832,19",,,,,,"33.484,87",,,,,,,,,
JOAO DIAS,,,RN,,,,,,"4.392,90",,,,,,-,,,,,,"4.392,90",,,,,,"30.440,78",,,,,,,,,
JOSE DA PENHA,,,RN,,,,,,"4.392,90",,,,,,-,,,,,,"4.392,90",,,,,,"30.440,78",,,,,,,,,
JUCURUTU,,,RN,,,,,,"5.271,48",,,,,,-,,,,,,"5.271,48",,,,,,"36.528,95",,,,,,,,,
LAGOA NOVA,,,RN,,,,,,"4.832,19",,,,,,-,,,,,,"4.832,19",,,,,,"33.484,87",,,,,,,,,
LUCRECIA,,,RN,,,,,,"4.392,90",,,,,,-,,,,,,"4.392,90",,,,,,"30.440,78",,,,,,,,,
LUIS GOMES,,,RN,,,,,,"4.392,90",,,,,,-,,,,,,"4.392,90",,,,,,"30.440,78",,,,,,,,,
MACAU,,,RN,,,,,,"1.297.033,05",,,,,,"427.077,17",,,,,,"1.724.110,22",,,,,,"11.447.908,03",,,,,,,,,
MAJOR SALES,,,RN,,,,,,"4.392,90",,,,,,-,,,,,,"4.392,90",,,,,,"30.440,78",,,,,,,,,
MARCELINO VIEIRA,,,RN,,,,,,"4.392,90",,,,,,-,,,,,,"4.392,90",,,,,,"30.440,78",,,,,,,,,
MARTINS,,,RN,,,,,,"4.392,90",,,,,,-,,,,,,"4.392,90",,,,,,"30.440,78",,,,,,,,,
MESSIAS TARGINO,,,RN,,,,,,"4.392,90",,,,,,-,,,,,,"4.392,90",,,,,,"30.440,78",,,,,,,,,
MOSSORO,,,RN,,,,,,"1.258.758,22",,,,,,"998.276,62",,,,,,"2.257.034,84",,,,,,"14.703.982,58",,,,,,,,,
OLHO D'AGUA DO BORGES,,,RN,,,,,,"4.392,90",,,,,,-,,,,,,"4.392,90",,,,,,"30.440,78",,,,,,,,,
OURO BRANCO,,,RN,,,,,,"4.392,90",,,,,,-,,,,,,"4.392,90",,,,,,"30.440,78",,,,,,,,,
PARANA,,,RN,,,,,,"4.392,90",,,,,,-,,,,,,"4.392,90",,,,,,"30.440,78",,,,,,,,,
PARAU,,,RN,,,,,,"4.392,90",,,,,,-,,,,,,"4.392,90",,,,,,"30.440,78",,,,,,,,,
PARELHAS,,,RN,,,,,,"5.491,13",,,,,,-,,,,,,"5.491,13",,,,,,"38.050,99",,,,,,,,,
PATU,,,RN,,,,,,"4.612,55",,,,,,-,,,,,,"4.612,55",,,,,,"31.962,83",,,,,,,,,
PAU DOS FERROS,,,RN,,,,,,"5.930,42",,,,,,-,,,,,,"5.930,42",,,,,,"41.095,07",,,,,,,,,
PEDRO AVELINO,,,RN,,,,,,"4.436,43",,,,,,"20,24",,,,,,"4.456,67",,,,,,"31.825,82",,,,,,,,,
PENDENCIAS,,,RN,,,,,,"161.166,40",,,,,,"68.188,32",,,,,,"229.354,72",,,,,,"1.597.370,60",,,,,,,,,
PILOES,,,RN,,,,,,"4.392,90",,,,,,-,,,,,,"4.392,90",,,,,,"30.440,78",,,,,,,,,
PORTALEGRE,,,RN,,,,,,"4.392,90",,,,,,-,,,,,,"4.392,90",,,,,,"30.440,78",,,,,,,,,
PORTO DO MANGUE,,,RN,,,,,,"126.907,40",,,,,,"243.862,22",,,,,,"370.769,62",,,,,,"2.446.853,60",,,,,,,,,
RAFAEL FERNANDES,,,RN,,,,,,"4.392,90",,,,,,-,,,,,,"4.392,90",,,,,,"30.440,78",,,,,,,,,
RAFAEL GODEIRO,,,RN,,,,,,"4.392,90",,,,,,-,,,,,,"4.392,90",,,,,,"30.440,78",,,,,,,,,
RIACHO DA CRUZ,,,RN,,,,,,"4.392,90",,,,,,-,,,,,,"4.392,90",,,,,,"30.440,78",,,,,,,,,
RIACHO DE SANTANA,,,RN,,,,,,"4.392,90",,,,,,-,,,,,,"4.392,90",,,,,,"30.440,78",,,,,,,,,
RODOLFO FERNANDES,,,RN,,,,,,"4.392,90",,,,,,-,,,,,,"4.392,90",,,,,,"30.440,78",,,,,,,,,
SANTANA DO SERIDO,,,RN,,,,,,"4.392,90",,,,,,-,,,,,,"4.392,90",,,,,,"30.440,78",,,,,,,,,
SAO FERNANDO,,,RN,,,,,,"4.392,90",,,,,,-,,,,,,"4.392,90",,,,,,"30.440,78",,,,,,,,,
Superintendência de Controle das Participações Governamentais,,,,,,,,,,,,,,,,,,,,,,,,,,,,,,,,,,,,
SAO FRANCISCO DO OESTE,,,RN,,,,,,"4.392,90",,,,,,-,,,,,,"4.392,90",,,,,,"30.440,78",,,,,,,,,
SAO JOAO DO SABUGI,,,RN,,,,,,"4.392,90",,,,,,-,,,,,,"4.392,90",,,,,,"30.440,78",,,,,,,,,
SAO JOSE DO SERIDO,,,RN,,,,,,"4.392,90",,,,,,-,,,,,,"4.392,90",,,,,,"30.440,78",,,,,,,,,
SAO MIGUEL,,,RN,,,,,,"5.710,78",,,,,,-,,,,,,"5.710,78",,,,,,"39.573,04",,,,,,,,,
SAO RAFAEL,,,RN,,,,,,"4.392,90",,,,,,-,,,,,,"4.392,90",,,,,,"30.440,78",,,,,,,,,
SAO VICENTE,,,RN,,,,,,"4.392,90",,,,,,-,,,,,,"4.392,90",,,,,,"30.440,78",,,,,,,,,
SERRA DO MEL,,,RN,,,,,,"104.419,90",,,,,,"27.060,06",,,,,,"131.479,96",,,,,,"886.423,77",,,,,,,,,
SERRA NEGRA DO NORTE,,,RN,,,,,,"4.392,90",,,,,,-,,,,,,"4.392,90",,,,,,"30.440,78",,,,,,,,,
SERRINHA DOS PINTOS,,,RN,,,,,,"4.392,90",,,,,,-,,,,,,"4.392,90",,,,,,"30.440,78",,,,,,,,,
SEVERIANO MELO,,,RN,,,,,,"4.612,55",,,,,,-,,,,,,"4.612,55",,,,,,"31.962,83",,,,,,,,,
TABOLEIRO GRANDE,,,RN,,,,,,"4.392,90",,,,,,-,,,,,,"4.392,90",,,,,,"30.440,78",,,,,,,,,
TENENTE ANANIAS,,,RN,,,,,,"4.392,90",,,,,,-,,,,,,"4.392,90",,,,,,"30.440,78",,,,,,,,,
TENENTE LAURENTINO CRUZ,,,RN,,,,,,"4.392,90",,,,,,-,,,,,,"4.392,90",,,,,,"30.440,78",,,,,,,,,
TIBAU,,,RN,,,,,,"58.260,91",,,,,,"6.690,11",,,,,,"64.951,02",,,,,,"497.134,46",,,,,,,,,
TIMBAUBA DOS BATISTAS,,,RN,,,,,,"4.392,90",,,,,,-,,,,,,"4.392,90",,,,,,"30.440,78",,,,,,,,,
TRIUNFO POTIGUAR,,,RN,,,,,,"4.392,90",,,,,,-,,,,,,"4.392,90",,,,,,"30.440,78",,,,,,,,,
UMARIZAL,,,RN,,,,,,"4.612,55",,,,,,-,,,,,,"4.612,55",,,,,,"31.962,83",,,,,,,,,
UPANEMA,,,RN,,,,,,"113.542,68",,,,,,"47.770,32",,,,,,"161.313,00",,,,,,"1.236.419,73",,,,,,,,,
VENHA-VER,,,RN,,,,,,"4.392,90",,,,,,-,,,,,,"4.392,90",,,,,,"30.440,78",,,,,,,,,
VICOSA,,,RN,,,,,,"4.392,90",,,,,,-,,,,,,"4.392,90",,,,,,"30.440,78",,,,,,,,,
TOTAL RIO GRANDE DO NORTE,,,,,,,,,"6.520.393,82",,,,,,"3.302.670,66",,,,,,"9.823.064,48",,,,,,"68.532.109,62",,,,,,,,,
CIDREIRA,,,RS,,,,,,-,,,,,,"22.078,54",,,,,,"22.078,54",,,,,,"300.513,19",,,,,,,,,
IMBE,,,RS,,,,,,"397.591,65",,,,,,"22.078,54",,,,,,"419.670,19",,,,,,"3.148.551,13",,,,,,,,,
OSORIO,,,RS,,,,,,"397.591,65",,,,,,-,,,,,,"397.591,65",,,,,,"2.848.037,94",,,,,,,,,
TRAMANDAI,,,RS,,,,,,"990.681,85",,,,,,"29.438,06",,,,,,"1.020.119,91",,,,,,"6.723.977,89",,,,,,,,,
TOTAL RIO GRANDE DO SUL,,,,,,,,,"1.785.865,15",,,,,,"73.595,14",,,,,,"1.859.460,29",,,,,,"13.021.080,15",,,,,,,,,
ARAQUARI,,,SC,,,,,,-,,,,,,-,,,,,,-,,,,,,"876.153,64",,,,,,,,,
BALNEARIO BARRA DO SUL,,,SC,,,,,,-,,,,,,-,,,,,,-,,,,,,"876.153,64",,,,,,,,,
GARUVA,,,SC,,,,,,-,,,,,,-,,,,,,-,,,,,,"876.153,64",,,,,,,,,
ITAPOA,,,SC,,,,,,-,,,,,,-,,,,,,-,,,,,,"876.153,64",,,,,,,,,
JOINVILLE,,,SC,,,,,,-,,,,,,-,,,,,,-,,,,,,"876.153,64",,,,,,,,,
SAO FRANCISCO DO SUL,,,SC,,,,,,-,,,,,,-,,,,,,-,,,,,,"8.253.123,99",,,,,,,,,
TOTAL SANTA CATARINA,,,,,,,,,-,,,,,,-,,,,,,-,,,,,,"12.633.892,19",,,,,,,,,
AMPARO DE SAO FRANCISCO,,,SE,,,,,,"2.513,62",,,,,,-,,,,,,"2.513,62",,,,,,"19.047,79",,,,,,,,,
AQUIDABA,,,SE,,,,,,"3.142,03",,,,,,-,,,,,,"3.142,03",,,,,,"23.809,77",,,,,,,,,
ARACAJU,,,SE,,,,,,"1.152.775,69",,,,,,"316.785,96",,,,,,"1.469.561,65",,,,,,"9.860.739,00",,,,,,,,,
ARAUA,,,SE,,,,,,"2.513,62",,,,,,-,,,,,,"2.513,62",,,,,,"19.047,79",,,,,,,,,
AREIA BRANCA,,,SE,,,,,,"4.175,99",,,,,,"829,03",,,,,,"5.005,02",,,,,,"40.788,71",,,,,,,,,
BARRA DOS COQUEIROS,,,SE,,,,,,"55.905,40",,,,,,"116.536,66",,,,,,"172.442,06",,,,,,"1.371.111,04",,,,,,,,,
BOQUIM,,,SE,,,,,,"3.393,40",,,,,,-,,,,,,"3.393,40",,,,,,"25.714,56",,,,,,,,,
BREJO GRANDE,,,SE,,,,,,"80.243,22",,,,,,"7.750,91",,,,,,"87.994,13",,,,,,"649.750,57",,,,,,,,,
CAMPO DO BRITO,,,SE,,,,,,"2.890,67",,,,,,-,,,,,,"2.890,67",,,,,,"21.904,97",,,,,,,,,
CANHOBA,,,SE,,,,,,"2.513,62",,,,,,-,,,,,,"2.513,62",,,,,,"19.047,79",,,,,,,,,
CANINDE DE SAO FRANCISCO,,,SE,,,,,,"3.016,35",,,,,,-,,,,,,"3.016,35",,,,,,"22.857,37",,,,,,,,,
CAPELA,,,SE,,,,,,"4.540,83",,,,,,"740,09",,,,,,"5.280,92",,,,,,"38.733,91",,,,,,,,,
CARIRA,,,SE,,,,,,"3.016,35",,,,,,-,,,,,,"3.016,35",,,,,,"22.857,37",,,,,,,,,
CARMOPOLIS,,,SE,,,,,,"298.911,41",,,,,,"306.460,42",,,,,,"605.371,83",,,,,,"4.070.039,92",,,,,,,,,
CEDRO DE SAO JOAO,,,SE,,,,,,"2.513,62",,,,,,-,,,,,,"2.513,62",,,,,,"19.047,79",,,,,,,,,
CRISTINAPOLIS,,,SE,,,,,,"2.890,67",,,,,,-,,,,,,"2.890,67",,,,,,"21.904,97",,,,,,,,,
CUMBE,,,SE,,,,,,"2.513,62",,,,,,-,,,,,,"2.513,62",,,,,,"19.047,79",,,,,,,,,
DIVINA PASTORA,,,SE,,,,,,"171.427,02",,,,,,"87.386,88",,,,,,"258.813,90",,,,,,"1.927.383,91",,,,,,,,,
ESTANCIA,,,SE,,,,,,"4.147,48",,,,,,-,,,,,,"4.147,48",,,,,,"31.428,88",,,,,,,,,
FEIRA NOVA,,,SE,,,,,,"2.513,62",,,,,,-,,,,,,"2.513,62",,,,,,"19.047,79",,,,,,,,,
FREI PAULO,,,SE,,,,,,"2.639,31",,,,,,-,,,,,,"2.639,31",,,,,,"20.350,00",,,,,,,,,
GARARU,,,SE,,,,,,"2.639,31",,,,,,-,,,,,,"2.639,31",,,,,,"20.000,20",,,,,,,,,
GENERAL MAYNARD,,,SE,,,,,,"3.463,26",,,,,,"712,23",,,,,,"4.175,49",,,,,,"30.484,89",,,,,,,,,
GRACHO CARDOSO,,,SE,,,,,,"2.513,62",,,,,,-,,,,,,"2.513,62",,,,,,"19.047,79",,,,,,,,,
ILHA DAS FLORES,,,SE,,,,,,"2.513,62",,,,,,-,,,,,,"2.513,62",,,,,,"19.047,79",,,,,,,,,
Superintendência de Controle das Participações Governamentais,,,,,,,,,,,,,,,,,,,,,,,,,,,,,,,,,,,,
INDIAROBA,,,SE,,,,,,"2.764,99",,,,,,-,,,,,,"2.764,99",,,,,,"20.952,58",,,,,,,,,
ITABAIANA,,,SE,,,,,,"4.398,85",,,,,,-,,,,,,"4.398,85",,,,,,"33.333,68",,,,,,,,,
ITABAIANINHA,,,SE,,,,,,"3.644,76",,,,,,-,,,,,,"3.644,76",,,,,,"27.619,34",,,,,,,,,
ITABI,,,SE,,,,,,"2.513,62",,,,,,-,,,,,,"2.513,62",,,,,,"19.047,79",,,,,,,,,
ITAPORANGA D'AJUDA,,,SE,,,,,,"62.893,58",,,,,,"97.738,58",,,,,,"160.632,16",,,,,,"1.182.626,79",,,,,,,,,
JAPARATUBA,,,SE,,,,,,"354.673,73",,,,,,"239.193,12",,,,,,"593.866,85",,,,,,"4.053.736,07",,,,,,,,,
JAPOATA,,,SE,,,,,,"2.764,99",,,,,,-,,,,,,"2.764,99",,,,,,"20.952,58",,,,,,,,,
LAGARTO,,,SE,,,,,,"4.524,53",,,,,,-,,,,,,"4.524,53",,,,,,"34.286,07",,,,,,,,,
LARANJEIRAS,,,SE,,,,,,"3.267,71",,,,,,-,,,,,,"3.267,71",,,,,,"24.762,16",,,,,,,,,
MACAMBIRA,,,SE,,,,,,"2.513,62",,,,,,-,,,,,,"2.513,62",,,,,,"19.047,79",,,,,,,,,
MALHADA DOS BOIS,,,SE,,,,,,"2.513,62",,,,,,-,,,,,,"2.513,62",,,,,,"19.047,79",,,,,,,,,
MALHADOR,,,SE,,,,,,"2.639,31",,,,,,-,,,,,,"2.639,31",,,,,,"20.000,20",,,,,,,,,
MARUIM,,,SE,,,,,,"81.149,28",,,,,,"9.132,89",,,,,,"90.282,17",,,,,,"690.279,55",,,,,,,,,
MOITA BONITA,,,SE,,,,,,"2.639,31",,,,,,-,,,,,,"2.639,31",,,,,,"20.000,20",,,,,,,,,
MONTE ALEGRE DE SERGIPE,,,SE,,,,,,"2.639,31",,,,,,-,,,,,,"2.639,31",,,,,,"20.000,20",,,,,,,,,
MURIBECA,,,SE,,,,,,"2.513,62",,,,,,-,,,,,,"2.513,62",,,,,,"19.047,79",,,,,,,,,
NEOPOLIS,,,SE,,,,,,"3.142,03",,,,,,-,,,,,,"3.142,03",,,,,,"23.809,77",,,,,,,,,
NOSSA SENHORA APARECIDA,,,SE,,,,,,"2.513,62",,,,,,-,,,,,,"2.513,62",,,,,,"19.047,79",,,,,,,,,
NOSSA SENHORA DA GLORIA,,,SE,,,,,,"3.393,40",,,,,,-,,,,,,"3.393,40",,,,,,"25.714,56",,,,,,,,,
NOSSA SENHORA DAS DORES,,,SE,,,,,,"3.267,71",,,,,,-,,,,,,"3.267,71",,,,,,"24.762,16",,,,,,,,,
NOSSA SENHORA DE LOURDES,,,SE,,,,,,"2.513,62",,,,,,-,,,,,,"2.513,62",,,,,,"19.047,79",,,,,,,,,
NOSSA SENHORA DO SOCORRO,,,SE,,,,,,"4.901,57",,,,,,-,,,,,,"4.901,57",,,,,,"37.143,26",,,,,,,,,
PACATUBA,,,SE,,,,,,"48.917,23",,,,,,"3.484,14",,,,,,"52.401,37",,,,,,"395.450,41",,,,,,,,,
PEDRA MOLE,,,SE,,,,,,"2.513,62",,,,,,-,,,,,,"2.513,62",,,,,,"19.047,79",,,,,,,,,
PEDRINHAS,,,SE,,,,,,"2.513,62",,,,,,-,,,,,,"2.513,62",,,,,,"19.047,79",,,,,,,,,
PINHAO,,,SE,,,,,,"2.513,62",,,,,,-,,,,,,"2.513,62",,,,,,"19.047,79",,,,,,,,,
PIRAMBU,,,SE,,,,,,"1.107.201,58",,,,,,"5.915,42",,,,,,"1.113.117,00",,,,,,"7.246.871,12",,,,,,,,,
POCO REDONDO,,,SE,,,,,,"3.393,40",,,,,,-,,,,,,"3.393,40",,,,,,"25.714,56",,,,,,,,,
POCO VERDE,,,SE,,,,,,"3.142,03",,,,,,-,,,,,,"3.142,03",,,,,,"23.809,77",,,,,,,,,
PORTO DA FOLHA,,,SE,,,,,,"3.393,40",,,,,,-,,,,,,"3.393,40",,,,,,"25.714,56",,,,,,,,,
PROPRIA,,,SE,,,,,,"3.393,40",,,,,,-,,,,,,"3.393,40",,,,,,"25.714,56",,,,,,,,,
RIACHAO DO DANTAS,,,SE,,,,,,"3.142,03",,,,,,-,,,,,,"3.142,03",,,,,,"23.809,77",,,,,,,,,
RIACHUELO,,,SE,,,,,,"25.228,07",,,,,,"14.650,82",,,,,,"39.878,89",,,,,,"278.464,73",,,,,,,,,
RIBEIROPOLIS,,,SE,,,,,,"2.890,67",,,,,,-,,,,,,"2.890,67",,,,,,"21.904,97",,,,,,,,,
ROSARIO DO CATETE,,,SE,,,,,,"112.487,89",,,,,,"34.193,85",,,,,,"146.681,74",,,,,,"1.067.981,37",,,,,,,,,
SALGADO,,,SE,,,,,,"3.142,03",,,,,,-,,,,,,"3.142,03",,,,,,"23.809,77",,,,,,,,,
SANTA LUZIA DO ITANHY,,,SE,,,,,,"2.764,99",,,,,,-,,,,,,"2.764,99",,,,,,"20.952,58",,,,,,,,,
SANTA ROSA DE LIMA,,,SE,,,,,,"2.513,62",,,,,,-,,,,,,"2.513,62",,,,,,"19.047,79",,,,,,,,,
SANTANA DO SAO FRANCISCO,,,SE,,,,,,"2.513,62",,,,,,-,,,,,,"2.513,62",,,,,,"19.047,79",,,,,,,,,
SANTO AMARO DAS BROTAS,,,SE,,,,,,"76.639,56",,,,,,"4.149,27",,,,,,"80.788,83",,,,,,"594.463,50",,,,,,,,,
SAO CRISTOVAO,,,SE,,,,,,"75.374,82",,,,,,"2.216,99",,,,,,"77.591,81",,,,,,"566.700,49",,,,,,,,,
SAO DOMINGOS,,,SE,,,,,,"2.513,62",,,,,,-,,,,,,"2.513,62",,,,,,"19.047,79",,,,,,,,,
SAO FRANCISCO,,,SE,,,,,,"2.513,62",,,,,,-,,,,,,"2.513,62",,,,,,"19.047,79",,,,,,,,,
SAO MIGUEL DO ALEIXO,,,SE,,,,,,"2.513,62",,,,,,-,,,,,,"2.513,62",,,,,,"19.047,79",,,,,,,,,
SIMAO DIAS,,,SE,,,,,,"3.770,44",,,,,,-,,,,,,"3.770,44",,,,,,"28.571,74",,,,,,,,,
SIRIRI,,,SE,,,,,,"142.489,29",,,,,,"48.306,75",,,,,,"190.796,04",,,,,,"1.306.319,49",,,,,,,,,
TELHA,,,SE,,,,,,"2.513,62",,,,,,-,,,,,,"2.513,62",,,,,,"19.047,79",,,,,,,,,
TOBIAS BARRETO,,,SE,,,,,,"3.896,12",,,,,,-,,,,,,"3.896,12",,,,,,"29.524,13",,,,,,,,,
TOMAR DO GERU,,,SE,,,,,,"2.764,99",,,,,,-,,,,,,"2.764,99",,,,,,"20.952,58",,,,,,,,,
UMBAUBA,,,SE,,,,,,"3.142,03",,,,,,-,,,,,,"3.142,03",,,,,,"23.809,77",,,,,,,,,
TOTAL SERGIPE,,,,,,,,,"4.026.910,68",,,,,,"1.296.184,01",,,,,,"5.323.094,69",,,,,,"36.648.478,25",,,,,,,,,
ARUJA,,,SP,,,,,,"1.142,62",,,,,,-,,,,,,"1.142,62",,,,,,"8.907,44",,,,,,,,,
BARRA DO TURVO,,,SP,,,,,,"692,49",,,,,,-,,,,,,"692,49",,,,,,"5.398,43",,,,,,,,,
BARUERI,,,SP,,,,,,"1.384,99",,,,,,-,,,,,,"1.384,99",,,,,,"10.796,88",,,,,,,,,
BERTIOGA,,,SP,,,,,,"42.368,17",,,,,,"1.466.801,81",,,,,,"1.509.169,98",,,,,,"8.994.388,22",,,,,,,,,
BIRITIBA-MIRIM,,,SP,,,,,,"934,87",,,,,,-,,,,,,"934,87",,,,,,"7.287,90",,,,,,,,,
CAIEIRAS,,,SP,,,,,,"1.177,24",,,,,,-,,,,,,"1.177,24",,,,,,"9.177,36",,,,,,,,,
CAJAMAR,,,SP,,,,,,"1.107,99",,,,,,-,,,,,,"1.107,99",,,,,,"8.637,50",,,,,,,,,
Superintendência de Controle das Participações Governamentais,,,,,,,,,,,,,,,,,,,,,,,,,,,,,,,,,,,,
CAJATI,,,SP,,,,,,"969,49",,,,,,-,,,,,,"969,49",,,,,,"7.557,81",,,,,,,,,
CANANEIA,,,SP,,,,,,"33.289,28",,,,,,"56.376,24",,,,,,"89.665,52",,,,,,"698.999,77",,,,,,,,,
CARAGUATATUBA,,,SP,,,,,,-,,,,,,"1.407.989,57",,,,,,"1.407.989,57",,,,,,"8.205.622,49",,,,,,,,,
CARAPICUIBA,,,SP,,,,,,"1.384,99",,,,,,-,,,,,,"1.384,99",,,,,,"10.796,88",,,,,,,,,
COTIA,,,SP,,,,,,"1.384,99",,,,,,-,,,,,,"1.384,99",,,,,,"10.796,88",,,,,,,,,
CUBATAO,,,SP,,,,,,"55.986,52",,,,,,-,,,,,,"55.986,52",,,,,,"463.567,93",,,,,,,,,
DIADEMA,,,SP,,,,,,"1.384,99",,,,,,-,,,,,,"1.384,99",,,,,,"10.796,88",,,,,,,,,
ELDORADO,,,SP,,,,,,"796,37",,,,,,-,,,,,,"796,37",,,,,,"6.208,18",,,,,,,,,
EMBU-GUACU,,,SP,,,,,,"1.142,62",,,,,,-,,,,,,"1.142,62",,,,,,"8.907,44",,,,,,,,,
EMBU,,,SP,,,,,,"1.384,99",,,,,,-,,,,,,"1.384,99",,,,,,"10.796,88",,,,,,,,,
FERRAZ DE VASCONCELOS,,,SP,,,,,,"1.350,37",,,,,,-,,,,,,"1.350,37",,,,,,"10.526,98",,,,,,,,,
FRANCISCO MORATO,,,SP,,,,,,"1.350,37",,,,,,-,,,,,,"1.350,37",,,,,,"10.526,98",,,,,,,,,
FRANCO DA ROCHA,,,SP,,,,,,"1.281,12",,,,,,-,,,,,,"1.281,12",,,,,,"9.987,11",,,,,,,,,
GUARAREMA,,,SP,,,,,,"900,24",,,,,,-,,,,,,"900,24",,,,,,"7.017,97",,,,,,,,,
GUARUJA,,,SP,,,,,,"1.384,99",,,,,,-,,,,,,"1.384,99",,,,,,"37.914,26",,,,,,,,,
GUARULHOS,,,SP,,,,,,"1.384,99",,,,,,-,,,,,,"1.384,99",,,,,,"10.796,88",,,,,,,,,
IGUAPE,,,SP,,,,,,"934,87",,,,,,-,,,,,,"934,87",,,,,,"7.287,90",,,,,,,,,
ILHA COMPRIDA,,,SP,,,,,,"692,49",,,,,,-,,,,,,"692,49",,,,,,"5.398,43",,,,,,,,,
ILHABELA,,,SP,,,,,,-,,,,,,"1.407.989,57",,,,,,"1.407.989,57",,,,,,"8.205.622,49",,,,,,,,,
ITANHAEM,,,SP,,,,,,"1.177,24",,,,,,-,,,,,,"1.177,24",,,,,,"9.177,36",,,,,,,,,
ITAPECERICA DA SERRA,,,SP,,,,,,"1.350,37",,,,,,-,,,,,,"1.350,37",,,,,,"10.526,98",,,,,,,,,
ITAPEVI,,,SP,,,,,,"1.384,99",,,,,,-,,,,,,"1.384,99",,,,,,"10.796,88",,,,,,,,,
ITAQUAQUECETUBA,,,SP,,,,,,"1.384,99",,,,,,-,,,,,,"1.384,99",,,,,,"10.796,88",,,,,,,,,
ITARIRI,,,SP,,,,,,"761,74",,,,,,-,,,,,,"761,74",,,,,,"5.938,28",,,,,,,,,
JACUPIRANGA,,,SP,,,,,,"830,99",,,,,,-,,,,,,"830,99",,,,,,"6.478,12",,,,,,,,,
JANDIRA,,,SP,,,,,,"1.246,49",,,,,,-,,,,,,"1.246,49",,,,,,"9.717,21",,,,,,,,,
JUQUIA,,,SP,,,,,,"900,24",,,,,,-,,,,,,"900,24",,,,,,"7.017,97",,,,,,,,,
JUQUITIBA,,,SP,,,,,,"934,87",,,,,,-,,,,,,"934,87",,,,,,"7.287,90",,,,,,,,,
MAIRIPORA,,,SP,,,,,,"1.142,62",,,,,,-,,,,,,"1.142,62",,,,,,"8.907,44",,,,,,,,,
MAUA,,,SP,,,,,,"1.384,99",,,,,,-,,,,,,"1.384,99",,,,,,"10.796,88",,,,,,,,,
MIRACATU,,,SP,,,,,,"900,24",,,,,,-,,,,,,"900,24",,,,,,"7.017,97",,,,,,,,,
MOJI DAS CRUZES,,,SP,,,,,,"1.384,99",,,,,,-,,,,,,"1.384,99",,,,,,"10.796,88",,,,,,,,,
MONGAGUA,,,SP,,,,,,"1.004,12",,,,,,-,,,,,,"1.004,12",,,,,,"7.827,74",,,,,,,,,
OSASCO,,,SP,,,,,,"1.384,99",,,,,,-,,,,,,"1.384,99",,,,,,"10.796,88",,,,,,,,,
PARIQUERA-ACU,,,SP,,,,,,"830,99",,,,,,-,,,,,,"830,99",,,,,,"6.478,12",,,,,,,,,
PEDRO DE TOLEDO,,,SP,,,,,,"692,49",,,,,,-,,,,,,"692,49",,,,,,"5.398,43",,,,,,,,,
PERUIBE,,,SP,,,,,,"1.107,99",,,,,,-,,,,,,"1.107,99",,,,,,"8.637,50",,,,,,,,,
PIRAPORA DO BOM JESUS,,,SP,,,,,,"761,74",,,,,,-,,,,,,"761,74",,,,,,"5.938,28",,,,,,,,,
POA,,,SP,,,,,,"1.246,49",,,,,,-,,,,,,"1.246,49",,,,,,"9.717,21",,,,,,,,,
PRAIA GRANDE,,,SP,,,,,,"10.970,33",,,,,,-,,,,,,"10.970,33",,,,,,"112.638,07",,,,,,,,,
REGISTRO,,,SP,,,,,,"1.107,99",,,,,,-,,,,,,"1.107,99",,,,,,"8.637,50",,,,,,,,,
RIBEIRAO PIRES,,,SP,,,,,,"1.281,12",,,,,,-,,,,,,"1.281,12",,,,,,"9.987,11",,,,,,,,,
RIO GRANDE DA SERRA,,,SP,,,,,,"1.038,74",,,,,,-,,,,,,"1.038,74",,,,,,"8.097,65",,,,,,,,,
SALESOPOLIS,,,SP,,,,,,"796,37",,,,,,-,,,,,,"796,37",,,,,,"6.208,18",,,,,,,,,
SANTA ISABEL,,,SP,,,,,,"1.073,37",,,,,,-,,,,,,"1.073,37",,,,,,"8.367,59",,,,,,,,,
SANTANA DE PARNAIBA,,,SP,,,,,,"1.211,87",,,,,,-,,,,,,"1.211,87",,,,,,"9.447,26",,,,,,,,,
SANTO ANDRE,,,SP,,,,,,"1.384,99",,,,,,-,,,,,,"1.384,99",,,,,,"10.796,88",,,,,,,,,
SANTOS,,,SP,,,,,,"1.384,99",,,,,,-,,,,,,"1.384,99",,,,,,"928.602,70",,,,,,,,,
SAO BERNARDO DO CAMPO,,,SP,,,,,,"1.384,99",,,,,,-,,,,,,"1.384,99",,,,,,"10.796,88",,,,,,,,,
SAO CAETANO DO SUL,,,SP,,,,,,"1.350,37",,,,,,-,,,,,,"1.350,37",,,,,,"10.526,98",,,,,,,,,
SAO LOURENCO DA SERRA,,,SP,,,,,,"761,74",,,,,,-,,,,,,"761,74",,,,,,"5.938,28",,,,,,,,,
SAO PAULO,,,SP,,,,,,"1.384,99",,,,,,-,,,,,,"1.384,99",,,,,,"10.796,88",,,,,,,,,
SAO SEBASTIAO,,,SP,,,,,,"991.824,47",,,,,,"2.815.979,15",,,,,,"3.807.803,62",,,,,,"22.971.482,57",,,,,,,,,
SAO VICENTE,,,SP,,,,,,"10.970,33",,,,,,-,,,,,,"10.970,33",,,,,,"112.638,07",,,,,,,,,
SETE BARRAS,,,SP,,,,,,"761,74",,,,,,-,,,,,,"761,74",,,,,,"5.938,28",,,,,,,,,
SUZANO,,,SP,,,,,,"1.384,99",,,,,,-,,,,,,"1.384,99",,,,,,"10.796,88",,,,,,,,,
TABOAO DA SERRA,,,SP,,,,,,"1.384,99",,,,,,-,,,,,,"1.384,99",,,,,,"10.796,88",,,,,,,,,
VARGEM GRANDE PAULISTA,,,SP,,,,,,"1.004,12",,,,,,-,,,,,,"1.004,12",,,,,,"7.827,74",,,,,,,,,
