ANADIA,,,AL,,,,,"559,26",,,,,,,-,,,,,,,"559,26",,,,,"1.091,99",,,,,,,,,
ATALAIA,,,AL,,,,,"722,38",,,,,,,-,,,,,,,"722,38",,,,,"1.410,49",,,,,,,,,
BARRA DE SANTO ANTONIO,,,AL,,,,,"489,35",,,,,,,-,,,,,,,"489,35",,,,,"955,49",,,,,,,,,
BARRA DE SAO MIGUEL,,,AL,,,,,"466,05",,,,,,,-,,,,,,,"466,05",,,,,"909,99",,,,,,,,,
BOCA DA MATA,,,AL,,,,,"629,17",,,,,,,-,,,,,,,"629,17",,,,,"1.228,49",,,,,,,,,
BRANQUINHA,,,AL,,,,,"489,35",,,,,,,-,,,,,,,"489,35",,,,,"955,49",,,,,,,,,
CAJUEIRO,,,AL,,,,,"582,56",,,,,,,-,,,,,,,"582,56",,,,,"1.137,49",,,,,,,,,
CAMPESTRE,,,AL,,,,,"466,05",,,,,,,-,,,,,,,"466,05",,,,,"909,99",,,,,,,,,
CAMPO ALEGRE,,,AL,,,,,"722,38",,,,,,,-,,,,,,,"722,38",,,,,"1.410,49",,,,,,,,,
CAPELA,,,AL,,,,,"582,56",,,,,,,-,,,,,,,"582,56",,,,,"1.137,49",,,,,,,,,
CHA PRETA,,,AL,,,,,"466,05",,,,,,,-,,,,,,,"466,05",,,,,"909,99",,,,,,,,,
COLONIA LEOPOLDINA,,,AL,,,,,"559,26",,,,,,,-,,,,,,,"559,26",,,,,"1.091,99",,,,,,,,,
COQUEIRO SECO,,,AL,,,,,"466,05",,,,,,,-,,,,,,,"466,05",,,,,"909,99",,,,,,,,,
CORURIPE,,,AL,,,,,"918.468,64",,,,,,,"28.644,68",,,,,,,"947.113,32",,,,,"1.767.856,30",,,,,,,,,
FELIZ DESERTO,,,AL,,,,,"16.603,14",,,,,,,"23.202,89",,,,,,,"39.806,03",,,,,"77.723,79",,,,,,,,,
FLEXEIRAS,,,AL,,,,,"512,65",,,,,,,-,,,,,,,"512,65",,,,,"1.000,98",,,,,,,,,
IBATEGUARA,,,AL,,,,,"535,96",,,,,,,-,,,,,,,"535,96",,,,,"1.046,49",,,,,,,,,
IGREJA NOVA,,,AL,,,,,"605,86",,,,,,,-,,,,,,,"605,86",,,,,"1.182,98",,,,,,,,,
JACUIPE,,,AL,,,,,"466,05",,,,,,,-,,,,,,,"466,05",,,,,"909,99",,,,,,,,,
JAPARATINGA,,,AL,,,,,"466,05",,,,,,,-,,,,,,,"466,05",,,,,"909,99",,,,,,,,,
JEQUIA DA PRAIA,,,AL,,,,,"512,65",,,,,,,-,,,,,,,"512,65",,,,,"1.000,98",,,,,,,,,
JOAQUIM GOMES,,,AL,,,,,"605,86",,,,,,,-,,,,,,,"605,86",,,,,"1.182,98",,,,,,,,,
JUNDIA,,,AL,,,,,"466,05",,,,,,,-,,,,,,,"466,05",,,,,"909,99",,,,,,,,,
JUNQUEIRO,,,AL,,,,,"605,86",,,,,,,-,,,,,,,"605,86",,,,,"1.182,98",,,,,,,,,
MACEIO,,,AL,,,,,"74.268,46",,,,,,,"14.407,30",,,,,,,"88.675,76",,,,,"156.239,19",,,,,,,,,
MARAGOGI,,,AL,,,,,"605,86",,,,,,,-,,,,,,,"605,86",,,,,"1.182,98",,,,,,,,,
MARECHAL DEODORO,,,AL,,,,,"138.115,13",,,,,,,"76.194,23",,,,,,,"214.309,36",,,,,"406.188,07",,,,,,,,,
MATRIZ DE CAMARAGIBE,,,AL,,,,,"605,86",,,,,,,-,,,,,,,"605,86",,,,,"1.182,98",,,,,,,,,
MESSIAS,,,AL,,,,,"489,35",,,,,,,-,,,,,,,"489,35",,,,,"955,49",,,,,,,,,
MURICI,,,AL,,,,,"629,17",,,,,,,-,,,,,,,"629,17",,,,,"1.228,49",,,,,,,,,
NOVO LINO,,,AL,,,,,"489,35",,,,,,,-,,,,,,,"489,35",,,,,"955,49",,,,,,,,,
PARIPUEIRA,,,AL,,,,,"466,05",,,,,,,"1.339,58",,,,,,,"1.805,63",,,,,"2.249,57",,,,,,,,,
PASSO DE CAMARAGIBE,,,AL,,,,,"512,65",,,,,,,-,,,,,,,"512,65",,,,,"1.000,98",,,,,,,,,
PENEDO,,,AL,,,,,"768,98",,,,,,,-,,,,,,,"768,98",,,,,"1.501,48",,,,,,,,,
PIACABUCU,,,AL,,,,,"559,26",,,,,,,-,,,,,,,"559,26",,,,,"1.091,99",,,,,,,,,
PILAR,,,AL,,,,,"129.399,10",,,,,,,"83.041,57",,,,,,,"212.440,67",,,,,"414.907,16",,,,,,,,,
PINDOBA,,,AL,,,,,"466,05",,,,,,,-,,,,,,,"466,05",,,,,"909,99",,,,,,,,,
PORTO CALVO,,,AL,,,,,"605,86",,,,,,,-,,,,,,,"605,86",,,,,"1.182,98",,,,,,,,,
PORTO DE PEDRAS,,,AL,,,,,"489,35",,,,,,,-,,,,,,,"489,35",,,,,"955,49",,,,,,,,,
PORTO REAL DO COLEGIO,,,AL,,,,,"582,56",,,,,,,-,,,,,,,"582,56",,,,,"1.137,49",,,,,,,,,
RIO LARGO,,,AL,,,,,"2.343,32",,,,,,,"1.015,44",,,,,,,"3.358,76",,,,,"5.990,18",,,,,,,,,
ROTEIRO,,,AL,,,,,"958,19",,,,,,,"317,43",,,,,,,"1.275,62",,,,,"2.370,82",,,,,,,,,
SANTA LUZIA DO NORTE,,,AL,,,,,"466,05",,,,,,,-,,,,,,,"466,05",,,,,"909,99",,,,,,,,,
SANTANA DO MUNDAU,,,AL,,,,,"489,35",,,,,,,-,,,,,,,"489,35",,,,,"955,49",,,,,,,,,
SAO JOSE DA LAJE,,,AL,,,,,"605,86",,,,,,,-,,,,,,,"605,86",,,,,"1.182,98",,,,,,,,,
SAO LUIS DO QUITUNDE,,,AL,,,,,"652,47",,,,,,,-,,,,,,,"652,47",,,,,"1.273,99",,,,,,,,,
Superintendência de Controle das Participações Governamentais,,,,,,,,,,,,,,,,,,,,,,,,,,,,,,,,,,,,
SAO MIGUEL DOS CAMPOS,,,AL,,,,,"120.816,37",,,,,,,"34.104,75",,,,,,,"154.921,12",,,,,"293.885,13",,,,,,,,,
SAO MIGUEL DOS MILAGRES,,,AL,,,,,"466,05",,,,,,,-,,,,,,,"466,05",,,,,"909,99",,,,,,,,,
SATUBA,,,AL,,,,,"51.190,54",,,,,,,"32.687,24",,,,,,,"83.877,78",,,,,"125.538,08",,,,,,,,,
TEOTONIO VILELA,,,AL,,,,,"699,07",,,,,,,-,,,,,,,"699,07",,,,,"1.364,98",,,,,,,,,
UNIAO DOS PALMARES,,,AL,,,,,"768,98",,,,,,,-,,,,,,,"768,98",,,,,"1.501,48",,,,,,,,,
VICOSA,,,AL,,,,,"629,17",,,,,,,-,,,,,,,"629,17",,,,,"1.228,49",,,,,,,,,
ANAMA,,,AM,,,,,-,,,,,,,"2.513,54",,,,,,,"2.513,54",,,,,"5.067,29",,,,,,,,,
ANORI,,,AM,,,,,-,,,,,,,"2.513,54",,,,,,,"2.513,54",,,,,"5.067,29",,,,,,,,,
AUTAZES,,,AM,,,,,-,,,,,,,"5.776,53",,,,,,,"5.776,53",,,,,"11.460,33",,,,,,,,,
BERURI,,,AM,,,,,-,,,,,,,"2.513,54",,,,,,,"2.513,54",,,,,"5.067,29",,,,,,,,,
CAREIRO DA VARZEA,,,AM,,,,,-,,,,,,,"5.776,53",,,,,,,"5.776,53",,,,,"11.460,33",,,,,,,,,
CAREIRO,,,AM,,,,,-,,,,,,,"2.513,54",,,,,,,"2.513,54",,,,,"5.067,29",,,,,,,,,
COARI,,,AM,,,,,"1.437.460,82",,,,,,,"1.204.793,33",,,,,,,"2.642.254,15",,,,,"4.863.993,08",,,,,,,,,
CODAJAS,,,AM,,,,,-,,,,,,,"2.513,54",,,,,,,"2.513,54",,,,,"5.067,29",,,,,,,,,
IRANDUBA,,,AM,,,,,-,,,,,,,"5.776,53",,,,,,,"5.776,53",,,,,"11.460,33",,,,,,,,,
ITACOATIARA,,,AM,,,,,-,,,,,,,"5.776,53",,,,,,,"5.776,53",,,,,"11.460,33",,,,,,,,,
ITAPIRANGA,,,AM,,,,,-,,,,,,,"5.776,53",,,,,,,"5.776,53",,,,,"11.460,33",,,,,,,,,
MANACAPURU,,,AM,,,,,-,,,,,,,"2.513,54",,,,,,,"2.513,54",,,,,"5.067,29",,,,,,,,,
MANAQUIRI,,,AM,,,,,-,,,,,,,"2.513,54",,,,,,,"2.513,54",,,,,"5.067,29",,,,,,,,,
MANAUS,,,AM,,,,,"65.818,49",,,,,,,"65.598,00",,,,,,,"131.416,49",,,,,"993.485,73",,,,,,,,,
PARINTINS,,,AM,,,,,-,,,,,,,"5.776,53",,,,,,,"5.776,53",,,,,"11.460,33",,,,,,,,,
SILVES,,,AM,,,,,-,,,,,,,"5.776,53",,,,,,,"5.776,53",,,,,"11.460,33",,,,,,,,,
URUCARA,,,AM,,,,,-,,,,,,,"5.776,53",,,,,,,"5.776,53",,,,,"11.460,33",,,,,,,,,
URUCURITUBA,,,AM,,,,,-,,,,,,,"5.776,53",,,,,,,"5.776,53",,,,,"11.460,33",,,,,,,,,
LARANJAL DO JARI,,,AP,,,,,-,,,,,,,"5.776,53",,,,,,,"5.776,53",,,,,"11.460,33",,,,,,,,,
MACAPA,,,AP,,,,,-,,,,,,,"5.776,53",,,,,,,"5.776,53",,,,,"11.460,33",,,,,,,,,
MAZAGAO,,,AP,,,,,-,,,,,,,"5.776,53",,,,,,,"5.776,53",,,,,"11.460,33",,,,,,,,,
ACAJUTIBA,,,BA,,,,,"78,64",,,,,,,-,,,,,,,"78,64",,,,,"152,20",,,,,,,,,
ADUSTINA,,,BA,,,,,"78,64",,,,,,,-,,,,,,,"78,64",,,,,"152,20",,,,,,,,,
AGUA FRIA,,,BA,,,,,"78,64",,,,,,,-,,,,,,,"78,64",,,,,"152,20",,,,,,,,,
AIQUARA,,,BA,,,,,"68,38",,,,,,,-,,,,,,,"68,38",,,,,"132,34",,,,,,,,,
ALAGOINHAS,,,BA,,,,,"246.373,24",,,,,,,"131.860,28",,,,,,,"378.233,52",,,,,"683.567,62",,,,,,,,,
AMARGOSA,,,BA,,,,,"95,74",,,,,,,-,,,,,,,"95,74",,,,,"185,29",,,,,,,,,
AMELIA RODRIGUES,,,BA,,,,,"92,32",,,,,,,-,,,,,,,"92,32",,,,,"178,67",,,,,,,,,
ANAGE,,,BA,,,,,"105,99",,,,,,,-,,,,,,,"105,99",,,,,"205,14",,,,,,,,,
ANGUERA,,,BA,,,,,"68,38",,,,,,,-,,,,,,,"68,38",,,,,"132,34",,,,,,,,,
ANTAS,,,BA,,,,,"78,64",,,,,,,-,,,,,,,"78,64",,,,,"152,20",,,,,,,,,
ANTONIO CARDOSO,,,BA,,,,,"71,80",,,,,,,-,,,,,,,"71,80",,,,,"138,96",,,,,,,,,
APORA,,,BA,,,,,"82,06",,,,,,,-,,,,,,,"82,06",,,,,"158,82",,,,,,,,,
APUAREMA,,,BA,,,,,"68,38",,,,,,,-,,,,,,,"68,38",,,,,"132,34",,,,,,,,,
ARACAS,,,BA,,,,,"210.276,72",,,,,,,"96.906,76",,,,,,,"307.183,48",,,,,"562.775,29",,,,,,,,,
ARACI,,,BA,,,,,"105,99",,,,,,,-,,,,,,,"105,99",,,,,"205,14",,,,,,,,,
ARAMARI,,,BA,,,,,"68,38",,,,,,,-,,,,,,,"68,38",,,,,"132,34",,,,,,,,,
ARATUIPE,,,BA,,,,,"68,38",,,,,,,-,,,,,,,"68,38",,,,,"132,34",,,,,,,,,
BAIXA GRANDE,,,BA,,,,,"88,90",,,,,,,-,,,,,,,"88,90",,,,,"172,05",,,,,,,,,
BANZAE,,,BA,,,,,"71,80",,,,,,,-,,,,,,,"71,80",,,,,"138,96",,,,,,,,,
BARRA DO CHOCA,,,BA,,,,,"105,99",,,,,,,-,,,,,,,"105,99",,,,,"205,14",,,,,,,,,
BARROCAS,,,BA,,,,,"75,22",,,,,,,-,,,,,,,"75,22",,,,,"145,58",,,,,,,,,
BELO CAMPO,,,BA,,,,,"82,06",,,,,,,-,,,,,,,"82,06",,,,,"158,82",,,,,,,,,
BIRITINGA,,,BA,,,,,"78,64",,,,,,,-,,,,,,,"78,64",,,,,"152,20",,,,,,,,,
Superintendência de Controle das Participações Governamentais,,,,,,,,,,,,,,,,,,,,,,,,,,,,,,,,,,,,
BOA NOVA,,,BA,,,,,"88,90",,,,,,,-,,,,,,,"88,90",,,,,"172,05",,,,,,,,,
BOA VISTA DO TUPIM,,,BA,,,,,"85,48",,,,,,,-,,,,,,,"85,48",,,,,"165,44",,,,,,,,,
BOM JESUS DA SERRA,,,BA,,,,,"71,80",,,,,,,-,,,,,,,"71,80",,,,,"138,96",,,,,,,,,
BREJOES,,,BA,,,,,"78,64",,,,,,,-,,,,,,,"78,64",,,,,"152,20",,,,,,,,,
CAATIBA,,,BA,,,,,"78,64",,,,,,,-,,,,,,,"78,64",,,,,"152,20",,,,,,,,,
CABACEIRAS DO PARAGUACU,,,BA,,,,,"78,64",,,,,,,-,,,,,,,"78,64",,,,,"152,20",,,,,,,,,
CACHOEIRA,,,BA,,,,,"95,74",,,,,,,-,,,,,,,"95,74",,,,,"185,29",,,,,,,,,
CAEM,,,BA,,,,,"75,22",,,,,,,-,,,,,,,"75,22",,,,,"145,58",,,,,,,,,
CAETANOS,,,BA,,,,,"75,22",,,,,,,-,,,,,,,"75,22",,,,,"145,58",,,,,,,,,
CAMACARI,,,BA,,,,,"202,73",,,,,,,"27,70",,,,,,,"230,43",,,,,"927,34",,,,,,,,,
CANDEAL,,,BA,,,,,"71,80",,,,,,,-,,,,,,,"71,80",,,,,"138,96",,,,,,,,,
CANDEIAS,,,BA,,,,,"189.985,49",,,,,,,"228.790,43",,,,,,,"418.775,92",,,,,"699.769,12",,,,,,,,,
CANDIDO SALES,,,BA,,,,,"95,74",,,,,,,-,,,,,,,"95,74",,,,,"185,29",,,,,,,,,
CANSANCAO,,,BA,,,,,"95,74",,,,,,,-,,,,,,,"95,74",,,,,"185,29",,,,,,,,,
CANUDOS,,,BA,,,,,"75,22",,,,,,,-,,,,,,,"75,22",,,,,"145,58",,,,,,,,,
CAPELA DO ALTO ALEGRE,,,BA,,,,,"71,80",,,,,,,-,,,,,,,"71,80",,,,,"138,96",,,,,,,,,
CAPIM GROSSO,,,BA,,,,,"88,90",,,,,,,-,,,,,,,"88,90",,,,,"172,05",,,,,,,,,
CARDEAL DA SILVA,,,BA,,,,,"104.929,59",,,,,,,"25.271,41",,,,,,,"130.201,00",,,,,"244.449,44",,,,,,,,,
CASTRO ALVES,,,BA,,,,,"92,32",,,,,,,-,,,,,,,"92,32",,,,,"178,67",,,,,,,,,
CATU,,,BA,,,,,"193.986,97",,,,,,,"91.945,80",,,,,,,"285.932,77",,,,,"502.493,78",,,,,,,,,
CICERO DANTAS,,,BA,,,,,"95,74",,,,,,,-,,,,,,,"95,74",,,,,"185,29",,,,,,,,,
CIPO,,,BA,,,,,"78,64",,,,,,,-,,,,,,,"78,64",,,,,"152,20",,,,,,,,,
CONCEICAO DA FEIRA,,,BA,,,,,"82,06",,,,,,,-,,,,,,,"82,06",,,,,"158,82",,,,,,,,,
CONCEICAO DO ALMEIDA,,,BA,,,,,"85,48",,,,,,,-,,,,,,,"85,48",,,,,"165,44",,,,,,,,,
CONCEICAO DO COITE,,,BA,,,,,"112,83",,,,,,,-,,,,,,,"112,83",,,,,"218,37",,,,,,,,,
CONCEICAO DO JACUIPE,,,BA,,,,,"92,32",,,,,,,-,,,,,,,"92,32",,,,,"178,67",,,,,,,,,
CONDE,,,BA,,,,,"88,90",,,,,,,-,,,,,,,"88,90",,,,,"172,05",,,,,,,,,
CORACAO DE MARIA,,,BA,,,,,"88,90",,,,,,,-,,,,,,,"88,90",,,,,"172,05",,,,,,,,,
CORONEL JOAO SA,,,BA,,,,,"85,48",,,,,,,-,,,,,,,"85,48",,,,,"165,44",,,,,,,,,
CRAVOLANDIA,,,BA,,,,,"68,38",,,,,,,-,,,,,,,"68,38",,,,,"132,34",,,,,,,,,
CRISOPOLIS,,,BA,,,,,"85,48",,,,,,,-,,,,,,,"85,48",,,,,"165,44",,,,,,,,,
CRUZ DAS ALMAS,,,BA,,,,,"109,41",,,,,,,-,,,,,,,"109,41",,,,,"211,76",,,,,,,,,
DARIO MEIRA,,,BA,,,,,"78,64",,,,,,,-,,,,,,,"78,64",,,,,"152,20",,,,,,,,,
DIAS D'AVILA,,,BA,,,,,"105,99",,,,,,,-,,,,,,,"105,99",,,,,"205,14",,,,,,,,,
DOM MACEDO COSTA,,,BA,,,,,"68,38",,,,,,,-,,,,,,,"68,38",,,,,"132,34",,,,,,,,,
ELISIO MEDRADO,,,BA,,,,,"68,38",,,,,,,-,,,,,,,"68,38",,,,,"132,34",,,,,,,,,
ENCRUZILHADA,,,BA,,,,,"99,16",,,,,,,-,,,,,,,"99,16",,,,,"191,91",,,,,,,,,
ENTRE RIOS,,,BA,,,,,"198.878,02",,,,,,,"112.065,97",,,,,,,"310.943,99",,,,,"576.950,98",,,,,,,,,
ESPLANADA,,,BA,,,,,"345.358,74",,,,,,,"211.239,39",,,,,,,"556.598,13",,,,,"1.005.756,72",,,,,,,,,
EUCLIDES DA CUNHA,,,BA,,,,,"109,41",,,,,,,-,,,,,,,"109,41",,,,,"211,76",,,,,,,,,
FATIMA,,,BA,,,,,"85,48",,,,,,,-,,,,,,,"85,48",,,,,"165,44",,,,,,,,,
FEIRA DE SANTANA,,,BA,,,,,"136,77",,,,,,,-,,,,,,,"136,77",,,,,"264,70",,,,,,,,,
GAVIAO,,,BA,,,,,"68,38",,,,,,,-,,,,,,,"68,38",,,,,"132,34",,,,,,,,,
GLORIA,,,BA,,,,,"78,64",,,,,,,-,,,,,,,"78,64",,,,,"152,20",,,,,,,,,
GOVERNADOR MANGABEIRA,,,BA,,,,,"82,06",,,,,,,-,,,,,,,"82,06",,,,,"158,82",,,,,,,,,
HELIOPOLIS,,,BA,,,,,"75,22",,,,,,,-,,,,,,,"75,22",,,,,"145,58",,,,,,,,,
IACU,,,BA,,,,,"95,74",,,,,,,-,,,,,,,"95,74",,,,,"185,29",,,,,,,,,
IBIQUERA,,,BA,,,,,"68,38",,,,,,,-,,,,,,,"68,38",,,,,"132,34",,,,,,,,,
ICHU,,,BA,,,,,"68,38",,,,,,,-,,,,,,,"68,38",,,,,"132,34",,,,,,,,,
INHAMBUPE,,,BA,,,,,"95,74",,,,,,,-,,,,,,,"95,74",,,,,"185,29",,,,,,,,,
Superintendência de Controle das Participações Governamentais,,,,,,,,,,,,,,,,,,,,,,,,,,,,,,,,,,,,
IPECAETA,,,BA,,,,,"85,48",,,,,,,-,,,,,,,"85,48",,,,,"165,44",,,,,,,,,
IPIRA,,,BA,,,,,"112,83",,,,,,,-,,,,,,,"112,83",,,,,"218,37",,,,,,,,,
IRAJUBA,,,BA,,,,,"68,38",,,,,,,-,,,,,,,"68,38",,,,,"132,34",,,,,,,,,
IRARA,,,BA,,,,,"92,32",,,,,,,-,,,,,,,"92,32",,,,,"178,67",,,,,,,,,
ITABERABA,,,BA,,,,,"112,83",,,,,,,-,,,,,,,"112,83",,,,,"218,37",,,,,,,,,
ITAGI,,,BA,,,,,"78,64",,,,,,,-,,,,,,,"78,64",,,,,"152,20",,,,,,,,,
ITAMBE,,,BA,,,,,"95,74",,,,,,,-,,,,,,,"95,74",,,,,"185,29",,,,,,,,,
ITANAGRA,,,BA,,,,,"84.046,96",,,,,,,"14.547,81",,,,,,,"98.594,77",,,,,"180.842,99",,,,,,,,,
ITAPARICA,,,BA,,,,,"2.367,61",,,,,,,"141.726,37",,,,,,,"144.093,98",,,,,"206.327,08",,,,,,,,,
ITAPETINGA,,,BA,,,,,"112,83",,,,,,,-,,,,,,,"112,83",,,,,"218,37",,,,,,,,,
ITAPICURU,,,BA,,,,,"92,32",,,,,,,-,,,,,,,"92,32",,,,,"178,67",,,,,,,,,
ITAQUARA,,,BA,,,,,"68,38",,,,,,,-,,,,,,,"68,38",,,,,"132,34",,,,,,,,,
ITARANTIM,,,BA,,,,,"78,64",,,,,,,-,,,,,,,"78,64",,,,,"152,20",,,,,,,,,
ITATIM,,,BA,,,,,"75,22",,,,,,,-,,,,,,,"75,22",,,,,"145,58",,,,,,,,,
ITIRUCU,,,BA,,,,,"75,22",,,,,,,-,,,,,,,"75,22",,,,,"145,58",,,,,,,,,
ITIUBA,,,BA,,,,,"99,16",,,,,,,-,,,,,,,"99,16",,,,,"191,91",,,,,,,,,
JACOBINA,,,BA,,,,,"119,67",,,,,,,-,,,,,,,"119,67",,,,,"231,61",,,,,,,,,
JAGUAQUARA,,,BA,,,,,"105,99",,,,,,,-,,,,,,,"105,99",,,,,"205,14",,,,,,,,,
JAGUARIPE,,,BA,,,,,"75,22",,,,,,,-,,,,,,,"75,22",,,,,"145,58",,,,,,,,,
JANDAIRA,,,BA,,,,,"71,80",,,,,,,-,,,,,,,"71,80",,,,,"138,96",,,,,,,,,
JEQUIE,,,BA,,,,,"136,77",,,,,,,-,,,,,,,"136,77",,,,,"264,70",,,,,,,,,
JEREMOABO,,,BA,,,,,"99,16",,,,,,,-,,,,,,,"99,16",,,,,"191,91",,,,,,,,,
JIQUIRICA,,,BA,,,,,"75,22",,,,,,,-,,,,,,,"75,22",,,,,"145,58",,,,,,,,,
JITAUNA,,,BA,,,,,"88,90",,,,,,,-,,,,,,,"88,90",,,,,"172,05",,,,,,,,,
LAFAIETE COUTINHO,,,BA,,,,,"68,38",,,,,,,-,,,,,,,"68,38",,,,,"132,34",,,,,,,,,
LAJE,,,BA,,,,,"85,48",,,,,,,-,,,,,,,"85,48",,,,,"165,44",,,,,,,,,
LAJEDINHO,,,BA,,,,,"68,38",,,,,,,-,,,,,,,"68,38",,,,,"132,34",,,,,,,,,
LAJEDO DO TABOCAL,,,BA,,,,,"68,38",,,,,,,-,,,,,,,"68,38",,,,,"132,34",,,,,,,,,
LAMARAO,,,BA,,,,,"68,38",,,,,,,-,,,,,,,"68,38",,,,,"132,34",,,,,,,,,
LAURO DE FREITAS,,,BA,,,,,"129,93",,,,,,,-,,,,,,,"129,93",,,,,"251,47",,,,,,,,,
MACAJUBA,,,BA,,,,,"71,80",,,,,,,-,,,,,,,"71,80",,,,,"138,96",,,,,,,,,
MACARANI,,,BA,,,,,"78,64",,,,,,,-,,,,,,,"78,64",,,,,"152,20",,,,,,,,,
MADRE DE DEUS,,,BA,,,,,"957.666,64",,,,,,,"650.795,17",,,,,,,"1.608.461,81",,,,,"2.701.934,01",,,,,,,,,
MAIQUINIQUE,,,BA,,,,,"68,38",,,,,,,-,,,,,,,"68,38",,,,,"132,34",,,,,,,,,
MAIRI,,,BA,,,,,"88,90",,,,,,,-,,,,,,,"88,90",,,,,"172,05",,,,,,,,,
MANOEL VITORINO,,,BA,,,,,"82,06",,,,,,,-,,,,,,,"82,06",,,,,"158,82",,,,,,,,,
MARACAS,,,BA,,,,,"95,74",,,,,,,-,,,,,,,"95,74",,,,,"185,29",,,,,,,,,
MARAGOGIPE,,,BA,,,,,"105,99",,,,,,,-,,,,,,,"105,99",,,,,"205,14",,,,,,,,,
MARCIONILIO SOUZA,,,BA,,,,,"71,80",,,,,,,-,,,,,,,"71,80",,,,,"138,96",,,,,,,,,
MATA DE SAO JOAO,,,BA,,,,,"158.307,59",,,,,,,"62.296,94",,,,,,,"220.604,53",,,,,"410.695,15",,,,,,,,,
MIGUEL CALMON,,,BA,,,,,"95,74",,,,,,,-,,,,,,,"95,74",,,,,"185,29",,,,,,,,,
MILAGRES,,,BA,,,,,"75,22",,,,,,,-,,,,,,,"75,22",,,,,"145,58",,,,,,,,,
MIRANTE,,,BA,,,,,"75,22",,,,,,,-,,,,,,,"75,22",,,,,"145,58",,,,,,,,,
MONTE SANTO,,,BA,,,,,"109,41",,,,,,,-,,,,,,,"109,41",,,,,"211,76",,,,,,,,,
MUNDO NOVO,,,BA,,,,,"88,90",,,,,,,-,,,,,,,"88,90",,,,,"172,05",,,,,,,,,
MUNIZ FERREIRA,,,BA,,,,,"68,38",,,,,,,-,,,,,,,"68,38",,,,,"132,34",,,,,,,,,
MURITIBA,,,BA,,,,,"95,74",,,,,,,-,,,,,,,"95,74",,,,,"185,29",,,,,,,,,
MUTUIPE,,,BA,,,,,"88,90",,,,,,,-,,,,,,,"88,90",,,,,"172,05",,,,,,,,,
NAZARE,,,BA,,,,,"92,32",,,,,,,-,,,,,,,"92,32",,,,,"178,67",,,,,,,,,
NORDESTINA,,,BA,,,,,"71,80",,,,,,,-,,,,,,,"71,80",,,,,"138,96",,,,,,,,,
Superintendência de Controle das Participações Governamentais,,,,,,,,,,,,,,,,,,,,,,,,,,,,,,,,,,,,
NOVA CANAA,,,BA,,,,,"78,64",,,,,,,-,,,,,,,"78,64",,,,,"152,20",,,,,,,,,
NOVA FATIMA,,,BA,,,,,"68,38",,,,,,,-,,,,,,,"68,38",,,,,"132,34",,,,,,,,,
NOVA ITARANA,,,BA,,,,,"68,38",,,,,,,-,,,,,,,"68,38",,,,,"132,34",,,,,,,,,
NOVA SOURE,,,BA,,,,,"92,32",,,,,,,-,,,,,,,"92,32",,,,,"178,67",,,,,,,,,
NOVO TRIUNFO,,,BA,,,,,"75,22",,,,,,,-,,,,,,,"75,22",,,,,"145,58",,,,,,,,,
OLINDINA,,,BA,,,,,"88,90",,,,,,,-,,,,,,,"88,90",,,,,"172,05",,,,,,,,,
OURICANGAS,,,BA,,,,,"68,38",,,,,,,-,,,,,,,"68,38",,,,,"132,34",,,,,,,,,
OUROLANDIA,,,BA,,,,,"78,64",,,,,,,-,,,,,,,"78,64",,,,,"152,20",,,,,,,,,
PARIPIRANGA,,,BA,,,,,"92,32",,,,,,,-,,,,,,,"92,32",,,,,"178,67",,,,,,,,,
PAULO AFONSO,,,BA,,,,,"126,51",,,,,,,-,,,,,,,"126,51",,,,,"244,85",,,,,,,,,
PE DE SERRA,,,BA,,,,,"75,22",,,,,,,-,,,,,,,"75,22",,,,,"145,58",,,,,,,,,
PEDRAO,,,BA,,,,,"68,38",,,,,,,-,,,,,,,"68,38",,,,,"132,34",,,,,,,,,
PEDRO ALEXANDRE,,,BA,,,,,"82,06",,,,,,,-,,,,,,,"82,06",,,,,"158,82",,,,,,,,,
PINTADAS,,,BA,,,,,"71,80",,,,,,,-,,,,,,,"71,80",,,,,"138,96",,,,,,,,,
PIRITIBA,,,BA,,,,,"85,48",,,,,,,-,,,,,,,"85,48",,,,,"165,44",,,,,,,,,
PLANALTINO,,,BA,,,,,"68,38",,,,,,,-,,,,,,,"68,38",,,,,"132,34",,,,,,,,,
PLANALTO,,,BA,,,,,"88,90",,,,,,,-,,,,,,,"88,90",,,,,"172,05",,,,,,,,,
POCOES,,,BA,,,,,"105,99",,,,,,,-,,,,,,,"105,99",,,,,"205,14",,,,,,,,,
POJUCA,,,BA,,,,,"452.688,64",,,,,,,"404.160,76",,,,,,,"856.849,40",,,,,"1.579.718,57",,,,,,,,,
QUEIMADAS,,,BA,,,,,"92,32",,,,,,,-,,,,,,,"92,32",,,,,"178,67",,,,,,,,,
QUIJINGUE,,,BA,,,,,"92,32",,,,,,,-,,,,,,,"92,32",,,,,"178,67",,,,,,,,,
QUIXABEIRA,,,BA,,,,,"68,38",,,,,,,-,,,,,,,"68,38",,,,,"132,34",,,,,,,,,
RAFAEL JAMBEIRO,,,BA,,,,,"88,90",,,,,,,-,,,,,,,"88,90",,,,,"172,05",,,,,,,,,
RETIROLANDIA,,,BA,,,,,"71,80",,,,,,,-,,,,,,,"71,80",,,,,"138,96",,,,,,,,,
RIACHAO DO JACUIPE,,,BA,,,,,"95,74",,,,,,,-,,,,,,,"95,74",,,,,"185,29",,,,,,,,,
RIBEIRA DO AMPARO,,,BA,,,,,"75,22",,,,,,,-,,,,,,,"75,22",,,,,"145,58",,,,,,,,,
RIBEIRA DO POMBAL,,,BA,,,,,"105,99",,,,,,,-,,,,,,,"105,99",,,,,"205,14",,,,,,,,,
RIBEIRAO DO LARGO,,,BA,,,,,"78,64",,,,,,,-,,,,,,,"78,64",,,,,"152,20",,,,,,,,,
RIO REAL,,,BA,,,,,"99,16",,,,,,,-,,,,,,,"99,16",,,,,"191,91",,,,,,,,,
RUY BARBOSA,,,BA,,,,,"95,74",,,,,,,-,,,,,,,"95,74",,,,,"185,29",,,,,,,,,
SALINAS DA MARGARIDA,,,BA,,,,,"1.988,79",,,,,,,"141.726,37",,,,,,,"143.715,16",,,,,"205.593,89",,,,,,,,,
SALVADOR,,,BA,,,,,"3.788,18",,,,,,,"141.726,37",,,,,,,"145.514,55",,,,,"209.076,43",,,,,,,,,
SANTA BARBARA,,,BA,,,,,"82,06",,,,,,,-,,,,,,,"82,06",,,,,"158,82",,,,,,,,,
SANTA BRIGIDA,,,BA,,,,,"82,06",,,,,,,-,,,,,,,"82,06",,,,,"158,82",,,,,,,,,
SANTA INES,,,BA,,,,,"71,80",,,,,,,-,,,,,,,"71,80",,,,,"138,96",,,,,,,,,
SANTA TERESINHA,,,BA,,,,,"68,38",,,,,,,-,,,,,,,"68,38",,,,,"132,34",,,,,,,,,
SANTALUZ,,,BA,,,,,"95,74",,,,,,,-,,,,,,,"95,74",,,,,"185,29",,,,,,,,,
SANTANOPOLIS,,,BA,,,,,"68,38",,,,,,,-,,,,,,,"68,38",,,,,"132,34",,,,,,,,,
SANTO AMARO,,,BA,,,,,"3.125,24",,,,,,,"141.726,37",,,,,,,"144.851,61",,,,,"207.793,38",,,,,,,,,
SANTO ANTONIO DE JESUS,,,BA,,,,,"119,67",,,,,,,-,,,,,,,"119,67",,,,,"231,61",,,,,,,,,
SANTO ESTEVAO,,,BA,,,,,"105,99",,,,,,,-,,,,,,,"105,99",,,,,"205,14",,,,,,,,,
SAO DOMINGOS,,,BA,,,,,"68,38",,,,,,,-,,,,,,,"68,38",,,,,"132,34",,,,,,,,,
SAO FELIPE,,,BA,,,,,"88,90",,,,,,,-,,,,,,,"88,90",,,,,"172,05",,,,,,,,,
SAO FELIX,,,BA,,,,,"75,22",,,,,,,-,,,,,,,"75,22",,,,,"145,58",,,,,,,,,
SAO FRANCISCO DO CONDE,,,BA,,,,,"978.544,82",,,,,,,"172.695,65",,,,,,,"1.151.240,47",,,,,"2.078.806,33",,,,,,,,,
SAO GONCALO DOS CAMPOS,,,BA,,,,,"92,32",,,,,,,-,,,,,,,"92,32",,,,,"178,67",,,,,,,,,
SAO JOSE DO JACUIPE,,,BA,,,,,"68,38",,,,,,,-,,,,,,,"68,38",,,,,"132,34",,,,,,,,,
SAO MIGUEL DAS MATAS,,,BA,,,,,"71,80",,,,,,,-,,,,,,,"71,80",,,,,"138,96",,,,,,,,,
SAO SEBASTIAO DO PASSE,,,BA,,,,,"205.050,44",,,,,,,"128.878,92",,,,,,,"333.929,36",,,,,"606.533,61",,,,,,,,,
SAPEACU,,,BA,,,,,"82,06",,,,,,,-,,,,,,,"82,06",,,,,"158,82",,,,,,,,,
Superintendência de Controle das Participações Governamentais,,,,,,,,,,,,,,,,,,,,,,,,,,,,,,,,,,,,
SATIRO DIAS,,,BA,,,,,"82,06",,,,,,,-,,,,,,,"82,06",,,,,"158,82",,,,,,,,,
SAUBARA,,,BA,,,,,"1.988,79",,,,,,,"141.726,37",,,,,,,"143.715,16",,,,,"205.593,89",,,,,,,,,
SERRA PRETA,,,BA,,,,,"82,06",,,,,,,-,,,,,,,"82,06",,,,,"158,82",,,,,,,,,
SERRINHA,,,BA,,,,,"123,09",,,,,,,-,,,,,,,"123,09",,,,,"238,23",,,,,,,,,
SERROLANDIA,,,BA,,,,,"75,22",,,,,,,-,,,,,,,"75,22",,,,,"145,58",,,,,,,,,
SIMOES FILHO,,,BA,,,,,"77.672,33",,,,,,,"4.930,65",,,,,,,"82.602,98",,,,,"147.114,80",,,,,,,,,
SITIO DO QUINTO,,,BA,,,,,"82,06",,,,,,,-,,,,,,,"82,06",,,,,"158,82",,,,,,,,,
TANQUINHO,,,BA,,,,,"68,38",,,,,,,-,,,,,,,"68,38",,,,,"132,34",,,,,,,,,
TAPIRAMUTA,,,BA,,,,,"82,06",,,,,,,-,,,,,,,"82,06",,,,,"158,82",,,,,,,,,
TEODORO SAMPAIO,,,BA,,,,,"68,38",,,,,,,-,,,,,,,"68,38",,,,,"132,34",,,,,,,,,
TEOFILANDIA,,,BA,,,,,"88,90",,,,,,,-,,,,,,,"88,90",,,,,"172,05",,,,,,,,,
TERRA NOVA,,,BA,,,,,"75,22",,,,,,,-,,,,,,,"75,22",,,,,"305,09",,,,,,,,,
TUCANO,,,BA,,,,,"109,41",,,,,,,-,,,,,,,"109,41",,,,,"211,76",,,,,,,,,
UAUA,,,BA,,,,,"92,32",,,,,,,-,,,,,,,"92,32",,,,,"178,67",,,,,,,,,
UBAIRA,,,BA,,,,,"88,90",,,,,,,-,,,,,,,"88,90",,,,,"172,05",,,,,,,,,
VALENTE,,,BA,,,,,"85,48",,,,,,,-,,,,,,,"85,48",,,,,"165,44",,,,,,,,,
VARZEA DA ROCA,,,BA,,,,,"75,22",,,,,,,-,,,,,,,"75,22",,,,,"145,58",,,,,,,,,
VARZEA DO POCO,,,BA,,,,,"68,38",,,,,,,-,,,,,,,"68,38",,,,,"132,34",,,,,,,,,
VARZEA NOVA,,,BA,,,,,"78,64",,,,,,,-,,,,,,,"78,64",,,,,"152,20",,,,,,,,,
VARZEDO,,,BA,,,,,"68,38",,,,,,,-,,,,,,,"68,38",,,,,"132,34",,,,,,,,,
VERA CRUZ,,,BA,,,,,"95,74",,,,,,,-,,,,,,,"95,74",,,,,"185,29",,,,,,,,,
VITORIA DA CONQUISTA,,,BA,,,,,"136,77",,,,,,,-,,,,,,,"136,77",,,,,"264,70",,,,,,,,,
ACARAU,,,CE,,,,,"3.085,89",,,,,,,-,,,,,,,"3.085,89",,,,,"5.515,14",,,,,,,,,
ALCANTARAS,,,CE,,,,,"1.928,68",,,,,,,-,,,,,,,"1.928,68",,,,,"3.446,96",,,,,,,,,
AMONTADA,,,CE,,,,,"64.414,27",,,,,,,"89.274,84",,,,,,,"153.689,11",,,,,"279.735,84",,,,,,,,,
APUIARES,,,CE,,,,,"2.121,55",,,,,,,-,,,,,,,"2.121,55",,,,,"3.791,66",,,,,,,,,
ARACATI,,,CE,,,,,"407.759,27",,,,,,,"16.955,66",,,,,,,"424.714,93",,,,,"787.575,33",,,,,,,,,
ARARENDA,,,CE,,,,,"2.025,12",,,,,,,-,,,,,,,"2.025,12",,,,,"3.619,31",,,,,,,,,
BARROQUINHA,,,CE,,,,,"2.121,55",,,,,,,-,,,,,,,"2.121,55",,,,,"3.791,66",,,,,,,,,
BELA CRUZ,,,CE,,,,,"2.700,16",,,,,,,-,,,,,,,"2.700,16",,,,,"4.825,75",,,,,,,,,
CAMOCIM,,,CE,,,,,"3.085,89",,,,,,,-,,,,,,,"3.085,89",,,,,"5.515,14",,,,,,,,,
CANINDE,,,CE,,,,,"3.278,76",,,,,,,-,,,,,,,"3.278,76",,,,,"5.859,84",,,,,,,,,
CARIDADE,,,CE,,,,,"2.217,98",,,,,,,-,,,,,,,"2.217,98",,,,,"3.964,00",,,,,,,,,
CARIRE,,,CE,,,,,"2.410,85",,,,,,,-,,,,,,,"2.410,85",,,,,"4.308,70",,,,,,,,,
CARNAUBAL,,,CE,,,,,"2.217,98",,,,,,,-,,,,,,,"2.217,98",,,,,"3.964,00",,,,,,,,,
CATUNDA,,,CE,,,,,"1.928,68",,,,,,,-,,,,,,,"1.928,68",,,,,"3.446,96",,,,,,,,,
CHAVAL,,,CE,,,,,"2.121,55",,,,,,,-,,,,,,,"2.121,55",,,,,"3.791,66",,,,,,,,,
COREAU,,,CE,,,,,"2.410,85",,,,,,,-,,,,,,,"2.410,85",,,,,"4.308,70",,,,,,,,,
CRATEUS,,,CE,,,,,"3.278,76",,,,,,,-,,,,,,,"3.278,76",,,,,"5.859,84",,,,,,,,,
CROATA,,,CE,,,,,"2.314,42",,,,,,,-,,,,,,,"2.314,42",,,,,"4.136,36",,,,,,,,,
CRUZ,,,CE,,,,,"2.410,85",,,,,,,-,,,,,,,"2.410,85",,,,,"4.308,70",,,,,,,,,
FORQUILHA,,,CE,,,,,"2.314,42",,,,,,,-,,,,,,,"2.314,42",,,,,"4.136,36",,,,,,,,,
FORTALEZA,,,CE,,,,,"55.899,74",,,,,,,-,,,,,,,"55.899,74",,,,,"99.904,67",,,,,,,,,
FRECHEIRINHA,,,CE,,,,,"2.025,12",,,,,,,-,,,,,,,"2.025,12",,,,,"3.619,31",,,,,,,,,
GENERAL SAMPAIO,,,CE,,,,,"1.928,68",,,,,,,-,,,,,,,"1.928,68",,,,,"3.446,96",,,,,,,,,
GRACA,,,CE,,,,,"2.217,98",,,,,,,-,,,,,,,"2.217,98",,,,,"3.964,00",,,,,,,,,
GRANJA,,,CE,,,,,"3.085,89",,,,,,,-,,,,,,,"3.085,89",,,,,"5.515,14",,,,,,,,,
GROAIRAS,,,CE,,,,,"1.928,68",,,,,,,-,,,,,,,"1.928,68",,,,,"3.446,96",,,,,,,,,
GUARACIABA DO NORTE,,,CE,,,,,"2.796,59",,,,,,,-,,,,,,,"2.796,59",,,,,"4.998,10",,,,,,,,,
HIDROLANDIA,,,CE,,,,,"2.314,42",,,,,,,-,,,,,,,"2.314,42",,,,,"4.136,36",,,,,,,,,
Superintendência de Controle das Participações Governamentais,,,,,,,,,,,,,,,,,,,,,,,,,,,,,,,,,,,,
IBIAPINA,,,CE,,,,,"2.507,29",,,,,,,-,,,,,,,"2.507,29",,,,,"4.481,05",,,,,,,,,
ICAPUI,,,CE,,,,,"95.623,10",,,,,,,"25.593,15",,,,,,,"121.216,25",,,,,"223.323,41",,,,,,,,,
INDEPENDENCIA,,,CE,,,,,"2.603,72",,,,,,,-,,,,,,,"2.603,72",,,,,"4.653,40",,,,,,,,,
IPAPORANGA,,,CE,,,,,"2.025,12",,,,,,,-,,,,,,,"2.025,12",,,,,"3.619,31",,,,,,,,,
IPU,,,CE,,,,,"2.893,02",,,,,,,-,,,,,,,"2.893,02",,,,,"5.170,44",,,,,,,,,
IPUEIRAS,,,CE,,,,,"2.893,02",,,,,,,-,,,,,,,"2.893,02",,,,,"5.170,44",,,,,,,,,
IRAUCUBA,,,CE,,,,,"2.410,85",,,,,,,-,,,,,,,"2.410,85",,,,,"4.308,70",,,,,,,,,
ITAPAGE,,,CE,,,,,"2.989,46",,,,,,,-,,,,,,,"2.989,46",,,,,"5.342,80",,,,,,,,,
ITAPIPOCA,,,CE,,,,,"79.962,55",,,,,,,"80.976,63",,,,,,,"160.939,18",,,,,"287.843,84",,,,,,,,,
ITAREMA,,,CE,,,,,"62.193,09",,,,,,,"39.372,57",,,,,,,"101.565,66",,,,,"176.246,97",,,,,,,,,
JIJOCA DE JERICOACOARA,,,CE,,,,,"2.121,55",,,,,,,-,,,,,,,"2.121,55",,,,,"3.791,66",,,,,,,,,
MARCO,,,CE,,,,,"2.507,29",,,,,,,-,,,,,,,"2.507,29",,,,,"4.481,05",,,,,,,,,
MARTINOPOLE,,,CE,,,,,"1.928,68",,,,,,,-,,,,,,,"1.928,68",,,,,"3.446,96",,,,,,,,,
MASSAPE,,,CE,,,,,"2.700,16",,,,,,,-,,,,,,,"2.700,16",,,,,"4.825,75",,,,,,,,,
MERUOCA,,,CE,,,,,"2.025,12",,,,,,,-,,,,,,,"2.025,12",,,,,"3.619,31",,,,,,,,,
MIRAIMA,,,CE,,,,,"2.025,12",,,,,,,-,,,,,,,"2.025,12",,,,,"3.619,31",,,,,,,,,
MONSENHOR TABOSA,,,CE,,,,,"2.314,42",,,,,,,-,,,,,,,"2.314,42",,,,,"4.136,36",,,,,,,,,
MORAUJO,,,CE,,,,,"1.928,68",,,,,,,-,,,,,,,"1.928,68",,,,,"3.446,96",,,,,,,,,
MORRINHOS,,,CE,,,,,"2.314,42",,,,,,,-,,,,,,,"2.314,42",,,,,"4.136,36",,,,,,,,,
MUCAMBO,,,CE,,,,,"2.121,55",,,,,,,-,,,,,,,"2.121,55",,,,,"3.791,66",,,,,,,,,
NOVA RUSSAS,,,CE,,,,,"2.700,16",,,,,,,-,,,,,,,"2.700,16",,,,,"4.825,75",,,,,,,,,
NOVO ORIENTE,,,CE,,,,,"2.603,72",,,,,,,-,,,,,,,"2.603,72",,,,,"4.653,40",,,,,,,,,
PACUJA,,,CE,,,,,"1.928,68",,,,,,,-,,,,,,,"1.928,68",,,,,"3.446,96",,,,,,,,,
PARACURU,,,CE,,,,,"59.971,91",,,,,,,"131.009,07",,,,,,,"190.980,98",,,,,"345.649,16",,,,,,,,,
PARAIPABA,,,CE,,,,,"2.603,72",,,,,,,"2.913,55",,,,,,,"5.517,27",,,,,"9.485,67",,,,,,,,,
PARAMOTI,,,CE,,,,,"2.025,12",,,,,,,-,,,,,,,"2.025,12",,,,,"3.619,31",,,,,,,,,
PENTECOSTE,,,CE,,,,,"2.796,59",,,,,,,-,,,,,,,"2.796,59",,,,,"4.998,10",,,,,,,,,
PIRES FERREIRA,,,CE,,,,,"1.928,68",,,,,,,-,,,,,,,"1.928,68",,,,,"3.446,96",,,,,,,,,
PORANGA,,,CE,,,,,"2.025,12",,,,,,,-,,,,,,,"2.025,12",,,,,"3.619,31",,,,,,,,,
QUITERIANOPOLIS,,,CE,,,,,"2.410,85",,,,,,,-,,,,,,,"2.410,85",,,,,"4.308,70",,,,,,,,,
RERIUTABA,,,CE,,,,,"2.507,29",,,,,,,-,,,,,,,"2.507,29",,,,,"4.481,05",,,,,,,,,
SANTA QUITERIA,,,CE,,,,,"2.989,46",,,,,,,-,,,,,,,"2.989,46",,,,,"5.342,80",,,,,,,,,
SANTANA DO ACARAU,,,CE,,,,,"2.603,72",,,,,,,-,,,,,,,"2.603,72",,,,,"4.653,40",,,,,,,,,
SAO BENEDITO,,,CE,,,,,"2.893,02",,,,,,,-,,,,,,,"2.893,02",,,,,"5.170,44",,,,,,,,,
SAO GONCALO DO AMARANTE,,,CE,,,,,"2.796,59",,,,,,,-,,,,,,,"2.796,59",,,,,"4.998,10",,,,,,,,,
SAO LUIS DO CURU,,,CE,,,,,"2.025,12",,,,,,,-,,,,,,,"2.025,12",,,,,"3.619,31",,,,,,,,,
SENADOR SA,,,CE,,,,,"1.928,68",,,,,,,-,,,,,,,"1.928,68",,,,,"3.446,96",,,,,,,,,
SOBRAL,,,CE,,,,,"3.857,37",,,,,,,-,,,,,,,"3.857,37",,,,,"6.893,93",,,,,,,,,
TAMBORIL,,,CE,,,,,"2.603,72",,,,,,,-,,,,,,,"2.603,72",,,,,"4.653,40",,,,,,,,,
TEJUCUOCA,,,CE,,,,,"2.121,55",,,,,,,-,,,,,,,"2.121,55",,,,,"3.791,66",,,,,,,,,
TIANGUA,,,CE,,,,,"3.182,33",,,,,,,-,,,,,,,"3.182,33",,,,,"5.687,49",,,,,,,,,
TRAIRI,,,CE,,,,,"68.856,64",,,,,,,"75.701,42",,,,,,,"144.558,06",,,,,"254.404,95",,,,,,,,,
TURURU,,,CE,,,,,"2.025,12",,,,,,,-,,,,,,,"2.025,12",,,,,"3.619,31",,,,,,,,,
UBAJARA,,,CE,,,,,"2.603,72",,,,,,,-,,,,,,,"2.603,72",,,,,"4.653,40",,,,,,,,,
UMIRIM,,,CE,,,,,"2.314,42",,,,,,,-,,,,,,,"2.314,42",,,,,"4.136,36",,,,,,,,,
URUBURETAMA,,,CE,,,,,"2.314,42",,,,,,,-,,,,,,,"2.314,42",,,,,"4.136,36",,,,,,,,,
URUOCA,,,CE,,,,,"2.025,12",,,,,,,-,,,,,,,"2.025,12",,,,,"3.619,31",,,,,,,,,
VARJOTA,,,CE,,,,,"2.314,42",,,,,,,-,,,,,,,"2.314,42",,,,,"4.136,36",,,,,,,,,
VICOSA DO CEARA,,,CE,,,,,"2.989,46",,,,,,,-,,,,,,,"2.989,46",,,,,"5.342,80",,,,,,,,,
AFONSO CLAUDIO,,,ES,,,,,"3.976,86",,,,,,,-,,,,,,,"3.976,86",,,,,"7.106,55",,,,,,,,,
Superintendência de Controle das Participações Governamentais,,,,,,,,,,,,,,,,,,,,,,,,,,,,,,,,,,,,
AGUA DOCE DO NORTE,,,ES,,,,,"3.016,92",,,,,,,-,,,,,,,"3.016,92",,,,,"5.391,17",,,,,,,,,
AGUIA BRANCA,,,ES,,,,,"2.742,66",,,,,,,-,,,,,,,"2.742,66",,,,,"4.901,07",,,,,,,,,
ALEGRE,,,ES,,,,,"3.839,72",,,,,,,-,,,,,,,"3.839,72",,,,,"6.861,49",,,,,,,,,
ALFREDO CHAVES,,,ES,,,,,"3.016,92",,,,,,,-,,,,,,,"3.016,92",,,,,"5.391,17",,,,,,,,,
ALTO RIO NOVO,,,ES,,,,,"2.742,66",,,,,,,-,,,,,,,"2.742,66",,,,,"4.901,07",,,,,,,,,
ANCHIETA,,,ES,,,,,"3.428,32",,,,,,,-,,,,,,,"3.428,32",,,,,"6.126,33",,,,,,,,,
APIACA,,,ES,,,,,"2.742,66",,,,,,,-,,,,,,,"2.742,66",,,,,"4.901,07",,,,,,,,,
ARACRUZ,,,ES,,,,,"4.662,52",,,,,,,"91.239,63",,,,,,,"95.902,15",,,,,"190.644,79",,,,,,,,,
ATILIO VIVACQUA,,,ES,,,,,"2.742,66",,,,,,,-,,,,,,,"2.742,66",,,,,"4.901,07",,,,,,,,,
BAIXO GUANDU,,,ES,,,,,"3.702,59",,,,,,,-,,,,,,,"3.702,59",,,,,"6.616,44",,,,,,,,,
BARRA DE SAO FRANCISCO,,,ES,,,,,"4.113,99",,,,,,,-,,,,,,,"4.113,99",,,,,"7.351,60",,,,,,,,,
BOA ESPERANCA,,,ES,,,,,"3.016,92",,,,,,,-,,,,,,,"3.016,92",,,,,"5.391,17",,,,,,,,,
BOM JESUS DO NORTE,,,ES,,,,,"2.742,66",,,,,,,-,,,,,,,"2.742,66",,,,,"4.901,07",,,,,,,,,
BREJETUBA,,,ES,,,,,"2.879,79",,,,,,,-,,,,,,,"2.879,79",,,,,"5.146,12",,,,,,,,,
CACHOEIRO DE ITAPEMIRIM,,,ES,,,,,"5.485,32",,,,,,,-,,,,,,,"5.485,32",,,,,"9.802,14",,,,,,,,,
CASTELO,,,ES,,,,,"3.976,86",,,,,,,-,,,,,,,"3.976,86",,,,,"7.106,55",,,,,,,,,
COLATINA,,,ES,,,,,"5.211,06",,,,,,,-,,,,,,,"5.211,06",,,,,"9.312,03",,,,,,,,,
CONCEICAO DA BARRA,,,ES,,,,,"78.585,08",,,,,,,"4.942,57",,,,,,,"83.527,65",,,,,"153.035,15",,,,,,,,,
CONCEICAO DO CASTELO,,,ES,,,,,"2.879,79",,,,,,,-,,,,,,,"2.879,79",,,,,"5.146,12",,,,,,,,,
DIVINO DE SAO LOURENCO,,,ES,,,,,"2.742,66",,,,,,,-,,,,,,,"2.742,66",,,,,"4.901,07",,,,,,,,,
DOMINGOS MARTINS,,,ES,,,,,"3.839,72",,,,,,,-,,,,,,,"3.839,72",,,,,"6.861,49",,,,,,,,,
DORES DO RIO PRETO,,,ES,,,,,"2.742,66",,,,,,,-,,,,,,,"2.742,66",,,,,"4.901,07",,,,,,,,,
ECOPORANGA,,,ES,,,,,"3.565,46",,,,,,,-,,,,,,,"3.565,46",,,,,"6.371,39",,,,,,,,,
FUNDAO,,,ES,,,,,"3.016,92",,,,,,,-,,,,,,,"3.016,92",,,,,"5.391,17",,,,,,,,,
GOVERNADOR LINDENBERG,,,ES,,,,,"2.742,66",,,,,,,-,,,,,,,"2.742,66",,,,,"4.901,07",,,,,,,,,
GUACUI,,,ES,,,,,"3.702,59",,,,,,,-,,,,,,,"3.702,59",,,,,"6.616,44",,,,,,,,,
GUARAPARI,,,ES,,,,,"4.936,79",,,,,,,-,,,,,,,"4.936,79",,,,,"8.821,92",,,,,,,,,
IBATIBA,,,ES,,,,,"3.428,32",,,,,,,-,,,,,,,"3.428,32",,,,,"6.126,33",,,,,,,,,
IBIRACU,,,ES,,,,,"2.879,79",,,,,,,-,,,,,,,"2.879,79",,,,,"5.146,12",,,,,,,,,
IBITIRAMA,,,ES,,,,,"2.742,66",,,,,,,-,,,,,,,"2.742,66",,,,,"4.901,07",,,,,,,,,
ICONHA,,,ES,,,,,"2.879,79",,,,,,,-,,,,,,,"2.879,79",,,,,"5.146,12",,,,,,,,,
IRUPI,,,ES,,,,,"2.879,79",,,,,,,-,,,,,,,"2.879,79",,,,,"5.146,12",,,,,,,,,
ITAGUACU,,,ES,,,,,"3.154,06",,,,,,,-,,,,,,,"3.154,06",,,,,"5.636,23",,,,,,,,,
ITAPEMIRIM,,,ES,,,,,"78.793,12",,,,,,,-,,,,,,,"78.793,12",,,,,"140.801,41",,,,,,,,,
ITARANA,,,ES,,,,,"2.879,79",,,,,,,-,,,,,,,"2.879,79",,,,,"5.146,12",,,,,,,,,
IUNA,,,ES,,,,,"3.702,59",,,,,,,-,,,,,,,"3.702,59",,,,,"6.616,44",,,,,,,,,
JAGUARE,,,ES,,,,,"559.588,64",,,,,,,"267.689,21",,,,,,,"827.277,85",,,,,"1.475.978,03",,,,,,,,,
JERONIMO MONTEIRO,,,ES,,,,,"2.879,79",,,,,,,-,,,,,,,"2.879,79",,,,,"5.146,12",,,,,,,,,
JOAO NEIVA,,,ES,,,,,"3.154,06",,,,,,,-,,,,,,,"3.154,06",,,,,"5.636,23",,,,,,,,,
LARANJA DA TERRA,,,ES,,,,,"2.879,79",,,,,,,-,,,,,,,"2.879,79",,,,,"5.146,12",,,,,,,,,
LINHARES,,,ES,,,,,"1.264.051,43",,,,,,,"276.843,08",,,,,,,"1.540.894,51",,,,,"2.871.109,12",,,,,,,,,
MANTENOPOLIS,,,ES,,,,,"2.879,79",,,,,,,-,,,,,,,"2.879,79",,,,,"5.146,12",,,,,,,,,
MARATAIZES,,,ES,,,,,"3.839,72",,,,,,,-,,,,,,,"3.839,72",,,,,"6.861,49",,,,,,,,,
MARECHAL FLORIANO,,,ES,,,,,"3.016,92",,,,,,,-,,,,,,,"3.016,92",,,,,"5.391,17",,,,,,,,,
MARILANDIA,,,ES,,,,,"2.742,66",,,,,,,-,,,,,,,"2.742,66",,,,,"4.901,07",,,,,,,,,
MIMOSO DO SUL,,,ES,,,,,"3.702,59",,,,,,,-,,,,,,,"3.702,59",,,,,"6.616,44",,,,,,,,,
MONTANHA,,,ES,,,,,"3.291,19",,,,,,,-,,,,,,,"3.291,19",,,,,"5.881,28",,,,,,,,,
MUCURICI,,,ES,,,,,"2.742,66",,,,,,,-,,,,,,,"2.742,66",,,,,"4.901,07",,,,,,,,,
MUNIZ FREIRE,,,ES,,,,,"3.428,32",,,,,,,-,,,,,,,"3.428,32",,,,,"6.126,33",,,,,,,,,
MUQUI,,,ES,,,,,"3.016,92",,,,,,,-,,,,,,,"3.016,92",,,,,"5.391,17",,,,,,,,,
Superintendência de Controle das Participações Governamentais,,,,,,,,,,,,,,,,,,,,,,,,,,,,,,,,,,,,
NOVA VENECIA,,,ES,,,,,"4.251,12",,,,,,,-,,,,,,,"4.251,12",,,,,"7.596,65",,,,,,,,,
PANCAS,,,ES,,,,,"3.565,46",,,,,,,-,,,,,,,"3.565,46",,,,,"6.371,39",,,,,,,,,
PEDRO CANARIO,,,ES,,,,,"3.565,46",,,,,,,-,,,,,,,"3.565,46",,,,,"6.371,39",,,,,,,,,
PINHEIROS,,,ES,,,,,"3.565,46",,,,,,,-,,,,,,,"3.565,46",,,,,"6.371,39",,,,,,,,,
PIUMA,,,ES,,,,,"3.154,06",,,,,,,-,,,,,,,"3.154,06",,,,,"5.636,23",,,,,,,,,
PONTO BELO,,,ES,,,,,"2.742,66",,,,,,,-,,,,,,,"2.742,66",,,,,"4.901,07",,,,,,,,,
PRESIDENTE KENNEDY,,,ES,,,,,"56.280,80",,,,,,,"65.182,12",,,,,,,"121.462,92",,,,,"165.754,55",,,,,,,,,
RIO BANANAL,,,ES,,,,,"3.291,19",,,,,,,-,,,,,,,"3.291,19",,,,,"5.881,28",,,,,,,,,
RIO NOVO DO SUL,,,ES,,,,,"2.879,79",,,,,,,-,,,,,,,"2.879,79",,,,,"5.146,12",,,,,,,,,
SANTA LEOPOLDINA,,,ES,,,,,"3.016,92",,,,,,,-,,,,,,,"3.016,92",,,,,"5.391,17",,,,,,,,,
SANTA MARIA DE JETIBA,,,ES,,,,,"3.839,72",,,,,,,-,,,,,,,"3.839,72",,,,,"6.861,49",,,,,,,,,
SANTA TERESA,,,ES,,,,,"3.565,46",,,,,,,-,,,,,,,"3.565,46",,,,,"6.371,39",,,,,,,,,
SAO DOMINGOS DO NORTE,,,ES,,,,,"2.742,66",,,,,,,-,,,,,,,"2.742,66",,,,,"4.901,07",,,,,,,,,
SAO GABRIEL DA PALHA,,,ES,,,,,"3.702,59",,,,,,,-,,,,,,,"3.702,59",,,,,"6.616,44",,,,,,,,,
SAO JOSE DO CALCADO,,,ES,,,,,"2.879,79",,,,,,,-,,,,,,,"2.879,79",,,,,"5.146,12",,,,,,,,,
SAO MATEUS,,,ES,,,,,"1.159.753,82",,,,,,,"165.430,97",,,,,,,"1.325.184,79",,,,,"2.453.777,42",,,,,,,,,
SAO ROQUE DO CANAA,,,ES,,,,,"2.879,79",,,,,,,-,,,,,,,"2.879,79",,,,,"5.146,12",,,,,,,,,
SOORETAMA,,,ES,,,,,"3.428,32",,,,,,,-,,,,,,,"3.428,32",,,,,"6.126,33",,,,,,,,,
VARGEM ALTA,,,ES,,,,,"3.291,19",,,,,,,-,,,,,,,"3.291,19",,,,,"5.881,28",,,,,,,,,
VENDA NOVA DO IMIGRANTE,,,ES,,,,,"3.291,19",,,,,,,-,,,,,,,"3.291,19",,,,,"5.881,28",,,,,,,,,
VILA PAVAO,,,ES,,,,,"2.742,66",,,,,,,-,,,,,,,"2.742,66",,,,,"4.901,07",,,,,,,,,
VILA VALERIO,,,ES,,,,,"3.016,92",,,,,,,-,,,,,,,"3.016,92",,,,,"5.391,17",,,,,,,,,
AFUA,,,PA,,,,,-,,,,,,,"5.776,53",,,,,,,"5.776,53",,,,,"11.460,33",,,,,,,,,
ALENQUER,,,PA,,,,,-,,,,,,,"5.776,53",,,,,,,"5.776,53",,,,,"11.460,33",,,,,,,,,
ALMEIRIM,,,PA,,,,,-,,,,,,,"5.776,53",,,,,,,"5.776,53",,,,,"11.460,33",,,,,,,,,
ANAJAS,,,PA,,,,,-,,,,,,,"5.776,53",,,,,,,"5.776,53",,,,,"11.460,33",,,,,,,,,
BREVES,,,PA,,,,,-,,,,,,,"5.776,53",,,,,,,"5.776,53",,,,,"11.460,33",,,,,,,,,
CHAVES,,,PA,,,,,-,,,,,,,"5.776,53",,,,,,,"5.776,53",,,,,"11.460,33",,,,,,,,,
CURUA,,,PA,,,,,-,,,,,,,"5.776,53",,,,,,,"5.776,53",,,,,"11.460,33",,,,,,,,,
FARO,,,PA,,,,,-,,,,,,,"5.776,53",,,,,,,"5.776,53",,,,,"11.460,33",,,,,,,,,
GURUPA,,,PA,,,,,-,,,,,,,"5.776,53",,,,,,,"5.776,53",,,,,"11.460,33",,,,,,,,,
JURUTI,,,PA,,,,,-,,,,,,,"5.776,53",,,,,,,"5.776,53",,,,,"11.460,33",,,,,,,,,
MELGACO,,,PA,,,,,-,,,,,,,"5.776,53",,,,,,,"5.776,53",,,,,"11.460,33",,,,,,,,,
MONTE ALEGRE,,,PA,,,,,-,,,,,,,"5.776,53",,,,,,,"5.776,53",,,,,"11.460,33",,,,,,,,,
OBIDOS,,,PA,,,,,-,,,,,,,"5.776,53",,,,,,,"5.776,53",,,,,"11.460,33",,,,,,,,,
PORTO DE MOZ,,,PA,,,,,-,,,,,,,"5.776,53",,,,,,,"5.776,53",,,,,"11.460,33",,,,,,,,,
PRAINHA,,,PA,,,,,-,,,,,,,"5.776,53",,,,,,,"5.776,53",,,,,"11.460,33",,,,,,,,,
SANTAREM,,,PA,,,,,-,,,,,,,"5.776,53",,,,,,,"5.776,53",,,,,"11.460,33",,,,,,,,,
TERRA SANTA,,,PA,,,,,-,,,,,,,"5.776,53",,,,,,,"5.776,53",,,,,"11.460,33",,,,,,,,,
ANGRA DOS REIS,,,RJ,,,,,"741.509,15",,,,,,,"296.187,64",,,,,,,"1.037.696,79",,,,,"1.037.696,79",,,,,,,,,
APERIBE,,,RJ,,,,,"266.197,28",,,,,,,-,,,,,,,"266.197,28",,,,,"491.599,70",,,,,,,,,
ARARUAMA,,,RJ,,,,,"479.155,11",,,,,,,-,,,,,,,"479.155,11",,,,,"884.879,46",,,,,,,,,
ARMACAO DOS BUZIOS,,,RJ,,,,,"1.903.077,08",,,,,,,"997.938,42",,,,,,,"2.901.015,50",,,,,"5.564.617,89",,,,,,,,,
ARRAIAL DO CABO,,,RJ,,,,,"346.056,47",,,,,,,"44.469,23",,,,,,,"390.525,70",,,,,"717.307,52",,,,,,,,,
BARRA MANSA,,,RJ,,,,,"306.935,21",,,,,,,-,,,,,,,"306.935,21",,,,,"573.722,63",,,,,,,,,
BOM JARDIM,,,RJ,,,,,"346.056,47",,,,,,,-,,,,,,,"346.056,47",,,,,"639.079,61",,,,,,,,,
BOM JESUS DO ITABAPOANA,,,RJ,,,,,"385.986,06",,,,,,,-,,,,,,,"385.986,06",,,,,"712.819,56",,,,,,,,,
CABO FRIO,,,RJ,,,,,"2.892.677,16",,,,,,,"3.073.647,20",,,,,,,"5.966.324,36",,,,,"11.401.516,52",,,,,,,,,
CACHOEIRAS DE MACACU,,,RJ,,,,,"759.327,75",,,,,,,-,,,,,,,"759.327,75",,,,,"1.420.038,59",,,,,,,,,
CAMBUCI,,,RJ,,,,,"306.126,87",,,,,,,-,,,,,,,"306.126,87",,,,,"565.339,65",,,,,,,,,
Superintendência de Controle das Participações Governamentais,,,,,,,,,,,,,,,,,,,,,,,,,,,,,,,,,,,,
CAMPOS DOS GOYTACAZES,,,RJ,,,,,"3.044.923,33",,,,,,,"15.888.616,59",,,,,,,"18.933.539,92",,,,,"35.928.477,21",,,,,,,,,
CANTAGALO,,,RJ,,,,,"332.746,60",,,,,,,-,,,,,,,"332.746,60",,,,,"614.499,62",,,,,,,,,
CARAPEBUS,,,RJ,,,,,"1.522.461,66",,,,,,,"430.374,80",,,,,,,"1.952.836,46",,,,,"3.714.992,25",,,,,,,,,
CARDOSO MOREIRA,,,RJ,,,,,"292.817,01",,,,,,,-,,,,,,,"292.817,01",,,,,"540.759,67",,,,,,,,,
CARMO,,,RJ,,,,,"306.126,87",,,,,,,-,,,,,,,"306.126,87",,,,,"565.339,65",,,,,,,,,
CASIMIRO DE ABREU,,,RJ,,,,,"1.979.200,16",,,,,,,"406.973,90",,,,,,,"2.386.174,06",,,,,"4.683.916,95",,,,,,,,,
CONCEICAO DE MACABU,,,RJ,,,,,"332.746,60",,,,,,,-,,,,,,,"332.746,60",,,,,"614.499,62",,,,,,,,,
CORDEIRO,,,RJ,,,,,"332.746,60",,,,,,,-,,,,,,,"332.746,60",,,,,"614.499,62",,,,,,,,,
DUAS BARRAS,,,RJ,,,,,"279.507,14",,,,,,,-,,,,,,,"279.507,14",,,,,"516.179,68",,,,,,,,,
DUQUE DE CAXIAS,,,RJ,,,,,"1.084.753,93",,,,,,,"25.373,15",,,,,,,"1.110.127,08",,,,,"2.066.786,30",,,,,,,,,
GUAPIMIRIM,,,RJ,,,,,"813.565,45",,,,,,,"25.373,15",,,,,,,"838.938,60",,,,,"1.559.629,66",,,,,,,,,
IGUABA GRANDE,,,RJ,,,,,"306.126,87",,,,,,,-,,,,,,,"306.126,87",,,,,"565.339,65",,,,,,,,,
ITABORAI,,,RJ,,,,,-,,,,,,,"25.373,15",,,,,,,"25.373,15",,,,,"38.159,74",,,,,,,,,
ITALVA,,,RJ,,,,,"292.817,01",,,,,,,-,,,,,,,"292.817,01",,,,,"540.759,67",,,,,,,,,
ITAOCARA,,,RJ,,,,,"346.056,47",,,,,,,-,,,,,,,"346.056,47",,,,,"639.079,61",,,,,,,,,
ITAPERUNA,,,RJ,,,,,"479.155,11",,,,,,,-,,,,,,,"479.155,11",,,,,"884.879,46",,,,,,,,,
JAPERI,,,RJ,,,,,"306.935,21",,,,,,,-,,,,,,,"306.935,21",,,,,"573.722,63",,,,,,,,,
LAJE DO MURIAE,,,RJ,,,,,"266.197,28",,,,,,,-,,,,,,,"266.197,28",,,,,"491.599,70",,,,,,,,,
MACAE,,,RJ,,,,,"9.567.796,15",,,,,,,"5.877.170,07",,,,,,,"15.444.966,22",,,,,"28.752.215,62",,,,,,,,,
MACUCO,,,RJ,,,,,"266.197,28",,,,,,,-,,,,,,,"266.197,28",,,,,"491.599,70",,,,,,,,,
MAGE,,,RJ,,,,,"976.278,54",,,,,,,"25.373,15",,,,,,,"1.001.651,69",,,,,"1.863.923,65",,,,,,,,,
MANGARATIBA,,,RJ,,,,,-,,,,,,,"222.140,73",,,,,,,"222.140,73",,,,,"222.140,73",,,,,,,,,
MIRACEMA,,,RJ,,,,,"359.366,33",,,,,,,-,,,,,,,"359.366,33",,,,,"663.659,59",,,,,,,,,
NATIVIDADE,,,RJ,,,,,"306.126,87",,,,,,,-,,,,,,,"306.126,87",,,,,"565.339,65",,,,,,,,,
NITEROI,,,RJ,,,,,-,,,,,,,"25.373,15",,,,,,,"25.373,15",,,,,"38.159,74",,,,,,,,,
NOVA FRIBURGO,,,RJ,,,,,"532.394,57",,,,,,,-,,,,,,,"532.394,57",,,,,"983.199,41",,,,,,,,,
PARATI,,,RJ,,,,,-,,,,,,,"222.140,73",,,,,,,"222.140,73",,,,,"222.140,73",,,,,,,,,
PETROPOLIS,,,RJ,,,,,"532.394,57",,,,,,,-,,,,,,,"532.394,57",,,,,"983.199,41",,,,,,,,,
PIRAI,,,RJ,,,,,"306.935,21",,,,,,,-,,,,,,,"306.935,21",,,,,"573.722,63",,,,,,,,,
PORCIUNCULA,,,RJ,,,,,"306.126,87",,,,,,,-,,,,,,,"306.126,87",,,,,"565.339,65",,,,,,,,,
QUISSAMA,,,RJ,,,,,"1.674.707,83",,,,,,,"2.171.976,98",,,,,,,"3.846.684,81",,,,,"7.415.316,60",,,,,,,,,
RIO BONITO,,,RJ,,,,,"425.915,65",,,,,,,-,,,,,,,"425.915,65",,,,,"786.559,52",,,,,,,,,
RIO DAS OSTRAS,,,RJ,,,,,"2.283.692,49",,,,,,,"5.728.909,06",,,,,,,"8.012.601,55",,,,,"15.368.985,54",,,,,,,,,
RIO DE JANEIRO,,,RJ,,,,,"889.764,66",,,,,,,"101.492,63",,,,,,,"991.257,29",,,,,"1.808.677,55",,,,,,,,,
SANTA MARIA MADALENA,,,RJ,,,,,"279.507,14",,,,,,,-,,,,,,,"279.507,14",,,,,"516.179,68",,,,,,,,,
SANTO ANTONIO DE PADUA,,,RJ,,,,,"399.295,92",,,,,,,-,,,,,,,"399.295,92",,,,,"737.399,55",,,,,,,,,
SAO FIDELIS,,,RJ,,,,,"399.295,92",,,,,,,-,,,,,,,"399.295,92",,,,,"737.399,55",,,,,,,,,
SAO FRANCISCO DE ITABAPOANA,,,RJ,,,,,"412.605,79",,,,,,,-,,,,,,,"412.605,79",,,,,"761.979,54",,,,,,,,,
SAO GONCALO,,,RJ,,,,,-,,,,,,,"25.373,15",,,,,,,"25.373,15",,,,,"38.159,74",,,,,,,,,
SAO JOAO DA BARRA,,,RJ,,,,,"2.055.323,24",,,,,,,"136.920,71",,,,,,,"2.192.243,95",,,,,"2.496.537,21",,,,,,,,,
SAO JOSE DE UBA,,,RJ,,,,,"266.197,28",,,,,,,-,,,,,,,"266.197,28",,,,,"491.599,70",,,,,,,,,
SAO JOSE DO VALE DO RIO PRETO,,,RJ,,,,,"332.746,60",,,,,,,-,,,,,,,"332.746,60",,,,,"614.499,62",,,,,,,,,
SAO PEDRO DA ALDEIA,,,RJ,,,,,"439.225,52",,,,,,,-,,,,,,,"439.225,52",,,,,"811.139,51",,,,,,,,,
SAO SEBASTIAO DO ALTO,,,RJ,,,,,"266.197,28",,,,,,,-,,,,,,,"266.197,28",,,,,"491.599,70",,,,,,,,,
SAQUAREMA,,,RJ,,,,,"425.915,65",,,,,,,-,,,,,,,"425.915,65",,,,,"786.559,52",,,,,,,,,
SILVA JARDIM,,,RJ,,,,,"705.090,05",,,,,,,-,,,,,,,"705.090,05",,,,,"1.318.607,26",,,,,,,,,
SUMIDOURO,,,RJ,,,,,"306.126,87",,,,,,,-,,,,,,,"306.126,87",,,,,"565.339,65",,,,,,,,,
TERESOPOLIS,,,RJ,,,,,"519.084,70",,,,,,,-,,,,,,,"519.084,70",,,,,"958.619,41",,,,,,,,,
TRAJANO DE MORAIS,,,RJ,,,,,"279.507,14",,,,,,,-,,,,,,,"279.507,14",,,,,"516.179,68",,,,,,,,,
VARRE-SAI,,,RJ,,,,,"266.197,28",,,,,,,-,,,,,,,"266.197,28",,,,,"491.599,70",,,,,,,,,
Superintendência de Controle das Participações Governamentais,,,,,,,,,,,,,,,,,,,,,,,,,,,,,,,,,,,,
VOLTA REDONDA,,,RJ,,,,,"306.935,21",,,,,,,-,,,,,,,"306.935,21",,,,,"573.722,63",,,,,,,,,
ACARI,,,RN,,,,,"3.467,15",,,,,,,-,,,,,,,"3.467,15",,,,,"6.603,87",,,,,,,,,
ACU,,,RN,,,,,"214.848,85",,,,,,,"109.821,95",,,,,,,"324.670,80",,,,,"582.064,66",,,,,,,,,
AFONSO BEZERRA,,,RN,,,,,"3.467,15",,,,,,,-,,,,,,,"3.467,15",,,,,"6.603,87",,,,,,,,,
AGUA NOVA,,,RN,,,,,"3.302,05",,,,,,,-,,,,,,,"3.302,05",,,,,"6.289,40",,,,,,,,,
ALEXANDRIA,,,RN,,,,,"3.632,26",,,,,,,-,,,,,,,"3.632,26",,,,,"6.918,34",,,,,,,,,
ALMINO AFONSO,,,RN,,,,,"3.302,05",,,,,,,-,,,,,,,"3.302,05",,,,,"6.289,40",,,,,,,,,
ALTO DO RODRIGUES,,,RN,,,,,"262.441,21",,,,,,,"117.186,98",,,,,,,"379.628,19",,,,,"694.921,19",,,,,,,,,
ANTONIO MARTINS,,,RN,,,,,"3.302,05",,,,,,,-,,,,,,,"3.302,05",,,,,"6.289,40",,,,,,,,,
APODI,,,RN,,,,,"205.237,05",,,,,,,"113.664,31",,,,,,,"318.901,36",,,,,"550.415,98",,,,,,,,,
AREIA BRANCA,,,RN,,,,,"495.856,34",,,,,,,"437.566,20",,,,,,,"933.422,54",,,,,"1.708.824,82",,,,,,,,,
AUGUSTO SEVERO,,,RN,,,,,"3.302,05",,,,,,,-,,,,,,,"3.302,05",,,,,"6.289,40",,,,,,,,,
BARAUNA,,,RN,,,,,"4.127,57",,,,,,,-,,,,,,,"4.127,57",,,,,"7.861,76",,,,,,,,,
CAICO,,,RN,,,,,"5.448,39",,,,,,,-,,,,,,,"5.448,39",,,,,"10.377,52",,,,,,,,,
CARAUBAS,,,RN,,,,,"121.170,76",,,,,,,"42.926,40",,,,,,,"164.097,16",,,,,"304.620,53",,,,,,,,,
CARNAUBA DOS DANTAS,,,RN,,,,,"3.302,05",,,,,,,-,,,,,,,"3.302,05",,,,,"6.289,40",,,,,,,,,
CARNAUBAIS,,,RN,,,,,"134.657,02",,,,,,,"30.604,65",,,,,,,"165.261,67",,,,,"302.861,16",,,,,,,,,
CERRO CORA,,,RN,,,,,"3.467,15",,,,,,,-,,,,,,,"3.467,15",,,,,"6.603,87",,,,,,,,,
CORONEL JOAO PESSOA,,,RN,,,,,"3.302,05",,,,,,,-,,,,,,,"3.302,05",,,,,"6.289,40",,,,,,,,,
CRUZETA,,,RN,,,,,"3.302,05",,,,,,,-,,,,,,,"3.302,05",,,,,"6.289,40",,,,,,,,,
CURRAIS NOVOS,,,RN,,,,,"5.118,18",,,,,,,-,,,,,,,"5.118,18",,,,,"9.748,57",,,,,,,,,
DOUTOR SEVERIANO,,,RN,,,,,"3.302,05",,,,,,,-,,,,,,,"3.302,05",,,,,"6.289,40",,,,,,,,,
ENCANTO,,,RN,,,,,"3.302,05",,,,,,,-,,,,,,,"3.302,05",,,,,"6.289,40",,,,,,,,,
EQUADOR,,,RN,,,,,"3.302,05",,,,,,,-,,,,,,,"3.302,05",,,,,"6.289,40",,,,,,,,,
FELIPE GUERRA,,,RN,,,,,"127.607,21",,,,,,,"45.212,98",,,,,,,"172.820,19",,,,,"320.814,49",,,,,,,,,
FLORANIA,,,RN,,,,,"3.302,05",,,,,,,-,,,,,,,"3.302,05",,,,,"6.289,40",,,,,,,,,
FRANCISCO DANTAS,,,RN,,,,,"3.302,05",,,,,,,-,,,,,,,"3.302,05",,,,,"6.289,40",,,,,,,,,
FRUTUOSO GOMES,,,RN,,,,,"3.302,05",,,,,,,-,,,,,,,"3.302,05",,,,,"6.289,40",,,,,,,,,
GALINHOS,,,RN,,,,,"3.302,05",,,,,,,"87.901,87",,,,,,,"91.203,92",,,,,"182.455,86",,,,,,,,,
GOVERNADOR DIX-SEPT ROSADO,,,RN,,,,,"198.115,49",,,,,,,"106.464,94",,,,,,,"304.580,43",,,,,"571.472,22",,,,,,,,,
GROSSOS,,,RN,,,,,"50.189,35",,,,,,,"48.182,01",,,,,,,"98.371,36",,,,,"194.651,97",,,,,,,,,
GUAMARE,,,RN,,,,,"1.011.594,53",,,,,,,"363.107,39",,,,,,,"1.374.701,92",,,,,"2.443.534,73",,,,,,,,,
IELMO MARINHO,,,RN,,,,,"306.935,21",,,,,,,-,,,,,,,"306.935,21",,,,,"573.722,63",,,,,,,,,
IPANGUACU,,,RN,,,,,"3.467,15",,,,,,,-,,,,,,,"3.467,15",,,,,"6.603,87",,,,,,,,,
IPUEIRA,,,RN,,,,,"3.302,05",,,,,,,-,,,,,,,"3.302,05",,,,,"6.289,40",,,,,,,,,
ITAJA,,,RN,,,,,"3.302,05",,,,,,,-,,,,,,,"3.302,05",,,,,"6.289,40",,,,,,,,,
ITAU,,,RN,,,,,"3.302,05",,,,,,,-,,,,,,,"3.302,05",,,,,"6.289,40",,,,,,,,,
JANDAIRA,,,RN,,,,,"3.302,05",,,,,,,-,,,,,,,"3.302,05",,,,,"6.289,40",,,,,,,,,
JANDUIS,,,RN,,,,,"3.302,05",,,,,,,-,,,,,,,"3.302,05",,,,,"6.289,40",,,,,,,,,
JARDIM DE PIRANHAS,,,RN,,,,,"3.467,15",,,,,,,-,,,,,,,"3.467,15",,,,,"6.603,87",,,,,,,,,
JARDIM DO SERIDO,,,RN,,,,,"3.632,26",,,,,,,-,,,,,,,"3.632,26",,,,,"6.918,34",,,,,,,,,
JOAO DIAS,,,RN,,,,,"3.302,05",,,,,,,-,,,,,,,"3.302,05",,,,,"6.289,40",,,,,,,,,
JOSE DA PENHA,,,RN,,,,,"3.302,05",,,,,,,-,,,,,,,"3.302,05",,,,,"6.289,40",,,,,,,,,
JUCURUTU,,,RN,,,,,"3.962,46",,,,,,,-,,,,,,,"3.962,46",,,,,"7.547,28",,,,,,,,,
LAGOA NOVA,,,RN,,,,,"3.632,26",,,,,,,-,,,,,,,"3.632,26",,,,,"6.918,34",,,,,,,,,
LUCRECIA,,,RN,,,,,"3.302,05",,,,,,,-,,,,,,,"3.302,05",,,,,"6.289,40",,,,,,,,,
LUIS GOMES,,,RN,,,,,"3.302,05",,,,,,,-,,,,,,,"3.302,05",,,,,"6.289,40",,,,,,,,,
MACAU,,,RN,,,,,"1.194.422,31",,,,,,,"339.213,63",,,,,,,"1.533.635,94",,,,,"2.825.402,79",,,,,,,,,
MAJOR SALES,,,RN,,,,,"3.302,05",,,,,,,-,,,,,,,"3.302,05",,,,,"6.289,40",,,,,,,,,
MARCELINO VIEIRA,,,RN,,,,,"3.302,05",,,,,,,-,,,,,,,"3.302,05",,,,,"6.289,40",,,,,,,,,
Superintendência de Controle das Participações Governamentais,,,,,,,,,,,,,,,,,,,,,,,,,,,,,,,,,,,,
MARTINS,,,RN,,,,,"3.302,05",,,,,,,-,,,,,,,"3.302,05",,,,,"6.289,40",,,,,,,,,
MESSIAS TARGINO,,,RN,,,,,"3.302,05",,,,,,,-,,,,,,,"3.302,05",,,,,"6.289,40",,,,,,,,,
MOSSORO,,,RN,,,,,"734.991,77",,,,,,,"591.729,93",,,,,,,"1.326.721,70",,,,,"2.451.347,02",,,,,,,,,
OLHO D'AGUA DO BORGES,,,RN,,,,,"3.302,05",,,,,,,-,,,,,,,"3.302,05",,,,,"6.289,40",,,,,,,,,
OURO BRANCO,,,RN,,,,,"3.302,05",,,,,,,-,,,,,,,"3.302,05",,,,,"6.289,40",,,,,,,,,
PARANA,,,RN,,,,,"3.302,05",,,,,,,-,,,,,,,"3.302,05",,,,,"6.289,40",,,,,,,,,
PARAU,,,RN,,,,,"3.302,05",,,,,,,-,,,,,,,"3.302,05",,,,,"6.289,40",,,,,,,,,
PARELHAS,,,RN,,,,,"4.127,57",,,,,,,-,,,,,,,"4.127,57",,,,,"7.861,76",,,,,,,,,
PATU,,,RN,,,,,"3.467,15",,,,,,,-,,,,,,,"3.467,15",,,,,"6.603,87",,,,,,,,,
PAU DOS FERROS,,,RN,,,,,"4.457,77",,,,,,,-,,,,,,,"4.457,77",,,,,"8.490,69",,,,,,,,,
PEDRO AVELINO,,,RN,,,,,"3.709,59",,,,,,,"189,51",,,,,,,"3.899,10",,,,,"7.333,11",,,,,,,,,
PENDENCIAS,,,RN,,,,,"151.039,44",,,,,,,"63.302,61",,,,,,,"214.342,05",,,,,"392.048,11",,,,,,,,,
PILOES,,,RN,,,,,"3.302,05",,,,,,,-,,,,,,,"3.302,05",,,,,"6.289,40",,,,,,,,,
PORTALEGRE,,,RN,,,,,"3.302,05",,,,,,,-,,,,,,,"3.302,05",,,,,"6.289,40",,,,,,,,,
PORTO DO MANGUE,,,RN,,,,,"116.349,16",,,,,,,"161.703,69",,,,,,,"278.052,85",,,,,"524.007,61",,,,,,,,,
RAFAEL FERNANDES,,,RN,,,,,"3.302,05",,,,,,,-,,,,,,,"3.302,05",,,,,"6.289,40",,,,,,,,,
RAFAEL GODEIRO,,,RN,,,,,"3.302,05",,,,,,,-,,,,,,,"3.302,05",,,,,"6.289,40",,,,,,,,,
RIACHO DA CRUZ,,,RN,,,,,"3.302,05",,,,,,,-,,,,,,,"3.302,05",,,,,"6.289,40",,,,,,,,,
RIACHO DE SANTANA,,,RN,,,,,"3.302,05",,,,,,,-,,,,,,,"3.302,05",,,,,"6.289,40",,,,,,,,,
RODOLFO FERNANDES,,,RN,,,,,"3.302,05",,,,,,,-,,,,,,,"3.302,05",,,,,"6.289,40",,,,,,,,,
SANTANA DO SERIDO,,,RN,,,,,"3.302,05",,,,,,,-,,,,,,,"3.302,05",,,,,"6.289,40",,,,,,,,,
SAO FERNANDO,,,RN,,,,,"3.302,05",,,,,,,-,,,,,,,"3.302,05",,,,,"6.289,40",,,,,,,,,
SAO FRANCISCO DO OESTE,,,RN,,,,,"3.302,05",,,,,,,-,,,,,,,"3.302,05",,,,,"6.289,40",,,,,,,,,
SAO JOAO DO SABUGI,,,RN,,,,,"3.302,05",,,,,,,-,,,,,,,"3.302,05",,,,,"6.289,40",,,,,,,,,
SAO JOSE DO SERIDO,,,RN,,,,,"3.302,05",,,,,,,-,,,,,,,"3.302,05",,,,,"6.289,40",,,,,,,,,
SAO MIGUEL,,,RN,,,,,"4.292,67",,,,,,,-,,,,,,,"4.292,67",,,,,"8.176,22",,,,,,,,,
SAO RAFAEL,,,RN,,,,,"3.302,05",,,,,,,-,,,,,,,"3.302,05",,,,,"6.289,40",,,,,,,,,
SAO VICENTE,,,RN,,,,,"3.302,05",,,,,,,-,,,,,,,"3.302,05",,,,,"6.289,40",,,,,,,,,
SERRA DO MEL,,,RN,,,,,"89.296,51",,,,,,,"15.974,15",,,,,,,"105.270,66",,,,,"192.899,85",,,,,,,,,
SERRA NEGRA DO NORTE,,,RN,,,,,"3.302,05",,,,,,,-,,,,,,,"3.302,05",,,,,"6.289,40",,,,,,,,,
SERRINHA DOS PINTOS,,,RN,,,,,"3.302,05",,,,,,,-,,,,,,,"3.302,05",,,,,"6.289,40",,,,,,,,,
SEVERIANO MELO,,,RN,,,,,"3.467,15",,,,,,,-,,,,,,,"3.467,15",,,,,"6.603,87",,,,,,,,,
TABOLEIRO GRANDE,,,RN,,,,,"3.302,05",,,,,,,-,,,,,,,"3.302,05",,,,,"6.289,40",,,,,,,,,
TENENTE ANANIAS,,,RN,,,,,"3.302,05",,,,,,,-,,,,,,,"3.302,05",,,,,"6.289,40",,,,,,,,,
TENENTE LAURENTINO CRUZ,,,RN,,,,,"3.302,05",,,,,,,-,,,,,,,"3.302,05",,,,,"6.289,40",,,,,,,,,
TIBAU,,,RN,,,,,"50.189,35",,,,,,,"6.015,29",,,,,,,"56.204,64",,,,,"108.472,44",,,,,,,,,
TIMBAUBA DOS BATISTAS,,,RN,,,,,"3.302,05",,,,,,,-,,,,,,,"3.302,05",,,,,"6.289,40",,,,,,,,,
TRIUNFO POTIGUAR,,,RN,,,,,"3.302,05",,,,,,,-,,,,,,,"3.302,05",,,,,"6.289,40",,,,,,,,,
UMARIZAL,,,RN,,,,,"3.467,15",,,,,,,-,,,,,,,"3.467,15",,,,,"6.603,87",,,,,,,,,
UPANEMA,,,RN,,,,,"134.943,05",,,,,,,"71.960,68",,,,,,,"206.903,73",,,,,"373.000,74",,,,,,,,,
VENHA -VER,,,RN,,,,,"3.302,05",,,,,,,-,,,,,,,"3.302,05",,,,,"6.289,40",,,,,,,,,
VICOSA,,,RN,,,,,"3.302,05",,,,,,,-,,,,,,,"3.302,05",,,,,"6.289,40",,,,,,,,,
CIDREIRA,,,RS,,,,,-,,,,,,,"38.494,39",,,,,,,"38.494,39",,,,,"58.863,95",,,,,,,,,
IMBE,,,RS,,,,,"306.935,21",,,,,,,"38.494,39",,,,,,,"345.429,60",,,,,"632.586,58",,,,,,,,,
TRAMANDAI,,,RS,,,,,"955.583,15",,,,,,,"51.325,85",,,,,,,"1.006.909,00",,,,,"1.800.342,30",,,,,,,,,
ARAQUARI,,,SC,,,,,-,,,,,,,"160.331,00",,,,,,,"160.331,00",,,,,"306.435,27",,,,,,,,,
BALNEARIO BARRA DO SUL,,,SC,,,,,-,,,,,,,"60.124,12",,,,,,,"60.124,12",,,,,"114.909,98",,,,,,,,,
GARUVA,,,SC,,,,,-,,,,,,,"160.331,00",,,,,,,"160.331,00",,,,,"306.435,27",,,,,,,,,
ITAPOA,,,SC,,,,,-,,,,,,,"60.124,12",,,,,,,"60.124,12",,,,,"114.909,98",,,,,,,,,
JOINVILLE,,,SC,,,,,-,,,,,,,"160.331,00",,,,,,,"160.331,00",,,,,"306.435,27",,,,,,,,,
Superintendência de Controle das Participações Governamentais,,,,,,,,,,,,,,,,,,,,,,,,,,,,,,,,,,,,
SAO FRANCISCO DO SUL,,,SC,,,,,"889.764,66",,,,,,,"400.827,51",,,,,,,"1.290.592,17",,,,,"2.422.122,42",,,,,,,,,
AMPARO DE SAO FRANCISCO,,,SE,,,,,"2.414,90",,,,,,,-,,,,,,,"2.414,90",,,,,"4.615,22",,,,,,,,,
AQUIDABA,,,SE,,,,,"3.018,62",,,,,,,-,,,,,,,"3.018,62",,,,,"5.769,02",,,,,,,,,
ARACAJU,,,SE,,,,,"1.045.751,77",,,,,,,"273.295,60",,,,,,,"1.319.047,37",,,,,"2.468.606,03",,,,,,,,,
ARAUA,,,SE,,,,,"2.414,90",,,,,,,-,,,,,,,"2.414,90",,,,,"4.615,22",,,,,,,,,
AREIA BRANCA,,,SE,,,,,"5.367,30",,,,,,,"1.670,66",,,,,,,"7.037,96",,,,,"13.619,02",,,,,,,,,
BARRA DOS COQUEIROS,,,SE,,,,,"53.742,51",,,,,,,"120.422,60",,,,,,,"174.165,11",,,,,"335.329,97",,,,,,,,,
BOQUIM,,,SE,,,,,"3.260,11",,,,,,,-,,,,,,,"3.260,11",,,,,"6.230,54",,,,,,,,,
BREJO GRANDE,,,SE,,,,,"77.426,72",,,,,,,"7.242,56",,,,,,,"84.669,28",,,,,"154.783,04",,,,,,,,,
CAMPO DO BRITO,,,SE,,,,,"2.777,13",,,,,,,-,,,,,,,"2.777,13",,,,,"5.307,50",,,,,,,,,
CANHOBA,,,SE,,,,,"2.414,90",,,,,,,-,,,,,,,"2.414,90",,,,,"4.615,22",,,,,,,,,
CANINDE DE SAO FRANCISCO,,,SE,,,,,"2.897,88",,,,,,,-,,,,,,,"2.897,88",,,,,"5.538,27",,,,,,,,,
CAPELA,,,SE,,,,,"4.125,88",,,,,,,"558,42",,,,,,,"4.684,30",,,,,"8.660,38",,,,,,,,,
CARIRA,,,SE,,,,,"2.897,88",,,,,,,-,,,,,,,"2.897,88",,,,,"5.538,27",,,,,,,,,
CARMOPOLIS,,,SE,,,,,"248.726,55",,,,,,,"253.084,53",,,,,,,"501.811,08",,,,,"936.007,31",,,,,,,,,
CEDRO DE SAO JOAO,,,SE,,,,,"2.414,90",,,,,,,-,,,,,,,"2.414,90",,,,,"4.615,22",,,,,,,,,
CRISTINAPOLIS,,,SE,,,,,"2.777,13",,,,,,,-,,,,,,,"2.777,13",,,,,"5.307,50",,,,,,,,,
CUMBE,,,SE,,,,,"2.414,90",,,,,,,-,,,,,,,"2.414,90",,,,,"4.615,22",,,,,,,,,
DIVINA PASTORA,,,SE,,,,,"151.201,20",,,,,,,"76.844,23",,,,,,,"228.045,43",,,,,"420.364,85",,,,,,,,,
ESTANCIA,,,SE,,,,,"3.984,58",,,,,,,-,,,,,,,"3.984,58",,,,,"7.615,11",,,,,,,,,
FEIRA NOVA,,,SE,,,,,"2.414,90",,,,,,,-,,,,,,,"2.414,90",,,,,"4.615,22",,,,,,,,,
FREI PAULO,,,SE,,,,,"2.656,39",,,,,,,-,,,,,,,"2.656,39",,,,,"5.076,74",,,,,,,,,
GARARU,,,SE,,,,,"2.535,64",,,,,,,-,,,,,,,"2.535,64",,,,,"4.845,98",,,,,,,,,
GENERAL MAYNARD,,,SE,,,,,"3.815,56",,,,,,,"1.050,49",,,,,,,"4.866,05",,,,,"9.270,90",,,,,,,,,
GRACHO CARDOSO,,,SE,,,,,"2.414,90",,,,,,,-,,,,,,,"2.414,90",,,,,"4.615,22",,,,,,,,,
ILHA DAS FLORES,,,SE,,,,,"2.414,90",,,,,,,-,,,,,,,"2.414,90",,,,,"4.615,22",,,,,,,,,
INDIAROBA,,,SE,,,,,"2.656,39",,,,,,,-,,,,,,,"2.656,39",,,,,"5.076,74",,,,,,,,,
ITABAIANA,,,SE,,,,,"4.226,07",,,,,,,-,,,,,,,"4.226,07",,,,,"8.076,63",,,,,,,,,
ITABAIANINHA,,,SE,,,,,"3.501,60",,,,,,,-,,,,,,,"3.501,60",,,,,"6.692,07",,,,,,,,,
ITABI,,,SE,,,,,"2.414,90",,,,,,,-,,,,,,,"2.414,90",,,,,"4.615,22",,,,,,,,,
ITAPORANGA D'AJUDA,,,SE,,,,,"60.460,32",,,,,,,"100.767,29",,,,,,,"161.227,61",,,,,"298.746,48",,,,,,,,,
JAPARATUBA,,,SE,,,,,"320.937,86",,,,,,,"217.132,81",,,,,,,"538.070,67",,,,,"1.013.904,51",,,,,,,,,
JAPOATA,,,SE,,,,,"2.656,39",,,,,,,-,,,,,,,"2.656,39",,,,,"5.076,74",,,,,,,,,
LAGARTO,,,SE,,,,,"4.346,82",,,,,,,-,,,,,,,"4.346,82",,,,,"8.307,40",,,,,,,,,
LARANJEIRAS,,,SE,,,,,"3.139,37",,,,,,,-,,,,,,,"3.139,37",,,,,"5.999,79",,,,,,,,,
MACA MBIRA,,,SE,,,,,"2.414,90",,,,,,,-,,,,,,,"2.414,90",,,,,"4.615,22",,,,,,,,,
MALHADA DOS BOIS,,,SE,,,,,"2.414,90",,,,,,,-,,,,,,,"2.414,90",,,,,"4.615,22",,,,,,,,,
MALHADOR,,,SE,,,,,"2.535,64",,,,,,,-,,,,,,,"2.535,64",,,,,"4.845,98",,,,,,,,,
MARUIM,,,SE,,,,,"80.298,19",,,,,,,"9.226,23",,,,,,,"89.524,42",,,,,"164.880,84",,,,,,,,,
MOITA BONITA,,,SE,,,,,"2.535,64",,,,,,,-,,,,,,,"2.535,64",,,,,"4.845,98",,,,,,,,,
MONTE ALEGRE DE SERGIPE,,,SE,,,,,"2.535,64",,,,,,,-,,,,,,,"2.535,64",,,,,"4.845,98",,,,,,,,,
MURIBECA,,,SE,,,,,"2.414,90",,,,,,,-,,,,,,,"2.414,90",,,,,"4.615,22",,,,,,,,,
NEOPOLIS,,,SE,,,,,"3.018,62",,,,,,,-,,,,,,,"3.018,62",,,,,"5.769,02",,,,,,,,,
NOSSA SENHORA APARECIDA,,,SE,,,,,"2.414,90",,,,,,,-,,,,,,,"2.414,90",,,,,"4.615,22",,,,,,,,,
NOSSA SENHORA DA GLORIA,,,SE,,,,,"3.260,11",,,,,,,-,,,,,,,"3.260,11",,,,,"6.230,54",,,,,,,,,
NOSSA SENHORA DAS DORES,,,SE,,,,,"3.139,37",,,,,,,-,,,,,,,"3.139,37",,,,,"5.999,79",,,,,,,,,
NOSSA SENHORA DE LOURDES,,,SE,,,,,"2.414,90",,,,,,,-,,,,,,,"2.414,90",,,,,"4.615,22",,,,,,,,,
NOSSA SENHORA DO SOCORRO,,,SE,,,,,"4.709,05",,,,,,,-,,,,,,,"4.709,05",,,,,"8.999,68",,,,,,,,,
PACATUBA,,,SE,,,,,"47.024,69",,,,,,,"6.699,94",,,,,,,"53.724,63",,,,,"103.533,40",,,,,,,,,
PEDRA MOLE,,,SE,,,,,"2.414,90",,,,,,,-,,,,,,,"2.414,90",,,,,"4.615,22",,,,,,,,,
Superintendência de Controle das Participações Governamentais,,,,,,,,,,,,,,,,,,,,,,,,,,,,,,,,,,,,
PEDRINHAS,,,SE,,,,,"2.414,90",,,,,,,-,,,,,,,"2.414,90",,,,,"4.615,22",,,,,,,,,
PINHAO,,,SE,,,,,"2.414,90",,,,,,,-,,,,,,,"2.414,90",,,,,"4.615,22",,,,,,,,,
PIRAMBU,,,SE,,,,,"1.002.050,89",,,,,,,"8.494,04",,,,,,,"1.010.544,93",,,,,"1.882.648,57",,,,,,,,,
POCO REDONDO,,,SE,,,,,"3.260,11",,,,,,,-,,,,,,,"3.260,11",,,,,"6.230,54",,,,,,,,,
POCO VERDE,,,SE,,,,,"3.018,62",,,,,,,-,,,,,,,"3.018,62",,,,,"5.769,02",,,,,,,,,
PORTO DA FOLHA,,,SE,,,,,"3.260,11",,,,,,,-,,,,,,,"3.260,11",,,,,"6.230,54",,,,,,,,,
PROPRIA,,,SE,,,,,"3.260,11",,,,,,,-,,,,,,,"3.260,11",,,,,"6.230,54",,,,,,,,,
RIACHAO DO DANTAS,,,SE,,,,,"3.018,62",,,,,,,-,,,,,,,"3.018,62",,,,,"5.769,02",,,,,,,,,
RIACHUELO,,,SE,,,,,"24.204,59",,,,,,,"14.054,35",,,,,,,"38.258,94",,,,,"68.523,88",,,,,,,,,
RIBEIROPOLIS,,,SE,,,,,"2.777,13",,,,,,,-,,,,,,,"2.777,13",,,,,"5.307,50",,,,,,,,,
ROSARIO DO CATETE,,,SE,,,,,"107.395,03",,,,,,,"33.763,97",,,,,,,"141.159,00",,,,,"259.150,69",,,,,,,,,
SALGADO,,,SE,,,,,"3.018,62",,,,,,,-,,,,,,,"3.018,62",,,,,"5.769,02",,,,,,,,,
SANTA LUZIA DO ITANHY,,,SE,,,,,"2.656,39",,,,,,,-,,,,,,,"2.656,39",,,,,"5.076,74",,,,,,,,,
SANTA ROSA DE LIMA,,,SE,,,,,"2.414,90",,,,,,,-,,,,,,,"2.414,90",,,,,"4.615,22",,,,,,,,,
SANTANA DO SAO FRANCISCO,,,SE,,,,,"2.414,90",,,,,,,-,,,,,,,"2.414,90",,,,,"4.615,22",,,,,,,,,
SANTO AMARO DAS BROTAS,,,SE,,,,,"77.011,00",,,,,,,"6.324,53",,,,,,,"83.335,53",,,,,"152.481,27",,,,,,,,,
SAO CRISTOVAO,,,SE,,,,,"71.829,23",,,,,,,"1.452,31",,,,,,,"73.281,54",,,,,"135.329,06",,,,,,,,,
SAO DOMINGOS,,,SE,,,,,"2.414,90",,,,,,,-,,,,,,,"2.414,90",,,,,"4.615,22",,,,,,,,,
SAO FRANCISCO,,,SE,,,,,"2.414,90",,,,,,,-,,,,,,,"2.414,90",,,,,"4.615,22",,,,,,,,,
SAO MIGUEL DO ALEIXO,,,SE,,,,,"2.414,90",,,,,,,-,,,,,,,"2.414,90",,,,,"4.615,22",,,,,,,,,
SIMAO DIAS,,,SE,,,,,"3.622,35",,,,,,,-,,,,,,,"3.622,35",,,,,"6.922,83",,,,,,,,,
SIRIRI,,,SE,,,,,"126.505,72",,,,,,,"39.569,43",,,,,,,"166.075,15",,,,,"301.204,82",,,,,,,,,
TELHA,,,SE,,,,,"2.414,90",,,,,,,-,,,,,,,"2.414,90",,,,,"4.615,22",,,,,,,,,
TOBIAS BARRETO,,,SE,,,,,"3.743,09",,,,,,,-,,,,,,,"3.743,09",,,,,"7.153,59",,,,,,,,,
TOMAR DO GERU,,,SE,,,,,"2.656,39",,,,,,,-,,,,,,,"2.656,39",,,,,"5.076,74",,,,,,,,,
UMBAUBA,,,SE,,,,,"3.018,62",,,,,,,-,,,,,,,"3.018,62",,,,,"5.769,02",,,,,,,,,
ARUJA,,,SP,,,,,"993,11",,,,,,,-,,,,,,,"993,11",,,,,"1.843,82",,,,,,,,,
BARRA DO TURVO,,,SP,,,,,"601,88",,,,,,,-,,,,,,,"601,88",,,,,"1.117,46",,,,,,,,,
BARUERI,,,SP,,,,,"1.203,77",,,,,,,-,,,,,,,"1.203,77",,,,,"2.234,93",,,,,,,,,
BERTIOGA,,,SP,,,,,"36.824,47",,,,,,,"1.027.158,06",,,,,,,"1.063.982,53",,,,,"2.338.576,99",,,,,,,,,
BIRITIBA-MIRIM,,,SP,,,,,"812,54",,,,,,,-,,,,,,,"812,54",,,,,"1.508,57",,,,,,,,,
CAIEIRAS,,,SP,,,,,"1.023,20",,,,,,,-,,,,,,,"1.023,20",,,,,"1.899,69",,,,,,,,,
CAJAMAR,,,SP,,,,,"963,02",,,,,,,-,,,,,,,"963,02",,,,,"1.787,95",,,,,,,,,
CAJATI,,,SP,,,,,"842,64",,,,,,,-,,,,,,,"842,64",,,,,"1.564,45",,,,,,,,,
CANANEIA,,,SP,,,,,"28.933,51",,,,,,,"48.999,63",,,,,,,"77.933,14",,,,,"144.691,63",,,,,,,,,
CARAGUATATUBA,,,SP,,,,,-,,,,,,,"976.041,17",,,,,,,"976.041,17",,,,,"2.175.303,98",,,,,,,,,
CARAPICUIBA,,,SP,,,,,"1.203,77",,,,,,,-,,,,,,,"1.203,77",,,,,"2.234,93",,,,,,,,,
COTIA,,,SP,,,,,"1.203,77",,,,,,,-,,,,,,,"1.203,77",,,,,"2.234,93",,,,,,,,,
CUBATAO,,,SP,,,,,"48.660,90",,,,,,,-,,,,,,,"48.660,90",,,,,"90.344,43",,,,,,,,,
DIADEMA,,,SP,,,,,"1.203,77",,,,,,,-,,,,,,,"1.203,77",,,,,"2.234,93",,,,,,,,,
ELDORADO,,,SP,,,,,"692,17",,,,,,,-,,,,,,,"692,17",,,,,"1.285,09",,,,,,,,,
EMBU-GUACU,,,SP,,,,,"993,11",,,,,,,-,,,,,,,"993,11",,,,,"1.843,82",,,,,,,,,
EMBU,,,SP,,,,,"1.203,77",,,,,,,-,,,,,,,"1.203,77",,,,,"2.234,93",,,,,,,,,
FERRAZ DE VASCONCELOS,,,SP,,,,,"1.173,68",,,,,,,-,,,,,,,"1.173,68",,,,,"2.179,07",,,,,,,,,
FRANCISCO MORATO,,,SP,,,,,"1.173,68",,,,,,,-,,,,,,,"1.173,68",,,,,"2.179,07",,,,,,,,,
FRANCO DA ROCHA,,,SP,,,,,"1.113,49",,,,,,,-,,,,,,,"1.113,49",,,,,"2.067,32",,,,,,,,,
GUARAREMA,,,SP,,,,,"782,45",,,,,,,-,,,,,,,"782,45",,,,,"1.452,71",,,,,,,,,
GUARUJA,,,SP,,,,,"1.203,77",,,,,,,-,,,,,,,"1.203,77",,,,,"2.234,93",,,,,,,,,
GUARULHOS,,,SP,,,,,"1.203,77",,,,,,,-,,,,,,,"1.203,77",,,,,"2.234,93",,,,,,,,,
IGUAPE,,,SP,,,,,"812,54",,,,,,,-,,,,,,,"812,54",,,,,"1.508,57",,,,,,,,,
Superintendência de Controle das Participações Governamentais,,,,,,,,,,,,,,,,,,,,,,,,,,,,,,,,,,,,
ILHA COMPRIDA,,,SP,,,,,"601,88",,,,,,,-,,,,,,,"601,88",,,,,"1.117,46",,,,,,,,,
ILHABELA,,,SP,,,,,-,,,,,,,"976.041,17",,,,,,,"976.041,17",,,,,"2.175.303,98",,,,,,,,,
ITANHAEM,,,SP,,,,,"1.023,20",,,,,,,-,,,,,,,"1.023,20",,,,,"1.899,69",,,,,,,,,
ITAPECERICA DA SERRA,,,SP,,,,,"1.173,68",,,,,,,-,,,,,,,"1.173,68",,,,,"2.179,07",,,,,,,,,
ITAPEVI,,,SP,,,,,"1.203,77",,,,,,,-,,,,,,,"1.203,77",,,,,"2.234,93",,,,,,,,,
ITAQUAQUECETUBA,,,SP,,,,,"1.203,77",,,,,,,-,,,,,,,"1.203,77",,,,,"2.234,93",,,,,,,,,
ITARIRI,,,SP,,,,,"662,07",,,,,,,-,,,,,,,"662,07",,,,,"1.229,21",,,,,,,,,
JACUPIRANGA,,,SP,,,,,"722,26",,,,,,,-,,,,,,,"722,26",,,,,"1.340,96",,,,,,,,,
JANDIRA,,,SP,,,,,"1.083,39",,,,,,,-,,,,,,,"1.083,39",,,,,"2.011,44",,,,,,,,,
JUQUIA,,,SP,,,,,"782,45",,,,,,,-,,,,,,,"782,45",,,,,"1.452,71",,,,,,,,,
JUQUITIBA,,,SP,,,,,"812,54",,,,,,,-,,,,,,,"812,54",,,,,"1.508,57",,,,,,,,,
MAIRIPORA,,,SP,,,,,"993,11",,,,,,,-,,,,,,,"993,11",,,,,"1.843,82",,,,,,,,,
MAUA,,,SP,,,,,"1.203,77",,,,,,,-,,,,,,,"1.203,77",,,,,"2.234,93",,,,,,,,,
MIRACATU,,,SP,,,,,"782,45",,,,,,,-,,,,,,,"782,45",,,,,"1.452,71",,,,,,,,,
MOJI DAS CRUZES,,,SP,,,,,"1.203,77",,,,,,,-,,,,,,,"1.203,77",,,,,"2.234,93",,,,,,,,,
MONGAGUA,,,SP,,,,,"872,73",,,,,,,-,,,,,,,"872,73",,,,,"1.620,32",,,,,,,,,
OSASCO,,,SP,,,,,"1.203,77",,,,,,,-,,,,,,,"1.203,77",,,,,"2.234,93",,,,,,,,,
PARIQUERA -ACU,,,SP,,,,,"722,26",,,,,,,-,,,,,,,"722,26",,,,,"1.340,96",,,,,,,,,
PEDRO DE TOLEDO,,,SP,,,,,"601,88",,,,,,,-,,,,,,,"601,88",,,,,"1.117,46",,,,,,,,,
PERUIBE,,,SP,,,,,"963,02",,,,,,,-,,,,,,,"963,02",,,,,"1.787,95",,,,,,,,,
PIRAPORA DO BOM JESUS,,,SP,,,,,"662,07",,,,,,,-,,,,,,,"662,07",,,,,"1.229,21",,,,,,,,,
POA,,,SP,,,,,"1.083,39",,,,,,,-,,,,,,,"1.083,39",,,,,"2.011,44",,,,,,,,,
PRAIA GRANDE,,,SP,,,,,"9.534,90",,,,,,,-,,,,,,,"9.534,90",,,,,"17.702,61",,,,,,,,,
REGISTRO,,,SP,,,,,"963,02",,,,,,,-,,,,,,,"963,02",,,,,"1.787,95",,,,,,,,,
RIBEIRAO PIRES,,,SP,,,,,"1.113,49",,,,,,,-,,,,,,,"1.113,49",,,,,"2.067,32",,,,,,,,,
RIO GRANDE DA SERRA,,,SP,,,,,"902,83",,,,,,,-,,,,,,,"902,83",,,,,"1.676,20",,,,,,,,,
SALESOPOLIS,,,SP,,,,,"692,17",,,,,,,-,,,,,,,"692,17",,,,,"1.285,09",,,,,,,,,
SANTA ISABEL,,,SP,,,,,"932,92",,,,,,,-,,,,,,,"932,92",,,,,"1.732,07",,,,,,,,,
SANTANA DE PARNAIBA,,,SP,,,,,"1.053,30",,,,,,,-,,,,,,,"1.053,30",,,,,"1.955,57",,,,,,,,,
SANTO ANDRE,,,SP,,,,,"1.203,77",,,,,,,-,,,,,,,"1.203,77",,,,,"2.234,93",,,,,,,,,
SANTOS,,,SP,,,,,"1.203,77",,,,,,,-,,,,,,,"1.203,77",,,,,"2.234,93",,,,,,,,,
SAO BERNARDO DO CAMPO,,,SP,,,,,"1.203,77",,,,,,,-,,,,,,,"1.203,77",,,,,"2.234,93",,,,,,,,,
SAO CAETANO DO SUL,,,SP,,,,,"1.173,68",,,,,,,-,,,,,,,"1.173,68",,,,,"2.179,07",,,,,,,,,
SAO LOURENCO DA SERRA,,,SP,,,,,"662,07",,,,,,,-,,,,,,,"662,07",,,,,"1.229,21",,,,,,,,,
SAO PAULO,,,SP,,,,,"1.203,77",,,,,,,-,,,,,,,"1.203,77",,,,,"2.234,93",,,,,,,,,
SAO SEBASTIAO,,,SP,,,,,"956.576,26",,,,,,,"1.952.082,35",,,,,,,"2.908.658,61",,,,,"6.129.285,03",,,,,,,,,
SAO VICENTE,,,SP,,,,,"9.534,90",,,,,,,-,,,,,,,"9.534,90",,,,,"17.702,61",,,,,,,,,
SETE BARRAS,,,SP,,,,,"662,07",,,,,,,-,,,,,,,"662,07",,,,,"1.229,21",,,,,,,,,
SUZANO,,,SP,,,,,"1.203,77",,,,,,,-,,,,,,,"1.203,77",,,,,"2.234,93",,,,,,,,,
TABOAO DA SERRA,,,SP,,,,,"1.203,77",,,,,,,-,,,,,,,"1.203,77",,,,,"2.234,93",,,,,,,,,
VARGEM GRANDE PAULISTA,,,SP,,,,,"872,73",,,,,,,-,,,,,,,"872,73",,,,,"1.620,32",,,,,,,,,
