ANADIA-AL,,,,,AL,,,,,"309,87",,,,,,,,,-,,,,,,"309,87",,,,,,,,,"3.408,83",,,,,,,,
ATALAIA-AL,,,,,AL,,,,,"400,26",,,,,,,,,-,,,,,,"400,26",,,,,,,,,"4.403,10",,,,,,,,
BARRA DE SANTO ANTONIO-AL,,,,,AL,,,,,"271,14",,,,,,,,,-,,,,,,"271,14",,,,,,,,,"2.982,73",,,,,,,,
BARRA DE SAO MIGUEL-AL,,,,,AL,,,,,"258,23",,,,,,,,,-,,,,,,"258,23",,,,,,,,,"2.840,69",,,,,,,,
BOCA DA MATA-AL,,,,,AL,,,,,"348,61",,,,,,,,,-,,,,,,"348,61",,,,,,,,,"3.834,95",,,,,,,,
BRANQUINHA-AL,,,,,AL,,,,,"271,14",,,,,,,,,-,,,,,,"271,14",,,,,,,,,"2.982,73",,,,,,,,
CAJUEIRO-AL,,,,,AL,,,,,"322,79",,,,,,,,,-,,,,,,"322,79",,,,,,,,,"3.550,88",,,,,,,,
CAMPESTRE-AL,,,,,AL,,,,,"258,23",,,,,,,,,-,,,,,,"258,23",,,,,,,,,"2.840,69",,,,,,,,
CAMPO ALEGRE-AL,,,,,AL,,,,,"400,26",,,,,,,,,-,,,,,,"400,26",,,,,,,,,"4.403,10",,,,,,,,
CAPELA-AL,,,,,AL,,,,,"322,79",,,,,,,,,-,,,,,,"322,79",,,,,,,,,"3.550,88",,,,,,,,
CHA PRETA-AL,,,,,AL,,,,,"258,23",,,,,,,,,-,,,,,,"258,23",,,,,,,,,"2.840,69",,,,,,,,
COLONIA LEOPOLDINA-AL,,,,,AL,,,,,"309,87",,,,,,,,,-,,,,,,"309,87",,,,,,,,,"3.408,83",,,,,,,,
COQUEIRO SECO-AL,,,,,AL,,,,,"437,86",,,,,,,,,"115,86",,,,,,"553,72",,,,,,,,,"5.749,12",,,,,,,,
CORURIPE-AL,,,,,AL,,,,,"1.091.758,08",,,,,,,,,"26.192,10",,,,,,"1.117.950,18",,,,,,,,,"5.086.800,81",,,,,,,,
FELIZ DESERTO-AL,,,,,AL,,,,,"9.372,34",,,,,,,,,"12.845,97",,,,,,"22.218,31",,,,,,,,,"244.414,92",,,,,,,,
FLEXEIRAS-AL,,,,,AL,,,,,"271,14",,,,,,,,,-,,,,,,"271,14",,,,,,,,,"2.982,73",,,,,,,,
IBATEGUARA-AL,,,,,AL,,,,,"296,96",,,,,,,,,-,,,,,,"296,96",,,,,,,,,"3.266,80",,,,,,,,
IGREJA NOVA-AL,,,,,AL,,,,,"335,70",,,,,,,,,-,,,,,,"335,70",,,,,,,,,"3.692,91",,,,,,,,
JACUIPE-AL,,,,,AL,,,,,"258,23",,,,,,,,,-,,,,,,"258,23",,,,,,,,,"2.840,69",,,,,,,,
JAPARATINGA-AL,,,,,AL,,,,,"258,23",,,,,,,,,-,,,,,,"258,23",,,,,,,,,"2.840,69",,,,,,,,
JEQUIA DA PRAIA-AL,,,,,AL,,,,,"3.798,74",,,,,,,,,"1.476,17",,,,,,"5.274,91",,,,,,,,,"21.450,20",,,,,,,,
JOAQUIM GOMES-AL,,,,,AL,,,,,"335,70",,,,,,,,,-,,,,,,"335,70",,,,,,,,,"3.692,91",,,,,,,,
JUNDIA-AL,,,,,AL,,,,,"258,23",,,,,,,,,-,,,,,,"258,23",,,,,,,,,"2.840,69",,,,,,,,
JUNQUEIRO-AL,,,,,AL,,,,,"335,70",,,,,,,,,-,,,,,,"335,70",,,,,,,,,"3.692,91",,,,,,,,
MACEIO-AL,,,,,AL,,,,,"87.908,56",,,,,,,,,"20.561,31",,,,,,"108.469,87",,,,,,,,,"519.242,51",,,,,,,,
MARAGOGI-AL,,,,,AL,,,,,"335,70",,,,,,,,,-,,,,,,"335,70",,,,,,,,,"3.692,91",,,,,,,,
MARECHAL DEODORO-AL,,,,,AL,,,,,"144.578,29",,,,,,,,,"117.121,98",,,,,,"261.700,27",,,,,,,,,"1.279.697,70",,,,,,,,
MATRIZ DE CAMARAGIBE-AL,,,,,AL,,,,,"348,61",,,,,,,,,-,,,,,,"348,61",,,,,,,,,"3.834,95",,,,,,,,
MESSIAS-AL,,,,,AL,,,,,"271,14",,,,,,,,,-,,,,,,"271,14",,,,,,,,,"2.982,73",,,,,,,,
MURICI-AL,,,,,AL,,,,,"348,61",,,,,,,,,-,,,,,,"348,61",,,,,,,,,"3.834,95",,,,,,,,
NOVO LINO-AL,,,,,AL,,,,,"271,14",,,,,,,,,-,,,,,,"271,14",,,,,,,,,"2.982,73",,,,,,,,
PARIPUEIRA-AL,,,,,AL,,,,,"258,23",,,,,,,,,"10.602,08",,,,,,"10.860,31",,,,,,,,,"49.285,88",,,,,,,,
PASSO DE CAMARAGIBE-AL,,,,,AL,,,,,"284,05",,,,,,,,,-,,,,,,"284,05",,,,,,,,,"3.124,76",,,,,,,,
PENEDO-AL,,,,,AL,,,,,"426,08",,,,,,,,,-,,,,,,"426,08",,,,,,,,,"4.687,17",,,,,,,,
PIACABUCU-AL,,,,,AL,,,,,"309,87",,,,,,,,,-,,,,,,"309,87",,,,,,,,,"3.408,83",,,,,,,,
PILAR-AL,,,,,AL,,,,,"238.947,23",,,,,,,,,"153.887,78",,,,,,"392.835,01",,,,,,,,,"1.833.709,96",,,,,,,,
PINDOBA-AL,,,,,AL,,,,,"258,23",,,,,,,,,-,,,,,,"258,23",,,,,,,,,"2.840,69",,,,,,,,
PORTO CALVO-AL,,,,,AL,,,,,"335,70",,,,,,,,,-,,,,,,"335,70",,,,,,,,,"3.692,91",,,,,,,,
PORTO DE PEDRAS-AL,,,,,AL,,,,,"271,14",,,,,,,,,-,,,,,,"271,14",,,,,,,,,"2.982,73",,,,,,,,
PORTO REAL DO COLEGIO-AL,,,,,AL,,,,,"322,79",,,,,,,,,-,,,,,,"322,79",,,,,,,,,"3.550,88",,,,,,,,
RIO LARGO-AL,,,,,AL,,,,,"9.360,69",,,,,,,,,"5.762,82",,,,,,"15.123,51",,,,,,,,,"76.634,95",,,,,,,,
ROTEIRO-AL,,,,,AL,,,,,"808,00",,,,,,,,,"354,60",,,,,,"1.162,60",,,,,,,,,"7.541,03",,,,,,,,
SANTA LUZIA DO NORTE-AL,,,,,AL,,,,,"258,23",,,,,,,,,-,,,,,,"258,23",,,,,,,,,"2.840,69",,,,,,,,
SANTANA DO MUNDAU-AL,,,,,AL,,,,,"271,14",,,,,,,,,-,,,,,,"271,14",,,,,,,,,"2.982,73",,,,,,,,
SAO JOSE DA LAJE-AL,,,,,AL,,,,,"335,70",,,,,,,,,-,,,,,,"335,70",,,,,,,,,"3.692,91",,,,,,,,
SAO LUIS DO QUITUNDE-AL,,,,,AL,,,,,"361,52",,,,,,,,,-,,,,,,"361,52",,,,,,,,,"3.976,98",,,,,,,,
Superintendência de Controle das Participações Governamentais,,,,,,,,,,,,,,,,,,,,,,,,,,,,,,,,,,,,,,,,,,
SAO MIGUEL DOS CAMPOS-AL,,,,,AL,,,,,"322.207,20",,,,,,,,,"198.340,19",,,,,,"520.547,39",,,,,,,,,"2.463.523,60",,,,,,,,
SAO MIGUEL DOS MILAGRES-AL,,,,,AL,,,,,"258,23",,,,,,,,,-,,,,,,"258,23",,,,,,,,,"2.840,69",,,,,,,,
SATUBA-AL,,,,,AL,,,,,"36.450,71",,,,,,,,,"23.327,49",,,,,,"59.778,20",,,,,,,,,"202.493,45",,,,,,,,
TEOTONIO VILELA-AL,,,,,AL,,,,,"387,34",,,,,,,,,-,,,,,,"387,34",,,,,,,,,"4.261,06",,,,,,,,
UNIAO DOS PALMARES-AL,,,,,AL,,,,,"426,08",,,,,,,,,-,,,,,,"426,08",,,,,,,,,"4.687,17",,,,,,,,
VICOSA-AL,,,,,AL,,,,,"348,61",,,,,,,,,-,,,,,,"348,61",,,,,,,,,"3.834,95",,,,,,,,
ALAGOAS TOTAL,,,,,,,,,,"1.958.397,15",,,,,,,,,"570.588,35",,,,,,"2.528.985,50",,,,,,,,,"11.928.175,98",,,,,,,,
ANAMA-AM,,,,,AM,,,,,-,,,,,,,,,"2.548,16",,,,,,"2.548,16",,,,,,,,,"10.705,72",,,,,,,,
ANORI-AM,,,,,AM,,,,,-,,,,,,,,,"2.548,16",,,,,,"2.548,16",,,,,,,,,"10.705,72",,,,,,,,
AUTAZES-AM,,,,,AM,,,,,-,,,,,,,,,"7.380,91",,,,,,"7.380,91",,,,,,,,,"30.255,70",,,,,,,,
BERURI-AM,,,,,AM,,,,,-,,,,,,,,,"2.548,16",,,,,,"2.548,16",,,,,,,,,"10.705,72",,,,,,,,
CAREIRO DA VARZEA-AM,,,,,AM,,,,,-,,,,,,,,,"7.380,91",,,,,,"7.380,91",,,,,,,,,"30.255,70",,,,,,,,
CAREIRO-AM,,,,,AM,,,,,-,,,,,,,,,"2.548,16",,,,,,"2.548,16",,,,,,,,,"10.705,72",,,,,,,,
COARI-AM,,,,,AM,,,,,"1.809.589,18",,,,,,,,,"1.701.776,20",,,,,,"3.511.365,38",,,,,,,,,"16.690.806,50",,,,,,,,
CODAJAS-AM,,,,,AM,,,,,-,,,,,,,,,"2.548,16",,,,,,"2.548,16",,,,,,,,,"10.705,72",,,,,,,,
IRANDUBA-AM,,,,,AM,,,,,-,,,,,,,,,"7.380,91",,,,,,"7.380,91",,,,,,,,,"30.255,70",,,,,,,,
ITACOATIARA-AM,,,,,AM,,,,,-,,,,,,,,,"7.380,91",,,,,,"7.380,91",,,,,,,,,"30.255,70",,,,,,,,
ITAPIRANGA-AM,,,,,AM,,,,,-,,,,,,,,,"7.380,91",,,,,,"7.380,91",,,,,,,,,"30.255,70",,,,,,,,
MANACAPURU-AM,,,,,AM,,,,,-,,,,,,,,,"2.548,16",,,,,,"2.548,16",,,,,,,,,"10.705,72",,,,,,,,
MANAQUIRI-AM,,,,,AM,,,,,-,,,,,,,,,"2.548,16",,,,,,"2.548,16",,,,,,,,,"10.705,72",,,,,,,,
MANAUS-AM,,,,,AM,,,,,"1.152.273,08",,,,,,,,,"95.981,62",,,,,,"1.248.254,70",,,,,,,,,"5.539.622,33",,,,,,,,
PARINTINS-AM,,,,,AM,,,,,-,,,,,,,,,"7.380,91",,,,,,"7.380,91",,,,,,,,,"30.255,70",,,,,,,,
SILVES-AM,,,,,AM,,,,,-,,,,,,,,,"7.380,91",,,,,,"7.380,91",,,,,,,,,"30.255,70",,,,,,,,
URUCARA-AM,,,,,AM,,,,,-,,,,,,,,,"7.380,91",,,,,,"7.380,91",,,,,,,,,"30.255,70",,,,,,,,
URUCURITUBA-AM,,,,,AM,,,,,-,,,,,,,,,"7.380,91",,,,,,"7.380,91",,,,,,,,,"30.255,70",,,,,,,,
AMAZONAS TOTAL,,,,,,,,,,"2.961.862,26",,,,,,,,,"1.882.023,13",,,,,,"4.843.885,39",,,,,,,,,"22.577.670,17",,,,,,,,
LARANJAL DO JARI-AP,,,,,AP,,,,,-,,,,,,,,,"7.380,91",,,,,,"7.380,91",,,,,,,,,"30.255,70",,,,,,,,
MACAPA-AP,,,,,AP,,,,,-,,,,,,,,,"7.380,91",,,,,,"7.380,91",,,,,,,,,"30.255,70",,,,,,,,
MAZAGAO-AP,,,,,AP,,,,,-,,,,,,,,,"7.380,91",,,,,,"7.380,91",,,,,,,,,"30.255,70",,,,,,,,
AMAPA TOTAL,,,,,,,,,,-,,,,,,,,,"22.142,73",,,,,,"22.142,73",,,,,,,,,"90.767,10",,,,,,,,
ACAJUTIBA-BA,,,,,BA,,,,,"74,63",,,,,,,,,-,,,,,,"74,63",,,,,,,,,"375,46",,,,,,,,
ADUSTINA-BA,,,,,BA,,,,,"74,63",,,,,,,,,-,,,,,,"74,63",,,,,,,,,"375,46",,,,,,,,
AGUA FRIA-BA,,,,,BA,,,,,"74,63",,,,,,,,,-,,,,,,"74,63",,,,,,,,,"375,46",,,,,,,,
AIQUARA-BA,,,,,BA,,,,,"64,90",,,,,,,,,-,,,,,,"64,90",,,,,,,,,"326,49",,,,,,,,
ALAGOINHAS-BA,,,,,BA,,,,,"198.260,47",,,,,,,,,"122.969,22",,,,,,"321.229,69",,,,,,,,,"1.755.416,72",,,,,,,,
AMARGOSA-BA,,,,,BA,,,,,"90,86",,,,,,,,,-,,,,,,"90,86",,,,,,,,,"457,10",,,,,,,,
AMELIA RODRIGUES-BA,,,,,BA,,,,,"87,61",,,,,,,,,-,,,,,,"87,61",,,,,,,,,"440,77",,,,,,,,
ANAGE-BA,,,,,BA,,,,,"90,86",,,,,,,,,-,,,,,,"90,86",,,,,,,,,"457,10",,,,,,,,
ANGUERA-BA,,,,,BA,,,,,"64,90",,,,,,,,,-,,,,,,"64,90",,,,,,,,,"326,49",,,,,,,,
ANTAS-BA,,,,,BA,,,,,"74,63",,,,,,,,,-,,,,,,"74,63",,,,,,,,,"375,46",,,,,,,,
ANTONIO CARDOSO-BA,,,,,BA,,,,,"68,14",,,,,,,,,-,,,,,,"68,14",,,,,,,,,"342,81",,,,,,,,
APORA-BA,,,,,BA,,,,,"77,88",,,,,,,,,-,,,,,,"77,88",,,,,,,,,"391,79",,,,,,,,
APUAREMA-BA,,,,,BA,,,,,"64,90",,,,,,,,,-,,,,,,"64,90",,,,,,,,,"326,49",,,,,,,,
ARACAS-BA,,,,,BA,,,,,"232.196,39",,,,,,,,,"102.890,41",,,,,,"335.086,80",,,,,,,,,"1.633.065,87",,,,,,,,
ARACI-BA,,,,,BA,,,,,"100,59",,,,,,,,,-,,,,,,"100,59",,,,,,,,,"506,06",,,,,,,,
ARAMARI-BA,,,,,BA,,,,,"64,90",,,,,,,,,-,,,,,,"64,90",,,,,,,,,"326,49",,,,,,,,
ARATUIPE-BA,,,,,BA,,,,,"64,90",,,,,,,,,-,,,,,,"64,90",,,,,,,,,"326,49",,,,,,,,
BAIXA GRANDE-BA,,,,,BA,,,,,"84,37",,,,,,,,,-,,,,,,"84,37",,,,,,,,,"424,43",,,,,,,,
BANZAE-BA,,,,,BA,,,,,"68,14",,,,,,,,,-,,,,,,"68,14",,,,,,,,,"342,81",,,,,,,,
BARRA DO CHOCA-BA,,,,,BA,,,,,"100,59",,,,,,,,,-,,,,,,"100,59",,,,,,,,,"506,06",,,,,,,,
BARROCAS-BA,,,,,BA,,,,,"71,39",,,,,,,,,-,,,,,,"71,39",,,,,,,,,"359,14",,,,,,,,
Superintendência de Controle das Participações Governamentais,,,,,,,,,,,,,,,,,,,,,,,,,,,,,,,,,,,,,,,,,,
BELO CAMPO-BA,,,,,BA,,,,,"77,88",,,,,,,,,-,,,,,,"77,88",,,,,,,,,"391,79",,,,,,,,
BIRITINGA-BA,,,,,BA,,,,,"74,63",,,,,,,,,-,,,,,,"74,63",,,,,,,,,"375,46",,,,,,,,
BOA NOVA-BA,,,,,BA,,,,,"84,37",,,,,,,,,-,,,,,,"84,37",,,,,,,,,"424,43",,,,,,,,
BOA VISTA DO TUPIM-BA,,,,,BA,,,,,"81,12",,,,,,,,,-,,,,,,"81,12",,,,,,,,,"408,12",,,,,,,,
BOM JESUS DA SERRA-BA,,,,,BA,,,,,"68,14",,,,,,,,,-,,,,,,"68,14",,,,,,,,,"342,81",,,,,,,,
BREJOES-BA,,,,,BA,,,,,"74,63",,,,,,,,,-,,,,,,"74,63",,,,,,,,,"375,46",,,,,,,,
CAATIBA-BA,,,,,BA,,,,,"74,63",,,,,,,,,-,,,,,,"74,63",,,,,,,,,"375,46",,,,,,,,
CABACEIRAS DO PARAGUACU-BA,,,,,BA,,,,,"74,63",,,,,,,,,-,,,,,,"74,63",,,,,,,,,"375,46",,,,,,,,
CACHOEIRA-BA,,,,,BA,,,,,"90,86",,,,,,,,,-,,,,,,"90,86",,,,,,,,,"457,10",,,,,,,,
CAEM-BA,,,,,BA,,,,,"71,39",,,,,,,,,-,,,,,,"71,39",,,,,,,,,"359,14",,,,,,,,
CAETANOS-BA,,,,,BA,,,,,"71,39",,,,,,,,,-,,,,,,"71,39",,,,,,,,,"359,14",,,,,,,,
CAMACARI-BA,,,,,BA,,,,,"151,75",,,,,,,,,"12,51",,,,,,"164,26",,,,,,,,,"1.743,54",,,,,,,,
CANDEAL-BA,,,,,BA,,,,,"68,14",,,,,,,,,-,,,,,,"68,14",,,,,,,,,"342,81",,,,,,,,
CANDEIAS-BA,,,,,BA,,,,,"216.885,87",,,,,,,,,"287.861,71",,,,,,"504.747,58",,,,,,,,,"2.363.216,60",,,,,,,,
CANDIDO SALES-BA,,,,,BA,,,,,"90,86",,,,,,,,,-,,,,,,"90,86",,,,,,,,,"457,10",,,,,,,,
CANSANCAO-BA,,,,,BA,,,,,"90,86",,,,,,,,,-,,,,,,"90,86",,,,,,,,,"457,10",,,,,,,,
CANUDOS-BA,,,,,BA,,,,,"71,39",,,,,,,,,-,,,,,,"71,39",,,,,,,,,"359,14",,,,,,,,
CAPELA DO ALTO ALEGRE-BA,,,,,BA,,,,,"68,14",,,,,,,,,-,,,,,,"68,14",,,,,,,,,"342,81",,,,,,,,
CAPIM GROSSO-BA,,,,,BA,,,,,"84,37",,,,,,,,,-,,,,,,"84,37",,,,,,,,,"424,43",,,,,,,,
CARDEAL DA SILVA-BA,,,,,BA,,,,,"129.039,23",,,,,,,,,"33.421,39",,,,,,"162.460,62",,,,,,,,,"811.870,56",,,,,,,,
CASTRO ALVES-BA,,,,,BA,,,,,"87,61",,,,,,,,,-,,,,,,"87,61",,,,,,,,,"440,77",,,,,,,,
CATU-BA,,,,,BA,,,,,"244.642,84",,,,,,,,,"125.450,58",,,,,,"370.093,42",,,,,,,,,"1.773.038,64",,,,,,,,
CICERO DANTAS-BA,,,,,BA,,,,,"90,86",,,,,,,,,-,,,,,,"90,86",,,,,,,,,"457,10",,,,,,,,
CIPO-BA,,,,,BA,,,,,"74,63",,,,,,,,,-,,,,,,"74,63",,,,,,,,,"375,46",,,,,,,,
CONCEICAO DA FEIRA-BA,,,,,BA,,,,,"77,88",,,,,,,,,-,,,,,,"77,88",,,,,,,,,"391,79",,,,,,,,
CONCEICAO DO ALMEIDA-BA,,,,,BA,,,,,"81,12",,,,,,,,,-,,,,,,"81,12",,,,,,,,,"408,12",,,,,,,,
CONCEICAO DO COITE-BA,,,,,BA,,,,,"107,08",,,,,,,,,-,,,,,,"107,08",,,,,,,,,"538,72",,,,,,,,
CONCEICAO DO JACUIPE-BA,,,,,BA,,,,,"87,61",,,,,,,,,-,,,,,,"87,61",,,,,,,,,"440,77",,,,,,,,
CONDE-BA,,,,,BA,,,,,"84,37",,,,,,,,,-,,,,,,"84,37",,,,,,,,,"492,92",,,,,,,,
CORACAO DE MARIA-BA,,,,,BA,,,,,"84,37",,,,,,,,,-,,,,,,"84,37",,,,,,,,,"424,43",,,,,,,,
CORONEL JOAOSA-BA,,,,,BA,,,,,"81,12",,,,,,,,,-,,,,,,"81,12",,,,,,,,,"408,12",,,,,,,,
CRAVOLANDIA-BA,,,,,BA,,,,,"64,90",,,,,,,,,-,,,,,,"64,90",,,,,,,,,"326,49",,,,,,,,
CRISOPOLIS-BA,,,,,BA,,,,,"81,12",,,,,,,,,-,,,,,,"81,12",,,,,,,,,"408,12",,,,,,,,
CRUZ DAS ALMAS-BA,,,,,BA,,,,,"103,84",,,,,,,,,-,,,,,,"103,84",,,,,,,,,"522,39",,,,,,,,
DARIO MEIRA-BA,,,,,BA,,,,,"74,63",,,,,,,,,-,,,,,,"74,63",,,,,,,,,"375,46",,,,,,,,
DIAS D'AVILA-BA,,,,,BA,,,,,"100,59",,,,,,,,,-,,,,,,"100,59",,,,,,,,,"506,06",,,,,,,,
DOM MACEDO COSTA-BA,,,,,BA,,,,,"64,90",,,,,,,,,-,,,,,,"64,90",,,,,,,,,"326,49",,,,,,,,
ELISIO MEDRADO-BA,,,,,BA,,,,,"64,90",,,,,,,,,-,,,,,,"64,90",,,,,,,,,"326,49",,,,,,,,
ENCRUZILHADA-BA,,,,,BA,,,,,"94,10",,,,,,,,,-,,,,,,"94,10",,,,,,,,,"473,41",,,,,,,,
ENTRE RIOS-BA,,,,,BA,,,,,"249.015,44",,,,,,,,,"153.679,62",,,,,,"402.695,06",,,,,,,,,"2.030.849,80",,,,,,,,
ESPLANADA-BA,,,,,BA,,,,,"444.826,94",,,,,,,,,"272.081,49",,,,,,"716.908,43",,,,,,,,,"3.637.363,08",,,,,,,,
EUCLIDES DA CUNHA-BA,,,,,BA,,,,,"103,84",,,,,,,,,-,,,,,,"103,84",,,,,,,,,"522,39",,,,,,,,
FATIMA-BA,,,,,BA,,,,,"81,12",,,,,,,,,-,,,,,,"81,12",,,,,,,,,"408,12",,,,,,,,
FEIRA DE SANTANA-BA,,,,,BA,,,,,"129,80",,,,,,,,,-,,,,,,"129,80",,,,,,,,,"652,99",,,,,,,,
GAVIAO-BA,,,,,BA,,,,,"64,90",,,,,,,,,-,,,,,,"64,90",,,,,,,,,"326,49",,,,,,,,
GLORIA-BA,,,,,BA,,,,,"74,63",,,,,,,,,-,,,,,,"74,63",,,,,,,,,"375,46",,,,,,,,
GOVERNADOR MANGABEIRA-BA,,,,,BA,,,,,"77,88",,,,,,,,,-,,,,,,"77,88",,,,,,,,,"391,79",,,,,,,,
HELIOPOLIS-BA,,,,,BA,,,,,"71,39",,,,,,,,,-,,,,,,"71,39",,,,,,,,,"359,14",,,,,,,,
IACU-BA,,,,,BA,,,,,"90,86",,,,,,,,,-,,,,,,"90,86",,,,,,,,,"457,10",,,,,,,,
IBIQUERA-BA,,,,,BA,,,,,"64,90",,,,,,,,,-,,,,,,"64,90",,,,,,,,,"326,49",,,,,,,,
ICHU-BA,,,,,BA,,,,,"64,90",,,,,,,,,-,,,,,,"64,90",,,,,,,,,"326,49",,,,,,,,
Superintendência de Controle das Participações Governamentais,,,,,,,,,,,,,,,,,,,,,,,,,,,,,,,,,,,,,,,,,,
INHAMBUPE-BA,,,,,BA,,,,,"90,86",,,,,,,,,-,,,,,,"90,86",,,,,,,,,"457,10",,,,,,,,
IPECAETA-BA,,,,,BA,,,,,"81,12",,,,,,,,,-,,,,,,"81,12",,,,,,,,,"408,12",,,,,,,,
IPIRA-BA,,,,,BA,,,,,"107,08",,,,,,,,,-,,,,,,"107,08",,,,,,,,,"538,72",,,,,,,,
IRAJUBA-BA,,,,,BA,,,,,"64,90",,,,,,,,,-,,,,,,"64,90",,,,,,,,,"326,49",,,,,,,,
IRARA-BA,,,,,BA,,,,,"87,61",,,,,,,,,-,,,,,,"87,61",,,,,,,,,"440,77",,,,,,,,
ITABERABA-BA,,,,,BA,,,,,"107,08",,,,,,,,,-,,,,,,"107,08",,,,,,,,,"538,72",,,,,,,,
ITAGI-BA,,,,,BA,,,,,"74,63",,,,,,,,,-,,,,,,"74,63",,,,,,,,,"375,46",,,,,,,,
ITAMBE-BA,,,,,BA,,,,,"90,86",,,,,,,,,-,,,,,,"90,86",,,,,,,,,"457,10",,,,,,,,
ITANAGRA-BA,,,,,BA,,,,,"92.104,60",,,,,,,,,"10.979,54",,,,,,"103.084,14",,,,,,,,,"506.710,73",,,,,,,,
ITAPARICA-BA,,,,,BA,,,,,"2.740,66",,,,,,,,,"175.473,47",,,,,,"178.214,13",,,,,,,,,"761.397,20",,,,,,,,
ITAPETINGA-BA,,,,,BA,,,,,"107,08",,,,,,,,,-,,,,,,"107,08",,,,,,,,,"538,72",,,,,,,,
ITAPICURU-BA,,,,,BA,,,,,"87,61",,,,,,,,,-,,,,,,"87,61",,,,,,,,,"440,77",,,,,,,,
ITAQUARA-BA,,,,,BA,,,,,"64,90",,,,,,,,,-,,,,,,"64,90",,,,,,,,,"326,49",,,,,,,,
ITARANTIM-BA,,,,,BA,,,,,"77,88",,,,,,,,,-,,,,,,"77,88",,,,,,,,,"391,79",,,,,,,,
ITATIM-BA,,,,,BA,,,,,"71,39",,,,,,,,,-,,,,,,"71,39",,,,,,,,,"359,14",,,,,,,,
ITIRUCU-BA,,,,,BA,,,,,"71,39",,,,,,,,,-,,,,,,"71,39",,,,,,,,,"359,14",,,,,,,,
ITIUBA-BA,,,,,BA,,,,,"94,10",,,,,,,,,-,,,,,,"94,10",,,,,,,,,"473,41",,,,,,,,
JACOBINA-BA,,,,,BA,,,,,"113,57",,,,,,,,,-,,,,,,"113,57",,,,,,,,,"571,36",,,,,,,,
JAGUAQUARA-BA,,,,,BA,,,,,"100,59",,,,,,,,,-,,,,,,"100,59",,,,,,,,,"506,06",,,,,,,,
JAGUARIPE-BA,,,,,BA,,,,,"71,39",,,,,,,,,-,,,,,,"71,39",,,,,,,,,"359,14",,,,,,,,
JANDAIRA-BA,,,,,BA,,,,,"68,14",,,,,,,,,-,,,,,,"68,14",,,,,,,,,"342,81",,,,,,,,
JEQUIE-BA,,,,,BA,,,,,"129,80",,,,,,,,,-,,,,,,"129,80",,,,,,,,,"652,99",,,,,,,,
JEREMOABO-BA,,,,,BA,,,,,"94,10",,,,,,,,,-,,,,,,"94,10",,,,,,,,,"473,41",,,,,,,,
JIQUIRICA-BA,,,,,BA,,,,,"71,39",,,,,,,,,-,,,,,,"71,39",,,,,,,,,"359,14",,,,,,,,
JITAUNA-BA,,,,,BA,,,,,"84,37",,,,,,,,,-,,,,,,"84,37",,,,,,,,,"424,43",,,,,,,,
LAFAIETE COUTINHO-BA,,,,,BA,,,,,"64,90",,,,,,,,,-,,,,,,"64,90",,,,,,,,,"326,49",,,,,,,,
LAJE-BA,,,,,BA,,,,,"81,12",,,,,,,,,-,,,,,,"81,12",,,,,,,,,"408,12",,,,,,,,
LAJEDINHO-BA,,,,,BA,,,,,"64,90",,,,,,,,,-,,,,,,"64,90",,,,,,,,,"326,49",,,,,,,,
LAJEDO DO TABOCAL-BA,,,,,BA,,,,,"64,90",,,,,,,,,-,,,,,,"64,90",,,,,,,,,"326,49",,,,,,,,
LAMARAO-BA,,,,,BA,,,,,"64,90",,,,,,,,,-,,,,,,"64,90",,,,,,,,,"326,49",,,,,,,,
LAURO DE FREITAS-BA,,,,,BA,,,,,"123,31",,,,,,,,,-,,,,,,"123,31",,,,,,,,,"620,35",,,,,,,,
MACAJUBA-BA,,,,,BA,,,,,"68,14",,,,,,,,,-,,,,,,"68,14",,,,,,,,,"342,81",,,,,,,,
MACARANI-BA,,,,,BA,,,,,"74,63",,,,,,,,,-,,,,,,"74,63",,,,,,,,,"375,46",,,,,,,,
MADRE DE DEUS-BA,,,,,BA,,,,,"1.154.248,74",,,,,,,,,"807.736,59",,,,,,"1.961.985,33",,,,,,,,,"8.447.393,94",,,,,,,,
MAIQUINIQUE-BA,,,,,BA,,,,,"64,90",,,,,,,,,-,,,,,,"64,90",,,,,,,,,"326,49",,,,,,,,
MAIRI-BA,,,,,BA,,,,,"84,37",,,,,,,,,-,,,,,,"84,37",,,,,,,,,"424,43",,,,,,,,
MANOEL VITORINO-BA,,,,,BA,,,,,"77,88",,,,,,,,,-,,,,,,"77,88",,,,,,,,,"391,79",,,,,,,,
MARACAS-BA,,,,,BA,,,,,"90,86",,,,,,,,,-,,,,,,"90,86",,,,,,,,,"457,10",,,,,,,,
MARAGOGIPE-BA,,,,,BA,,,,,"100,59",,,,,,,,,-,,,,,,"100,59",,,,,,,,,"506,06",,,,,,,,
MARCIONILIO SOUZA-BA,,,,,BA,,,,,"68,14",,,,,,,,,-,,,,,,"68,14",,,,,,,,,"342,81",,,,,,,,
MATA DE SAOJOAO-BA,,,,,BA,,,,,"188.398,71",,,,,,,,,"83.398,74",,,,,,"271.797,45",,,,,,,,,"1.210.987,99",,,,,,,,
MIGUEL CALMON-BA,,,,,BA,,,,,"90,86",,,,,,,,,-,,,,,,"90,86",,,,,,,,,"457,10",,,,,,,,
MILAGRES-BA,,,,,BA,,,,,"71,39",,,,,,,,,-,,,,,,"71,39",,,,,,,,,"359,14",,,,,,,,
MIRANTE-BA,,,,,BA,,,,,"71,39",,,,,,,,,-,,,,,,"71,39",,,,,,,,,"359,14",,,,,,,,
MONTE SANTO-BA,,,,,BA,,,,,"103,84",,,,,,,,,-,,,,,,"103,84",,,,,,,,,"522,39",,,,,,,,
MUNDO NOVO-BA,,,,,BA,,,,,"84,37",,,,,,,,,-,,,,,,"84,37",,,,,,,,,"424,43",,,,,,,,
MUNIZ FERREIRA-BA,,,,,BA,,,,,"64,90",,,,,,,,,-,,,,,,"64,90",,,,,,,,,"326,49",,,,,,,,
MURITIBA-BA,,,,,BA,,,,,"90,86",,,,,,,,,-,,,,,,"90,86",,,,,,,,,"457,10",,,,,,,,
MUTUIPE-BA,,,,,BA,,,,,"84,37",,,,,,,,,-,,,,,,"84,37",,,,,,,,,"424,43",,,,,,,,
NAZARE-BA,,,,,BA,,,,,"87,61",,,,,,,,,-,,,,,,"87,61",,,,,,,,,"440,77",,,,,,,,
NORDESTINA-BA,,,,,BA,,,,,"68,14",,,,,,,,,-,,,,,,"68,14",,,,,,,,,"342,81",,,,,,,,
Superintendência de Controle das Participações Governamentais,,,,,,,,,,,,,,,,,,,,,,,,,,,,,,,,,,,,,,,,,,
NOVA CANAA-BA,,,,,BA,,,,,"74,63",,,,,,,,,-,,,,,,"74,63",,,,,,,,,"375,46",,,,,,,,
NOVA FATIMA-BA,,,,,BA,,,,,"64,90",,,,,,,,,-,,,,,,"64,90",,,,,,,,,"326,49",,,,,,,,
NOVA ITARANA-BA,,,,,BA,,,,,"64,90",,,,,,,,,-,,,,,,"64,90",,,,,,,,,"326,49",,,,,,,,
NOVA SOURE-BA,,,,,BA,,,,,"87,61",,,,,,,,,-,,,,,,"87,61",,,,,,,,,"440,77",,,,,,,,
NOVO TRIUNFO-BA,,,,,BA,,,,,"71,39",,,,,,,,,-,,,,,,"71,39",,,,,,,,,"359,14",,,,,,,,
OLINDINA-BA,,,,,BA,,,,,"84,37",,,,,,,,,-,,,,,,"84,37",,,,,,,,,"424,43",,,,,,,,
OURICANGAS-BA,,,,,BA,,,,,"64,90",,,,,,,,,-,,,,,,"64,90",,,,,,,,,"326,49",,,,,,,,
OUROLANDIA-BA,,,,,BA,,,,,"74,63",,,,,,,,,-,,,,,,"74,63",,,,,,,,,"375,46",,,,,,,,
PARIPIRANGA-BA,,,,,BA,,,,,"87,61",,,,,,,,,-,,,,,,"87,61",,,,,,,,,"440,77",,,,,,,,
PAULO AFONSO-BA,,,,,BA,,,,,"120,06",,,,,,,,,-,,,,,,"120,06",,,,,,,,,"604,02",,,,,,,,
PE DE SERRA-BA,,,,,BA,,,,,"71,39",,,,,,,,,-,,,,,,"71,39",,,,,,,,,"359,14",,,,,,,,
PEDRAO-BA,,,,,BA,,,,,"64,90",,,,,,,,,-,,,,,,"64,90",,,,,,,,,"326,49",,,,,,,,
PEDRO ALEXANDRE-BA,,,,,BA,,,,,"77,88",,,,,,,,,-,,,,,,"77,88",,,,,,,,,"391,79",,,,,,,,
PINTADAS-BA,,,,,BA,,,,,"68,14",,,,,,,,,-,,,,,,"68,14",,,,,,,,,"342,81",,,,,,,,
PIRITIBA-BA,,,,,BA,,,,,"81,12",,,,,,,,,-,,,,,,"81,12",,,,,,,,,"408,12",,,,,,,,
PLANALTINO-BA,,,,,BA,,,,,"64,90",,,,,,,,,-,,,,,,"64,90",,,,,,,,,"326,49",,,,,,,,
PLANALTO-BA,,,,,BA,,,,,"84,37",,,,,,,,,-,,,,,,"84,37",,,,,,,,,"424,43",,,,,,,,
POCOES-BA,,,,,BA,,,,,"100,59",,,,,,,,,-,,,,,,"100,59",,,,,,,,,"506,06",,,,,,,,
POJUCA-BA,,,,,BA,,,,,"723.143,60",,,,,,,,,"669.636,57",,,,,,"1.392.780,17",,,,,,,,,"6.699.700,21",,,,,,,,
QUEIMADAS-BA,,,,,BA,,,,,"87,61",,,,,,,,,-,,,,,,"87,61",,,,,,,,,"440,77",,,,,,,,
QUIJINGUE-BA,,,,,BA,,,,,"87,61",,,,,,,,,-,,,,,,"87,61",,,,,,,,,"440,77",,,,,,,,
QUIXABEIRA-BA,,,,,BA,,,,,"64,90",,,,,,,,,-,,,,,,"64,90",,,,,,,,,"326,49",,,,,,,,
RAFAEL JAMBEIRO-BA,,,,,BA,,,,,"84,37",,,,,,,,,-,,,,,,"84,37",,,,,,,,,"424,43",,,,,,,,
RETIROLANDIA-BA,,,,,BA,,,,,"68,14",,,,,,,,,-,,,,,,"68,14",,,,,,,,,"342,81",,,,,,,,
RIACHAO DO JACUIPE-BA,,,,,BA,,,,,"90,86",,,,,,,,,-,,,,,,"90,86",,,,,,,,,"457,10",,,,,,,,
RIBEIRA DO AMPARO-BA,,,,,BA,,,,,"71,39",,,,,,,,,-,,,,,,"71,39",,,,,,,,,"359,14",,,,,,,,
RIBEIRA DO POMBAL-BA,,,,,BA,,,,,"100,59",,,,,,,,,-,,,,,,"100,59",,,,,,,,,"506,06",,,,,,,,
RIBEIRAO DO LARGO-BA,,,,,BA,,,,,"74,63",,,,,,,,,-,,,,,,"74,63",,,,,,,,,"375,46",,,,,,,,
RIO REAL-BA,,,,,BA,,,,,"94,10",,,,,,,,,-,,,,,,"94,10",,,,,,,,,"473,41",,,,,,,,
RUY BARBOSA-BA,,,,,BA,,,,,"90,86",,,,,,,,,-,,,,,,"90,86",,,,,,,,,"457,10",,,,,,,,
SALINAS DA MARGARIDA-BA,,,,,BA,,,,,"1.885,86",,,,,,,,,"175.339,66",,,,,,"177.225,52",,,,,,,,,"756.691,49",,,,,,,,
SALVADOR-BA,,,,,BA,,,,,"3.592,11",,,,,,,,,"175.339,66",,,,,,"178.931,77",,,,,,,,,"765.275,31",,,,,,,,
SANTA BARBARA-BA,,,,,BA,,,,,"77,88",,,,,,,,,-,,,,,,"77,88",,,,,,,,,"391,79",,,,,,,,
SANTA BRIGIDA-BA,,,,,BA,,,,,"77,88",,,,,,,,,-,,,,,,"77,88",,,,,,,,,"391,79",,,,,,,,
SANTA INES-BA,,,,,BA,,,,,"68,14",,,,,,,,,-,,,,,,"68,14",,,,,,,,,"342,81",,,,,,,,
SANTA TERESINHA-BA,,,,,BA,,,,,"64,90",,,,,,,,,-,,,,,,"64,90",,,,,,,,,"326,49",,,,,,,,
SANTA LUZ-BA,,,,,BA,,,,,"90,86",,,,,,,,,-,,,,,,"90,86",,,,,,,,,"457,10",,,,,,,,
SANTANOPOLIS-BA,,,,,BA,,,,,"64,90",,,,,,,,,-,,,,,,"64,90",,,,,,,,,"326,49",,,,,,,,
SANTO AMARO-BA,,,,,BA,,,,,"2.963,49",,,,,,,,,"175.339,66",,,,,,"178.303,15",,,,,,,,,"762.112,86",,,,,,,,
SANTO ANTONIO DE JESUS-BA,,,,,BA,,,,,"113,57",,,,,,,,,-,,,,,,"113,57",,,,,,,,,"571,36",,,,,,,,
SANTO ESTEVAO-BA,,,,,BA,,,,,"100,59",,,,,,,,,-,,,,,,"100,59",,,,,,,,,"506,06",,,,,,,,
SÃO DOMINGOS-BA,,,,,BA,,,,,"64,90",,,,,,,,,-,,,,,,"64,90",,,,,,,,,"326,49",,,,,,,,
SÃO FELIPE-BA,,,,,BA,,,,,"84,37",,,,,,,,,-,,,,,,"84,37",,,,,,,,,"424,43",,,,,,,,
SÃO FELIX-BA,,,,,BA,,,,,"71,39",,,,,,,,,-,,,,,,"71,39",,,,,,,,,"359,14",,,,,,,,
SÃO FRANCISCO DO CONDE-BA,,,,,BA,,,,,"1.181.983,43",,,,,,,,,"204.947,74",,,,,,"1.386.931,17",,,,,,,,,"6.095.808,74",,,,,,,,
SÃO GONCALO DOS CAMPOS-BA,,,,,BA,,,,,"87,61",,,,,,,,,-,,,,,,"87,61",,,,,,,,,"440,77",,,,,,,,
SÃO JOSE DO JACUIPE-BA,,,,,BA,,,,,"64,90",,,,,,,,,-,,,,,,"64,90",,,,,,,,,"326,49",,,,,,,,
SÃO MIGUEL DAS MATAS-BA,,,,,BA,,,,,"68,14",,,,,,,,,-,,,,,,"68,14",,,,,,,,,"342,81",,,,,,,,
SÃO SEBASTIAO DO PASSE-BA,,,,,BA,,,,,"289.791,84",,,,,,,,,"199.454,51",,,,,,"489.246,35",,,,,,,,,"2.409.734,55",,,,,,,,
SAPEACU-BA,,,,,BA,,,,,"77,88",,,,,,,,,-,,,,,,"77,88",,,,,,,,,"391,79",,,,,,,,
SATIRO DIAS-BA,,,,,BA,,,,,"54.554,55",,,,,,,,,"27.783,10",,,,,,"82.337,65",,,,,,,,,"352.593,06",,,,,,,,
Superintendência de Controle das Participações Governamentais,,,,,,,,,,,,,,,,,,,,,,,,,,,,,,,,,,,,,,,,,,
SAUBARA-BA,,,,,BA,,,,,"1.885,86",,,,,,,,,"175.339,66",,,,,,"177.225,52",,,,,,,,,"756.691,49",,,,,,,,
SERRA PRETA-BA,,,,,BA,,,,,"77,88",,,,,,,,,-,,,,,,"77,88",,,,,,,,,"391,79",,,,,,,,
SERRINHA-BA,,,,,BA,,,,,"110,33",,,,,,,,,-,,,,,,"110,33",,,,,,,,,"555,04",,,,,,,,
SERROLANDIA-BA,,,,,BA,,,,,"71,39",,,,,,,,,-,,,,,,"71,39",,,,,,,,,"359,14",,,,,,,,
SIMOES FILHO-BA,,,,,BA,,,,,"86.299,20",,,,,,,,,"5.443,71",,,,,,"91.742,91",,,,,,,,,"438.228,76",,,,,,,,
SITIO DO QUINTO-BA,,,,,BA,,,,,"77,88",,,,,,,,,-,,,,,,"77,88",,,,,,,,,"391,79",,,,,,,,
TANQUINHO-BA,,,,,BA,,,,,"64,90",,,,,,,,,-,,,,,,"64,90",,,,,,,,,"326,49",,,,,,,,
TAPIRAMUTA-BA,,,,,BA,,,,,"77,88",,,,,,,,,-,,,,,,"77,88",,,,,,,,,"391,79",,,,,,,,
TEODORO SAMPAIO-BA,,,,,BA,,,,,"64,90",,,,,,,,,-,,,,,,"64,90",,,,,,,,,"326,49",,,,,,,,
TEOFILANDIA-BA,,,,,BA,,,,,"84,37",,,,,,,,,-,,,,,,"84,37",,,,,,,,,"424,43",,,,,,,,
TERRA NOVA-BA,,,,,BA,,,,,"71,39",,,,,,,,,-,,,,,,"71,39",,,,,,,,,"1.086,75",,,,,,,,
TUCANO-BA,,,,,BA,,,,,"103,84",,,,,,,,,-,,,,,,"103,84",,,,,,,,,"522,39",,,,,,,,
UAUA-BA,,,,,BA,,,,,"87,61",,,,,,,,,-,,,,,,"87,61",,,,,,,,,"440,77",,,,,,,,
UBAIRA-BA,,,,,BA,,,,,"84,37",,,,,,,,,-,,,,,,"84,37",,,,,,,,,"424,43",,,,,,,,
VALENTE-BA,,,,,BA,,,,,"81,12",,,,,,,,,-,,,,,,"81,12",,,,,,,,,"408,12",,,,,,,,
VARZEA DA ROCA-BA,,,,,BA,,,,,"71,39",,,,,,,,,-,,,,,,"71,39",,,,,,,,,"359,14",,,,,,,,
VARZEA DO POCO-BA,,,,,BA,,,,,"64,90",,,,,,,,,-,,,,,,"64,90",,,,,,,,,"326,49",,,,,,,,
VARZEA NOVA-BA,,,,,BA,,,,,"74,63",,,,,,,,,-,,,,,,"74,63",,,,,,,,,"375,46",,,,,,,,
VARZEDO-BA,,,,,BA,,,,,"64,90",,,,,,,,,-,,,,,,"64,90",,,,,,,,,"326,49",,,,,,,,
VERA CRUZ-BA,,,,,BA,,,,,"90,86",,,,,,,,,-,,,,,,"90,86",,,,,,,,,"457,10",,,,,,,,
VITORIA DA CONQUISTA-BA,,,,,BA,,,,,"129,80",,,,,,,,,-,,,,,,"129,80",,,,,,,,,"652,99",,,,,,,,
BAHIA TOTAL,,,,,,,,,,"5.512.701,02",,,,,,,,,"3.984.579,54",,,,,,"9.497.280,56",,,,,,,,,"44.041.568,58",,,,,,,,
ACARAU-CE,,,,,CE,,,,,"3.044,71",,,,,,,,,-,,,,,,"3.044,71",,,,,,,,,"14.601,51",,,,,,,,
ALCANTARAS-CE,,,,,CE,,,,,"1.902,94",,,,,,,,,-,,,,,,"1.902,94",,,,,,,,,"9.125,93",,,,,,,,
AMONTADA-CE,,,,,CE,,,,,"63.554,70",,,,,,,,,"79.849,67",,,,,,"143.404,37",,,,,,,,,"694.240,13",,,,,,,,
APUIARES-CE,,,,,CE,,,,,"2.093,24",,,,,,,,,-,,,,,,"2.093,24",,,,,,,,,"10.038,53",,,,,,,,
AQUIRAZ-CE,,,,,CE,,,,,-,,,,,,,,,"7.166,35",,,,,,"7.166,35",,,,,,,,,"38.654,01",,,,,,,,
ARACATI-CE,,,,,CE,,,,,"646.971,70",,,,,,,,,"16.834,37",,,,,,"663.806,07",,,,,,,,,"3.135.984,94",,,,,,,,
ARARENDA-CE,,,,,CE,,,,,"1.998,09",,,,,,,,,-,,,,,,"1.998,09",,,,,,,,,"9.582,23",,,,,,,,
BARROQUINHA-CE,,,,,CE,,,,,"2.093,24",,,,,,,,,-,,,,,,"2.093,24",,,,,,,,,"10.038,53",,,,,,,,
BELACRUZ-CE,,,,,CE,,,,,"2.664,12",,,,,,,,,-,,,,,,"2.664,12",,,,,,,,,"12.776,32",,,,,,,,
CAMOCIM-CE,,,,,CE,,,,,"3.044,71",,,,,,,,,-,,,,,,"3.044,71",,,,,,,,,"14.601,51",,,,,,,,
CANINDE-CE,,,,,CE,,,,,"3.235,01",,,,,,,,,-,,,,,,"3.235,01",,,,,,,,,"15.514,11",,,,,,,,
CARIDADE-CE,,,,,CE,,,,,"2.188,39",,,,,,,,,-,,,,,,"2.188,39",,,,,,,,,"10.494,84",,,,,,,,
CARIRE-CE,,,,,CE,,,,,"2.378,68",,,,,,,,,-,,,,,,"2.378,68",,,,,,,,,"11.407,43",,,,,,,,
CARNAUBAL-CE,,,,,CE,,,,,"2.188,39",,,,,,,,,-,,,,,,"2.188,39",,,,,,,,,"10.494,84",,,,,,,,
CATUNDA-CE,,,,,CE,,,,,"1.902,94",,,,,,,,,-,,,,,,"1.902,94",,,,,,,,,"9.125,93",,,,,,,,
CAUCAIA-CE,,,,,CE,,,,,-,,,,,,,,,"7.166,35",,,,,,"7.166,35",,,,,,,,,"38.654,01",,,,,,,,
CHAVAL-CE,,,,,CE,,,,,"2.093,24",,,,,,,,,-,,,,,,"2.093,24",,,,,,,,,"10.038,53",,,,,,,,
COREAU-CE,,,,,CE,,,,,"2.378,68",,,,,,,,,-,,,,,,"2.378,68",,,,,,,,,"11.407,43",,,,,,,,
CRATEUS-CE,,,,,CE,,,,,"3.235,01",,,,,,,,,-,,,,,,"3.235,01",,,,,,,,,"15.514,11",,,,,,,,
CROATA-CE,,,,,CE,,,,,"2.283,53",,,,,,,,,-,,,,,,"2.283,53",,,,,,,,,"10.951,13",,,,,,,,
CRUZ-CE,,,,,CE,,,,,"2.378,68",,,,,,,,,-,,,,,,"2.378,68",,,,,,,,,"11.407,43",,,,,,,,
FORQUILHA-CE,,,,,CE,,,,,"2.283,53",,,,,,,,,-,,,,,,"2.283,53",,,,,,,,,"10.951,13",,,,,,,,
FORTALEZA-CE,,,,,CE,,,,,"132.584,32",,,,,,,,,"9.555,13",,,,,,"142.139,45",,,,,,,,,"1.685.082,65",,,,,,,,
FRECHEIRINHA-CE,,,,,CE,,,,,"1.998,09",,,,,,,,,-,,,,,,"1.998,09",,,,,,,,,"9.582,23",,,,,,,,
GENERAL SAMPAIO-CE,,,,,CE,,,,,"1.902,94",,,,,,,,,-,,,,,,"1.902,94",,,,,,,,,"9.125,93",,,,,,,,
GRACA-CE,,,,,CE,,,,,"2.188,39",,,,,,,,,-,,,,,,"2.188,39",,,,,,,,,"10.494,84",,,,,,,,
GRANJA-CE,,,,,CE,,,,,"3.044,71",,,,,,,,,-,,,,,,"3.044,71",,,,,,,,,"14.601,51",,,,,,,,
GROAIRAS-CE,,,,,CE,,,,,"1.902,94",,,,,,,,,-,,,,,,"1.902,94",,,,,,,,,"9.125,93",,,,,,,,
GUARACIABA DO NORTE-CE,,,,,CE,,,,,"2.759,27",,,,,,,,,-,,,,,,"2.759,27",,,,,,,,,"13.232,61",,,,,,,,
Superintendência de Controle das Participações Governamentais,,,,,,,,,,,,,,,,,,,,,,,,,,,,,,,,,,,,,,,,,,
HIDROLANDIA-CE,,,,,CE,,,,,"2.283,53",,,,,,,,,-,,,,,,"2.283,53",,,,,,,,,"10.951,13",,,,,,,,
IBIAPINA-CE,,,,,CE,,,,,"2.473,83",,,,,,,,,-,,,,,,"2.473,83",,,,,,,,,"11.863,72",,,,,,,,
ICAPUI-CE,,,,,CE,,,,,"91.244,59",,,,,,,,,"15.016,63",,,,,,"106.261,22",,,,,,,,,"509.227,77",,,,,,,,
INDEPENDENCIA-CE,,,,,CE,,,,,"2.568,98",,,,,,,,,-,,,,,,"2.568,98",,,,,,,,,"12.320,03",,,,,,,,
IPAPORANGA-CE,,,,,CE,,,,,"1.998,09",,,,,,,,,-,,,,,,"1.998,09",,,,,,,,,"9.582,23",,,,,,,,
IPU-CE,,,,,CE,,,,,"2.854,42",,,,,,,,,-,,,,,,"2.854,42",,,,,,,,,"13.688,92",,,,,,,,
IPUEIRAS-CE,,,,,CE,,,,,"2.854,42",,,,,,,,,-,,,,,,"2.854,42",,,,,,,,,"13.688,92",,,,,,,,
IRAUCUBA-CE,,,,,CE,,,,,"2.378,68",,,,,,,,,-,,,,,,"2.378,68",,,,,,,,,"11.407,43",,,,,,,,
ITAPAGE-CE,,,,,CE,,,,,"2.949,57",,,,,,,,,-,,,,,,"2.949,57",,,,,,,,,"14.145,22",,,,,,,,
ITAPIPOCA-CE,,,,,CE,,,,,"78.895,49",,,,,,,,,"67.705,67",,,,,,"146.601,16",,,,,,,,,"701.251,49",,,,,,,,
ITAREMA-CE,,,,,CE,,,,,"61.363,16",,,,,,,,,"59.271,37",,,,,,"120.634,53",,,,,,,,,"573.812,66",,,,,,,,
JIJOCA DE JERICOACOARA-CE,,,,,CE,,,,,"2.093,24",,,,,,,,,-,,,,,,"2.093,24",,,,,,,,,"10.038,53",,,,,,,,
MARCO-CE,,,,,CE,,,,,"2.473,83",,,,,,,,,-,,,,,,"2.473,83",,,,,,,,,"11.863,72",,,,,,,,
MARTINOPOLE-CE,,,,,CE,,,,,"1.902,94",,,,,,,,,-,,,,,,"1.902,94",,,,,,,,,"9.125,93",,,,,,,,
MASSAPE-CE,,,,,CE,,,,,"2.664,12",,,,,,,,,-,,,,,,"2.664,12",,,,,,,,,"12.776,32",,,,,,,,
MERUOCA-CE,,,,,CE,,,,,"1.998,09",,,,,,,,,-,,,,,,"1.998,09",,,,,,,,,"9.582,23",,,,,,,,
MIRAIMA-CE,,,,,CE,,,,,"1.998,09",,,,,,,,,-,,,,,,"1.998,09",,,,,,,,,"9.582,23",,,,,,,,
MONSENHOR TABOSA-CE,,,,,CE,,,,,"2.283,53",,,,,,,,,-,,,,,,"2.283,53",,,,,,,,,"10.951,13",,,,,,,,
MORAUJO-CE,,,,,CE,,,,,"1.902,94",,,,,,,,,-,,,,,,"1.902,94",,,,,,,,,"9.125,93",,,,,,,,
MORRINHOS-CE,,,,,CE,,,,,"2.283,53",,,,,,,,,-,,,,,,"2.283,53",,,,,,,,,"10.951,13",,,,,,,,
MUCAMBO-CE,,,,,CE,,,,,"2.093,24",,,,,,,,,-,,,,,,"2.093,24",,,,,,,,,"10.038,53",,,,,,,,
NOVA RUSSAS-CE,,,,,CE,,,,,"2.664,12",,,,,,,,,-,,,,,,"2.664,12",,,,,,,,,"12.776,32",,,,,,,,
NOVO ORIENTE-CE,,,,,CE,,,,,"2.568,98",,,,,,,,,-,,,,,,"2.568,98",,,,,,,,,"12.320,03",,,,,,,,
PACUJA-CE,,,,,CE,,,,,"1.902,94",,,,,,,,,-,,,,,,"1.902,94",,,,,,,,,"9.125,93",,,,,,,,
PARACURU-CE,,,,,CE,,,,,"59.171,61",,,,,,,,,"98.827,84",,,,,,"157.999,45",,,,,,,,,"767.747,65",,,,,,,,
PARAIPABA-CE,,,,,CE,,,,,"2.568,98",,,,,,,,,"4.360,54",,,,,,"6.929,52",,,,,,,,,"32.881,51",,,,,,,,
PARAMOTI-CE,,,,,CE,,,,,"1.998,09",,,,,,,,,-,,,,,,"1.998,09",,,,,,,,,"9.582,23",,,,,,,,
PENTE COSTE-CE,,,,,CE,,,,,"2.759,27",,,,,,,,,-,,,,,,"2.759,27",,,,,,,,,"13.232,61",,,,,,,,
PIRES FERREIRA-CE,,,,,CE,,,,,"1.902,94",,,,,,,,,-,,,,,,"1.902,94",,,,,,,,,"9.125,93",,,,,,,,
PORANGA-CE,,,,,CE,,,,,"1.998,09",,,,,,,,,-,,,,,,"1.998,09",,,,,,,,,"9.582,23",,,,,,,,
QUITERIANOPOLIS-CE,,,,,CE,,,,,"2.378,68",,,,,,,,,-,,,,,,"2.378,68",,,,,,,,,"11.407,43",,,,,,,,
RERIUTABA-CE,,,,,CE,,,,,"2.473,83",,,,,,,,,-,,,,,,"2.473,83",,,,,,,,,"11.863,72",,,,,,,,
SANTA QUITERIA-CE,,,,,CE,,,,,"2.949,57",,,,,,,,,-,,,,,,"2.949,57",,,,,,,,,"14.145,22",,,,,,,,
SANTANA DO ACARAU-CE,,,,,CE,,,,,"2.568,98",,,,,,,,,-,,,,,,"2.568,98",,,,,,,,,"12.320,03",,,,,,,,
SÃO BENEDITO-CE,,,,,CE,,,,,"2.854,42",,,,,,,,,-,,,,,,"2.854,42",,,,,,,,,"13.688,92",,,,,,,,
SÃO GONCALO DO AMARANTE-CE,,,,,CE,,,,,"2.759,27",,,,,,,,,-,,,,,,"2.759,27",,,,,,,,,"13.232,61",,,,,,,,
SÃO LUIS DO CURU-CE,,,,,CE,,,,,"1.998,09",,,,,,,,,-,,,,,,"1.998,09",,,,,,,,,"9.582,23",,,,,,,,
SENADOR SA-CE,,,,,CE,,,,,"1.902,94",,,,,,,,,-,,,,,,"1.902,94",,,,,,,,,"9.125,93",,,,,,,,
SOBRAL-CE,,,,,CE,,,,,"3.805,89",,,,,,,,,-,,,,,,"3.805,89",,,,,,,,,"18.251,90",,,,,,,,
TAMBORIL-CE,,,,,CE,,,,,"2.568,98",,,,,,,,,-,,,,,,"2.568,98",,,,,,,,,"12.320,03",,,,,,,,
TEJUCUOCA-CE,,,,,CE,,,,,"2.093,24",,,,,,,,,-,,,,,,"2.093,24",,,,,,,,,"10.038,53",,,,,,,,
TIANGUA-CE,,,,,CE,,,,,"3.139,86",,,,,,,,,-,,,,,,"3.139,86",,,,,,,,,"15.057,81",,,,,,,,
TRAIRI-CE,,,,,CE,,,,,"67.937,78",,,,,,,,,"103.638,33",,,,,,"171.576,11",,,,,,,,,"813.146,42",,,,,,,,
TURURU-CE,,,,,CE,,,,,"1.998,09",,,,,,,,,-,,,,,,"1.998,09",,,,,,,,,"9.582,23",,,,,,,,
UBAJARA-CE,,,,,CE,,,,,"2.568,98",,,,,,,,,-,,,,,,"2.568,98",,,,,,,,,"12.320,03",,,,,,,,
UMIRIM-CE,,,,,CE,,,,,"2.283,53",,,,,,,,,-,,,,,,"2.283,53",,,,,,,,,"10.951,13",,,,,,,,
URUBURETAMA-CE,,,,,CE,,,,,"2.283,53",,,,,,,,,-,,,,,,"2.283,53",,,,,,,,,"10.951,13",,,,,,,,
URUOCA-CE,,,,,CE,,,,,"1.998,09",,,,,,,,,-,,,,,,"1.998,09",,,,,,,,,"9.582,23",,,,,,,,
VARJOTA-CE,,,,,CE,,,,,"2.283,53",,,,,,,,,-,,,,,,"2.283,53",,,,,,,,,"10.951,13",,,,,,,,
VICOSA DO CEARA-CE,,,,,CE,,,,,"2.949,57",,,,,,,,,-,,,,,,"2.949,57",,,,,,,,,"14.145,22",,,,,,,,
CEARA TOTAL,,,,,,,,,,"1.367.184,37",,,,,,,,,"469.392,25",,,,,,"1.836.576,62",,,,,,,,,"9.771.863,78",,,,,,,,
Superintendência de Controle das Participações Governamentais,,,,,,,,,,,,,,,,,,,,,,,,,,,,,,,,,,,,,,,,,,
AFONSO CLAUDIO-ES,,,,,ES,,,,,"14.764,34",,,,,,,,,-,,,,,,"14.764,34",,,,,,,,,"25.881,58",,,,,,,,
AGUA DOCE DO NORTE-ES,,,,,ES,,,,,"11.200,54",,,,,,,,,-,,,,,,"11.200,54",,,,,,,,,"19.634,30",,,,,,,,
AGUIA BRANCA-ES,,,,,ES,,,,,"10.182,31",,,,,,,,,-,,,,,,"10.182,31",,,,,,,,,"17.849,36",,,,,,,,
ALEGRE-ES,,,,,ES,,,,,"14.255,23",,,,,,,,,-,,,,,,"14.255,23",,,,,,,,,"24.989,12",,,,,,,,
ALFREDO CHAVES-ES,,,,,ES,,,,,"11.200,54",,,,,,,,,-,,,,,,"11.200,54",,,,,,,,,"19.634,30",,,,,,,,
ALTORIO NOVO-ES,,,,,ES,,,,,"10.182,31",,,,,,,,,-,,,,,,"10.182,31",,,,,,,,,"17.849,36",,,,,,,,
ANCHIETA-ES,,,,,ES,,,,,"111.286,61",,,,,,,,,-,,,,,,"111.286,61",,,,,,,,,"222.492,87",,,,,,,,
APIACA-ES,,,,,ES,,,,,"10.182,31",,,,,,,,,-,,,,,,"10.182,31",,,,,,,,,"17.849,36",,,,,,,,
ARACRUZ-ES,,,,,ES,,,,,"112.061,36",,,,,,,,,"6.031,36",,,,,,"118.092,72",,,,,,,,,"706.512,48",,,,,,,,
ATILIO VIVACQUA-ES,,,,,ES,,,,,"10.182,31",,,,,,,,,-,,,,,,"10.182,31",,,,,,,,,"17.849,36",,,,,,,,
BAIXO GUANDU-ES,,,,,ES,,,,,"13.746,11",,,,,,,,,-,,,,,,"13.746,11",,,,,,,,,"24.096,65",,,,,,,,
BARRA DE SAO FRANCISCO-ES,,,,,ES,,,,,"15.273,45",,,,,,,,,-,,,,,,"15.273,45",,,,,,,,,"26.774,05",,,,,,,,
BOA ESPERANCA-ES,,,,,ES,,,,,"11.200,54",,,,,,,,,-,,,,,,"11.200,54",,,,,,,,,"19.634,30",,,,,,,,
BOM JESUS DO NORTE-ES,,,,,ES,,,,,"10.182,31",,,,,,,,,-,,,,,,"10.182,31",,,,,,,,,"17.849,36",,,,,,,,
BREJETUBA-ES,,,,,ES,,,,,"10.691,42",,,,,,,,,-,,,,,,"10.691,42",,,,,,,,,"18.741,83",,,,,,,,
CACHOEIRO DE ITAPEMIRIM-ES,,,,,ES,,,,,"20.364,61",,,,,,,,,-,,,,,,"20.364,61",,,,,,,,,"35.698,74",,,,,,,,
CARIACICA-ES,,,,,ES,,,,,"20.364,61",,,,,,,,,-,,,,,,"20.364,61",,,,,,,,,"35.698,74",,,,,,,,
CASTELO-ES,,,,,ES,,,,,"14.764,34",,,,,,,,,-,,,,,,"14.764,34",,,,,,,,,"25.881,58",,,,,,,,
COLATINA-ES,,,,,ES,,,,,"18.837,27",,,,,,,,,-,,,,,,"18.837,27",,,,,,,,,"33.021,33",,,,,,,,
CONCEICAO DA BARRA-ES,,,,,ES,,,,,"99.182,49",,,,,,,,,"11.158,99",,,,,,"110.341,48",,,,,,,,,"470.349,14",,,,,,,,
CONCEICAO DO CASTELO-ES,,,,,ES,,,,,"10.691,42",,,,,,,,,-,,,,,,"10.691,42",,,,,,,,,"18.741,83",,,,,,,,
DIVINO DE SAO LOURENCO-ES,,,,,ES,,,,,"10.182,31",,,,,,,,,-,,,,,,"10.182,31",,,,,,,,,"17.849,36",,,,,,,,
DOMINGOS MARTINS-ES,,,,,ES,,,,,"14.255,23",,,,,,,,,-,,,,,,"14.255,23",,,,,,,,,"24.989,12",,,,,,,,
DORES DO RIOPRETO-ES,,,,,ES,,,,,"10.182,31",,,,,,,,,-,,,,,,"10.182,31",,,,,,,,,"17.849,36",,,,,,,,
ECOPORANGA-ES,,,,,ES,,,,,"13.236,98",,,,,,,,,-,,,,,,"13.236,98",,,,,,,,,"23.204,16",,,,,,,,
FUNDAO-ES,,,,,ES,,,,,"11.200,54",,,,,,,,,-,,,,,,"11.200,54",,,,,,,,,"19.634,30",,,,,,,,
GOVERNADOR LINDENBERG-ES,,,,,ES,,,,,"10.182,31",,,,,,,,,-,,,,,,"10.182,31",,,,,,,,,"17.849,36",,,,,,,,
GUACUI-ES,,,,,ES,,,,,"13.746,11",,,,,,,,,-,,,,,,"13.746,11",,,,,,,,,"24.096,65",,,,,,,,
GUARAPARI-ES,,,,,ES,,,,,"18.328,16",,,,,,,,,-,,,,,,"18.328,16",,,,,,,,,"32.128,86",,,,,,,,
IBATIBA-ES,,,,,ES,,,,,"12.727,87",,,,,,,,,-,,,,,,"12.727,87",,,,,,,,,"22.311,70",,,,,,,,
IBIRACU-ES,,,,,ES,,,,,"10.691,42",,,,,,,,,-,,,,,,"10.691,42",,,,,,,,,"18.741,83",,,,,,,,
IBITIRAMA-ES,,,,,ES,,,,,"10.182,31",,,,,,,,,-,,,,,,"10.182,31",,,,,,,,,"17.849,36",,,,,,,,
ICONHA-ES,,,,,ES,,,,,"10.691,42",,,,,,,,,-,,,,,,"10.691,42",,,,,,,,,"18.741,83",,,,,,,,
IRUPI-ES,,,,,ES,,,,,"10.691,42",,,,,,,,,-,,,,,,"10.691,42",,,,,,,,,"18.741,83",,,,,,,,
ITAGUACU-ES,,,,,ES,,,,,"11.709,66",,,,,,,,,-,,,,,,"11.709,66",,,,,,,,,"20.526,78",,,,,,,,
ITAPEMIRIM-ES,,,,,ES,,,,,"124.640,98",,,,,,,,,-,,,,,,"124.640,98",,,,,,,,,"786.085,49",,,,,,,,
ITARANA-ES,,,,,ES,,,,,"10.691,42",,,,,,,,,-,,,,,,"10.691,42",,,,,,,,,"18.741,83",,,,,,,,
IUNA-ES,,,,,ES,,,,,"13.746,11",,,,,,,,,-,,,,,,"13.746,11",,,,,,,,,"24.096,65",,,,,,,,
JAGUARE-ES,,,,,ES,,,,,"377.831,73",,,,,,,,,"154.166,21",,,,,,"531.997,94",,,,,,,,,"2.870.562,34",,,,,,,,
JERONIMO MONTEIRO-ES,,,,,ES,,,,,"10.691,42",,,,,,,,,-,,,,,,"10.691,42",,,,,,,,,"18.741,83",,,,,,,,
JOAO NEIVA-ES,,,,,ES,,,,,"11.709,66",,,,,,,,,-,,,,,,"11.709,66",,,,,,,,,"20.526,78",,,,,,,,
LARANJA DA TERRA-ES,,,,,ES,,,,,"10.691,42",,,,,,,,,-,,,,,,"10.691,42",,,,,,,,,"18.741,83",,,,,,,,
LINHARES-ES,,,,,ES,,,,,"1.456.807,03",,,,,,,,,"130.046,14",,,,,,"1.586.853,17",,,,,,,,,"6.833.979,03",,,,,,,,
MANTENOPOLIS-ES,,,,,ES,,,,,"11.200,54",,,,,,,,,-,,,,,,"11.200,54",,,,,,,,,"19.634,30",,,,,,,,
MARATAIZES-ES,,,,,ES,,,,,"14.255,23",,,,,,,,,-,,,,,,"14.255,23",,,,,,,,,"101.630,76",,,,,,,,
MARECHAL FLORIANO-ES,,,,,ES,,,,,"11.200,54",,,,,,,,,-,,,,,,"11.200,54",,,,,,,,,"19.634,30",,,,,,,,
MARILANDIA-ES,,,,,ES,,,,,"10.182,31",,,,,,,,,-,,,,,,"10.182,31",,,,,,,,,"17.849,36",,,,,,,,
MIMOSO DO SUL-ES,,,,,ES,,,,,"13.746,11",,,,,,,,,-,,,,,,"13.746,11",,,,,,,,,"24.096,65",,,,,,,,
MONTANHA-ES,,,,,ES,,,,,"12.218,77",,,,,,,,,-,,,,,,"12.218,77",,,,,,,,,"21.419,24",,,,,,,,
MUCURICI-ES,,,,,ES,,,,,"10.182,31",,,,,,,,,-,,,,,,"10.182,31",,,,,,,,,"17.849,36",,,,,,,,
MUNIZ FREIRE-ES,,,,,ES,,,,,"12.727,87",,,,,,,,,-,,,,,,"12.727,87",,,,,,,,,"22.311,70",,,,,,,,
Superintendência de Controle das Participações Governamentais,,,,,,,,,,,,,,,,,,,,,,,,,,,,,,,,,,,,,,,,,,
MUQUI-ES,,,,,ES,,,,,"11.200,54",,,,,,,,,-,,,,,,"11.200,54",,,,,,,,,"19.634,30",,,,,,,,
NOVA VENECIA-ES,,,,,ES,,,,,"15.782,57",,,,,,,,,-,,,,,,"15.782,57",,,,,,,,,"27.666,52",,,,,,,,
PANCAS-ES,,,,,ES,,,,,"13.236,98",,,,,,,,,-,,,,,,"13.236,98",,,,,,,,,"23.204,16",,,,,,,,
PEDRO CANARIO-ES,,,,,ES,,,,,"13.236,98",,,,,,,,,-,,,,,,"13.236,98",,,,,,,,,"23.204,16",,,,,,,,
PINHEIROS-ES,,,,,ES,,,,,"13.236,98",,,,,,,,,-,,,,,,"13.236,98",,,,,,,,,"23.204,16",,,,,,,,
PIUMA-ES,,,,,ES,,,,,"11.709,66",,,,,,,,,-,,,,,,"11.709,66",,,,,,,,,"20.526,78",,,,,,,,
PONTO BELO-ES,,,,,ES,,,,,"10.182,31",,,,,,,,,-,,,,,,"10.182,31",,,,,,,,,"17.849,36",,,,,,,,
PRESIDENTE KENNEDY-ES,,,,,ES,,,,,"89.029,26",,,,,,,,,"501.210,90",,,,,,"590.240,16",,,,,,,,,"3.108.784,08",,,,,,,,
RIO BANANAL-ES,,,,,ES,,,,,"12.218,77",,,,,,,,,-,,,,,,"12.218,77",,,,,,,,,"21.419,24",,,,,,,,
RIO NOVO DO SUL-ES,,,,,ES,,,,,"10.691,42",,,,,,,,,-,,,,,,"10.691,42",,,,,,,,,"18.741,83",,,,,,,,
SANTA LEOPOLDINA-ES,,,,,ES,,,,,"11.200,54",,,,,,,,,-,,,,,,"11.200,54",,,,,,,,,"19.634,30",,,,,,,,
SANTA MARIA DE JETIBA-ES,,,,,ES,,,,,"14.255,23",,,,,,,,,-,,,,,,"14.255,23",,,,,,,,,"24.989,12",,,,,,,,
SANTA TERESA-ES,,,,,ES,,,,,"13.236,98",,,,,,,,,-,,,,,,"13.236,98",,,,,,,,,"23.204,16",,,,,,,,
SAO DOMINGOS DO NORTE-ES,,,,,ES,,,,,"10.182,31",,,,,,,,,-,,,,,,"10.182,31",,,,,,,,,"17.849,36",,,,,,,,
SAO GABRIEL DA PALHA-ES,,,,,ES,,,,,"13.746,11",,,,,,,,,-,,,,,,"13.746,11",,,,,,,,,"24.096,65",,,,,,,,
SAO JOSE DO CALCADO-ES,,,,,ES,,,,,"10.691,42",,,,,,,,,-,,,,,,"10.691,42",,,,,,,,,"18.741,83",,,,,,,,
SAO MATEUS-ES,,,,,ES,,,,,"1.401.095,81",,,,,,,,,"90.386,25",,,,,,"1.491.482,06",,,,,,,,,"6.299.148,37",,,,,,,,
SAO ROQUE DO CANAA-ES,,,,,ES,,,,,"10.691,42",,,,,,,,,-,,,,,,"10.691,42",,,,,,,,,"18.741,83",,,,,,,,
SERRA-ES,,,,,ES,,,,,"161.395,46",,,,,,,,,-,,,,,,"161.395,46",,,,,,,,,"176.729,59",,,,,,,,
SOORETAMA-ES,,,,,ES,,,,,"12.727,87",,,,,,,,,-,,,,,,"12.727,87",,,,,,,,,"22.311,70",,,,,,,,
VARGEM ALTA-ES,,,,,ES,,,,,"12.218,77",,,,,,,,,-,,,,,,"12.218,77",,,,,,,,,"21.419,24",,,,,,,,
VENDA NOVA DO IMIGRANTE-ES,,,,,ES,,,,,"12.218,77",,,,,,,,,-,,,,,,"12.218,77",,,,,,,,,"21.419,24",,,,,,,,
VIANA-ES,,,,,ES,,,,,"16.291,69",,,,,,,,,-,,,,,,"16.291,69",,,,,,,,,"28.558,99",,,,,,,,
VILA PAVAO-ES,,,,,ES,,,,,"10.182,31",,,,,,,,,-,,,,,,"10.182,31",,,,,,,,,"17.849,36",,,,,,,,
VILA VALERIO-ES,,,,,ES,,,,,"11.200,54",,,,,,,,,-,,,,,,"11.200,54",,,,,,,,,"19.634,30",,,,,,,,
VILA VELHA-ES,,,,,ES,,,,,"178.058,55",,,,,,,,,-,,,,,,"178.058,55",,,,,,,,,"355.988,59",,,,,,,,
VITORIA-ES,,,,,ES,,,,,"178.058,55",,,,,,,,,-,,,,,,"178.058,55",,,,,,,,,"355.988,59",,,,,,,,
ESPIRITO SANTO TOTAL,,,,,,,,,,"5.119.305,73",,,,,,,,,"892.999,85",,,,,,"6.012.305,58",,,,,,,,,"23.717.985,40",,,,,,,,
JUIZ DE FORA-MG,,,,,MG,,,,,"536.547,91",,,,,,,,,-,,,,,,"536.547,91",,,,,,,,,"2.555.196,20",,,,,,,,
MINAS GERAIS TOTAL,,,,,,,,,,"536.547,91",,,,,,,,,-,,,,,,"536.547,91",,,,,,,,,"2.555.196,20",,,,,,,,
AFUA-PA,,,,,PA,,,,,-,,,,,,,,,"7.380,91",,,,,,"7.380,91",,,,,,,,,"30.255,70",,,,,,,,
ALENQUER-PA,,,,,PA,,,,,-,,,,,,,,,"7.380,91",,,,,,"7.380,91",,,,,,,,,"30.255,70",,,,,,,,
ALMEIRIM-PA,,,,,PA,,,,,-,,,,,,,,,"7.380,91",,,,,,"7.380,91",,,,,,,,,"30.255,70",,,,,,,,
ANAJAS-PA,,,,,PA,,,,,-,,,,,,,,,"7.380,91",,,,,,"7.380,91",,,,,,,,,"30.255,70",,,,,,,,
BREVES-PA,,,,,PA,,,,,-,,,,,,,,,"7.380,91",,,,,,"7.380,91",,,,,,,,,"30.255,70",,,,,,,,
CHAVES-PA,,,,,PA,,,,,-,,,,,,,,,"7.380,91",,,,,,"7.380,91",,,,,,,,,"30.255,70",,,,,,,,
CURUA-PA,,,,,PA,,,,,-,,,,,,,,,"7.380,91",,,,,,"7.380,91",,,,,,,,,"30.255,70",,,,,,,,
FARO-PA,,,,,PA,,,,,-,,,,,,,,,"7.380,91",,,,,,"7.380,91",,,,,,,,,"30.255,70",,,,,,,,
GURUPA-PA,,,,,PA,,,,,-,,,,,,,,,"7.380,91",,,,,,"7.380,91",,,,,,,,,"30.255,70",,,,,,,,
JURUTI-PA,,,,,PA,,,,,-,,,,,,,,,"7.380,91",,,,,,"7.380,91",,,,,,,,,"30.255,70",,,,,,,,
MELGACO-PA,,,,,PA,,,,,-,,,,,,,,,"7.380,91",,,,,,"7.380,91",,,,,,,,,"30.255,70",,,,,,,,
MONTE ALEGRE-PA,,,,,PA,,,,,-,,,,,,,,,"7.380,91",,,,,,"7.380,91",,,,,,,,,"30.255,70",,,,,,,,
OBIDOS-PA,,,,,PA,,,,,-,,,,,,,,,"7.380,91",,,,,,"7.380,91",,,,,,,,,"30.255,70",,,,,,,,
PORTO DE MOZ-PA,,,,,PA,,,,,-,,,,,,,,,"7.380,91",,,,,,"7.380,91",,,,,,,,,"30.255,70",,,,,,,,
PRAINHA-PA,,,,,PA,,,,,-,,,,,,,,,"7.380,91",,,,,,"7.380,91",,,,,,,,,"30.255,70",,,,,,,,
SANTAREM-PA,,,,,PA,,,,,-,,,,,,,,,"7.380,91",,,,,,"7.380,91",,,,,,,,,"30.255,70",,,,,,,,
TERRA SANTA-PA,,,,,PA,,,,,-,,,,,,,,,"7.380,91",,,,,,"7.380,91",,,,,,,,,"30.255,70",,,,,,,,
PARA TOTAL,,,,,,,,,,-,,,,,,,,,"125.475,47",,,,,,"125.475,47",,,,,,,,,"514.346,90",,,,,,,,
SANTA RITA-PB,,,,,PB,,,,,"536.547,91",,,,,,,,,-,,,,,,"536.547,91",,,,,,,,,"9.550.721,23",,,,,,,,
PARAIBA TOTAL,,,,,,,,,,"536.547,91",,,,,,,,,-,,,,,,"536.547,91",,,,,,,,,"9.550.721,23",,,,,,,,
CABO DE SANTO AGOSTINHO-PE,,,,,PE,,,,,"585.058,60",,,,,,,,,-,,,,,,"585.058,60",,,,,,,,,"2.278.830,40",,,,,,,,
Superintendência de Controle das Participações Governamentais,,,,,,,,,,,,,,,,,,,,,,,,,,,,,,,,,,,,,,,,,,
PAULISTA-PE,,,,,PE,,,,,"536.547,91",,,,,,,,,-,,,,,,"536.547,91",,,,,,,,,"2.555.196,20",,,,,,,,
PERNAMBUCO TOTAL,,,,,,,,,,"1.121.606,51",,,,,,,,,-,,,,,,"1.121.606,51",,,,,,,,,"4.834.026,60",,,,,,,,
ADRIANOPOLIS-PR,,,,,PR,,,,,"2.448,63",,,,,,,,,-,,,,,,"2.448,63",,,,,,,,,"15.001,09",,,,,,,,
AGUDOS DO SUL-PR,,,,,PR,,,,,"2.448,63",,,,,,,,,-,,,,,,"2.448,63",,,,,,,,,"15.001,09",,,,,,,,
ALMIRANTE TAMANDARE-PR,,,,,PR,,,,,"4.407,55",,,,,,,,,-,,,,,,"4.407,55",,,,,,,,,"27.002,01",,,,,,,,
ANTONINA-PR,,,,,PR,,,,,"3.060,79",,,,,,,,,-,,,,,,"3.060,79",,,,,,,,,"18.751,38",,,,,,,,
ARAUCARIA-PR,,,,,PR,,,,,"4.407,55",,,,,,,,,-,,,,,,"4.407,55",,,,,,,,,"27.002,01",,,,,,,,
BALSA NOVA-PR,,,,,PR,,,,,"2.571,07",,,,,,,,,-,,,,,,"2.571,07",,,,,,,,,"15.751,17",,,,,,,,
BOCAIUVA DO SUL-PR,,,,,PR,,,,,"2.448,63",,,,,,,,,-,,,,,,"2.448,63",,,,,,,,,"15.001,09",,,,,,,,
CAMPINA GRANDE DO SUL-PR,,,,,PR,,,,,"3.550,52",,,,,,,,,-,,,,,,"3.550,52",,,,,,,,,"21.751,61",,,,,,,,
CAMPO DO TENENTE-PR,,,,,PR,,,,,"2.448,63",,,,,,,,,-,,,,,,"2.448,63",,,,,,,,,"15.001,09",,,,,,,,
CAMPO LARGO-PR,,,,,PR,,,,,"4.407,55",,,,,,,,,-,,,,,,"4.407,55",,,,,,,,,"27.002,01",,,,,,,,
CAMPO MAGRO-PR,,,,,PR,,,,,"3.183,23",,,,,,,,,-,,,,,,"3.183,23",,,,,,,,,"19.501,45",,,,,,,,
CERRO AZUL-PR,,,,,PR,,,,,"2.938,36",,,,,,,,,-,,,,,,"2.938,36",,,,,,,,,"18.001,32",,,,,,,,
COLOMBO-PR,,,,,PR,,,,,"4.897,27",,,,,,,,,-,,,,,,"4.897,27",,,,,,,,,"30.002,22",,,,,,,,
CONTENDA-PR,,,,,PR,,,,,"2.693,50",,,,,,,,,-,,,,,,"2.693,50",,,,,,,,,"16.501,22",,,,,,,,
CURITIBA-PR,,,,,PR,,,,,"4.897,27",,,,,,,,,-,,,,,,"4.897,27",,,,,,,,,"30.002,22",,,,,,,,
DOUTOR ULYSSES-PR,,,,,PR,,,,,"2.448,63",,,,,,,,,-,,,,,,"2.448,63",,,,,,,,,"15.001,09",,,,,,,,
FAZENDA RIO GRANDE-PR,,,,,PR,,,,,"4.040,25",,,,,,,,,-,,,,,,"4.040,25",,,,,,,,,"24.751,84",,,,,,,,
GUARAQUECABA-PR,,,,,PR,,,,,"2.448,63",,,,,,,,,-,,,,,,"2.448,63",,,,,,,,,"15.001,09",,,,,,,,
GUARATUBA-PR,,,,,PR,,,,,"3.305,66",,,,,,,,,-,,,,,,"3.305,66",,,,,,,,,"20.251,50",,,,,,,,
ITAPERUCU-PR,,,,,PR,,,,,"3.060,79",,,,,,,,,-,,,,,,"3.060,79",,,,,,,,,"18.751,38",,,,,,,,
LAPA-PR,,,,,PR,,,,,"3.795,39",,,,,,,,,-,,,,,,"3.795,39",,,,,,,,,"23.251,72",,,,,,,,
MANDIRITUBA-PR,,,,,PR,,,,,"2.938,36",,,,,,,,,-,,,,,,"2.938,36",,,,,,,,,"18.001,32",,,,,,,,
MATINHOS-PR,,,,,PR,,,,,"179.240,44",,,,,,,,,"90.788,87",,,,,,"270.029,31",,,,,,,,,"1.654.283,28",,,,,,,,
MORRETES-PR,,,,,PR,,,,,"2.815,93",,,,,,,,,-,,,,,,"2.815,93",,,,,,,,,"17.251,27",,,,,,,,
PARANAGUA-PR,,,,,PR,,,,,"4.652,41",,,,,,,,,-,,,,,,"4.652,41",,,,,,,,,"28.502,12",,,,,,,,
PIEN-PR,,,,,PR,,,,,"2.448,63",,,,,,,,,-,,,,,,"2.448,63",,,,,,,,,"15.001,09",,,,,,,,
PINHAIS-PR,,,,,PR,,,,,"4.529,98",,,,,,,,,-,,,,,,"4.529,98",,,,,,,,,"27.752,06",,,,,,,,
PIRAQUARA-PR,,,,,PR,,,,,"4.285,11",,,,,,,,,-,,,,,,"4.285,11",,,,,,,,,"26.251,94",,,,,,,,
PONTAL DO PARANA-PR,,,,,PR,,,,,"2.815,93",,,,,,,,,"66.046,51",,,,,,"68.862,44",,,,,,,,,"421.872,69",,,,,,,,
PORTO AMAZONAS-PR,,,,,PR,,,,,"2.448,63",,,,,,,,,-,,,,,,"2.448,63",,,,,,,,,"15.001,09",,,,,,,,
QUATRO BARRAS-PR,,,,,PR,,,,,"2.938,36",,,,,,,,,-,,,,,,"2.938,36",,,,,,,,,"18.001,32",,,,,,,,
QUITANDINHA-PR,,,,,PR,,,,,"2.815,93",,,,,,,,,-,,,,,,"2.815,93",,,,,,,,,"17.251,27",,,,,,,,
RIO BRANCO DO SUL-PR,,,,,PR,,,,,"3.428,09",,,,,,,,,-,,,,,,"3.428,09",,,,,,,,,"21.001,55",,,,,,,,
RIO NEGRO-PR,,,,,PR,,,,,"3.428,09",,,,,,,,,-,,,,,,"3.428,09",,,,,,,,,"21.001,55",,,,,,,,
SÃO JOSE DOS PINHAIS-PR,,,,,PR,,,,,"4.897,27",,,,,,,,,-,,,,,,"4.897,27",,,,,,,,,"30.002,22",,,,,,,,
TIJUCAS DO SUL-PR,,,,,PR,,,,,"2.693,50",,,,,,,,,-,,,,,,"2.693,50",,,,,,,,,"16.501,22",,,,,,,,
TUNAS DO PARANA-PR,,,,,PR,,,,,"2.448,63",,,,,,,,,-,,,,,,"2.448,63",,,,,,,,,"15.001,09",,,,,,,,
PARANA TOTAL,,,,,,,,,,"298.733,82",,,,,,,,,"156.835,38",,,,,,"455.569,20",,,,,,,,,"2.790.958,68",,,,,,,,
ANGRA DOS REIS-RJ,,,,,RJ,,,,,"1.074.842,55",,,,,,,,,"1.343.949,84",,,,,,"2.418.792,39",,,,,,,,,"9.786.981,73",,,,,,,,
APERIBE-RJ,,,,,RJ,,,,,"259.851,11",,,,,,,,,-,,,,,,"259.851,11",,,,,,,,,"1.295.507,84",,,,,,,,
ARARUAMA-RJ,,,,,RJ,,,,,"467.732,02",,,,,,,,,-,,,,,,"467.732,02",,,,,,,,,"2.331.914,15",,,,,,,,
ARMACAO DOS BUZIOS-RJ,,,,,RJ,,,,,"2.477.536,04",,,,,,,,,"1.402.968,38",,,,,,"3.880.504,42",,,,,,,,,"18.601.540,42",,,,,,,,
ARRAIAL DO CABO-RJ,,,,,RJ,,,,,"337.806,45",,,,,,,,,"30.199,34",,,,,,"368.005,79",,,,,,,,,"1.859.202,09",,,,,,,,
BARRA MANSA-RJ,,,,,RJ,,,,,"536.547,91",,,,,,,,,-,,,,,,"536.547,91",,,,,,,,,"2.555.196,20",,,,,,,,
BELFORD ROXO-RJ,,,,,RJ,,,,,"519.702,23",,,,,,,,,-,,,,,,"519.702,23",,,,,,,,,"2.591.015,70",,,,,,,,
BOM JARDIM-RJ,,,,,RJ,,,,,"337.806,45",,,,,,,,,-,,,,,,"337.806,45",,,,,,,,,"1.684.160,20",,,,,,,,
BOM JESUS DO ITABAPOANA-RJ,,,,,RJ,,,,,"376.784,12",,,,,,,,,-,,,,,,"376.784,12",,,,,,,,,"1.878.486,38",,,,,,,,
CABO FRIO-RJ,,,,,RJ,,,,,"3.765.854,78",,,,,,,,,"7.585.366,77",,,,,,"11.351.221,55",,,,,,,,,"52.895.882,07",,,,,,,,
CACHOEIRAS DE MACACU-RJ,,,,,RJ,,,,,"1.335.391,92",,,,,,,,,-,,,,,,"1.335.391,92",,,,,,,,,"6.389.555,57",,,,,,,,
Superintendência de Controle das Participações Governamentais,,,,,,,,,,,,,,,,,,,,,,,,,,,,,,,,,,,,,,,,,,
CAMBUCI-RJ,,,,,RJ,,,,,"298.828,78",,,,,,,,,-,,,,,,"298.828,78",,,,,,,,,"1.489.834,02",,,,,,,,
CAMPOS DOS GOYTACAZES-RJ,,,,,RJ,,,,,"3.964.057,66",,,,,,,,,"28.129.599,54",,,,,,"32.093.657,20",,,,,,,,,"153.555.603,21",,,,,,,,
CANTA GALO-RJ,,,,,RJ,,,,,"324.813,89",,,,,,,,,-,,,,,,"324.813,89",,,,,,,,,"1.619.384,80",,,,,,,,
CARAPEBUS-RJ,,,,,RJ,,,,,"1.982.028,83",,,,,,,,,"558.971,42",,,,,,"2.541.000,25",,,,,,,,,"11.966.923,58",,,,,,,,
CARDOSO MOREIRA-RJ,,,,,RJ,,,,,"285.836,23",,,,,,,,,-,,,,,,"285.836,23",,,,,,,,,"1.425.058,64",,,,,,,,
CARMO-RJ,,,,,RJ,,,,,"298.828,78",,,,,,,,,-,,,,,,"298.828,78",,,,,,,,,"1.489.834,02",,,,,,,,
CASIMIRO DE ABREU-RJ,,,,,RJ,,,,,"2.576.637,48",,,,,,,,,"1.887.804,62",,,,,,"4.464.442,10",,,,,,,,,"21.160.975,72",,,,,,,,
CONCEICAO DE MACABU-RJ,,,,,RJ,,,,,"324.813,89",,,,,,,,,-,,,,,,"324.813,89",,,,,,,,,"1.619.384,80",,,,,,,,
CORDEIRO-RJ,,,,,RJ,,,,,"324.813,89",,,,,,,,,-,,,,,,"324.813,89",,,,,,,,,"1.619.384,80",,,,,,,,
DUAS BARRAS-RJ,,,,,RJ,,,,,"272.843,67",,,,,,,,,-,,,,,,"272.843,67",,,,,,,,,"1.360.283,24",,,,,,,,
DUQUE DE CAXIAS-RJ,,,,,RJ,,,,,"1.907.702,75",,,,,,,,,"1.295,74",,,,,,"1.908.998,49",,,,,,,,,"9.151.348,90",,,,,,,,
ENGENHEIRO PAULO DE FRONTIN-RJ,,,,,RJ,,,,,"544.371,27",,,,,,,,,-,,,,,,"544.371,27",,,,,,,,,"1.911.396,70",,,,,,,,
GUAPIMIRIM-RJ,,,,,RJ,,,,,"1.430.777,06",,,,,,,,,"1.295,74",,,,,,"1.432.072,80",,,,,,,,,"6.869.364,77",,,,,,,,
IGUABA GRANDE-RJ,,,,,RJ,,,,,"298.828,78",,,,,,,,,-,,,,,,"298.828,78",,,,,,,,,"1.489.834,02",,,,,,,,
ITABORAI-RJ,,,,,RJ,,,,,"519.702,23",,,,,,,,,"1.295,74",,,,,,"520.997,97",,,,,,,,,"2.614.428,04",,,,,,,,
ITAGUAI-RJ,,,,,RJ,,,,,"467.732,02",,,,,,,,,-,,,,,,"467.732,02",,,,,,,,,"2.331.914,15",,,,,,,,
ITALVA-RJ,,,,,RJ,,,,,"285.836,23",,,,,,,,,-,,,,,,"285.836,23",,,,,,,,,"1.425.058,64",,,,,,,,
ITAOCARA-RJ,,,,,RJ,,,,,"337.806,45",,,,,,,,,-,,,,,,"337.806,45",,,,,,,,,"1.684.160,20",,,,,,,,
ITAPERUNA-RJ,,,,,RJ,,,,,"467.732,02",,,,,,,,,-,,,,,,"467.732,02",,,,,,,,,"2.331.914,15",,,,,,,,
JAPERI-RJ,,,,,RJ,,,,,"1.004.279,93",,,,,,,,,-,,,,,,"1.004.279,93",,,,,,,,,"4.887.110,35",,,,,,,,
LAJE DO MURIAE-RJ,,,,,RJ,,,,,"259.851,11",,,,,,,,,-,,,,,,"259.851,11",,,,,,,,,"1.295.507,84",,,,,,,,
MACAE-RJ,,,,,RJ,,,,,"16.336.464,57",,,,,,,,,"8.887.861,95",,,,,,"25.224.326,52",,,,,,,,,"123.061.146,47",,,,,,,,
MACUCO-RJ,,,,,RJ,,,,,"259.851,11",,,,,,,,,-,,,,,,"259.851,11",,,,,,,,,"1.295.507,84",,,,,,,,
MAGE-RJ,,,,,RJ,,,,,"1.716.932,47",,,,,,,,,"1.295,74",,,,,,"1.718.228,21",,,,,,,,,"8.238.555,25",,,,,,,,
MANGARATIBA-RJ,,,,,RJ,,,,,"350.799,01",,,,,,,,,"1.007.962,38",,,,,,"1.358.761,39",,,,,,,,,"5.615.540,03",,,,,,,,
MARICA-RJ,,,,,RJ,,,,,"454.739,46",,,,,,,,,-,,,,,,"454.739,46",,,,,,,,,"2.267.138,75",,,,,,,,
MENDES-RJ,,,,,RJ,,,,,"593.859,56",,,,,,,,,-,,,,,,"593.859,56",,,,,,,,,"2.085.160,02",,,,,,,,
MESQUITA-RJ,,,,,RJ,,,,,"519.702,23",,,,,,,,,-,,,,,,"519.702,23",,,,,,,,,"2.591.015,70",,,,,,,,
MIGUEL PEREIRA-RJ,,,,,RJ,,,,,"643.347,86",,,,,,,,,-,,,,,,"643.347,86",,,,,,,,,"2.258.923,36",,,,,,,,
MIRACEMA-RJ,,,,,RJ,,,,,"350.799,01",,,,,,,,,-,,,,,,"350.799,01",,,,,,,,,"1.748.935,61",,,,,,,,
NATIVIDADE-RJ,,,,,RJ,,,,,"298.828,78",,,,,,,,,-,,,,,,"298.828,78",,,,,,,,,"1.489.834,02",,,,,,,,
NILOPOLIS-RJ,,,,,RJ,,,,,"519.702,23",,,,,,,,,-,,,,,,"519.702,23",,,,,,,,,"2.591.015,70",,,,,,,,
NITEROI-RJ,,,,,RJ,,,,,"3.964.057,66",,,,,,,,,"1.295,74",,,,,,"3.965.353,40",,,,,,,,,"18.990.553,28",,,,,,,,
NOVA FRIBURGO-RJ,,,,,RJ,,,,,"519.702,23",,,,,,,,,-,,,,,,"519.702,23",,,,,,,,,"2.591.015,70",,,,,,,,
NOVA IGUACU-RJ,,,,,RJ,,,,,"519.702,23",,,,,,,,,-,,,,,,"519.702,23",,,,,,,,,"2.591.015,70",,,,,,,,
PARACAMBI-RJ,,,,,RJ,,,,,"402.769,24",,,,,,,,,-,,,,,,"402.769,24",,,,,,,,,"2.008.037,20",,,,,,,,
PARATI-RJ,,,,,RJ,,,,,-,,,,,,,,,"1.007.962,38",,,,,,"1.007.962,38",,,,,,,,,"3.866.604,42",,,,,,,,
PATY DO ALFERES-RJ,,,,,RJ,,,,,"643.347,86",,,,,,,,,-,,,,,,"643.347,86",,,,,,,,,"2.258.923,36",,,,,,,,
PETROPOLIS-RJ,,,,,RJ,,,,,"519.702,23",,,,,,,,,-,,,,,,"519.702,23",,,,,,,,,"2.591.015,70",,,,,,,,
PIRAI-RJ,,,,,RJ,,,,,"536.547,91",,,,,,,,,-,,,,,,"536.547,91",,,,,,,,,"2.555.196,20",,,,,,,,
PORCIUNCULA-RJ,,,,,RJ,,,,,"298.828,78",,,,,,,,,-,,,,,,"298.828,78",,,,,,,,,"1.489.834,02",,,,,,,,
QUEIMADOS-RJ,,,,,RJ,,,,,"493.717,12",,,,,,,,,-,,,,,,"493.717,12",,,,,,,,,"2.461.464,92",,,,,,,,
QUISSAMA-RJ,,,,,RJ,,,,,"2.180.231,71",,,,,,,,,"2.964.416,19",,,,,,"5.144.647,90",,,,,,,,,"24.354.481,16",,,,,,,,
RIO BONITO-RJ,,,,,RJ,,,,,"415.761,79",,,,,,,,,-,,,,,,"415.761,79",,,,,,,,,"2.072.812,57",,,,,,,,
RIO DAS OSTRAS-RJ,,,,,RJ,,,,,"2.973.043,25",,,,,,,,,"8.329.168,89",,,,,,"11.302.212,14",,,,,,,,,"55.520.008,39",,,,,,,,
RIO DE JANEIRO-RJ,,,,,RJ,,,,,"5.038.900,21",,,,,,,,,"5.182,96",,,,,,"5.044.083,17",,,,,,,,,"23.130.278,43",,,,,,,,
SANTA MARIA MADALENA-RJ,,,,,RJ,,,,,"272.843,67",,,,,,,,,-,,,,,,"272.843,67",,,,,,,,,"1.360.283,24",,,,,,,,
SANTO ANTONIO DE PADUA-RJ,,,,,RJ,,,,,"389.776,68",,,,,,,,,-,,,,,,"389.776,68",,,,,,,,,"1.943.261,80",,,,,,,,
SÃO FIDELIS-RJ,,,,,RJ,,,,,"389.776,68",,,,,,,,,-,,,,,,"389.776,68",,,,,,,,,"1.943.261,80",,,,,,,,
SÃO FRANCISCO DE ITABAPOANA-RJ,,,,,RJ,,,,,"402.769,24",,,,,,,,,-,,,,,,"402.769,24",,,,,,,,,"2.008.037,20",,,,,,,,
SAO GONCALO-RJ,,,,,RJ,,,,,"519.702,23",,,,,,,,,"1.295,74",,,,,,"520.997,97",,,,,,,,,"2.614.428,04",,,,,,,,
Superintendência de Controle das Participações Governamentais,,,,,,,,,,,,,,,,,,,,,,,,,,,,,,,,,,,,,,,,,,
SAO JOAO DA BARRA-RJ,,,,,RJ,,,,,"2.675.738,92",,,,,,,,,"1.052.837,09",,,,,,"3.728.576,01",,,,,,,,,"17.670.415,04",,,,,,,,
SÃO JOAO DE MERITI-RJ,,,,,RJ,,,,,"519.702,23",,,,,,,,,-,,,,,,"519.702,23",,,,,,,,,"2.591.015,70",,,,,,,,
SAO JOSE DE UBA-RJ,,,,,RJ,,,,,"259.851,11",,,,,,,,,-,,,,,,"259.851,11",,,,,,,,,"1.295.507,84",,,,,,,,
SÃO JOSE DO VALE DO RIO PRETO-RJ,,,,,RJ,,,,,"324.813,89",,,,,,,,,-,,,,,,"324.813,89",,,,,,,,,"1.619.384,80",,,,,,,,
SÃO PEDRO DA ALDEIA-RJ,,,,,RJ,,,,,"428.754,35",,,,,,,,,-,,,,,,"428.754,35",,,,,,,,,"2.137.587,98",,,,,,,,
SÃO SEBASTIAO DO ALTO-RJ,,,,,RJ,,,,,"259.851,11",,,,,,,,,-,,,,,,"259.851,11",,,,,,,,,"1.295.507,84",,,,,,,,
SAQUAREMA-RJ,,,,,RJ,,,,,"415.761,79",,,,,,,,,-,,,,,,"415.761,79",,,,,,,,,"2.072.812,57",,,,,,,,
SEROPEDICA-RJ,,,,,RJ,,,,,"441.746,91",,,,,,,,,-,,,,,,"441.746,91",,,,,,,,,"2.202.363,38",,,,,,,,
SILVA JARDIM-RJ,,,,,RJ,,,,,"1.240.006,78",,,,,,,,,-,,,,,,"1.240.006,78",,,,,,,,,"5.933.158,75",,,,,,,,
SUMIDOURO-RJ,,,,,RJ,,,,,"298.828,78",,,,,,,,,-,,,,,,"298.828,78",,,,,,,,,"1.489.834,02",,,,,,,,
TANGUA-RJ,,,,,RJ,,,,,"350.799,01",,,,,,,,,-,,,,,,"350.799,01",,,,,,,,,"1.748.935,61",,,,,,,,
TERESOPOLIS-RJ,,,,,RJ,,,,,"506.709,68",,,,,,,,,-,,,,,,"506.709,68",,,,,,,,,"2.526.240,32",,,,,,,,
TRAJANO DE MORAIS-RJ,,,,,RJ,,,,,"272.843,67",,,,,,,,,-,,,,,,"272.843,67",,,,,,,,,"1.360.283,24",,,,,,,,
VARRE-SAI-RJ,,,,,RJ,,,,,"259.851,11",,,,,,,,,-,,,,,,"259.851,11",,,,,,,,,"1.295.507,84",,,,,,,,
VASSOURAS-RJ,,,,,RJ,,,,,"692.836,16",,,,,,,,,-,,,,,,"692.836,16",,,,,,,,,"2.432.686,70",,,,,,,,
VOLTA REDONDA-RJ,,,,,RJ,,,,,"536.547,91",,,,,,,,,-,,,,,,"536.547,91",,,,,,,,,"2.555.196,20",,,,,,,,
RIO DE JANEIRO TOTAL,,,,,,,,,,"81.678.828,95",,,,,,,,,"64.202.026,19",,,,,,"145.880.855,14",,,,,,,,,"694.987.870,65",,,,,,,,
ACARI-RN,,,,,RN,,,,,"5.043,98",,,,,,,,,-,,,,,,"5.043,98",,,,,,,,,"25.465,95",,,,,,,,
ACU-RN,,,,,RN,,,,,"206.011,71",,,,,,,,,"85.290,70",,,,,,"291.302,41",,,,,,,,,"1.333.730,57",,,,,,,,
AFONSO BEZERRA-RN,,,,,RN,,,,,"5.043,98",,,,,,,,,-,,,,,,"5.043,98",,,,,,,,,"25.465,95",,,,,,,,
AGUANOVA-RN,,,,,RN,,,,,"4.803,79",,,,,,,,,-,,,,,,"4.803,79",,,,,,,,,"24.253,31",,,,,,,,
ALEXANDRIA-RN,,,,,RN,,,,,"5.284,17",,,,,,,,,-,,,,,,"5.284,17",,,,,,,,,"26.678,61",,,,,,,,
ALMINO AFONSO-RN,,,,,RN,,,,,"4.803,79",,,,,,,,,-,,,,,,"4.803,79",,,,,,,,,"24.253,31",,,,,,,,
ALTO DO RODRIGUES-RN,,,,,RN,,,,,"237.677,97",,,,,,,,,"93.167,91",,,,,,"330.845,88",,,,,,,,,"1.420.629,76",,,,,,,,
ANTONIO MARTINS-RN,,,,,RN,,,,,"4.803,79",,,,,,,,,-,,,,,,"4.803,79",,,,,,,,,"24.253,31",,,,,,,,
APODI-RN,,,,,RN,,,,,"169.076,60",,,,,,,,,"72.656,94",,,,,,"241.733,54",,,,,,,,,"1.275.989,34",,,,,,,,
AREIA BRANCA-RN,,,,,RN,,,,,"482.353,62",,,,,,,,,"392.220,86",,,,,,"874.574,48",,,,,,,,,"4.398.958,25",,,,,,,,
AUGUSTO SEVERO-RN,,,,,RN,,,,,"4.803,79",,,,,,,,,-,,,,,,"4.803,79",,,,,,,,,"24.253,31",,,,,,,,
BARAUNA-RN,,,,,RN,,,,,"6.004,74",,,,,,,,,-,,,,,,"6.004,74",,,,,,,,,"30.316,65",,,,,,,,
CAICO-RN,,,,,RN,,,,,"7.926,26",,,,,,,,,-,,,,,,"7.926,26",,,,,,,,,"40.017,96",,,,,,,,
CARAUBAS-RN,,,,,RN,,,,,"127.588,86",,,,,,,,,"37.897,63",,,,,,"165.486,49",,,,,,,,,"779.296,78",,,,,,,,
CARNAUBA DOS DANTAS-RN,,,,,RN,,,,,"4.803,79",,,,,,,,,-,,,,,,"4.803,79",,,,,,,,,"24.253,31",,,,,,,,
CARNAUBAIS-RN,,,,,RN,,,,,"129.960,10",,,,,,,,,"22.629,60",,,,,,"152.589,70",,,,,,,,,"709.469,11",,,,,,,,
CERRO CORA-RN,,,,,RN,,,,,"5.043,98",,,,,,,,,-,,,,,,"5.043,98",,,,,,,,,"25.465,95",,,,,,,,
CORONEL JOAO PESSOA-RN,,,,,RN,,,,,"4.803,79",,,,,,,,,-,,,,,,"4.803,79",,,,,,,,,"24.253,31",,,,,,,,
CRUZETA-RN,,,,,RN,,,,,"4.803,79",,,,,,,,,-,,,,,,"4.803,79",,,,,,,,,"24.253,31",,,,,,,,
CURRAIS NOVOS-RN,,,,,RN,,,,,"7.445,88",,,,,,,,,-,,,,,,"7.445,88",,,,,,,,,"37.592,65",,,,,,,,
DOUTOR SEVERIANO-RN,,,,,RN,,,,,"4.803,79",,,,,,,,,-,,,,,,"4.803,79",,,,,,,,,"24.253,31",,,,,,,,
ENCANTO-RN,,,,,RN,,,,,"4.803,79",,,,,,,,,-,,,,,,"4.803,79",,,,,,,,,"24.253,31",,,,,,,,
EQUADOR-RN,,,,,RN,,,,,"4.803,79",,,,,,,,,-,,,,,,"4.803,79",,,,,,,,,"24.253,31",,,,,,,,
FELIPE GUERRA-RN,,,,,RN,,,,,"150.924,62",,,,,,,,,"50.984,09",,,,,,"201.908,71",,,,,,,,,"1.967.510,89",,,,,,,,
FLORANIA-RN,,,,,RN,,,,,"4.803,79",,,,,,,,,-,,,,,,"4.803,79",,,,,,,,,"24.253,31",,,,,,,,
FRANCISCO DANTAS-RN,,,,,RN,,,,,"4.803,79",,,,,,,,,-,,,,,,"4.803,79",,,,,,,,,"24.253,31",,,,,,,,
FRUTUOSO GOMES-RN,,,,,RN,,,,,"4.803,79",,,,,,,,,-,,,,,,"4.803,79",,,,,,,,,"24.253,31",,,,,,,,
GALINHOS-RN,,,,,RN,,,,,"4.803,79",,,,,,,,,"62.295,12",,,,,,"67.098,91",,,,,,,,,"399.549,59",,,,,,,,
GOIANINHA-RN,,,,,RN,,,,,"585.058,60",,,,,,,,,-,,,,,,"585.058,60",,,,,,,,,"4.969.650,76",,,,,,,,
GOVERNADOR DIX-SEPT ROSADO-RN,,,,,RN,,,,,"198.347,00",,,,,,,,,"99.145,01",,,,,,"297.492,01",,,,,,,,,"1.366.599,54",,,,,,,,
GROSSOS-RN,,,,,RN,,,,,"73.014,97",,,,,,,,,"72.568,21",,,,,,"145.583,18",,,,,,,,,"680.340,90",,,,,,,,
GUAMARE-RN,,,,,RN,,,,,"1.236.493,72",,,,,,,,,"622.976,09",,,,,,"1.859.469,81",,,,,,,,,"8.580.329,32",,,,,,,,
IELMO MARINHO-RN,,,,,RN,,,,,"585.058,60",,,,,,,,,-,,,,,,"585.058,60",,,,,,,,,"2.793.504,83",,,,,,,,
IPANGUACU-RN,,,,,RN,,,,,"5.043,98",,,,,,,,,-,,,,,,"5.043,98",,,,,,,,,"25.465,95",,,,,,,,
Superintendência de Controle das Participações Governamentais,,,,,,,,,,,,,,,,,,,,,,,,,,,,,,,,,,,,,,,,,,
IPUEIRA-RN,,,,,RN,,,,,"4.803,79",,,,,,,,,-,,,,,,"4.803,79",,,,,,,,,"24.253,31",,,,,,,,
ITAJA-RN,,,,,RN,,,,,"4.803,79",,,,,,,,,-,,,,,,"4.803,79",,,,,,,,,"24.253,31",,,,,,,,
ITAU-RN,,,,,RN,,,,,"4.803,79",,,,,,,,,-,,,,,,"4.803,79",,,,,,,,,"24.253,31",,,,,,,,
JANDAIRA-RN,,,,,RN,,,,,"4.803,79",,,,,,,,,-,,,,,,"4.803,79",,,,,,,,,"24.253,31",,,,,,,,
JANDUIS-RN,,,,,RN,,,,,"4.803,79",,,,,,,,,-,,,,,,"4.803,79",,,,,,,,,"24.253,31",,,,,,,,
JARDIM DE PIRANHAS-RN,,,,,RN,,,,,"5.043,98",,,,,,,,,-,,,,,,"5.043,98",,,,,,,,,"25.465,95",,,,,,,,
JARDIM DO SERIDO-RN,,,,,RN,,,,,"5.284,17",,,,,,,,,-,,,,,,"5.284,17",,,,,,,,,"26.678,61",,,,,,,,
JOAO DIAS-RN,,,,,RN,,,,,"4.803,79",,,,,,,,,-,,,,,,"4.803,79",,,,,,,,,"24.253,31",,,,,,,,
JOSE DA PENHA-RN,,,,,RN,,,,,"4.803,79",,,,,,,,,-,,,,,,"4.803,79",,,,,,,,,"24.253,31",,,,,,,,
JUCURUTU-RN,,,,,RN,,,,,"5.764,55",,,,,,,,,-,,,,,,"5.764,55",,,,,,,,,"29.103,96",,,,,,,,
LAGOA NOVA-RN,,,,,RN,,,,,"5.284,17",,,,,,,,,-,,,,,,"5.284,17",,,,,,,,,"26.678,61",,,,,,,,
LUCRECIA-RN,,,,,RN,,,,,"4.803,79",,,,,,,,,-,,,,,,"4.803,79",,,,,,,,,"24.253,31",,,,,,,,
LUIS GOMES-RN,,,,,RN,,,,,"4.803,79",,,,,,,,,-,,,,,,"4.803,79",,,,,,,,,"24.253,31",,,,,,,,
MACAIBA-RN,,,,,RN,,,,,"585.058,60",,,,,,,,,-,,,,,,"585.058,60",,,,,,,,,"2.793.504,83",,,,,,,,
MACAU-RN,,,,,RN,,,,,"1.417.979,59",,,,,,,,,"455.156,99",,,,,,"1.873.136,58",,,,,,,,,"8.395.584,11",,,,,,,,
MAJOR SALES-RN,,,,,RN,,,,,"4.803,79",,,,,,,,,-,,,,,,"4.803,79",,,,,,,,,"24.253,31",,,,,,,,
MARCELINO VIEIRA-RN,,,,,RN,,,,,"4.803,79",,,,,,,,,-,,,,,,"4.803,79",,,,,,,,,"24.253,31",,,,,,,,
MARTINS-RN,,,,,RN,,,,,"4.803,79",,,,,,,,,-,,,,,,"4.803,79",,,,,,,,,"24.253,31",,,,,,,,
MESSIAS TARGINO-RN,,,,,RN,,,,,"4.803,79",,,,,,,,,-,,,,,,"4.803,79",,,,,,,,,"24.253,31",,,,,,,,
MOSSORO-RN,,,,,RN,,,,,"1.127.733,26",,,,,,,,,"905.684,10",,,,,,"2.033.417,36",,,,,,,,,"10.520.939,08",,,,,,,,
OLHO D'AGUA DO BORGES-RN,,,,,RN,,,,,"4.803,79",,,,,,,,,-,,,,,,"4.803,79",,,,,,,,,"24.253,31",,,,,,,,
OURO BRANCO-RN,,,,,RN,,,,,"4.803,79",,,,,,,,,-,,,,,,"4.803,79",,,,,,,,,"24.253,31",,,,,,,,
PARANA-RN,,,,,RN,,,,,"4.803,79",,,,,,,,,-,,,,,,"4.803,79",,,,,,,,,"24.253,31",,,,,,,,
PARAU-RN,,,,,RN,,,,,"4.803,79",,,,,,,,,-,,,,,,"4.803,79",,,,,,,,,"24.253,31",,,,,,,,
PARELHAS-RN,,,,,RN,,,,,"6.004,74",,,,,,,,,-,,,,,,"6.004,74",,,,,,,,,"30.316,65",,,,,,,,
PATU-RN,,,,,RN,,,,,"5.043,98",,,,,,,,,-,,,,,,"5.043,98",,,,,,,,,"25.465,95",,,,,,,,
PAU DOS FERROS-RN,,,,,RN,,,,,"6.485,12",,,,,,,,,-,,,,,,"6.485,12",,,,,,,,,"32.741,96",,,,,,,,
PEDRO AVELINO-RN,,,,,RN,,,,,"4.840,92",,,,,,,,,"17,26",,,,,,"4.858,18",,,,,,,,,"24.693,14",,,,,,,,
PENDENCIAS-RN,,,,,RN,,,,,"172.783,72",,,,,,,,,"70.642,35",,,,,,"243.426,07",,,,,,,,,"1.110.367,19",,,,,,,,
PILOES-RN,,,,,RN,,,,,"4.803,79",,,,,,,,,-,,,,,,"4.803,79",,,,,,,,,"24.253,31",,,,,,,,
PORTALEGRE-RN,,,,,RN,,,,,"4.803,79",,,,,,,,,-,,,,,,"4.803,79",,,,,,,,,"24.253,31",,,,,,,,
PORTO DO MANGUE-RN,,,,,RN,,,,,"150.632,39",,,,,,,,,"235.255,72",,,,,,"385.888,11",,,,,,,,,"1.868.288,15",,,,,,,,
RAFAEL FERNANDES-RN,,,,,RN,,,,,"4.803,79",,,,,,,,,-,,,,,,"4.803,79",,,,,,,,,"24.253,31",,,,,,,,
RAFAEL GODEIRO-RN,,,,,RN,,,,,"4.803,79",,,,,,,,,-,,,,,,"4.803,79",,,,,,,,,"24.253,31",,,,,,,,
RIACHO DA CRUZ-RN,,,,,RN,,,,,"4.803,79",,,,,,,,,-,,,,,,"4.803,79",,,,,,,,,"24.253,31",,,,,,,,
RIACHO DE SANTANA-RN,,,,,RN,,,,,"4.803,79",,,,,,,,,-,,,,,,"4.803,79",,,,,,,,,"24.253,31",,,,,,,,
RODOLFO FERNANDES-RN,,,,,RN,,,,,"4.803,79",,,,,,,,,-,,,,,,"4.803,79",,,,,,,,,"24.253,31",,,,,,,,
SANTANA DO SERIDO-RN,,,,,RN,,,,,"4.803,79",,,,,,,,,-,,,,,,"4.803,79",,,,,,,,,"24.253,31",,,,,,,,
SÃO FERNANDO-RN,,,,,RN,,,,,"4.803,79",,,,,,,,,-,,,,,,"4.803,79",,,,,,,,,"24.253,31",,,,,,,,
SÃO FRANCISCO DO OESTE-RN,,,,,RN,,,,,"4.803,79",,,,,,,,,-,,,,,,"4.803,79",,,,,,,,,"24.253,31",,,,,,,,
SÃO JOAO DO SABUGI-RN,,,,,RN,,,,,"4.803,79",,,,,,,,,-,,,,,,"4.803,79",,,,,,,,,"24.253,31",,,,,,,,
SAO JOSE DO SERIDO-RN,,,,,RN,,,,,"4.803,79",,,,,,,,,-,,,,,,"4.803,79",,,,,,,,,"24.253,31",,,,,,,,
SÃO MIGUEL-RN,,,,,RN,,,,,"6.244,93",,,,,,,,,-,,,,,,"6.244,93",,,,,,,,,"31.529,31",,,,,,,,
SAO RAFAEL-RN,,,,,RN,,,,,"4.803,79",,,,,,,,,-,,,,,,"4.803,79",,,,,,,,,"24.253,31",,,,,,,,
SAO VICENTE-RN,,,,,RN,,,,,"4.803,79",,,,,,,,,-,,,,,,"4.803,79",,,,,,,,,"24.253,31",,,,,,,,
SERRA DO MEL-RN,,,,,RN,,,,,"119.744,43",,,,,,,,,"30.677,11",,,,,,"150.421,54",,,,,,,,,"608.753,01",,,,,,,,
SERRA NEGRA DO NORTE-RN,,,,,RN,,,,,"4.803,79",,,,,,,,,-,,,,,,"4.803,79",,,,,,,,,"24.253,31",,,,,,,,
SERRINHA DOS PINTOS-RN,,,,,RN,,,,,"4.803,79",,,,,,,,,-,,,,,,"4.803,79",,,,,,,,,"24.253,31",,,,,,,,
SEVERIANO MELO-RN,,,,,RN,,,,,"5.043,98",,,,,,,,,-,,,,,,"5.043,98",,,,,,,,,"25.465,95",,,,,,,,
TABOLEIRO GRANDE-RN,,,,,RN,,,,,"4.803,79",,,,,,,,,-,,,,,,"4.803,79",,,,,,,,,"24.253,31",,,,,,,,
TENENTE ANANIAS-RN,,,,,RN,,,,,"4.803,79",,,,,,,,,-,,,,,,"4.803,79",,,,,,,,,"24.253,31",,,,,,,,
Superintendência de Controle das Participações Governamentais,,,,,,,,,,,,,,,,,,,,,,,,,,,,,,,,,,,,,,,,,,
TENENTE LAURENTINO CRUZ-RN,,,,,RN,,,,,"4.803,79",,,,,,,,,-,,,,,,"4.803,79",,,,,,,,,"24.253,31",,,,,,,,
TIBAU-RN,,,,,RN,,,,,"73.014,97",,,,,,,,,"9.302,95",,,,,,"82.317,92",,,,,,,,,"375.758,41",,,,,,,,
TIMBAUBA DOS BATISTAS-RN,,,,,RN,,,,,"4.803,79",,,,,,,,,-,,,,,,"4.803,79",,,,,,,,,"24.253,31",,,,,,,,
TRIUNFO POTIGUAR-RN,,,,,RN,,,,,"4.803,79",,,,,,,,,-,,,,,,"4.803,79",,,,,,,,,"24.253,31",,,,,,,,
UMARIZAL-RN,,,,,RN,,,,,"5.043,98",,,,,,,,,-,,,,,,"5.043,98",,,,,,,,,"25.465,95",,,,,,,,
UPANEMA-RN,,,,,RN,,,,,"121.738,10",,,,,,,,,"52.265,60",,,,,,"174.003,70",,,,,,,,,"801.568,14",,,,,,,,
VENHA-VER-RN,,,,,RN,,,,,"4.803,79",,,,,,,,,-,,,,,,"4.803,79",,,,,,,,,"24.253,31",,,,,,,,
VICOSA-RN,,,,,RN,,,,,"4.803,79",,,,,,,,,-,,,,,,"4.803,79",,,,,,,,,"24.253,31",,,,,,,,
RIO GRANDE DO NORTE TOTAL,,,,,,,,,,"8.316.577,58",,,,,,,,,"3.370.834,24",,,,,,"11.687.411,82",,,,,,,,,"58.975.823,70",,,,,,,,
CANOAS-RS,,,,,RS,,,,,"536.547,91",,,,,,,,,-,,,,,,"536.547,91",,,,,,,,,"2.555.196,20",,,,,,,,
CIDREIRA-RS,,,,,RS,,,,,-,,,,,,,,,"105.211,64",,,,,,"105.211,64",,,,,,,,,"432.642,94",,,,,,,,
IMBE-RS,,,,,RS,,,,,"506.853,64",,,,,,,,,"105.211,64",,,,,,"612.065,28",,,,,,,,,"2.542.766,73",,,,,,,,
OSORIO-RS,,,,,RS,,,,,"585.058,60",,,,,,,,,-,,,,,,"585.058,60",,,,,,,,,"2.746.931,42",,,,,,,,
TRAMANDAI-RS,,,,,RS,,,,,"1.074.842,55",,,,,,,,,"140.282,18",,,,,,"1.215.124,73",,,,,,,,,"5.454.127,61",,,,,,,,
RIO GRANDE DO SUL TOTAL,,,,,,,,,,"2.703.302,70",,,,,,,,,"350.705,46",,,,,,"3.054.008,16",,,,,,,,,"13.731.664,90",,,,,,,,
ARAQUARI-SC,,,,,SC,,,,,-,,,,,,,,,"132.777,16",,,,,,"132.777,16",,,,,,,,,"765.498,54",,,,,,,,
BALNEARIO BARRA DO SUL-SC,,,,,SC,,,,,-,,,,,,,,,"132.777,16",,,,,,"132.777,16",,,,,,,,,"765.498,54",,,,,,,,
GARUVA-SC,,,,,SC,,,,,-,,,,,,,,,"132.777,16",,,,,,"132.777,16",,,,,,,,,"765.498,54",,,,,,,,
ITAPOA-SC,,,,,SC,,,,,-,,,,,,,,,"132.777,16",,,,,,"132.777,16",,,,,,,,,"765.498,54",,,,,,,,
JOINVILLE-SC,,,,,SC,,,,,-,,,,,,,,,"132.777,16",,,,,,"132.777,16",,,,,,,,,"765.498,54",,,,,,,,
SÃO FRANCISCO DO SUL-SC,,,,,SC,,,,,"1.074.842,55",,,,,,,,,"442.590,56",,,,,,"1.517.433,11",,,,,,,,,"7.183.171,04",,,,,,,,
SANTA CATARINA TOTAL,,,,,,,,,,"1.074.842,55",,,,,,,,,"1.106.476,36",,,,,,"2.181.318,91",,,,,,,,,"11.010.663,74",,,,,,,,
AMPARO DE SÃO FRANCISCO-SE,,,,,SE,,,,,"2.995,51",,,,,,,,,-,,,,,,"2.995,51",,,,,,,,,"13.675,57",,,,,,,,
AQUIDABA-SE,,,,,SE,,,,,"3.744,39",,,,,,,,,-,,,,,,"3.744,39",,,,,,,,,"17.094,48",,,,,,,,
ARACAJU-SE,,,,,SE,,,,,"1.264.187,88",,,,,,,,,"375.120,73",,,,,,"1.639.308,61",,,,,,,,,"7.234.258,11",,,,,,,,
ARAUA-SE,,,,,SE,,,,,"2.995,51",,,,,,,,,-,,,,,,"2.995,51",,,,,,,,,"13.675,57",,,,,,,,
AREIA BRANCA-SE,,,,,SE,,,,,"4.693,51",,,,,,,,,"805,39",,,,,,"5.498,90",,,,,,,,,"26.332,14",,,,,,,,
BARRA DOS COQUEIROS-SE,,,,,SE,,,,,"66.623,00",,,,,,,,,"182.945,65",,,,,,"249.568,65",,,,,,,,,"1.147.591,52",,,,,,,,
BOQUIM-SE,,,,,SE,,,,,"4.043,94",,,,,,,,,-,,,,,,"4.043,94",,,,,,,,,"18.462,04",,,,,,,,
BREJO GRANDE-SE,,,,,SE,,,,,"87.486,31",,,,,,,,,"5.929,92",,,,,,"93.416,23",,,,,,,,,"451.381,14",,,,,,,,
CAMPO DO BRITO-SE,,,,,SE,,,,,"3.444,84",,,,,,,,,-,,,,,,"3.444,84",,,,,,,,,"15.726,92",,,,,,,,
CANHOBA-SE,,,,,SE,,,,,"2.995,51",,,,,,,,,-,,,,,,"2.995,51",,,,,,,,,"13.675,57",,,,,,,,
CANINDE DE SÃO FRANCISCO-SE,,,,,SE,,,,,"3.594,61",,,,,,,,,-,,,,,,"3.594,61",,,,,,,,,"16.410,69",,,,,,,,
CAPELA-SE,,,,,SE,,,,,"5.890,05",,,,,,,,,"1.190,74",,,,,,"7.080,79",,,,,,,,,"32.586,39",,,,,,,,
CARIRA-SE,,,,,SE,,,,,"3.594,61",,,,,,,,,-,,,,,,"3.594,61",,,,,,,,,"16.410,69",,,,,,,,
CARMOPOLIS-SE,,,,,SE,,,,,"1.466.972,35",,,,,,,,,"409.984,22",,,,,,"1.876.956,57",,,,,,,,,"5.657.732,84",,,,,,,,
CEDRO DE SÃO JOAO-SE,,,,,SE,,,,,"2.995,51",,,,,,,,,-,,,,,,"2.995,51",,,,,,,,,"13.675,57",,,,,,,,
CRISTINAPOLIS-SE,,,,,SE,,,,,"3.444,84",,,,,,,,,-,,,,,,"3.444,84",,,,,,,,,"15.726,92",,,,,,,,
CUMBE-SE,,,,,SE,,,,,"2.995,51",,,,,,,,,-,,,,,,"2.995,51",,,,,,,,,"13.675,57",,,,,,,,
DIVINA PASTORA-SE,,,,,SE,,,,,"240.883,39",,,,,,,,,"130.499,29",,,,,,"371.382,68",,,,,,,,,"1.731.184,09",,,,,,,,
ESTANCIA-SE,,,,,SE,,,,,"4.942,60",,,,,,,,,-,,,,,,"4.942,60",,,,,,,,,"22.564,72",,,,,,,,
FEIRA NOVA-SE,,,,,SE,,,,,"2.995,51",,,,,,,,,-,,,,,,"2.995,51",,,,,,,,,"13.675,57",,,,,,,,
FREI PAULO-SE,,,,,SE,,,,,"3.145,29",,,,,,,,,-,,,,,,"3.145,29",,,,,,,,,"14.359,36",,,,,,,,
GARARU-SE,,,,,SE,,,,,"3.145,29",,,,,,,,,-,,,,,,"3.145,29",,,,,,,,,"14.359,36",,,,,,,,
GENERAL MAYNARD-SE,,,,,SE,,,,,"5.169,74",,,,,,,,,"1.630,67",,,,,,"6.800,41",,,,,,,,,"29.636,49",,,,,,,,
GRACHO CARDOSO-SE,,,,,SE,,,,,"2.995,51",,,,,,,,,-,,,,,,"2.995,51",,,,,,,,,"13.675,57",,,,,,,,
ILHA DAS FLORES-SE,,,,,SE,,,,,"2.995,51",,,,,,,,,-,,,,,,"2.995,51",,,,,,,,,"13.675,57",,,,,,,,
INDIAROBA-SE,,,,,SE,,,,,"3.295,06",,,,,,,,,-,,,,,,"3.295,06",,,,,,,,,"15.043,13",,,,,,,,
ITABAIANA-SE,,,,,SE,,,,,"5.242,15",,,,,,,,,-,,,,,,"5.242,15",,,,,,,,,"23.932,28",,,,,,,,
ITABAIANINHA-SE,,,,,SE,,,,,"4.343,49",,,,,,,,,-,,,,,,"4.343,49",,,,,,,,,"19.829,59",,,,,,,,
ITABI-SE,,,,,SE,,,,,"2.995,51",,,,,,,,,-,,,,,,"2.995,51",,,,,,,,,"13.675,57",,,,,,,,
Superintendência de Controle das Participações Governamentais,,,,,,,,,,,,,,,,,,,,,,,,,,,,,,,,,,,,,,,,,,
ITAPORANGA D'AJUDA-SE,,,,,SE,,,,,"74.950,87",,,,,,,,,"132.577,08",,,,,,"207.527,95",,,,,,,,,"951.294,09",,,,,,,,
JAPARATUBA-SE,,,,,SE,,,,,"459.892,19",,,,,,,,,"323.399,31",,,,,,"783.291,50",,,,,,,,,"3.780.070,00",,,,,,,,
JAPOATA-SE,,,,,SE,,,,,"3.295,06",,,,,,,,,-,,,,,,"3.295,06",,,,,,,,,"15.043,13",,,,,,,,
LAGARTO-SE,,,,,SE,,,,,"5.391,92",,,,,,,,,-,,,,,,"5.391,92",,,,,,,,,"24.616,05",,,,,,,,
LARANJEIRAS-SE,,,,,SE,,,,,"3.894,17",,,,,,,,,-,,,,,,"3.894,17",,,,,,,,,"17.778,26",,,,,,,,
MACAMBIRA-SE,,,,,SE,,,,,"2.995,51",,,,,,,,,-,,,,,,"2.995,51",,,,,,,,,"13.675,57",,,,,,,,
MALHADA DOS BOIS-SE,,,,,SE,,,,,"2.995,51",,,,,,,,,-,,,,,,"2.995,51",,,,,,,,,"13.675,57",,,,,,,,
MALHADOR-SE,,,,,SE,,,,,"3.145,29",,,,,,,,,-,,,,,,"3.145,29",,,,,,,,,"14.359,36",,,,,,,,
MARUIM-SE,,,,,SE,,,,,"100.373,64",,,,,,,,,"19.453,35",,,,,,"119.826,99",,,,,,,,,"563.174,46",,,,,,,,
MOITA BONITA-SE,,,,,SE,,,,,"3.145,29",,,,,,,,,-,,,,,,"3.145,29",,,,,,,,,"14.359,36",,,,,,,,
MONTE ALEGRE DE SERGIPE-SE,,,,,SE,,,,,"3.145,29",,,,,,,,,-,,,,,,"3.145,29",,,,,,,,,"14.359,36",,,,,,,,
MURIBECA-SE,,,,,SE,,,,,"2.995,51",,,,,,,,,-,,,,,,"2.995,51",,,,,,,,,"13.675,57",,,,,,,,
NEOPOLIS-SE,,,,,SE,,,,,"3.744,39",,,,,,,,,-,,,,,,"3.744,39",,,,,,,,,"17.094,48",,,,,,,,
NOSSA SENHORA APARECIDA-SE,,,,,SE,,,,,"2.995,51",,,,,,,,,-,,,,,,"2.995,51",,,,,,,,,"13.675,57",,,,,,,,
NOSSA SENHORA DA GLORIA-SE,,,,,SE,,,,,"4.043,94",,,,,,,,,-,,,,,,"4.043,94",,,,,,,,,"18.462,04",,,,,,,,
NOSSA SENHORA DAS DORES-SE,,,,,SE,,,,,"3.894,17",,,,,,,,,-,,,,,,"3.894,17",,,,,,,,,"17.778,26",,,,,,,,
NOSSA SENHORA DE LOURDES-SE,,,,,SE,,,,,"2.995,51",,,,,,,,,-,,,,,,"2.995,51",,,,,,,,,"13.675,57",,,,,,,,
NOSSA SENHORA DO SOCORRO-SE,,,,,SE,,,,,"5.841,25",,,,,,,,,-,,,,,,"5.841,25",,,,,,,,,"26.667,40",,,,,,,,
PACATUBA-SE,,,,,SE,,,,,"58.295,12",,,,,,,,,"17.427,17",,,,,,"75.722,29",,,,,,,,,"362.898,87",,,,,,,,
PEDRA MOLE-SE,,,,,SE,,,,,"2.995,51",,,,,,,,,-,,,,,,"2.995,51",,,,,,,,,"13.675,57",,,,,,,,
PEDRINHAS-SE,,,,,SE,,,,,"2.995,51",,,,,,,,,-,,,,,,"2.995,51",,,,,,,,,"13.675,57",,,,,,,,
PINHAO-SE,,,,,SE,,,,,"2.995,51",,,,,,,,,-,,,,,,"2.995,51",,,,,,,,,"13.675,57",,,,,,,,
PIRAMBU-SE,,,,,SE,,,,,"1.211.307,94",,,,,,,,,"17.031,40",,,,,,"1.228.339,34",,,,,,,,,"5.390.727,99",,,,,,,,
POCO REDONDO-SE,,,,,SE,,,,,"4.043,94",,,,,,,,,-,,,,,,"4.043,94",,,,,,,,,"18.462,04",,,,,,,,
POCO VERDE-SE,,,,,SE,,,,,"3.744,39",,,,,,,,,-,,,,,,"3.744,39",,,,,,,,,"17.094,48",,,,,,,,
PORTO DA FOLHA-SE,,,,,SE,,,,,"4.043,94",,,,,,,,,-,,,,,,"4.043,94",,,,,,,,,"18.462,04",,,,,,,,
PROPRIA-SE,,,,,SE,,,,,"4.043,94",,,,,,,,,-,,,,,,"4.043,94",,,,,,,,,"18.462,04",,,,,,,,
RIACHAO DO DANTAS-SE,,,,,SE,,,,,"3.744,39",,,,,,,,,-,,,,,,"3.744,39",,,,,,,,,"17.094,48",,,,,,,,
RIACHUELO-SE,,,,,SE,,,,,"33.829,30",,,,,,,,,"19.887,79",,,,,,"53.717,09",,,,,,,,,"256.695,69",,,,,,,,
RIBEIROPOLIS-SE,,,,,SE,,,,,"3.444,84",,,,,,,,,-,,,,,,"3.444,84",,,,,,,,,"15.726,92",,,,,,,,
ROSARIO DO CATETE-SE,,,,,SE,,,,,"138.752,90",,,,,,,,,"53.654,05",,,,,,"192.406,95",,,,,,,,,"914.103,16",,,,,,,,
SALGADO-SE,,,,,SE,,,,,"3.744,39",,,,,,,,,-,,,,,,"3.744,39",,,,,,,,,"17.094,48",,,,,,,,
SANTA LUZIA DO ITANHY-SE,,,,,SE,,,,,"3.295,06",,,,,,,,,-,,,,,,"3.295,06",,,,,,,,,"15.043,13",,,,,,,,
SANTA ROSA DE LIMA-SE,,,,,SE,,,,,"2.995,51",,,,,,,,,-,,,,,,"2.995,51",,,,,,,,,"13.675,57",,,,,,,,
SANTANA DO SÃO FRANCISCO-SE,,,,,SE,,,,,"2.995,51",,,,,,,,,-,,,,,,"2.995,51",,,,,,,,,"13.675,57",,,,,,,,
SANTO AMARO DAS BROTAS-SE,,,,,SE,,,,,"87.388,62",,,,,,,,,"4.968,12",,,,,,"92.356,74",,,,,,,,,"443.851,41",,,,,,,,
SÃO CRISTOVAO-SE,,,,,SE,,,,,"84.472,82",,,,,,,,,"1.522,00",,,,,,"85.994,82",,,,,,,,,"412.554,75",,,,,,,,
SÃO DOMINGOS-SE,,,,,SE,,,,,"2.995,51",,,,,,,,,-,,,,,,"2.995,51",,,,,,,,,"13.675,57",,,,,,,,
SÃO FRANCISCO-SE,,,,,SE,,,,,"2.995,51",,,,,,,,,-,,,,,,"2.995,51",,,,,,,,,"13.675,57",,,,,,,,
SÃO MIGUEL DO ALEIXO-SE,,,,,SE,,,,,"2.995,51",,,,,,,,,-,,,,,,"2.995,51",,,,,,,,,"13.675,57",,,,,,,,
SIMAO DIAS-SE,,,,,SE,,,,,"4.493,27",,,,,,,,,-,,,,,,"4.493,27",,,,,,,,,"20.513,38",,,,,,,,
SIRIRI-SE,,,,,SE,,,,,"162.081,70",,,,,,,,,"55.467,32",,,,,,"217.549,02",,,,,,,,,"1.026.527,92",,,,,,,,
TELHA-SE,,,,,SE,,,,,"2.995,51",,,,,,,,,-,,,,,,"2.995,51",,,,,,,,,"13.675,57",,,,,,,,
TOBIAS BARRETO-SE,,,,,SE,,,,,"4.643,05",,,,,,,,,-,,,,,,"4.643,05",,,,,,,,,"21.197,17",,,,,,,,
TOMAR DO GERU-SE,,,,,SE,,,,,"3.295,06",,,,,,,,,-,,,,,,"3.295,06",,,,,,,,,"15.043,13",,,,,,,,
UMBAUBA-SE,,,,,SE,,,,,"3.744,39",,,,,,,,,-,,,,,,"3.744,39",,,,,,,,,"17.094,48",,,,,,,,
SERGIPE TOTAL,,,,,,,,,,"5.753.950,60",,,,,,,,,"1.753.494,20",,,,,,"7.507.444,80",,,,,,,,,"31.328.864,82",,,,,,,,
ARUJA-SP,,,,,SP,,,,,"1.313,55",,,,,,,,,-,,,,,,"1.313,55",,,,,,,,,"6.080,42",,,,,,,,
BARRA DO TURVO-SP,,,,,SP,,,,,"796,09",,,,,,,,,-,,,,,,"796,09",,,,,,,,,"3.685,09",,,,,,,,
BARUERI-SP,,,,,SP,,,,,"1.592,18",,,,,,,,,-,,,,,,"1.592,18",,,,,,,,,"7.370,20",,,,,,,,
BERTIOGA-SP,,,,,SP,,,,,"48.706,16",,,,,,,,,"1.495.252,65",,,,,,"1.543.958,81",,,,,,,,,"7.547.779,11",,,,,,,,
Superintendência de Controle das Participações Governamentais,,,,,,,,,,,,,,,,,,,,,,,,,,,,,,,,,,,,,,,,,,
BIRITIBA-MIRIM-SP,,,,,SP,,,,,"1.074,72",,,,,,,,,-,,,,,,"1.074,72",,,,,,,,,"4.974,89",,,,,,,,
CAIEIRAS-SP,,,,,SP,,,,,"1.353,35",,,,,,,,,-,,,,,,"1.353,35",,,,,,,,,"6.264,68",,,,,,,,
CAJAMAR-SP,,,,,SP,,,,,"1.273,74",,,,,,,,,-,,,,,,"1.273,74",,,,,,,,,"5.896,16",,,,,,,,
CAJATI-SP,,,,,SP,,,,,"1.114,52",,,,,,,,,-,,,,,,"1.114,52",,,,,,,,,"5.159,13",,,,,,,,
CANANEIA-SP,,,,,SP,,,,,"38.269,12",,,,,,,,,"64.809,73",,,,,,"103.078,85",,,,,,,,,"477.153,27",,,,,,,,
CARAGUATATUBA-SP,,,,,SP,,,,,-,,,,,,,,,"1.427.642,51",,,,,,"1.427.642,51",,,,,,,,,"7.009.349,55",,,,,,,,
CARAPICUIBA-SP,,,,,SP,,,,,"1.592,18",,,,,,,,,-,,,,,,"1.592,18",,,,,,,,,"7.370,20",,,,,,,,
COTIA-SP,,,,,SP,,,,,"1.592,18",,,,,,,,,-,,,,,,"1.592,18",,,,,,,,,"7.370,20",,,,,,,,
CUBATAO-SP,,,,,SP,,,,,"64.361,71",,,,,,,,,-,,,,,,"64.361,71",,,,,,,,,"336.230,06",,,,,,,,
DIADEMA-SP,,,,,SP,,,,,"1.592,18",,,,,,,,,-,,,,,,"1.592,18",,,,,,,,,"7.370,20",,,,,,,,
ELDORADO-SP,,,,,SP,,,,,"915,50",,,,,,,,,-,,,,,,"915,50",,,,,,,,,"4.237,86",,,,,,,,
EMBU-GUACU-SP,,,,,SP,,,,,"1.313,55",,,,,,,,,-,,,,,,"1.313,55",,,,,,,,,"6.080,42",,,,,,,,
EMBU-SP,,,,,SP,,,,,"1.592,18",,,,,,,,,-,,,,,,"1.592,18",,,,,,,,,"7.370,20",,,,,,,,
FERRAZ DE VASCONCELOS-SP,,,,,SP,,,,,"1.552,37",,,,,,,,,-,,,,,,"1.552,37",,,,,,,,,"7.185,95",,,,,,,,
FRANCISCO MORATO-SP,,,,,SP,,,,,"1.552,37",,,,,,,,,-,,,,,,"1.552,37",,,,,,,,,"7.185,95",,,,,,,,
FRANCO DA ROCHA-SP,,,,,SP,,,,,"1.472,76",,,,,,,,,-,,,,,,"1.472,76",,,,,,,,,"6.817,44",,,,,,,,
GUARAREMA-SP,,,,,SP,,,,,"1.034,91",,,,,,,,,-,,,,,,"1.034,91",,,,,,,,,"4.790,62",,,,,,,,
GUARUJA-SP,,,,,SP,,,,,"1.592,18",,,,,,,,,-,,,,,,"1.592,18",,,,,,,,,"45.669,12",,,,,,,,
GUARULHOS-SP,,,,,SP,,,,,"1.592,18",,,,,,,,,-,,,,,,"1.592,18",,,,,,,,,"7.370,20",,,,,,,,
IGUAPE-SP,,,,,SP,,,,,"1.074,72",,,,,,,,,-,,,,,,"1.074,72",,,,,,,,,"4.974,89",,,,,,,,
ILHA COMPRIDA-SP,,,,,SP,,,,,"796,09",,,,,,,,,-,,,,,,"796,09",,,,,,,,,"3.685,09",,,,,,,,
ILHA BELA-SP,,,,,SP,,,,,-,,,,,,,,,"1.427.642,51",,,,,,"1.427.642,51",,,,,,,,,"7.009.349,55",,,,,,,,
ITANHAEM-SP,,,,,SP,,,,,"1.353,35",,,,,,,,,-,,,,,,"1.353,35",,,,,,,,,"6.264,68",,,,,,,,
ITAPECERICA DA SERRA-SP,,,,,SP,,,,,"1.552,37",,,,,,,,,-,,,,,,"1.552,37",,,,,,,,,"7.185,95",,,,,,,,
ITAPEVI-SP,,,,,SP,,,,,"1.592,18",,,,,,,,,-,,,,,,"1.592,18",,,,,,,,,"7.370,20",,,,,,,,
ITAQUAQUECETUBA-SP,,,,,SP,,,,,"1.592,18",,,,,,,,,-,,,,,,"1.592,18",,,,,,,,,"7.370,20",,,,,,,,
ITARIRI-SP,,,,,SP,,,,,"875,70",,,,,,,,,-,,,,,,"875,70",,,,,,,,,"4.053,61",,,,,,,,
JACUPIRANGA-SP,,,,,SP,,,,,"955,30",,,,,,,,,-,,,,,,"955,30",,,,,,,,,"4.422,11",,,,,,,,
JANDIRA-SP,,,,,SP,,,,,"1.432,96",,,,,,,,,-,,,,,,"1.432,96",,,,,,,,,"6.633,18",,,,,,,,
JUQUIA-SP,,,,,SP,,,,,"1.034,91",,,,,,,,,-,,,,,,"1.034,91",,,,,,,,,"4.790,62",,,,,,,,
JUQUITIBA-SP,,,,,SP,,,,,"1.074,72",,,,,,,,,-,,,,,,"1.074,72",,,,,,,,,"4.974,89",,,,,,,,
MAIRIPORA-SP,,,,,SP,,,,,"1.313,55",,,,,,,,,-,,,,,,"1.313,55",,,,,,,,,"6.080,42",,,,,,,,
MAUA-SP,,,,,SP,,,,,"1.592,18",,,,,,,,,-,,,,,,"1.592,18",,,,,,,,,"7.370,20",,,,,,,,
MIRACATU-SP,,,,,SP,,,,,"1.034,91",,,,,,,,,-,,,,,,"1.034,91",,,,,,,,,"4.790,62",,,,,,,,
MOJI DAS CRUZES-SP,,,,,SP,,,,,"1.592,18",,,,,,,,,-,,,,,,"1.592,18",,,,,,,,,"7.370,20",,,,,,,,
MONGAGUA-SP,,,,,SP,,,,,"1.154,33",,,,,,,,,-,,,,,,"1.154,33",,,,,,,,,"5.343,39",,,,,,,,
OSASCO-SP,,,,,SP,,,,,"1.592,18",,,,,,,,,-,,,,,,"1.592,18",,,,,,,,,"7.370,20",,,,,,,,
PARIQUERA-ACU-SP,,,,,SP,,,,,"955,30",,,,,,,,,-,,,,,,"955,30",,,,,,,,,"4.422,11",,,,,,,,
PEDRO DE TOLEDO-SP,,,,,SP,,,,,"796,09",,,,,,,,,-,,,,,,"796,09",,,,,,,,,"3.685,09",,,,,,,,
PERUIBE-SP,,,,,SP,,,,,"1.273,74",,,,,,,,,-,,,,,,"1.273,74",,,,,,,,,"5.896,16",,,,,,,,
PINDAMONHANGABA-SP,,,,,SP,,,,,"536.547,91",,,,,,,,,-,,,,,,"536.547,91",,,,,,,,,"1.022.702,17",,,,,,,,
PIRAPORA DO BOM JESUS-SP,,,,,SP,,,,,"875,70",,,,,,,,,-,,,,,,"875,70",,,,,,,,,"4.053,61",,,,,,,,
POA-SP,,,,,SP,,,,,"1.432,96",,,,,,,,,-,,,,,,"1.432,96",,,,,,,,,"6.633,18",,,,,,,,
PRAIA GRANDE-SP,,,,,SP,,,,,"12.611,41",,,,,,,,,-,,,,,,"12.611,41",,,,,,,,,"96.677,30",,,,,,,,
REGISTRO-SP,,,,,SP,,,,,"1.273,74",,,,,,,,,-,,,,,,"1.273,74",,,,,,,,,"5.896,16",,,,,,,,
RIBEIRAO PIRES-SP,,,,,SP,,,,,"1.472,76",,,,,,,,,-,,,,,,"1.472,76",,,,,,,,,"6.817,44",,,,,,,,
RIO GRANDE DA SERRA-SP,,,,,SP,,,,,"1.194,13",,,,,,,,,-,,,,,,"1.194,13",,,,,,,,,"5.527,64",,,,,,,,
SALESOPOLIS-SP,,,,,SP,,,,,"915,50",,,,,,,,,-,,,,,,"915,50",,,,,,,,,"4.237,86",,,,,,,,
SANTA ISABEL-SP,,,,,SP,,,,,"1.233,94",,,,,,,,,-,,,,,,"1.233,94",,,,,,,,,"5.711,92",,,,,,,,
SANTANA DE PARNAIBA-SP,,,,,SP,,,,,"1.393,16",,,,,,,,,-,,,,,,"1.393,16",,,,,,,,,"6.448,94",,,,,,,,
SANTO ANDRE-SP,,,,,SP,,,,,"1.592,18",,,,,,,,,-,,,,,,"1.592,18",,,,,,,,,"7.370,20",,,,,,,,
Superintendência de Controle das Participações Governamentais,,,,,,,,,,,,,,,,,,,,,,,,,,,,,,,,,,,,,,,,,,
SANTOS-SP,,,,,SP,,,,,"1.592,18",,,,,,,,,-,,,,,,"1.592,18",,,,,,,,,"1.157.513,01",,,,,,,,
SÃO BERNARDO DO CAMPO-SP,,,,,SP,,,,,"1.592,18",,,,,,,,,-,,,,,,"1.592,18",,,,,,,,,"7.370,20",,,,,,,,
SÃO CAETANO DO SUL-SP,,,,,SP,,,,,"1.552,37",,,,,,,,,-,,,,,,"1.552,37",,,,,,,,,"7.185,95",,,,,,,,
SÃO LOURENCO DA SERRA-SP,,,,,SP,,,,,"875,70",,,,,,,,,-,,,,,,"875,70",,,,,,,,,"4.053,61",,,,,,,,
SÃO PAULO-SP,,,,,SP,,,,,"1.592,18",,,,,,,,,-,,,,,,"1.592,18",,,,,,,,,"7.370,20",,,,,,,,
SÃO SEBASTIAO-SP,,,,,SP,,,,,"1.153.586,63",,,,,,,,,"2.855.285,04",,,,,,"4.008.871,67",,,,,,,,,"19.028.284,96",,,,,,,,
SAO VICENTE-SP,,,,,SP,,,,,"12.611,41",,,,,,,,,-,,,,,,"12.611,41",,,,,,,,,"96.677,30",,,,,,,,
SETE BARRAS-SP,,,,,SP,,,,,"875,70",,,,,,,,,-,,,,,,"875,70",,,,,,,,,"4.053,61",,,,,,,,
SUZANO-SP,,,,,SP,,,,,"1.592,18",,,,,,,,,-,,,,,,"1.592,18",,,,,,,,,"7.370,20",,,,,,,,
TABOAO DA SERRA-SP,,,,,SP,,,,,"1.592,18",,,,,,,,,-,,,,,,"1.592,18",,,,,,,,,"7.370,20",,,,,,,,
VARGEM GRANDE PAULISTA-SP,,,,,SP,,,,,"1.154,33",,,,,,,,,-,,,,,,"1.154,33",,,,,,,,,"5.343,39",,,,,,,,
SÃO PAULO TOTAL,,,,,,,,,,"1.941.049,05",,,,,,,,,"7.270.632,44",,,,,,"9.211.681,49",,,,,,,,,"44.156.833,33",,,,,,,,
