ANADIA-AL,AL, 341.28 , -   , 341.28 ," 1,587.86 "
ATALAIA-AL,AL, 440.83 , -   , 440.83 ," 2,050.99 "
BARRA DE SANTO ANTONIO-AL,AL, 327.06 , -   , 327.06 ," 1,521.69 "
BARRA DE SAO MIGUEL-AL,AL, 284.40 , -   , 284.40 ," 1,323.22 "
BOCA DA MATA-AL,AL, 383.94 , -   , 383.94 ," 1,786.33 "
BRANQUINHA-AL,AL, 298.62 , -   , 298.62 ," 1,389.38 "
CAJUEIRO-AL,AL, 369.72 , -   , 369.72 ," 1,720.19 "
CAMPESTRE-AL,AL, 284.40 , -   , 284.40 ," 1,323.22 "
CAMPO ALEGRE-AL,AL, 455.05 , -   , 455.05 ," 2,117.15 "
CAPELA-AL,AL, 341.28 , -   , 341.28 ," 1,587.86 "
CHA PRETA-AL,AL, 284.40 , -   , 284.40 ," 1,323.22 "
COLONIA LEOPOLDINA-AL,AL, 369.72 , -   , 369.72 ," 1,720.19 "
COQUEIRO SECO-AL,AL," 528,403.20 ", 43.06 ," 528,446.26 "," 1,901,848.42 "
CORURIPE-AL,AL," 548,371.73 "," 31,891.77 "," 580,263.50 "," 2,854,788.21 "
FELIZ DESERTO-AL,AL," 10,287.87 "," 14,377.30 "," 24,665.17 "," 114,757.32 "
FLEXEIRAS-AL,AL, 312.84 , -   , 312.84 ," 1,455.54 "
IBATEGUARA-AL,AL, 327.06 , -   , 327.06 ," 1,521.69 "
IGREJA NOVA-AL,AL, 369.72 , -   , 369.72 ," 1,720.19 "
JACUIPE-AL,AL, 284.40 , -   , 284.40 ," 1,323.22 "
JAPARATINGA-AL,AL, 284.40 , -   , 284.40 ," 1,323.22 "
JEQUIA DA PRAIA-AL,AL, 312.84 , -   , 312.84 ," 1,455.54 "
JOAQUIM GOMES-AL,AL, 369.72 , -   , 369.72 ," 1,720.19 "
JUNDIA-AL,AL, 284.40 , -   , 284.40 ," 1,323.22 "
JUNQUEIRO-AL,AL, 369.72 , -   , 369.72 ," 1,720.19 "
MACEIO-AL,AL," 537,247.03 "," 15,084.98 "," 552,332.01 "," 1,266,319.81 "
MARAGOGI-AL,AL, 398.16 , -   , 398.16 ," 1,852.50 "
MARECHAL DEODORO-AL,AL," 568,218.33 "," 20,467.81 "," 588,686.14 "," 2,790,262.98 "
MATRIZ DE CAMARAGIBE-AL,AL, 369.72 , -   , 369.72 ," 1,720.19 "
MESSIAS-AL,AL, 327.06 , -   , 327.06 ," 1,521.69 "
MURICI-AL,AL, 383.94 , -   , 383.94 ," 1,786.33 "
NOVO LINO-AL,AL, 312.84 , -   , 312.84 ," 1,455.54 "
PARIPUEIRA-AL,AL," 528,362.36 ", 25.37 ," 528,387.73 "," 4,584,419.51 "
PASSO DE CAMARAGIBE-AL,AL, 327.06 , -   , 327.06 ," 1,521.69 "
PENEDO-AL,AL," 182,150.94 ", 11.34 ," 182,162.28 "," 829,642.62 "
PIACABUCU-AL,AL, 341.28 , -   , 341.28 ," 1,587.86 "
PILAR-AL,AL," 280,136.89 "," 71,739.34 "," 351,876.23 "," 1,322,498.78 "
PINDOBA-AL,AL, 284.40 , -   , 284.40 ," 1,323.22 "
PORTO CALVO-AL,AL, 383.94 , -   , 383.94 ," 1,786.33 "
PORTO DE PEDRAS-AL,AL, 284.40 , -   , 284.40 ," 1,323.22 "
PORTO REAL DO COLEGIO-AL,AL, 355.50 , -   , 355.50 ," 1,654.02 "
RIO LARGO-AL,AL," 183,372.56 "," 1,714.54 "," 185,087.10 "," 843,445.21 "
ROTEIRO-AL,AL," 528,676.72 ", 253.72 ," 528,930.44 "," 2,626,390.46 "
SANTA LUZIA DO NORTE-AL,AL, 286.31 , 0.04 , 286.35 ," 1,380.94 "
SANTANA DO MUNDAU-AL,AL, 298.62 , -   , 298.62 ," 1,389.38 "
SAO JOSE DA LAJE-AL,AL, 369.72 , -   , 369.72 ," 1,720.19 "
SAO LUIS DO QUITUNDE-AL,AL, 412.39 , -   , 412.39 ," 1,918.67 "
SAO MIGUEL DOS CAMPOS-AL,AL," 667,688.32 "," 124,554.15 "," 792,242.47 "," 3,607,164.67 "
SAO MIGUEL DOS MILAGRES-AL,AL, 284.40 , -   , 284.40 ," 1,323.22 "
SATUBA-AL,AL," 10,473.45 "," 6,544.42 "," 17,017.87 "," 72,218.64 "
TEOTONIO VILELA-AL,AL, 440.83 , -   , 440.83 ," 2,050.99 "
UNIAO DOS PALMARES-AL,AL, 469.27 , -   , 469.27 ," 2,183.32 "
VICOSA-AL,AL, 383.94 , -   , 383.94 ," 1,786.33 "
ALAGOAS  TOTAL,," 4,587,198.98 "," 286,707.84 "," 4,873,906.82 "," 22,878,056.56 "
ANAMA-AM,AM," 25,862.80 "," 1,363.73 "," 27,226.53 "," 122,715.96 "
ANORI-AM,AM," 25,862.80 "," 1,465.67 "," 27,328.47 "," 123,101.74 "
AUTAZES-AM,AM, -   ," 3,608.24 "," 3,608.24 "," 16,322.44 "
BERURI-AM,AM, -   ," 1,205.49 "," 1,205.49 "," 5,493.94 "
CAAPIRANGA-AM,AM," 25,862.80 ", 140.73 ," 26,003.53 "," 117,105.98 "
CAREIRO DA VARZEA-AM,AM, -   ," 3,608.24 "," 3,608.24 "," 16,322.44 "
CAREIRO-AM,AM, -   ," 1,205.49 "," 1,205.49 "," 5,493.94 "
COARI-AM,AM," 1,685,075.28 "," 1,518,212.30 "," 3,203,287.58 "," 13,613,389.44 "
CODAJAS-AM,AM," 25,862.80 "," 1,586.63 "," 27,449.43 "," 123,649.62 "
IRANDUBA-AM,AM, -   ," 3,608.24 "," 3,608.24 "," 16,322.44 "
ITACOATIARA-AM,AM, -   ," 3,608.24 "," 3,608.24 "," 16,322.44 "
ITAPIRANGA-AM,AM, -   ," 3,608.24 "," 3,608.24 "," 16,322.44 "
MANACAPURU-AM,AM, -   ," 1,205.49 "," 1,205.49 "," 5,493.94 "
MANAQUIRI-AM,AM, -   ," 1,205.49 "," 1,205.49 "," 5,493.94 "
MANAUS-AM,AM," 181,681.67 "," 122,338.10 "," 304,019.77 "," 1,361,751.37 "
PARINTINS-AM,AM, -   ," 3,608.24 "," 3,608.24 "," 16,322.44 "
SILVES-AM,AM, -   ," 3,608.24 "," 3,608.24 "," 16,322.44 "
TEFE-AM,AM," 163,961.59 "," 77,640.06 "," 241,601.65 "," 803,639.69 "
URUCARA-AM,AM, -   ," 3,608.24 "," 3,608.24 "," 16,322.44 "
URUCURITUBA-AM,AM, -   ," 3,608.24 "," 3,608.24 "," 16,322.44 "
AMAZONAS  TOTAL,," 2,134,169.74 "," 1,760,043.34 "," 3,894,213.08 "," 16,434,231.52 "
LARANJAL DO JARI-AP,AP, -   ," 3,608.24 "," 3,608.24 "," 16,322.44 "
MACAPA-AP,AP, -   ," 3,608.24 "," 3,608.24 "," 16,322.44 "
MAZAGAO-AP,AP, -   ," 3,608.24 "," 3,608.24 "," 16,322.44 "
AMAPA  TOTAL,, -   ," 10,824.72 "," 10,824.72 "," 48,967.32 "
ACAJUTIBA-BA,BA," 1,447.34 ", -   ," 1,447.34 "," 5,627.84 "
ADUSTINA-BA,BA," 1,447.34 ", -   ," 1,447.34 "," 5,627.84 "
AGUA FRIA-BA,BA," 1,447.34 ", -   ," 1,447.34 "," 5,627.84 "
AIQUARA-BA,BA," 1,258.56 ", -   ," 1,258.56 "," 4,893.78 "
ALAGOINHAS-BA,BA," 669,740.78 "," 123,234.96 "," 792,975.74 "," 2,820,919.35 "
ALCOBACA-BA,BA," 1,636.13 ", -   ," 1,636.13 "," 6,361.93 "
ALMADINA-BA,BA," 1,258.56 ", -   ," 1,258.56 "," 4,893.78 "
AMARGOSA-BA,BA," 1,824.91 ", -   ," 1,824.91 "," 7,095.99 "
AMELIA RODRIGUES-BA,BA," 1,699.06 ", -   ," 1,699.06 "," 6,606.61 "
ANAGE-BA,BA," 1,699.06 ", -   ," 1,699.06 "," 6,606.61 "
ANGUERA-BA,BA," 1,321.49 ", -   ," 1,321.49 "," 5,138.47 "
ANTAS-BA,BA," 1,510.27 ", -   ," 1,510.27 "," 5,872.54 "
ANTONIO CARDOSO-BA,BA," 1,321.49 ", -   ," 1,321.49 "," 5,138.47 "
APORA-BA,BA," 1,510.27 ", -   ," 1,510.27 "," 5,872.54 "
APUAREMA-BA,BA," 1,258.56 ", -   ," 1,258.56 "," 4,893.78 "
ARACAS-BA,BA," 213,086.54 "," 125,211.55 "," 338,298.09 "," 1,553,986.73 "
ARACI-BA,BA," 2,013.70 ", -   ," 2,013.70 "," 7,830.06 "
ARAMARI-BA,BA," 1,516.25 ", 81.80 ," 1,598.05 "," 6,133.36 "
ARATACA-BA,BA," 1,321.49 ", -   ," 1,321.49 "," 5,138.47 "
ARATUIPE-BA,BA," 1,258.56 ", -   ," 1,258.56 "," 4,893.78 "
AURELINO LEAL-BA,BA," 1,384.42 ", -   ," 1,384.42 "," 5,383.17 "
BAIXA GRANDE-BA,BA," 1,636.13 ", -   ," 1,636.13 "," 6,361.93 "
BANZAE-BA,BA," 1,321.49 ", -   ," 1,321.49 "," 5,138.47 "
BARRA DO CHOCA-BA,BA," 1,824.91 ", -   ," 1,824.91 "," 7,095.99 "
BARRA DO ROCHA-BA,BA," 1,258.56 ", -   ," 1,258.56 "," 4,893.78 "
BARRO PRETO-BA,BA," 1,258.56 ", -   ," 1,258.56 "," 4,893.78 "
BARROCAS-BA,BA," 1,447.34 ", -   ," 1,447.34 "," 5,627.84 "
BELMONTE-BA,BA," 1,636.13 ", -   ," 1,636.13 "," 6,361.93 "
BELO CAMPO-BA,BA," 1,510.27 ", -   ," 1,510.27 "," 5,872.54 "
BIRITINGA-BA,BA," 1,447.34 ", -   ," 1,447.34 "," 5,627.84 "
BOA NOVA-BA,BA," 1,447.34 ", -   ," 1,447.34 "," 5,627.84 "
BOA VISTA DO TUPIM-BA,BA," 1,510.27 ", -   ," 1,510.27 "," 5,872.54 "
BOM JESUS DA SERRA-BA,BA," 1,321.49 ", -   ," 1,321.49 "," 5,138.47 "
BREJOES-BA,BA," 1,447.34 ", -   ," 1,447.34 "," 5,627.84 "
BUERAREMA-BA,BA," 1,573.20 ", -   ," 1,573.20 "," 6,117.23 "
CAATIBA-BA,BA," 1,321.49 ", -   ," 1,321.49 "," 5,138.47 "
CABACEIRAS DO PARAGUACU-BA,BA," 1,510.27 ", -   ," 1,510.27 "," 5,872.54 "
CACHOEIRA-BA,BA," 1,824.91 ", -   ," 1,824.91 "," 7,095.99 "
CAEM-BA,BA," 1,321.49 ", -   ," 1,321.49 "," 5,138.47 "
CAETANOS-BA,BA," 1,384.42 ", -   ," 1,384.42 "," 5,383.17 "
CAIRU-BA,BA," 43,477.65 "," 499,156.87 "," 542,634.52 "," 2,113,809.05 "
CAMACAN-BA,BA," 1,761.99 ", -   ," 1,761.99 "," 6,851.31 "
CAMACARI-BA,BA," 184,601.19 "," 111,784.35 "," 296,385.54 "," 1,366,141.89 "
CAMAMU-BA,BA," 1,824.91 ", -   ," 1,824.91 "," 7,095.99 "
CANAVIEIRAS-BA,BA," 1,824.91 ", -   ," 1,824.91 "," 7,095.99 "
CANDEAL-BA,BA," 1,258.56 ", -   ," 1,258.56 "," 4,893.78 "
CANDEIAS-BA,BA," 349,843.91 "," 229,874.75 "," 579,718.66 "," 2,551,999.68 "
CANDIDO SALES-BA,BA," 1,699.06 ", -   ," 1,699.06 "," 6,606.61 "
CANSANCAO-BA,BA," 1,824.91 ", -   ," 1,824.91 "," 7,095.99 "
CANUDOS-BA,BA," 1,447.34 ", -   ," 1,447.34 "," 5,627.84 "
CAPELA DO ALTO ALEGRE-BA,BA," 1,321.49 ", -   ," 1,321.49 "," 5,138.47 "
CAPIM GROSSO-BA,BA," 1,699.06 ", -   ," 1,699.06 "," 6,606.61 "
CARAVELAS-BA,BA," 1,636.13 ", -   ," 1,636.13 "," 6,361.93 "
CARDEAL DA SILVA-BA,BA," 80,334.96 "," 21,015.17 "," 101,350.13 "," 452,860.07 "
CASTRO ALVES-BA,BA," 1,699.06 ", -   ," 1,699.06 "," 6,606.61 "
CATU-BA,BA," 164,452.64 "," 87,260.43 "," 251,713.07 "," 1,081,691.68 "
CICERO DANTAS-BA,BA," 1,824.91 ", -   ," 1,824.91 "," 7,095.99 "
CIPO-BA,BA," 1,447.34 ", -   ," 1,447.34 "," 5,627.84 "
COARACI-BA,BA," 1,636.13 ", -   ," 1,636.13 "," 6,361.93 "
CONCEICAO DA FEIRA-BA,BA," 1,636.13 ", -   ," 1,636.13 "," 6,361.93 "
CONCEICAO DO ALMEIDA-BA,BA," 1,510.27 ", -   ," 1,510.27 "," 5,872.54 "
CONCEICAO DO COITE-BA,BA," 2,076.63 ", -   ," 2,076.63 "," 8,074.75 "
CONCEICAO DO JACUIPE-BA,BA," 1,761.99 ", -   ," 1,761.99 "," 6,851.31 "
CONDE-BA,BA," 2,729.80 ", 705.42 ," 3,435.22 "," 14,658.98 "
CORACAO DE MARIA-BA,BA," 1,636.13 ", -   ," 1,636.13 "," 6,361.93 "
CORONEL JOAO SA-BA,BA," 1,510.27 ", -   ," 1,510.27 "," 5,872.54 "
CRAVOLANDIA-BA,BA," 1,258.56 ", -   ," 1,258.56 "," 4,893.78 "
CRISOPOLIS-BA,BA," 1,636.13 ", -   ," 1,636.13 "," 6,361.93 "
CRUZ DAS ALMAS-BA,BA," 2,076.63 ", -   ," 2,076.63 "," 8,074.75 "
DARIO MEIRA-BA,BA," 1,384.42 ", -   ," 1,384.42 "," 5,383.17 "
DIAS D'AVILA-BA,BA," 2,139.56 ", -   ," 2,139.56 "," 8,319.45 "
DOM MACEDO COSTA-BA,BA," 1,258.56 ", -   ," 1,258.56 "," 4,893.78 "
ELISIO MEDRADO-BA,BA," 1,258.56 ", -   ," 1,258.56 "," 4,893.78 "
ENCRUZILHADA-BA,BA," 1,636.13 ", -   ," 1,636.13 "," 6,361.93 "
ENTRE RIOS-BA,BA," 646,108.74 "," 118,786.35 "," 764,895.09 "," 2,593,689.56 "
ESPLANADA-BA,BA," 729,122.60 "," 182,643.13 "," 911,765.73 "," 2,510,607.57 "
EUCLIDES DA CUNHA-BA,BA," 2,076.63 ", -   ," 2,076.63 "," 8,074.75 "
EUNAPOLIS-BA,BA," 158,147.21 "," 4,920.14 "," 163,067.35 "," 299,584.94 "
FATIMA-BA,BA," 1,510.27 ", -   ," 1,510.27 "," 5,872.54 "
FEIRA DE SANTANA-BA,BA," 2,517.13 ", -   ," 2,517.13 "," 9,787.59 "
FIRMINO ALVES-BA,BA," 1,258.56 ", -   ," 1,258.56 "," 4,893.78 "
FLORESTA AZUL-BA,BA," 1,321.49 ", -   ," 1,321.49 "," 5,138.47 "
GANDU-BA,BA," 1,761.99 ", -   ," 1,761.99 "," 6,851.31 "
GAVIAO-BA,BA," 1,258.56 ", -   ," 1,258.56 "," 4,893.78 "
GLORIA-BA,BA," 1,447.34 ", -   ," 1,447.34 "," 5,627.84 "
GONGOGI-BA,BA," 1,258.56 ", -   ," 1,258.56 "," 4,893.78 "
GOVERNADOR MANGABEIRA-BA,BA," 1,573.20 ", -   ," 1,573.20 "," 6,117.23 "
GUARATINGA-BA,BA," 1,636.13 ", -   ," 1,636.13 "," 6,361.93 "
HELIOPOLIS-BA,BA," 1,384.42 ", -   ," 1,384.42 "," 5,383.17 "
IACU-BA,BA," 1,699.06 ", -   ," 1,699.06 "," 6,606.61 "
IBICARAI-BA,BA," 1,699.06 ", -   ," 1,699.06 "," 6,606.61 "
IBICUI-BA,BA," 1,447.34 ", -   ," 1,447.34 "," 5,627.84 "
IBIQUERA-BA,BA," 1,258.56 ", -   ," 1,258.56 "," 4,893.78 "
IBIRAPITANGA-BA,BA," 1,636.13 ", -   ," 1,636.13 "," 6,361.93 "
IBIRAPUA-BA,BA," 1,258.56 ", -   ," 1,258.56 "," 4,893.78 "
IBIRATAIA-BA,BA," 1,573.20 ", -   ," 1,573.20 "," 6,117.23 "
ICHU-BA,BA," 1,258.56 ", -   ," 1,258.56 "," 4,893.78 "
IGRAPIUNA-BA,BA," 1,384.42 ", -   ," 1,384.42 "," 5,383.17 "
IGUAI-BA,BA," 1,699.06 ", -   ," 1,699.06 "," 6,606.61 "
ILHEUS-BA,BA," 2,517.13 ", -   ," 2,517.13 "," 9,787.59 "
INHAMBUPE-BA,BA," 2,358.81 ", 240.19 ," 2,599.00 "," 10,615.27 "
IPECAETA-BA,BA," 1,447.34 ", -   ," 1,447.34 "," 5,627.84 "
IPIAU-BA,BA," 1,950.77 ", -   ," 1,950.77 "," 7,585.36 "
IPIRA-BA,BA," 2,076.63 ", -   ," 2,076.63 "," 8,074.75 "
IRAJUBA-BA,BA," 1,258.56 ", -   ," 1,258.56 "," 4,893.78 "
IRARA-BA,BA," 1,699.06 ", -   ," 1,699.06 "," 6,606.61 "
ITABELA-BA,BA," 1,761.99 ", -   ," 1,761.99 "," 6,851.31 "
ITABERABA-BA,BA," 2,076.63 ", -   ," 2,076.63 "," 8,074.75 "
ITABUNA-BA,BA," 158,336.00 ", 932.93 ," 159,268.93 "," 294,813.91 "
ITACARE-BA,BA," 1,699.06 ", -   ," 1,699.06 "," 6,606.61 "
ITAGI-BA,BA," 1,384.42 ", -   ," 1,384.42 "," 5,383.17 "
ITAGIBA-BA,BA," 1,447.34 ", -   ," 1,447.34 "," 5,627.84 "
ITAGIMIRIM-BA,BA," 1,258.56 ", -   ," 1,258.56 "," 4,893.78 "
ITAJU DO COLONIA-BA,BA," 1,258.56 ", -   ," 1,258.56 "," 4,893.78 "
ITAJUIPE-BA,BA," 1,636.13 ", -   ," 1,636.13 "," 6,361.93 "
ITAMARAJU-BA,BA," 2,076.63 ", -   ," 2,076.63 "," 8,074.75 "
ITAMARI-BA,BA," 1,258.56 ", -   ," 1,258.56 "," 4,893.78 "
ITAMBE-BA,BA," 1,636.13 ", -   ," 1,636.13 "," 6,361.93 "
ITANAGRA-BA,BA," 535,789.36 "," 4,323.44 "," 540,112.80 "," 1,934,292.44 "
ITANHEM-BA,BA," 1,636.13 ", -   ," 1,636.13 "," 6,361.93 "
ITAPARICA-BA,BA," 49,148.65 "," 147,838.56 "," 196,987.21 "," 986,142.50 "
ITAPE-BA,BA," 1,321.49 ", -   ," 1,321.49 "," 5,138.47 "
ITAPEBI-BA,BA," 1,321.49 ", -   ," 1,321.49 "," 5,138.47 "
ITAPETINGA-BA,BA," 2,139.56 ", -   ," 2,139.56 "," 8,319.45 "
ITAPICURU-BA,BA," 1,824.91 ", -   ," 1,824.91 "," 7,095.99 "
ITAPITANGA-BA,BA," 1,321.49 ", -   ," 1,321.49 "," 5,138.47 "
ITAQUARA-BA,BA," 1,258.56 ", -   ," 1,258.56 "," 4,893.78 "
ITARANTIM-BA,BA," 1,573.20 ", -   ," 1,573.20 "," 6,117.23 "
ITATIM-BA,BA," 1,447.34 ", -   ," 1,447.34 "," 5,627.84 "
ITIRUCU-BA,BA," 1,384.42 ", -   ," 1,384.42 "," 5,383.17 "
ITIUBA-BA,BA," 1,887.84 ", -   ," 1,887.84 "," 7,340.68 "
ITORORO-BA,BA," 1,573.20 ", -   ," 1,573.20 "," 6,117.23 "
ITUBERA-BA,BA," 1,699.06 ", -   ," 1,699.06 "," 6,606.61 "
JACOBINA-BA,BA," 2,202.48 ", -   ," 2,202.48 "," 8,564.12 "
JAGUAQUARA-BA,BA," 2,013.70 ", -   ," 2,013.70 "," 7,830.06 "
JAGUARIPE-BA,BA," 67,815.68 ", -   ," 67,815.68 "," 263,694.22 "
JANDAIRA-BA,BA," 1,321.49 ", -   ," 1,321.49 "," 5,138.47 "
JEQUIE-BA,BA," 2,517.13 ", -   ," 2,517.13 "," 9,787.59 "
JEREMOABO-BA,BA," 1,887.84 ", -   ," 1,887.84 "," 7,340.68 "
JIQUIRICA-BA,BA," 1,447.34 ", -   ," 1,447.34 "," 5,627.84 "
JITAUNA-BA,BA," 1,447.34 ", -   ," 1,447.34 "," 5,627.84 "
JUCURUCU-BA,BA," 1,321.49 ", -   ," 1,321.49 "," 5,138.47 "
JUSSARI-BA,BA," 1,258.56 ", -   ," 1,258.56 "," 4,893.78 "
LAFAIETE COUTINHO-BA,BA," 1,258.56 ", -   ," 1,258.56 "," 4,893.78 "
LAJE-BA,BA," 1,636.13 ", -   ," 1,636.13 "," 6,361.93 "
LAJEDAO-BA,BA," 1,258.56 ", -   ," 1,258.56 "," 4,893.78 "
LAJEDINHO-BA,BA," 1,258.56 ", -   ," 1,258.56 "," 4,893.78 "
LAJEDO DO TABOCAL-BA,BA," 1,258.56 ", -   ," 1,258.56 "," 4,893.78 "
LAMARAO-BA,BA," 1,258.56 ", -   ," 1,258.56 "," 4,893.78 "
LAURO DE FREITAS-BA,BA," 2,517.13 ", -   ," 2,517.13 "," 9,787.59 "
MACAJUBA-BA,BA," 1,321.49 ", -   ," 1,321.49 "," 5,138.47 "
MACARANI-BA,BA," 1,510.27 ", -   ," 1,510.27 "," 5,872.54 "
MADRE DE DEUS-BA,BA," 573,431.72 "," 683,866.51 "," 1,257,298.23 "," 6,182,921.62 "
MAIQUINIQUE-BA,BA," 1,258.56 ", -   ," 1,258.56 "," 4,893.78 "
MAIRI-BA,BA," 1,573.20 ", -   ," 1,573.20 "," 6,117.23 "
MANOEL VITORINO-BA,BA," 1,447.34 ", -   ," 1,447.34 "," 5,627.84 "
MARACAS-BA,BA," 1,699.06 ", -   ," 1,699.06 "," 6,606.61 "
MARAGOGIPE-BA,BA," 58,600.31 ", -   ," 58,600.31 "," 227,861.20 "
MARAU-BA,BA," 1,573.20 ", -   ," 1,573.20 "," 6,117.23 "
MARCIONILIO SOUZA-BA,BA," 1,321.49 ", -   ," 1,321.49 "," 5,138.47 "
MASCOTE-BA,BA," 1,447.34 ", -   ," 1,447.34 "," 5,627.84 "
MATA DE SAO JOAO-BA,BA," 110,606.18 "," 63,371.86 "," 173,978.04 "," 758,427.12 "
MEDEIROS NETO-BA,BA," 1,636.13 ", -   ," 1,636.13 "," 6,361.93 "
MIGUEL CALMON-BA,BA," 1,699.06 ", -   ," 1,699.06 "," 6,606.61 "
MILAGRES-BA,BA," 1,321.49 ", -   ," 1,321.49 "," 5,138.47 "
MIRANTE-BA,BA," 1,321.49 ", -   ," 1,321.49 "," 5,138.47 "
MONTE SANTO-BA,BA," 2,013.70 ", -   ," 2,013.70 "," 7,830.06 "
MUCURI-BA,BA," 157,706.71 "," 9,927.11 "," 167,633.82 "," 305,120.76 "
MUNDO NOVO-BA,BA," 1,699.06 ", -   ," 1,699.06 "," 6,606.61 "
MUNIZ FERREIRA-BA,BA," 1,258.56 ", -   ," 1,258.56 "," 4,893.78 "
MURITIBA-BA,BA," 1,761.99 ", -   ," 1,761.99 "," 6,851.31 "
MUTUIPE-BA,BA," 1,636.13 ", -   ," 1,636.13 "," 6,361.93 "
NAZARE-BA,BA," 1,699.06 ", -   ," 1,699.06 "," 6,606.61 "
NILO PECANHA-BA,BA," 1,384.42 ", -   ," 1,384.42 "," 5,383.17 "
NORDESTINA-BA,BA," 1,384.42 ", -   ," 1,384.42 "," 5,383.17 "
NOVA CANAA-BA,BA," 1,510.27 ", -   ," 1,510.27 "," 5,872.54 "
NOVA FATIMA-BA,BA," 1,258.56 ", -   ," 1,258.56 "," 4,893.78 "
NOVA IBIA-BA,BA," 1,258.56 ", -   ," 1,258.56 "," 4,893.78 "
NOVA ITARANA-BA,BA," 1,258.56 ", -   ," 1,258.56 "," 4,893.78 "
NOVA SOURE-BA,BA," 1,699.06 ", -   ," 1,699.06 "," 6,606.61 "
NOVA VICOSA-BA,BA," 1,887.84 ", -   ," 1,887.84 "," 7,340.68 "
NOVO TRIUNFO-BA,BA," 1,447.34 ", -   ," 1,447.34 "," 5,627.84 "
OLINDINA-BA,BA," 1,699.06 ", -   ," 1,699.06 "," 6,606.61 "
OURICANGAS-BA,BA," 1,258.56 ", -   ," 1,258.56 "," 4,893.78 "
OUROLANDIA-BA,BA," 1,510.27 ", -   ," 1,510.27 "," 5,872.54 "
PARIPIRANGA-BA,BA," 1,699.06 ", -   ," 1,699.06 "," 6,606.61 "
PAU BRASIL-BA,BA," 1,321.49 ", -   ," 1,321.49 "," 5,138.47 "
PAULO AFONSO-BA,BA," 2,328.34 ", -   ," 2,328.34 "," 9,053.51 "
PE DE SERRA-BA,BA," 1,384.42 ", -   ," 1,384.42 "," 5,383.17 "
PEDRAO-BA,BA," 1,258.56 ", -   ," 1,258.56 "," 4,893.78 "
PEDRO ALEXANDRE-BA,BA," 1,510.27 ", -   ," 1,510.27 "," 5,872.54 "
PINTADAS-BA,BA," 1,321.49 ", -   ," 1,321.49 "," 5,138.47 "
PIRAI DO NORTE-BA,BA," 1,258.56 ", -   ," 1,258.56 "," 4,893.78 "
PIRITIBA-BA,BA," 1,636.13 ", -   ," 1,636.13 "," 6,361.93 "
PLANALTINO-BA,BA," 1,258.56 ", -   ," 1,258.56 "," 4,893.78 "
PLANALTO-BA,BA," 1,699.06 ", -   ," 1,699.06 "," 6,606.61 "
POCOES-BA,BA," 1,950.77 ", -   ," 1,950.77 "," 7,585.36 "
POJUCA-BA,BA," 277,146.83 "," 234,400.90 "," 511,547.73 "," 2,092,890.07 "
PORTO SEGURO-BA,BA," 2,391.27 ", -   ," 2,391.27 "," 9,298.20 "
POTIRAGUA-BA,BA," 1,258.56 ", -   ," 1,258.56 "," 4,893.78 "
PRADO-BA,BA," 1,699.06 ", -   ," 1,699.06 "," 6,606.61 "
PRESIDENTE TANCREDO NEVES-BA,BA," 1,636.13 ", -   ," 1,636.13 "," 6,361.93 "
QUEIMADAS-BA,BA," 1,699.06 ", -   ," 1,699.06 "," 6,606.61 "
QUIJINGUE-BA,BA," 1,699.06 ", -   ," 1,699.06 "," 6,606.61 "
QUIXABEIRA-BA,BA," 1,258.56 ", -   ," 1,258.56 "," 4,893.78 "
RAFAEL JAMBEIRO-BA,BA," 1,636.13 ", -   ," 1,636.13 "," 6,361.93 "
RETIROLANDIA-BA,BA," 1,384.42 ", -   ," 1,384.42 "," 5,383.17 "
RIACHAO DO JACUIPE-BA,BA," 1,824.91 ", -   ," 1,824.91 "," 7,095.99 "
RIBEIRA DO AMPARO-BA,BA," 1,447.34 ", -   ," 1,447.34 "," 5,627.84 "
RIBEIRA DO POMBAL-BA,BA," 1,950.77 ", -   ," 1,950.77 "," 7,585.36 "
RIBEIRAO DO LARGO-BA,BA," 1,258.56 ", -   ," 1,258.56 "," 4,893.78 "
RIO REAL-BA,BA," 1,887.84 ", -   ," 1,887.84 "," 7,340.68 "
RUY BARBOSA-BA,BA," 1,761.99 ", -   ," 1,761.99 "," 6,851.31 "
SALINAS DA MARGARIDA-BA,BA," 197,406.18 "," 147,838.17 "," 345,244.35 "," 1,047,309.44 "
SALVADOR-BA,BA," 75,613.30 "," 147,838.17 "," 223,451.47 "," 1,023,797.08 "
SANTA BARBARA-BA,BA," 1,573.20 ", -   ," 1,573.20 "," 6,117.23 "
SANTA BRIGIDA-BA,BA," 1,447.34 ", -   ," 1,447.34 "," 5,627.84 "
SANTA CRUZ CABRALIA-BA,BA," 1,699.06 ", -   ," 1,699.06 "," 6,606.61 "
SANTA CRUZ DA VITORIA-BA,BA," 1,258.56 ", -   ," 1,258.56 "," 4,893.78 "
SANTA INES-BA,BA," 1,321.49 ", -   ," 1,321.49 "," 5,138.47 "
SANTA LUZIA-BA,BA," 1,384.42 ", -   ," 1,384.42 "," 5,383.17 "
SANTA TERESINHA-BA,BA," 1,258.56 ", -   ," 1,258.56 "," 4,893.78 "
SANTALUZ-BA,BA," 1,824.91 ", -   ," 1,824.91 "," 7,095.99 "
SANTANOPOLIS-BA,BA," 1,258.56 ", -   ," 1,258.56 "," 4,893.78 "
SANTO AMARO-BA,BA," 62,380.97 "," 147,838.17 "," 210,219.14 "," 972,344.54 "
SANTO ANTONIO DE JESUS-BA,BA," 2,265.41 ", -   ," 2,265.41 "," 8,808.82 "
SANTO ESTEVAO-BA,BA," 1,950.77 ", -   ," 1,950.77 "," 7,585.36 "
SAO DOMINGOS-BA,BA," 1,258.56 ", -   ," 1,258.56 "," 4,893.78 "
SAO FELIPE-BA,BA," 1,636.13 ", -   ," 1,636.13 "," 6,361.93 "
SAO FELIX-BA,BA," 1,447.34 ", -   ," 1,447.34 "," 5,627.84 "
SAO FRANCISCO DO CONDE-BA,BA," 882,953.59 "," 631,394.99 "," 1,514,348.58 "," 6,771,921.02 "
SAO GONCALO DOS CAMPOS-BA,BA," 1,824.91 ", -   ," 1,824.91 "," 7,095.99 "
SAO JOSE DA VITORIA-BA,BA," 1,258.56 ", -   ," 1,258.56 "," 4,893.78 "
SAO JOSE DO JACUIPE-BA,BA," 1,321.49 ", -   ," 1,321.49 "," 5,138.47 "
SAO MIGUEL DAS MATAS-BA,BA," 1,321.49 ", -   ," 1,321.49 "," 5,138.47 "
SAO SEBASTIAO DO PASSE-BA,BA," 240,011.65 "," 124,165.28 "," 364,176.93 "," 1,591,878.61 "
SAPEACU-BA,BA," 1,510.27 ", -   ," 1,510.27 "," 5,872.54 "
SATIRO DIAS-BA,BA," 48,822.72 ", 408.48 ," 49,231.20 "," 172,074.12 "
SAUBARA-BA,BA," 39,696.98 "," 147,838.17 "," 187,535.15 "," 884,140.21 "
SERRA PRETA-BA,BA," 1,447.34 ", -   ," 1,447.34 "," 5,627.84 "
SERRINHA-BA,BA," 2,202.48 ", -   ," 2,202.48 "," 8,564.12 "
SERROLANDIA-BA,BA," 1,384.42 ", -   ," 1,384.42 "," 5,383.17 "
SIMOES FILHO-BA,BA," 184,182.90 "," 12,938.02 "," 197,120.92 "," 804,397.87 "
SITIO DO QUINTO-BA,BA," 1,384.42 ", -   ," 1,384.42 "," 5,383.17 "
TANQUINHO-BA,BA," 1,258.56 ", -   ," 1,258.56 "," 4,893.78 "
TAPEROA-BA,BA," 1,573.20 ", -   ," 1,573.20 "," 6,117.23 "
TAPIRAMUTA-BA,BA," 1,510.27 ", -   ," 1,510.27 "," 5,872.54 "
TEIXEIRA DE FREITAS-BA,BA," 2,454.20 ", -   ," 2,454.20 "," 9,542.89 "
TEODORO SAMPAIO-BA,BA," 510,243.97 "," 1,284.19 "," 511,528.16 "," 1,789,941.20 "
TEOFILANDIA-BA,BA," 1,636.13 ", -   ," 1,636.13 "," 6,361.93 "
TEOLANDIA-BA,BA," 1,447.34 ", -   ," 1,447.34 "," 5,627.84 "
TERRA NOVA-BA,BA," 1,384.42 ", -   ," 1,384.42 "," 5,383.17 "
TUCANO-BA,BA," 2,013.70 ", -   ," 2,013.70 "," 7,830.06 "
UAUA-BA,BA," 1,699.06 ", -   ," 1,699.06 "," 6,606.61 "
UBAIRA-BA,BA," 1,573.20 ", -   ," 1,573.20 "," 6,117.23 "
UBAITABA-BA,BA," 1,636.13 ", -   ," 1,636.13 "," 6,361.93 "
UBATA-BA,BA," 1,699.06 ", -   ," 1,699.06 "," 6,606.61 "
UNA-BA,BA," 1,699.06 ", -   ," 1,699.06 "," 6,606.61 "
URUCUCA-BA,BA," 1,573.20 ", -   ," 1,573.20 "," 6,117.23 "
VALENCA-BA,BA," 67,815.68 ", -   ," 67,815.68 "," 263,694.22 "
VALENTE-BA,BA," 1,699.06 ", -   ," 1,699.06 "," 6,606.61 "
VARZEA DA ROCA-BA,BA," 1,384.42 ", -   ," 1,384.42 "," 5,383.17 "
VARZEA DO POCO-BA,BA," 1,258.56 ", -   ," 1,258.56 "," 4,893.78 "
VARZEA NOVA-BA,BA," 1,384.42 ", -   ," 1,384.42 "," 5,383.17 "
VARZEDO-BA,BA," 1,258.56 ", -   ," 1,258.56 "," 4,893.78 "
VERA CRUZ-BA,BA," 534,383.74 ", 300.37 ," 534,684.11 "," 3,946,628.62 "
VEREDA-BA,BA," 1,258.56 ", -   ," 1,258.56 "," 4,893.78 "
VITORIA DA CONQUISTA-BA,BA," 2,517.13 ", -   ," 2,517.13 "," 9,787.59 "
WENCESLAU GUIMARAES-BA,BA," 1,636.13 ", -   ," 1,636.13 "," 6,361.93 "
BAHIA  TOTAL,," 8,447,505.29 "," 4,011,420.43 "," 12,458,925.72 "," 51,129,272.24 "
ACARAU-CE,CE," 1,413.88 ", -   ," 1,413.88 "," 5,888.10 "
ALCANTARAS-CE,CE, 899.74 , -   , 899.74 ," 3,746.96 "
AMONTADA-CE,CE," 29,075.02 "," 9,237.75 "," 38,312.77 "," 151,199.74 "
APUIARES-CE,CE, 942.59 , -   , 942.59 ," 3,925.40 "
AQUIRAZ-CE,CE, -   ," 23,885.69 "," 23,885.69 "," 90,829.93 "
ARACATI-CE,CE," 53,193.58 "," 16,071.44 "," 69,265.02 "," 287,768.45 "
ARARENDA-CE,CE, 899.74 , -   , 899.74 ," 3,746.96 "
BARROQUINHA-CE,CE, 985.43 , -   , 985.43 ," 4,103.81 "
BELA CRUZ-CE,CE," 1,199.66 ", -   ," 1,199.66 "," 4,995.97 "
CAMOCIM-CE,CE," 1,413.88 ", -   ," 1,413.88 "," 5,888.10 "
CANINDE-CE,CE," 1,499.57 ", -   ," 1,499.57 "," 6,244.94 "
CARIDADE-CE,CE," 1,113.97 ", -   ," 1,113.97 "," 4,639.10 "
CARIRE-CE,CE," 1,071.12 ", -   ," 1,071.12 "," 4,460.67 "
CARNAUBAL-CE,CE," 1,028.28 ", -   ," 1,028.28 "," 4,282.25 "
CATUNDA-CE,CE, 856.90 , -   , 856.90 ," 3,568.54 "
CAUCAIA-CE,CE, -   ," 23,887.18 "," 23,887.18 "," 90,835.70 "
CHAVAL-CE,CE, 942.59 , -   , 942.59 ," 3,925.40 "
COREAU-CE,CE," 1,113.97 ", -   ," 1,113.97 "," 4,639.10 "
CRATEUS-CE,CE," 1,499.57 ", -   ," 1,499.57 "," 6,244.94 "
CROATA-CE,CE," 1,028.28 ", -   ," 1,028.28 "," 4,282.25 "
CRUZ-CE,CE," 1,113.97 ", -   ," 1,113.97 "," 4,639.10 "
FORQUILHA-CE,CE," 1,113.97 ", -   ," 1,113.97 "," 4,639.10 "
FORTALEZA-CE,CE," 181,340.28 "," 31,847.10 "," 213,187.38 "," 938,343.68 "
FRECHEIRINHA-CE,CE, 942.59 , -   , 942.59 ," 3,925.40 "
GENERAL SAMPAIO-CE,CE, 856.90 , -   , 856.90 ," 3,568.54 "
GRACA-CE,CE, 985.43 , -   , 985.43 ," 4,103.81 "
GRANJA-CE,CE," 1,371.04 ", -   ," 1,371.04 "," 5,709.67 "
GROAIRAS-CE,CE, 899.74 , -   , 899.74 ," 3,746.96 "
GUARACIABA DO NORTE-CE,CE," 1,285.35 ", -   ," 1,285.35 "," 5,352.81 "
HIDROLANDIA-CE,CE," 1,071.12 ", -   ," 1,071.12 "," 4,460.67 "
HORIZONTE-CE,CE, -   , 0.42 , 0.42 , 9.61 
IBIAPINA-CE,CE," 1,113.97 ", -   ," 1,113.97 "," 4,639.10 "
ICAPUI-CE,CE," 48,536.03 "," 7,156.84 "," 55,692.87 "," 244,034.11 "
INDEPENDENCIA-CE,CE," 1,156.81 ", -   ," 1,156.81 "," 4,817.53 "
IPAPORANGA-CE,CE, 899.74 , -   , 899.74 ," 3,746.96 "
IPU-CE,CE," 1,328.19 ", -   ," 1,328.19 "," 5,531.24 "
IPUEIRAS-CE,CE," 1,285.35 ", -   ," 1,285.35 "," 5,352.81 "
IRAUCUBA-CE,CE," 1,113.97 ", -   ," 1,113.97 "," 4,639.10 "
ITAPAGE-CE,CE," 1,371.04 ", -   ," 1,371.04 "," 5,709.67 "
ITAPIPOCA-CE,CE," 192,647.24 "," 59,091.08 "," 251,738.32 "," 1,122,476.31 "
ITAREMA-CE,CE," 29,075.02 "," 27,376.46 "," 56,451.48 "," 231,020.89 "
JAGUARUANA-CE,CE," 5,005.59 "," 2,102.41 "," 7,108.00 "," 26,158.52 "
JIJOCA DE JERICOACOARA-CE,CE," 1,028.28 ", -   ," 1,028.28 "," 4,282.25 "
MARACANAU-CE,CE, -   , 2.07 , 2.07 , 7.17 
MARCO-CE,CE," 1,156.81 ", -   ," 1,156.81 "," 4,817.53 "
MARTINOPOLE-CE,CE, 899.74 , -   , 899.74 ," 3,746.96 "
MASSAPE-CE,CE," 1,242.50 ", -   ," 1,242.50 "," 5,174.38 "
MERUOCA-CE,CE, 942.59 , -   , 942.59 ," 3,925.40 "
MIRAIMA-CE,CE, 942.59 , -   , 942.59 ," 3,925.40 "
MONSENHOR TABOSA-CE,CE," 1,028.28 ", -   ," 1,028.28 "," 4,282.25 "
MORAUJO-CE,CE, 856.90 , -   , 856.90 ," 3,568.54 "
MORRINHOS-CE,CE," 1,113.97 ", -   ," 1,113.97 "," 4,639.10 "
MUCAMBO-CE,CE, 985.43 , -   , 985.43 ," 4,103.81 "
NOVA RUSSAS-CE,CE," 1,199.66 ", -   ," 1,199.66 "," 4,995.97 "
NOVO ORIENTE-CE,CE," 1,156.81 ", -   ," 1,156.81 "," 4,817.53 "
PACAJUS-CE,CE, -   , -   , -   , -   
PACUJA-CE,CE, 856.90 , -   , 856.90 ," 3,568.54 "
PARACURU-CE,CE," 27,136.69 "," 40,625.74 "," 67,762.43 "," 273,066.78 "
PARAIPABA-CE,CE," 1,199.66 "," 1,382.07 "," 2,581.73 "," 10,549.69 "
PARAMOTI-CE,CE, 899.74 , -   , 899.74 ," 3,746.96 "
PENTECOSTE-CE,CE," 1,242.50 ", -   ," 1,242.50 "," 5,174.38 "
PIRES FERREIRA-CE,CE, 899.74 , -   , 899.74 ," 3,746.96 "
PORANGA-CE,CE, 942.59 , -   , 942.59 ," 3,925.40 "
QUITERIANOPOLIS-CE,CE," 1,071.12 ", -   ," 1,071.12 "," 4,460.67 "
RERIUTABA-CE,CE," 1,071.12 ", -   ," 1,071.12 "," 4,460.67 "
SANTA QUITERIA-CE,CE," 1,328.19 ", -   ," 1,328.19 "," 5,531.24 "
SANTANA DO ACARAU-CE,CE," 1,199.66 ", -   ," 1,199.66 "," 4,995.97 "
SAO BENEDITO-CE,CE," 1,328.19 ", -   ," 1,328.19 "," 5,531.24 "
SAO GONCALO DO AMARANTE-CE,CE," 1,328.19 ", -   ," 1,328.19 "," 4,285.63 "
SAO LUIS DO CURU-CE,CE, 942.59 , -   , 942.59 ," 3,925.40 "
SENADOR SA-CE,CE, 856.90 , -   , 856.90 ," 3,568.54 "
SOBRAL-CE,CE," 1,713.80 ", -   ," 1,713.80 "," 7,137.09 "
TAMBORIL-CE,CE," 1,156.81 ", -   ," 1,156.81 "," 4,817.53 "
TEJUCUOCA-CE,CE," 1,028.28 ", -   ," 1,028.28 "," 4,282.25 "
TIANGUA-CE,CE," 1,456.73 ", -   ," 1,456.73 "," 6,066.53 "
TRAIRI-CE,CE," 31,013.36 "," 53,697.47 "," 84,710.83 "," 362,107.61 "
TURURU-CE,CE, 985.43 , -   , 985.43 ," 4,103.81 "
UBAJARA-CE,CE," 1,199.66 ", -   ," 1,199.66 "," 4,995.97 "
UMIRIM-CE,CE," 1,071.12 ", -   ," 1,071.12 "," 4,460.67 "
URUBURETAMA-CE,CE," 1,071.12 ", -   ," 1,071.12 "," 4,460.67 "
URUOCA-CE,CE, 942.59 , -   , 942.59 ," 3,925.40 "
VARJOTA-CE,CE," 1,028.28 ", -   ," 1,028.28 "," 4,282.25 "
VICOSA DO CEARA-CE,CE," 1,371.04 ", -   ," 1,371.04 "," 5,709.67 "
CEARA  TOTAL,," 673,586.67 "," 296,363.72 "," 969,950.39 "," 4,141,015.71 "
AFONSO CLAUDIO-ES,ES," 111,875.48 ", -   ," 111,875.48 "," 517,300.90 "
AGUA DOCE DO NORTE-ES,ES," 83,906.60 ", -   ," 83,906.60 "," 387,975.65 "
AGUIA BRANCA-ES,ES," 79,911.05 ", -   ," 79,911.05 "," 369,500.64 "
ALEGRE-ES,ES," 111,875.48 ", -   ," 111,875.48 "," 517,300.90 "
ALFREDO CHAVES-ES,ES," 87,902.16 ", -   ," 87,902.16 "," 406,450.72 "
ALTO RIO NOVO-ES,ES," 79,911.05 ", -   ," 79,911.05 "," 369,500.64 "
ANCHIETA-ES,ES," 644,615.90 "," 316,141.37 "," 960,757.27 "," 5,105,163.71 "
APIACA-ES,ES," 79,911.05 ", -   ," 79,911.05 "," 369,500.64 "
ARACRUZ-ES,ES," 832,614.76 "," 15,318.24 "," 847,933.00 "," 5,880,525.60 "
ATILIO VIVACQUA-ES,ES," 79,911.05 ", -   ," 79,911.05 "," 369,500.64 "
BAIXO GUANDU-ES,ES," 111,875.48 ", -   ," 111,875.48 "," 517,300.90 "
BARRA DE SAO FRANCISCO-ES,ES," 123,862.14 ", -   ," 123,862.14 "," 572,726.02 "
BOA ESPERANCA-ES,ES," 91,897.72 ", -   ," 91,897.72 "," 424,925.77 "
BOM JESUS DO NORTE-ES,ES," 79,911.05 ", -   ," 79,911.05 "," 369,500.64 "
BREJETUBA-ES,ES," 83,906.60 ", -   ," 83,906.60 "," 387,975.65 "
CACHOEIRO DE ITAPEMIRIM-ES,ES," 159,822.11 ", -   ," 159,822.11 "," 739,001.33 "
CARIACICA-ES,ES," 159,822.11 ", -   ," 159,822.11 "," 739,001.33 "
CASTELO-ES,ES," 115,871.03 ", -   ," 115,871.03 "," 535,775.95 "
COLATINA-ES,ES," 147,835.46 ", -   ," 147,835.46 "," 683,576.22 "
CONCEICAO DA BARRA-ES,ES," 139,071.43 "," 20,809.58 "," 159,881.01 "," 718,208.16 "
CONCEICAO DO CASTELO-ES,ES," 83,906.60 ", -   ," 83,906.60 "," 387,975.65 "
DIVINO DE SAO LOURENCO-ES,ES," 79,911.05 ", -   ," 79,911.05 "," 369,500.64 "
DOMINGOS MARTINS-ES,ES," 111,875.48 ", -   ," 111,875.48 "," 517,300.90 "
DORES DO RIO PRETO-ES,ES," 79,911.05 ", -   ," 79,911.05 "," 369,500.64 "
ECOPORANGA-ES,ES," 103,884.38 ", -   ," 103,884.38 "," 480,350.86 "
FUNDAO-ES,ES," 451,197.25 ", -   ," 451,197.25 "," 2,410,727.95 "
GOVERNADOR LINDENBERG-ES,ES," 83,906.60 ", -   ," 83,906.60 "," 387,975.65 "
GUACUI-ES,ES," 107,879.93 ", -   ," 107,879.93 "," 498,825.89 "
GUARAPARI-ES,ES," 147,835.46 ", -   ," 147,835.46 "," 683,576.22 "
IBATIBA-ES,ES," 103,884.38 ", -   ," 103,884.38 "," 480,350.86 "
IBIRACU-ES,ES," 83,906.60 ", -   ," 83,906.60 "," 387,975.65 "
IBITIRAMA-ES,ES," 79,911.05 ", -   ," 79,911.05 "," 369,500.64 "
ICONHA-ES,ES," 87,902.16 ", -   ," 87,902.16 "," 406,450.72 "
IRUPI-ES,ES," 83,906.60 ", -   ," 83,906.60 "," 387,975.65 "
ITAGUACU-ES,ES," 91,897.72 ", -   ," 91,897.72 "," 424,925.77 "
ITAPEMIRIM-ES,ES," 682,215.67 "," 4,462,073.34 "," 5,144,289.01 "," 22,436,982.40 "
ITARANA-ES,ES," 83,906.60 ", -   ," 83,906.60 "," 387,975.65 "
IUNA-ES,ES," 107,879.93 ", -   ," 107,879.93 "," 498,825.89 "
JAGUARE-ES,ES," 415,128.89 "," 87,865.25 "," 502,994.14 "," 1,688,343.98 "
JERONIMO MONTEIRO-ES,ES," 83,906.60 ", -   ," 83,906.60 "," 387,975.65 "
JOAO NEIVA-ES,ES," 91,897.72 ", -   ," 91,897.72 "," 424,925.77 "
LARANJA DA TERRA-ES,ES," 83,906.60 ", -   ," 83,906.60 "," 387,975.65 "
LINHARES-ES,ES," 3,926,937.34 "," 698,467.05 "," 4,625,404.39 "," 21,039,882.05 "
MANTENOPOLIS-ES,ES," 87,902.16 ", -   ," 87,902.16 "," 406,450.72 "
MARATAIZES-ES,ES," 545,196.69 "," 2,157,172.60 "," 2,702,369.29 "," 12,401,762.86 "
MARECHAL FLORIANO-ES,ES," 91,897.72 ", -   ," 91,897.72 "," 424,925.77 "
MARILANDIA-ES,ES," 83,906.60 ", -   ," 83,906.60 "," 387,975.65 "
MIMOSO DO SUL-ES,ES," 107,879.93 ", -   ," 107,879.93 "," 498,825.89 "
MONTANHA-ES,ES," 95,893.27 ", -   ," 95,893.27 "," 443,400.79 "
MUCURICI-ES,ES," 79,911.05 ", -   ," 79,911.05 "," 369,500.64 "
MUNIZ FREIRE-ES,ES," 99,888.82 ", -   ," 99,888.82 "," 461,875.83 "
MUQUI-ES,ES," 91,897.72 ", -   ," 91,897.72 "," 424,925.77 "
NOVA VENECIA-ES,ES," 123,862.14 ", -   ," 123,862.14 "," 572,726.02 "
PANCAS-ES,ES," 103,884.38 ", -   ," 103,884.38 "," 480,350.86 "
PEDRO CANARIO-ES,ES," 103,884.38 ", -   ," 103,884.38 "," 480,350.86 "
PINHEIROS-ES,ES," 103,884.38 ", -   ," 103,884.38 "," 480,350.86 "
PIUMA-ES,ES," 469,997.14 "," 168,883.54 "," 638,880.68 "," 2,973,777.79 "
PONTO BELO-ES,ES," 79,911.05 ", -   ," 79,911.05 "," 369,500.64 "
PRESIDENTE KENNEDY-ES,ES," 394,797.60 "," 5,911,198.21 "," 6,305,995.81 "," 27,802,607.95 "
RIO BANANAL-ES,ES," 95,893.27 ", -   ," 95,893.27 "," 443,400.79 "
RIO NOVO DO SUL-ES,ES," 83,906.60 ", -   ," 83,906.60 "," 387,975.65 "
SANTA LEOPOLDINA-ES,ES," 87,902.16 ", -   ," 87,902.16 "," 406,450.72 "
SANTA MARIA DE JETIBA-ES,ES," 115,871.03 ", -   ," 115,871.03 "," 535,775.95 "
SANTA TERESA-ES,ES," 103,884.38 ", -   ," 103,884.38 "," 480,350.86 "
SAO DOMINGOS DO NORTE-ES,ES," 79,911.05 ", -   ," 79,911.05 "," 369,500.64 "
SAO GABRIEL DA PALHA-ES,ES," 111,875.48 ", -   ," 111,875.48 "," 517,300.90 "
SAO JOSE DO CALCADO-ES,ES," 83,906.60 ", -   ," 83,906.60 "," 387,975.65 "
SAO MATEUS-ES,ES," 1,327,103.95 "," 119,010.97 "," 1,446,114.92 "," 6,811,105.03 "
SAO ROQUE DO CANAA-ES,ES," 83,906.60 ", -   ," 83,906.60 "," 387,975.65 "
SERRA-ES,ES," 907,814.30 "," 3,623.42 "," 911,437.72 "," 5,089,009.60 "
SOORETAMA-ES,ES," 103,884.38 ", -   ," 103,884.38 "," 480,350.86 "
VARGEM ALTA-ES,ES," 99,888.82 ", -   ," 99,888.82 "," 461,875.83 "
VENDA NOVA DO IMIGRANTE-ES,ES," 103,884.38 ", -   ," 103,884.38 "," 480,350.86 "
VIANA-ES,ES," 291,667.67 "," 5,578.93 "," 297,246.60 "," 1,355,973.89 "
VILA PAVAO-ES,ES," 79,911.05 ", -   ," 79,911.05 "," 369,500.64 "
VILA VALERIO-ES,ES," 87,902.16 ", -   ," 87,902.16 "," 406,450.72 "
VILA VELHA-ES,ES," 751,995.43 ", -   ," 751,995.43 "," 3,477,150.91 "
VITORIA-ES,ES," 907,814.30 "," 58,634.44 "," 966,448.74 "," 4,412,636.52 "
ESPIRITO SANTO  TOTAL,," 18,837,324.01 "," 14,024,776.94 "," 32,862,100.95 "," 152,036,933.31 "
BARREIRINHAS-MA,MA, -   , -   , -   , -   
CAPINZAL DO NORTE-MA,MA," 58,143.24 "," 43,607.43 "," 101,750.67 "," 283,604.10 "
LIMA CAMPOS-MA,MA," 25,854.22 "," 19,390.66 "," 45,244.88 "," 45,244.88 "
SANTO ANTONIO DOS LOPES-MA,MA," 233,145.93 "," 293,377.04 "," 526,522.97 "," 3,307,991.12 "
MARANHAO TOTAL,," 317,143.39 "," 356,375.13 "," 673,518.52 "," 3,636,840.10 "
BARBACENA-MG,MG," 155,818.87 ", 122.19 ," 155,941.06 "," 711,493.84 "
BETIM-MG,MG," 155,818.87 "," 33,807.55 "," 189,626.42 "," 882,647.97 "
BRUMADINHO-MG,MG," 155,818.87 "," 6,323.09 "," 162,141.96 "," 740,286.13 "
JACUTINGA-MG,MG, -   , -   , -   , -   
JUIZ DE FORA-MG,MG," 155,818.87 "," 8,252.79 "," 164,071.66 "," 756,742.01 "
SAO BRAS DO SUACUI-MG,MG," 155,818.87 "," 27,063.20 "," 182,882.07 "," 831,571.33 "
MINAS GERAIS  TOTAL ,," 779,094.35 "," 75,568.82 "," 854,663.17 "," 3,922,741.28 "
AFUA-PA,PA, -   ," 3,608.24 "," 3,608.24 "," 16,322.44 "
ALENQUER-PA,PA, -   ," 3,608.24 "," 3,608.24 "," 16,322.44 "
ALMEIRIM-PA,PA, -   ," 3,608.24 "," 3,608.24 "," 16,322.44 "
ANAJAS-PA,PA, -   ," 3,608.24 "," 3,608.24 "," 16,322.44 "
BREVES-PA,PA, -   ," 3,608.24 "," 3,608.24 "," 16,322.44 "
CHAVES-PA,PA, -   ," 3,608.24 "," 3,608.24 "," 16,322.44 "
CURUA-PA,PA, -   ," 3,608.24 "," 3,608.24 "," 16,322.44 "
FARO-PA,PA, -   ," 3,608.24 "," 3,608.24 "," 16,322.44 "
GURUPA-PA,PA, -   ," 3,608.24 "," 3,608.24 "," 16,322.44 "
JURUTI-PA,PA, -   ," 3,608.24 "," 3,608.24 "," 16,322.44 "
MELGACO-PA,PA, -   ," 3,608.24 "," 3,608.24 "," 16,322.44 "
MONTE ALEGRE-PA,PA, -   ," 3,608.24 "," 3,608.24 "," 16,322.44 "
OBIDOS-PA,PA, -   ," 3,608.24 "," 3,608.24 "," 16,322.44 "
PORTO DE MOZ-PA,PA, -   ," 3,608.24 "," 3,608.24 "," 16,322.44 "
PRAINHA-PA,PA, -   ," 3,608.24 "," 3,608.24 "," 16,322.44 "
SANTAREM-PA,PA, -   ," 3,608.24 "," 3,608.24 "," 16,322.44 "
TERRA SANTA-PA,PA, -   ," 3,606.92 "," 3,606.92 "," 16,321.12 "
PARA  TOTAL,, -   ," 61,338.76 "," 61,338.76 "," 277,480.16 "
ALHANDRA-PB,PB," 570,134.28 ", -   ," 570,134.28 "," 2,680,059.58 "
BAYEUX-PB,PB," 181,681.67 ", -   ," 181,681.67 "," 826,090.19 "
CALDAS BRANDAO-PB,PB," 181,681.67 ", -   ," 181,681.67 "," 849,405.59 "
MAMANGUAPE-PB,PB," 181,681.67 ", 66.83 ," 181,748.50 "," 827,637.81 "
PEDRAS DE FOGO-PB,PB," 181,681.67 "," 1,001.65 "," 182,683.32 "," 830,204.69 "
SAO MIGUEL DE TAIPU-PB,PB," 181,681.67 ", -   ," 181,681.67 "," 829,451.43 "
SANTA RITA-PB,PB," 181,681.67 "," 1,722.02 "," 183,403.69 "," 831,991.99 "
PARAIBA  TOTAL,," 1,660,224.30 "," 2,790.50 "," 1,663,014.80 "," 7,674,841.28 "
ABREU E LIMA-PE,PE," 127,349.60 ", 525.49 ," 127,875.09 "," 593,056.60 "
CABO DE SANTO AGOSTINHO-PE,PE," 570,134.28 "," 125,749.98 "," 695,884.26 "," 3,230,811.30 "
CAMARAGIBE-PE,PE, -   , -   , -   , -   
CACHOEIRINHA-PE,PE, -   , -   , -   , -   
GOIANA-PE,PE," 181,681.67 "," 2,564.61 "," 184,246.28 "," 834,186.64 "
IGARASSU-PE,PE," 181,681.67 ", 772.69 ," 182,454.36 "," 829,552.57 "
IPOJUCA-PE,PE," 181,681.67 "," 175,677.45 "," 357,359.12 "," 1,584,637.49 "
ITACURUBA-PE,PE, -   , -   , -   , -   
ITAMBE-PE,PE, -   , -   , -   , -   
ITAQUITINGA-PE,PE, -   , -   , -   , 6.63 
JABOATAO DOS GUARARAPES-PE,PE," 181,681.67 "," 1,300.95 "," 182,982.62 "," 830,936.44 "
MORENO-PE,PE, -   , -   , -   , -   
PAULISTA-PE,PE," 481,380.88 ", -   ," 481,380.88 "," 2,412,714.99 "
RECIFE-PE,PE, -   , -   , -   , -   
SAO LOURENCO DA MATA-PE,PE," 181,681.67 "," 1,930.83 "," 183,612.50 "," 832,525.94 "
SIRINHAEM-PE,PE, -   ," 125,749.86 "," 125,749.86 "," 550,751.60 "
SURUBIM-PE,PE, -   , -   , -   , -   
VITORIA DE SANTO ANTAO-PE,PE, -   , -   , -   , -   
PERNAMBUCO  TOTAL,," 2,087,273.11 "," 434,271.86 "," 2,521,544.97 "," 11,699,180.20 "
ADRIANOPOLIS-PR,PR, -   , -   , -   , -   
AGUDOS DO SUL-PR,PR, -   , -   , -   , -   
ALMIRANTE TAMANDARE-PR,PR, -   , -   , -   , -   
ANTONINA-PR,PR, -   , -   , -   , -   
ARAUCARIA-PR,PR, -   , -   , -   , -   
BALSA NOVA-PR,PR, -   , -   , -   , -   
BOCAIUVA DO SUL-PR,PR, -   , -   , -   , -   
CAMPINA GRANDE DO SUL-PR,PR, -   , -   , -   , -   
CAMPO DO TENENTE-PR,PR, -   , -   , -   , -   
CAMPO LARGO-PR,PR, -   , -   , -   , -   
CAMPO MAGRO-PR,PR, -   , -   , -   , -   
CERRO AZUL-PR,PR, -   , -   , -   , -   
COLOMBO-PR,PR, -   , -   , -   , -   
CONTENDA-PR,PR, -   , -   , -   , -   
CURITIBA-PR,PR, -   , -   , -   , -   
DOUTOR ULYSSES-PR,PR, -   , -   , -   , -   
FAZENDA RIO GRANDE-PR,PR, -   , -   , -   , -   
GUARAQUECABA-PR,PR, -   , -   , -   , -   
GUARATUBA-PR,PR, -   , -   , -   , -   
ITAPERUCU-PR,PR, -   , -   , -   , -   
LAPA-PR,PR, -   , -   , -   , -   
MANDIRITUBA-PR,PR, -   , -   , -   , -   
MATINHOS-PR,PR, -   , -   , -   , -   
MORRETES-PR,PR, -   , -   , -   , -   
PARANAGUA-PR,PR, -   , -   , -   , -   
PIEN-PR,PR, -   , -   , -   , -   
PINHAIS-PR,PR, -   , -   , -   , -   
PIRAQUARA-PR,PR, -   , -   , -   , -   
PONTAL DO PARANA-PR,PR, -   , -   , -   , -   
PORTO AMAZONAS-PR,PR, -   , -   , -   , -   
QUATRO BARRAS-PR,PR, -   , -   , -   , -   
QUITANDINHA-PR,PR, -   , -   , -   , -   
RIO BRANCO DO SUL-PR,PR, -   , -   , -   , -   
RIO NEGRO-PR,PR, -   , -   , -   , -   
SAO JOSE DOS PINHAIS-PR,PR, -   , -   , -   , -   
SAO MATEUS DO SUL-PR,PR," 34,300.58 ", -   ," 34,300.58 "," 314,831.04 "
TIJUCAS DO SUL-PR,PR, -   , -   , -   , -   
TUNAS DO PARANA-PR,PR, -   , -   , -   , -   
PARANA  TOTAL,," 34,300.58 ", -   ," 34,300.58 "," 314,831.04 "
ANGRA DOS REIS-RJ,RJ," 2,460,042.42 "," 1,029,390.70 "," 3,489,433.12 "," 17,386,840.89 "
APERIBE-RJ,RJ," 235,978.74 ", -   ," 235,978.74 "," 1,107,915.79 "
ARARUAMA-RJ,RJ," 427,009.18 "," 1,200.34 "," 428,209.52 "," 2,010,849.95 "
ARMACAO DOS BUZIOS-RJ,RJ," 1,335,596.54 "," 761,721.36 "," 2,097,317.90 "," 10,394,133.16 "
ARRAIAL DO CABO-RJ,RJ," 1,335,596.54 "," 109,740.24 "," 1,445,336.78 "," 7,000,114.19 "
BARRA DO PIRAI-RJ,RJ," 404,535.00 ", -   ," 404,535.00 "," 1,899,284.27 "
BARRA MANSA-RJ,RJ," 449,483.34 ", -   ," 449,483.34 "," 2,110,315.85 "
BELFORD ROXO-RJ,RJ," 449,483.34 ", -   ," 449,483.34 "," 2,110,315.85 "
BOM JARDIM-RJ,RJ," 303,401.24 ", -   ," 303,401.24 "," 1,424,463.18 "
BOM JESUS DO ITABAPOANA-RJ,RJ," 325,875.41 ", -   ," 325,875.41 "," 1,529,978.99 "
CABO FRIO-RJ,RJ," 1,978,661.54 "," 3,323,580.90 "," 5,302,242.44 "," 26,028,542.23 "
CACHOEIRAS DE MACACU-RJ,RJ," 1,668,797.56 ", -   ," 1,668,797.56 "," 7,835,351.98 "
CAMBUCI-RJ,RJ," 258,452.91 ", -   ," 258,452.91 "," 1,213,431.60 "
CAMPOS DOS GOYTACAZES-RJ,RJ," 1,978,661.54 "," 17,095,031.53 "," 19,073,693.07 "," 91,714,160.75 "
CANTAGALO-RJ,RJ," 280,927.08 ", -   ," 280,927.08 "," 1,318,947.40 "
CARAPEBUS-RJ,RJ," 1,088,263.84 "," 237,673.62 "," 1,325,937.46 "," 6,323,649.27 "
CARDOSO MOREIRA-RJ,RJ," 247,215.83 ", -   ," 247,215.83 "," 1,160,673.70 "
CARMO-RJ,RJ," 269,689.99 ", -   ," 269,689.99 "," 1,266,189.49 "
CASIMIRO DE ABREU-RJ,RJ," 1,434,529.61 "," 844,856.23 "," 2,279,385.84 "," 10,933,696.61 "
CONCEICAO DE MACABU-RJ,RJ," 292,164.16 ", -   ," 292,164.16 "," 1,371,705.30 "
CORDEIRO-RJ,RJ," 292,164.16 ", -   ," 292,164.16 "," 1,371,705.30 "
DUAS BARRAS-RJ,RJ," 235,978.74 ", -   ," 235,978.74 "," 1,107,915.79 "
DUQUE DE CAXIAS-RJ,RJ," 2,134,480.41 "," 262,504.21 "," 2,396,984.62 "," 11,156,925.47 "
ENGENHEIRO PAULO DE FRONTIN-RJ,RJ," 247,215.83 ", -   ," 247,215.83 "," 1,160,673.70 "
GUAPIMIRIM-RJ,RJ," 1,997,250.66 "," 198,742.83 "," 2,195,993.49 "," 10,174,123.76 "
IGUABA GRANDE-RJ,RJ," 292,164.16 ", -   ," 292,164.16 "," 1,371,705.30 "
ITABORAI-RJ,RJ," 449,483.34 "," 186,561.14 "," 636,044.48 "," 2,871,562.93 "
ITAGUAI-RJ,RJ," 1,830,261.92 ", 427.92 ," 1,830,689.84 "," 8,592,778.80 "
ITALVA-RJ,RJ," 258,452.91 ", -   ," 258,452.91 "," 1,213,431.60 "
ITAOCARA-RJ,RJ," 292,164.16 ", -   ," 292,164.16 "," 1,371,705.30 "
ITAPERUNA-RJ,RJ," 404,535.00 ", -   ," 404,535.00 "," 1,899,284.27 "
ITATIAIA-RJ,RJ," 314,638.33 ", -   ," 314,638.33 "," 1,477,221.07 "
JAPERI-RJ,RJ," 560,353.87 "," 130,198.91 "," 690,552.78 "," 3,281,408.40 "
LAJE DO MURIAE-RJ,RJ," 224,741.66 ", -   ," 224,741.66 "," 1,055,157.89 "
MACAE-RJ,RJ," 14,426,915.33 "," 3,879,242.57 "," 18,306,157.90 "," 86,151,334.04 "
MACUCO-RJ,RJ," 224,741.66 ", -   ," 224,741.66 "," 1,055,157.89 "
MAGE-RJ,RJ," 2,129,155.51 "," 186,561.14 "," 2,315,716.65 "," 10,758,075.47 "
MANGARATIBA-RJ,RJ," 337,112.49 "," 777,149.59 "," 1,114,262.08 "," 5,876,205.64 "
MARICA-RJ,RJ," 1,879,728.46 "," 9,309,406.06 "," 11,189,134.52 "," 48,300,244.82 "
MENDES-RJ,RJ," 269,689.99 ", -   ," 269,689.99 "," 1,266,189.49 "
MESQUITA-RJ,RJ," 449,483.34 ", -   ," 449,483.34 "," 2,110,315.85 "
MIGUEL PEREIRA-RJ,RJ," 303,401.24 ", -   ," 303,401.24 "," 1,424,463.18 "
MIRACEMA-RJ,RJ," 303,401.24 ", -   ," 303,401.24 "," 1,424,463.18 "
NATIVIDADE-RJ,RJ," 258,452.91 ", -   ," 258,452.91 "," 1,213,431.60 "
NILOPOLIS-RJ,RJ," 449,483.34 ", -   ," 449,483.34 "," 2,110,315.85 "
NITEROI-RJ,RJ," 1,978,661.54 "," 7,473,383.50 "," 9,452,045.04 "," 41,331,878.68 "
NOVA FRIBURGO-RJ,RJ," 449,483.34 ", -   ," 449,483.34 "," 2,110,315.85 "
NOVA IGUACU-RJ,RJ," 449,483.34 ", -   ," 449,483.34 "," 2,110,315.85 "
PARACAMBI-RJ,RJ," 504,168.46 ", 651.04 ," 504,819.50 "," 2,349,227.99 "
PARATI-RJ,RJ," 1,483,996.15 "," 1,525,247.70 "," 3,009,243.85 "," 16,355,926.07 "
PATY DO ALFERES-RJ,RJ," 303,401.24 ", -   ," 303,401.24 "," 1,424,463.18 "
PETROPOLIS-RJ,RJ," 449,483.34 ", -   ," 449,483.34 "," 2,110,315.85 "
PINHEIRAL-RJ,RJ," 292,164.16 ", -   ," 292,164.16 "," 1,371,705.30 "
PIRAI-RJ,RJ," 459,220.11 "," 4,334.33 "," 463,554.44 "," 2,153,669.88 "
PORCIUNCULA-RJ,RJ," 269,689.99 ", -   ," 269,689.99 "," 1,266,189.49 "
PORTO REAL-RJ,RJ," 269,689.99 ", -   ," 269,689.99 "," 1,266,189.49 "
QUATIS-RJ,RJ," 247,215.83 ", -   ," 247,215.83 "," 1,160,673.70 "
QUEIMADOS-RJ,RJ," 438,246.25 ", -   ," 438,246.25 "," 2,057,557.95 "
QUISSAMA-RJ,RJ," 1,286,129.99 "," 1,414,854.48 "," 2,700,984.47 "," 13,356,173.48 "
RESENDE-RJ,RJ," 582,828.05 "," 10,212.95 "," 593,041.00 "," 2,757,861.71 "
RIO BONITO-RJ,RJ," 359,586.67 ", -   ," 359,586.67 "," 1,688,252.69 "
RIO CLARO-RJ,RJ," 269,689.99 ", -   ," 269,689.99 "," 1,266,189.49 "
RIO DAS FLORES-RJ,RJ," 380,560.53 "," 1,447.12 "," 382,007.65 "," 1,772,281.95 "
RIO DAS OSTRAS-RJ,RJ," 1,830,261.92 "," 3,474,243.06 "," 5,304,504.98 "," 26,058,826.61 "
RIO DE JANEIRO-RJ,RJ," 2,460,042.42 "," 2,116,380.55 "," 4,576,422.97 "," 20,643,339.27 "
SANTA MARIA MADALENA-RJ,RJ," 235,978.74 ", -   ," 235,978.74 "," 1,107,915.79 "
SANTO ANTONIO DE PADUA-RJ,RJ," 348,349.59 ", -   ," 348,349.59 "," 1,635,494.76 "
SAO FIDELIS-RJ,RJ," 337,112.49 ", -   ," 337,112.49 "," 1,582,736.88 "
SAO FRANCISCO DE ITABAPOANA-RJ,RJ," 348,349.59 ", -   ," 348,349.59 "," 1,635,494.76 "
SAO GONCALO-RJ,RJ," 449,483.34 "," 186,561.14 "," 636,044.48 "," 2,871,562.93 "
SAO JOAO DA BARRA-RJ,RJ," 1,434,529.61 "," 3,298,502.92 "," 4,733,032.53 "," 22,293,105.19 "
SAO JOAO DE MERITI-RJ,RJ," 449,483.34 ", -   ," 449,483.34 "," 2,110,315.85 "
SAO JOSE DE UBA-RJ,RJ," 224,741.66 ", -   ," 224,741.66 "," 1,055,157.89 "
SAO JOSE DO VALE DO RIO PRETO-RJ,RJ," 292,164.16 ", -   ," 292,164.16 "," 1,371,705.30 "
SAO PEDRO DA ALDEIA-RJ,RJ," 404,535.00 ", -   ," 404,535.00 "," 1,899,284.27 "
SAO SEBASTIAO DO ALTO-RJ,RJ," 224,741.66 ", -   ," 224,741.66 "," 1,055,157.89 "
SAQUAREMA-RJ,RJ," 1,731,328.85 "," 336,880.87 "," 2,068,209.72 "," 8,658,501.18 "
SEROPEDICA-RJ,RJ," 393,297.92 ", -   ," 393,297.92 "," 1,846,526.38 "
SILVA JARDIM-RJ,RJ," 1,496,163.32 ", -   ," 1,496,163.32 "," 7,024,798.32 "
SUMIDOURO-RJ,RJ," 258,452.91 ", -   ," 258,452.91 "," 1,213,431.60 "
TANGUA-RJ,RJ," 314,638.33 ", -   ," 314,638.33 "," 1,477,221.07 "
TERESOPOLIS-RJ,RJ," 449,483.34 ", -   ," 449,483.34 "," 2,110,315.85 "
TRAJANO DE MORAIS-RJ,RJ," 235,978.74 ", -   ," 235,978.74 "," 1,107,915.79 "
VALENCA-RJ,RJ," 382,060.84 ", -   ," 382,060.84 "," 1,793,768.47 "
VARRE-SAI-RJ,RJ," 224,741.66 ", -   ," 224,741.66 "," 1,055,157.89 "
VASSOURAS-RJ,RJ," 325,875.41 ", -   ," 325,875.41 "," 1,529,978.99 "
VOLTA REDONDA-RJ,RJ," 605,302.21 "," 44,638.08 "," 649,940.29 "," 3,044,981.09 "
RIO DE JANEIRO  TOTAL,," 73,720,612.49 "," 58,221,327.03 "," 131,941,939.52 "," 620,028,239.66 "
ACARI-RN,RN," 1,620.95 ", -   ," 1,620.95 "," 6,465.72 "
ACU-RN,RN," 253,829.21 "," 134,440.54 "," 388,269.75 "," 1,592,741.40 "
AFONSO BEZERRA-RN,RN," 584,479.52 ", 55.63 ," 584,535.15 "," 2,739,030.24 "
AGUA NOVA-RN,RN," 1,543.77 ", -   ," 1,543.77 "," 6,157.83 "
ALEXANDRIA-RN,RN," 1,698.14 ", -   ," 1,698.14 "," 6,773.62 "
ALMINO AFONSO-RN,RN," 1,543.77 ", -   ," 1,543.77 "," 6,157.83 "
ALTO DO RODRIGUES-RN,RN," 669,333.43 "," 82,874.77 "," 752,208.20 "," 3,629,760.79 "
ANGICOS-RN,RN, -   , -   , -   , -   
ANTONIO MARTINS-RN,RN," 1,543.77 ", -   ," 1,543.77 "," 6,157.83 "
APODI-RN,RN," 120,866.57 "," 64,183.26 "," 185,049.83 "," 862,051.55 "
AREIA BRANCA-RN,RN," 198,096.58 "," 119,577.71 "," 317,674.29 "," 2,663,897.56 "
AUGUSTO SEVERO-RN,RN," 1,543.77 ", -   ," 1,543.77 "," 6,157.83 "
BARAUNA-RN,RN," 2,084.09 ", -   ," 2,084.09 "," 8,313.07 "
CAICO-RN,RN," 2,547.22 ", -   ," 2,547.22 "," 10,160.44 "
CARAUBAS-RN,RN," 78,099.69 "," 26,732.16 "," 104,831.85 "," 491,095.89 "
CARNAUBA DOS DANTAS-RN,RN," 1,543.77 ", -   ," 1,543.77 "," 6,157.83 "
CARNAUBAIS-RN,RN," 104,949.58 "," 56,479.45 "," 161,429.03 "," 717,682.31 "
CERRO CORA-RN,RN," 1,620.95 ", -   ," 1,620.95 "," 6,465.72 "
CORONEL JOAO PESSOA-RN,RN," 1,543.77 ", -   ," 1,543.77 "," 6,157.83 "
CRUZETA-RN,RN," 1,543.77 ", -   ," 1,543.77 "," 6,157.83 "
CURRAIS NOVOS-RN,RN," 2,392.84 ", -   ," 2,392.84 "," 9,544.64 "
DOUTOR SEVERIANO-RN,RN," 1,543.77 ", -   ," 1,543.77 "," 6,157.83 "
ENCANTO-RN,RN," 1,543.77 ", -   ," 1,543.77 "," 6,157.83 "
EQUADOR-RN,RN," 1,543.77 ", -   ," 1,543.77 "," 6,157.83 "
FELIPE GUERRA-RN,RN," 563,941.40 "," 27,988.06 "," 591,929.46 "," 2,859,181.65 "
FLORANIA-RN,RN," 1,543.77 ", -   ," 1,543.77 "," 6,157.83 "
FRANCISCO DANTAS-RN,RN," 1,543.77 ", -   ," 1,543.77 "," 6,157.83 "
FRUTUOSO GOMES-RN,RN," 1,543.77 ", -   ," 1,543.77 "," 6,157.83 "
GALINHOS-RN,RN," 1,543.77 "," 58,531.97 "," 60,075.74 "," 224,588.97 "
GOIANINHA-RN,RN," 570,134.28 ", -   ," 570,134.28 "," 2,682,923.57 "
GOVERNADOR DIX-SEPT ROSADO-RN,RN," 124,442.59 "," 65,917.73 "," 190,360.32 "," 886,232.62 "
GROSSOS-RN,RN," 559,161.33 "," 24,411.77 "," 583,573.10 "," 2,722,135.13 "
GUAMARE-RN,RN," 555,851.86 "," 388,064.90 "," 943,916.76 "," 4,334,371.00 "
IELMO MARINHO-RN,RN," 570,134.28 ", -   ," 570,134.28 "," 2,680,058.49 "
IPANGUACU-RN,RN," 1,698.14 ", -   ," 1,698.14 "," 6,773.62 "
IPUEIRA-RN,RN," 1,543.77 ", -   ," 1,543.77 "," 6,157.83 "
ITAJA-RN,RN," 1,543.77 ", -   ," 1,543.77 "," 6,157.83 "
ITAU-RN,RN," 1,543.77 ", -   ," 1,543.77 "," 6,157.83 "
JANDAIRA-RN,RN," 1,543.77 ", -   ," 1,543.77 "," 6,157.83 "
JANDUIS-RN,RN," 1,543.77 ", -   ," 1,543.77 "," 6,157.83 "
JARDIM DE PIRANHAS-RN,RN," 1,698.14 ", -   ," 1,698.14 "," 6,773.62 "
JARDIM DO SERIDO-RN,RN," 1,698.14 ", -   ," 1,698.14 "," 6,773.62 "
JOAO DIAS-RN,RN," 1,543.77 ", -   ," 1,543.77 "," 6,157.83 "
JOSE DA PENHA-RN,RN," 1,543.77 ", -   ," 1,543.77 "," 6,157.83 "
JUCURUTU-RN,RN," 1,852.52 ", -   ," 1,852.52 "," 7,389.39 "
LAGOA NOVA-RN,RN," 1,698.14 ", -   ," 1,698.14 "," 6,773.62 "
LUCRECIA-RN,RN," 1,543.77 ", -   ," 1,543.77 "," 6,157.83 "
LUIS GOMES-RN,RN," 1,543.77 ", -   ," 1,543.77 "," 6,157.83 "
MACAIBA-RN,RN," 181,681.67 "," 2,546.89 "," 184,228.56 "," 833,472.58 "
MACAU-RN,RN," 715,172.52 "," 365,084.87 "," 1,080,257.39 "," 4,885,073.70 "
MAJOR SALES-RN,RN," 1,543.77 ", -   ," 1,543.77 "," 6,157.83 "
MARCELINO VIEIRA-RN,RN," 1,543.77 ", -   ," 1,543.77 "," 6,157.83 "
MARTINS-RN,RN," 1,543.77 ", -   ," 1,543.77 "," 6,157.83 "
MESSIAS TARGINO-RN,RN," 1,543.77 ", -   ," 1,543.77 "," 6,157.83 "
MONTE ALEGRE-RN,RN," 181,681.67 ", -   ," 181,681.67 "," 826,036.93 "
MOSSORO-RN,RN," 469,698.38 "," 406,150.64 "," 875,849.02 "," 4,013,224.42 "
OLHO D'AGUA DO BORGES-RN,RN," 1,543.77 ", -   ," 1,543.77 "," 6,157.83 "
OURO BRANCO-RN,RN," 1,543.77 ", -   ," 1,543.77 "," 6,157.83 "
PARANA-RN,RN," 1,543.77 ", -   ," 1,543.77 "," 6,157.83 "
PARAU-RN,RN," 1,543.77 ", -   ," 1,543.77 "," 6,157.83 "
PARELHAS-RN,RN," 2,006.90 ", -   ," 2,006.90 "," 8,005.19 "
PARNAMIRIM-RN,RN, 0.30 , -   , 0.30 , 0.30 
PATU-RN,RN," 1,620.95 ", -   ," 1,620.95 "," 6,465.72 "
PAU DOS FERROS-RN,RN," 2,084.09 ", -   ," 2,084.09 "," 8,313.07 "
PEDRO AVELINO-RN,RN," 1,543.77 ", -   ," 1,543.77 "," 6,157.83 "
PENDENCIAS-RN,RN," 146,481.92 "," 72,521.52 "," 219,003.44 "," 1,008,626.26 "
PILOES-RN,RN," 1,543.77 ", -   ," 1,543.77 "," 6,157.83 "
PORTALEGRE-RN,RN," 1,543.77 ", -   ," 1,543.77 "," 6,157.83 "
PORTO DO MANGUE-RN,RN," 23,501.24 "," 33,944.36 "," 57,445.60 "," 226,161.12 "
RAFAEL FERNANDES-RN,RN," 1,543.77 ", -   ," 1,543.77 "," 6,157.83 "
RAFAEL GODEIRO-RN,RN," 1,543.77 ", -   ," 1,543.77 "," 6,157.83 "
RIACHO DA CRUZ-RN,RN," 1,543.77 ", -   ," 1,543.77 "," 6,157.83 "
RIACHO DE SANTANA-RN,RN," 1,543.77 ", -   ," 1,543.77 "," 6,157.83 "
RODOLFO FERNANDES-RN,RN," 1,543.77 ", -   ," 1,543.77 "," 6,157.83 "
SANTANA DO SERIDO-RN,RN," 1,543.77 ", -   ," 1,543.77 "," 6,157.83 "
SAO FERNANDO-RN,RN," 1,543.77 ", -   ," 1,543.77 "," 6,157.83 "
SAO FRANCISCO DO OESTE-RN,RN," 1,543.77 ", -   ," 1,543.77 "," 6,157.83 "
SAO GONCALO DO AMARANTE-RN,RN, -   , -   , -   , -   
SAO JOAO DO SABUGI-RN,RN," 1,543.77 ", -   ," 1,543.77 "," 6,157.83 "
SAO JOSE DE MIPIBU-RN,RN, -   , -   , -   , -   
SAO JOSE DO SERIDO-RN,RN," 1,543.77 ", -   ," 1,543.77 "," 6,157.83 "
SAO MIGUEL-RN,RN," 2,006.90 ", -   ," 2,006.90 "," 8,005.19 "
SAO RAFAEL-RN,RN," 1,543.77 ", -   ," 1,543.77 "," 6,157.83 "
SAO VICENTE-RN,RN," 1,543.77 ", -   ," 1,543.77 "," 6,157.83 "
SERRA DO MEL-RN,RN," 537,533.44 "," 10,650.33 "," 548,183.77 "," 2,699,731.57 "
SERRA NEGRA DO NORTE-RN,RN," 1,543.77 ", -   ," 1,543.77 "," 6,157.83 "
SERRINHA DOS PINTOS-RN,RN," 1,543.77 ", -   ," 1,543.77 "," 6,157.83 "
SEVERIANO MELO-RN,RN," 1,543.77 ", -   ," 1,543.77 "," 6,157.83 "
TABOLEIRO GRANDE-RN,RN," 1,543.77 ", -   ," 1,543.77 "," 6,157.83 "
TENENTE ANANIAS-RN,RN," 1,543.77 ", -   ," 1,543.77 "," 6,157.83 "
TENENTE LAURENTINO CRUZ-RN,RN," 1,543.77 ", -   ," 1,543.77 "," 6,157.83 "
TIBAU-RN,RN," 559,161.33 "," 7,653.78 "," 566,815.11 "," 2,654,417.64 "
TIMBAUBA DOS BATISTAS-RN,RN," 1,543.77 ", -   ," 1,543.77 "," 6,157.83 "
TRIUNFO POTIGUAR-RN,RN," 1,543.77 ", -   ," 1,543.77 "," 6,157.83 "
UMARIZAL-RN,RN," 1,620.95 ", -   ," 1,620.95 "," 6,465.72 "
UPANEMA-RN,RN," 75,537.12 "," 51,724.32 "," 127,261.44 "," 579,303.10 "
VENHA-VER-RN,RN," 1,543.77 ", -   ," 1,543.77 "," 6,157.83 "
VICOSA-RN,RN," 1,543.77 ", -   ," 1,543.77 "," 6,157.83 "
RIO GRANDE DO NORTE  TOTAL,," 7,960,170.09 "," 1,999,534.66 "," 9,959,704.75 "," 47,269,941.41 "
ARAMBARE-RS,RS, -   , -   , -   ," 8,106.68 "
BARRA DO RIBEIRO-RS,RS, -   , -   , -   ," 8,106.68 "
CAMAQUA-RS,RS, -   , -   , -   ," 8,106.68 "
CANOAS-RS,RS," 155,818.87 ", -   ," 155,818.87 "," 710,955.50 "
CAPIVARI DO SUL-RS,RS, -   , -   , -   ," 8,106.68 "
CIDREIRA-RS,RS, -   ," 459,942.17 "," 459,942.17 "," 1,965,262.17 "
ELDORADO DO SUL-RS,RS, -   , -   , -   ," 8,106.68 "
GUAIBA-RS,RS, -   , -   , -   ," 8,106.68 "
IMBE-RS,RS, -   ," 459,942.17 "," 459,942.17 "," 1,965,262.17 "
MOSTARDAS-RS,RS, -   , -   , -   ," 8,106.68 "
OSORIO-RS,RS," 155,818.87 "," 1,271,922.04 "," 1,427,740.91 "," 6,150,730.62 "
PALMARES DO SUL-RS,RS, -   , -   , -   ," 8,106.68 "
PELOTAS-RS,RS, -   , -   , -   ," 8,106.68 "
PORTO ALEGRE-RS,RS, -   , -   , -   ," 8,106.68 "
RIO GRANDE-RS,RS, -   , -   , -   ," 1,532,552.77 "
SAO FRANCISCO DE PAULA-RS,RS, -   , -   , -   , -   
SAO JOSE DO NORTE-RS,RS, -   , -   , -   ," 8,106.68 "
SAO LOURENCO DO SUL-RS,RS, -   , -   , -   ," 8,106.68 "
TAPES-RS,RS, -   , -   , -   ," 8,106.68 "
TAVARES-RS,RS, -   , -   , -   ," 8,106.68 "
TRAMANDAI-RS,RS," 481,380.88 "," 613,256.22 "," 1,094,637.10 "," 5,035,926.48 "
TURUCU-RS,RS, -   , -   , -   ," 8,106.68 "
VIAMAO-RS,RS, -   , -   , -   ," 8,106.68 "
RIO GRANDE DO SUL  TOTAL,," 793,018.62 "," 2,805,062.60 "," 3,598,081.22 "," 17,490,396.59 "
ARAQUARI-SC,SC, -   ," 220,115.56 "," 220,115.56 "," 981,335.02 "
BALNEARIO BARRA DO SUL-SC,SC, -   ," 220,115.56 "," 220,115.56 "," 981,335.02 "
GARUVA-SC,SC, -   ," 220,115.56 "," 220,115.56 "," 981,335.02 "
GASPAR-SC,SC, -   , -   , -   , -   
ITAPOA-SC,SC, -   ," 220,115.56 "," 220,115.56 "," 981,335.02 "
JOINVILLE-SC,SC, -   ," 220,115.56 "," 220,115.56 "," 981,335.02 "
SAO FRANCISCO DO SUL-SC,SC," 481,380.88 "," 733,718.58 "," 1,215,099.46 "," 5,686,693.76 "
SANTA CATARINA  TOTAL,," 481,380.88 "," 1,834,296.38 "," 2,315,677.26 "," 10,593,368.86 "
AMPARO DE SAO FRANCISCO-SE,SE," 2,848.71 ", -   ," 2,848.71 "," 12,365.26 "
AQUIDABA-SE,SE," 3,703.33 ", -   ," 3,703.33 "," 16,074.85 "
ARACAJU-SE,SE," 622,931.76 "," 224,798.86 "," 847,730.62 "," 4,023,501.50 "
ARAUA-SE,SE," 2,991.15 ", -   ," 2,991.15 "," 12,983.54 "
AREIA BRANCA-SE,SE," 4,220.71 ", 517.45 ," 4,738.16 "," 22,290.41 "
BARRA DOS COQUEIROS-SE,SE," 64,035.91 "," 65,606.05 "," 129,641.96 "," 569,169.02 "
BOQUIM-SE,SE," 3,845.76 ", -   ," 3,845.76 "," 16,693.10 "
BREJO GRANDE-SE,SE," 534,821.73 "," 2,240.34 "," 537,062.07 "," 1,921,032.80 "
CAMPO DO BRITO-SE,SE," 3,418.46 ", -   ," 3,418.46 "," 14,838.32 "
CANHOBA-SE,SE," 2,848.71 ", -   ," 2,848.71 "," 12,365.26 "
CANINDE DE SAO FRANCISCO-SE,SE," 3,845.76 ", -   ," 3,845.76 "," 16,693.10 "
CAPELA-SE,SE," 7,366.38 "," 2,178.93 "," 9,545.31 "," 46,080.45 "
CARIRA-SE,SE," 3,703.33 ", -   ," 3,703.33 "," 16,074.85 "
CARMOPOLIS-SE,SE," 693,838.10 "," 196,659.19 "," 890,497.29 "," 4,144,598.36 "
CEDRO DE SAO JOAO-SE,SE," 2,848.71 ", -   ," 2,848.71 "," 12,365.26 "
CRISTINAPOLIS-SE,SE," 3,418.46 ", -   ," 3,418.46 "," 14,838.32 "
CUMBE-SE,SE," 2,848.71 ", -   ," 2,848.71 "," 12,365.26 "
DIVINA PASTORA-SE,SE," 642,946.45 "," 118,611.75 "," 761,558.20 "," 1,655,375.69 "
ESTANCIA-SE,SE," 262,319.48 "," 138,432.34 "," 400,751.82 "," 1,786,738.91 "
FEIRA NOVA-SE,SE," 2,848.71 ", -   ," 2,848.71 "," 12,365.26 "
FREI PAULO-SE,SE," 3,133.58 ", -   ," 3,133.58 "," 13,601.78 "
GARARU-SE,SE," 2,991.15 ", -   ," 2,991.15 "," 12,983.54 "
GENERAL MAYNARD-SE,SE," 3,551.27 ", 526.92 ," 4,078.19 "," 17,236.35 "
GRACHO CARDOSO-SE,SE," 2,848.71 ", -   ," 2,848.71 "," 12,365.26 "
ILHA DAS FLORES-SE,SE," 2,848.71 ", -   ," 2,848.71 "," 12,365.26 "
INDIAROBA-SE,SE," 3,276.02 ", -   ," 3,276.02 "," 14,220.06 "
ITABAIANA-SE,SE," 5,127.69 ", -   ," 5,127.69 "," 22,257.50 "
ITABAIANINHA-SE,SE," 4,273.07 ", -   ," 4,273.07 "," 18,547.91 "
ITABI-SE,SE," 2,848.71 ", -   ," 2,848.71 "," 12,365.26 "
ITAPORANGA D'AJUDA-SE,SE," 547,788.49 "," 134,936.08 "," 682,724.57 "," 2,599,736.66 "
JAPARATUBA-SE,SE," 730,764.20 "," 169,196.31 "," 899,960.51 "," 4,149,862.55 "
JAPOATA-SE,SE," 3,133.58 ", -   ," 3,133.58 "," 13,601.78 "
LAGARTO-SE,SE," 5,127.69 ", -   ," 5,127.69 "," 22,257.50 "
LARANJEIRAS-SE,SE," 185,527.43 ", 979.39 ," 186,506.82 "," 846,377.80 "
MACAMBIRA-SE,SE," 2,848.71 ", -   ," 2,848.71 "," 12,365.26 "
MALHADA DOS BOIS-SE,SE," 2,848.71 ", -   ," 2,848.71 "," 12,365.26 "
MALHADOR-SE,SE," 3,133.58 ", -   ," 3,133.58 "," 13,601.78 "
MARUIM-SE,SE," 546,951.16 "," 19,405.24 "," 566,356.40 "," 2,757,420.59 "
MOITA BONITA-SE,SE," 2,991.15 ", -   ," 2,991.15 "," 12,983.54 "
MONTE ALEGRE DE SERGIPE-SE,SE," 3,133.58 ", -   ," 3,133.58 "," 13,601.78 "
MURIBECA-SE,SE," 2,848.71 ", -   ," 2,848.71 "," 12,365.26 "
NEOPOLIS-SE,SE," 3,560.89 ", -   ," 3,560.89 "," 15,456.58 "
NOSSA SENHORA APARECIDA-SE,SE," 2,848.71 ", -   ," 2,848.71 "," 12,365.26 "
NOSSA SENHORA DA GLORIA-SE,SE," 4,130.64 ", -   ," 4,130.64 "," 17,929.64 "
NOSSA SENHORA DAS DORES-SE,SE," 3,845.76 ", -   ," 3,845.76 "," 16,693.10 "
NOSSA SENHORA DE LOURDES-SE,SE," 2,848.71 ", -   ," 2,848.71 "," 12,365.26 "
NOSSA SENHORA DO SOCORRO-SE,SE," 186,851.10 ", 979.39 ," 187,830.49 "," 858,608.88 "
PACATUBA-SE,SE," 531,315.33 ", 12.74 ," 531,328.07 "," 2,631,397.21 "
PEDRA MOLE-SE,SE," 2,848.71 ", -   ," 2,848.71 "," 12,365.26 "
PEDRINHAS-SE,SE," 2,848.71 ", -   ," 2,848.71 "," 12,365.26 "
PINHAO-SE,SE," 2,848.71 ", -   ," 2,848.71 "," 12,365.26 "
PIRAMBU-SE,SE," 578,026.03 "," 13,888.16 "," 591,914.19 "," 2,875,409.62 "
POCO REDONDO-SE,SE," 3,988.20 ", -   ," 3,988.20 "," 17,311.38 "
POCO VERDE-SE,SE," 3,703.33 ", -   ," 3,703.33 "," 16,074.85 "
PORTO DA FOLHA-SE,SE," 3,845.76 ", -   ," 3,845.76 "," 16,693.10 "
PROPRIA-SE,SE," 3,988.20 ", -   ," 3,988.20 "," 17,311.38 "
RIACHAO DO DANTAS-SE,SE," 3,560.89 ", -   ," 3,560.89 "," 15,456.58 "
RIACHUELO-SE,SE," 74,074.91 "," 15,931.63 "," 90,006.54 "," 1,127,896.78 "
RIBEIROPOLIS-SE,SE," 3,418.46 ", -   ," 3,418.46 "," 14,838.32 "
ROSARIO DO CATETE-SE,SE," 230,733.22 "," 46,508.36 "," 277,241.58 "," 1,241,735.30 "
SALGADO-SE,SE," 3,560.89 ", -   ," 3,560.89 "," 15,456.58 "
SANTA LUZIA DO ITANHY-SE,SE," 3,133.58 ", -   ," 3,133.58 "," 13,601.78 "
SANTA ROSA DE LIMA-SE,SE," 2,848.71 ", -   ," 2,848.71 "," 12,365.26 "
SANTANA DO SAO FRANCISCO-SE,SE," 2,848.71 ", -   ," 2,848.71 "," 12,365.26 "
SANTO AMARO DAS BROTAS-SE,SE," 65,593.49 "," 13,645.96 "," 79,239.45 "," 345,192.55 "
SAO CRISTOVAO-SE,SE," 52,066.47 ", 137.66 ," 52,204.13 "," 178,685.71 "
SAO DOMINGOS-SE,SE," 2,991.15 ", -   ," 2,991.15 "," 12,983.54 "
SAO FRANCISCO-SE,SE," 2,848.71 ", -   ," 2,848.71 "," 12,365.26 "
SAO MIGUEL DO ALEIXO-SE,SE," 2,848.71 ", -   ," 2,848.71 "," 12,365.26 "
SIMAO DIAS-SE,SE," 4,273.07 ", -   ," 4,273.07 "," 18,547.91 "
SIRIRI-SE,SE," 556,464.89 "," 42,254.80 "," 598,719.69 "," 1,594,299.59 "
TELHA-SE,SE," 2,848.71 ", -   ," 2,848.71 "," 12,365.26 "
TOBIAS BARRETO-SE,SE," 4,557.94 ", -   ," 4,557.94 "," 19,784.44 "
TOMAR DO GERU-SE,SE," 3,133.58 ", -   ," 3,133.58 "," 13,601.78 "
UMBAUBA-SE,SE," 3,703.33 ", -   ," 3,703.33 "," 16,074.85 "
SERGIPE  TOTAL,," 6,821,273.55 "," 1,207,447.55 "," 8,028,721.10 "," 35,694,605.37 "
APARECIDA-SP,SP," 39,552.89 ", -   ," 39,552.89 "," 182,553.77 "
ARAPEI-SP,SP," 27,277.85 ", -   ," 27,277.85 "," 125,899.15 "
AREIAS-SP,SP," 27,277.85 ", -   ," 27,277.85 "," 125,899.15 "
ARUJA-SP,SP," 47,736.25 ", -   ," 47,736.25 "," 220,323.55 "
BANANAL-SP,SP," 28,641.74 ", -   ," 28,641.74 "," 132,194.11 "
BARRA DO TURVO-SP,SP," 27,277.85 ", -   ," 27,277.85 "," 125,899.15 "
BARUERI-SP,SP," 54,555.71 ", -   ," 54,555.71 "," 251,798.33 "
BERTIOGA-SP,SP," 785,032.38 "," 1,433,216.08 "," 2,218,248.46 "," 10,434,559.21 "
BILAC-SP,SP, -   , -   , -   , -   
BIRITIBA-MIRIM-SP,SP," 38,188.99 ", -   ," 38,188.99 "," 176,258.80 "
BRAGANCA PAULISTA-SP,SP, -   , -   , -   , -   
CACAPAVA-SP,SP," 204,919.01 "," 10,829.62 "," 215,748.63 "," 977,731.86 "
CACHOEIRA PAULISTA-SP,SP," 38,188.99 ", -   ," 38,188.99 "," 176,258.80 "
CAIEIRAS-SP,SP," 49,100.14 ", -   ," 49,100.14 "," 226,618.50 "
CAJAMAR-SP,SP," 46,372.36 ", -   ," 46,372.36 "," 214,028.59 "
CAJATI-SP,SP," 38,188.99 ", -   ," 38,188.99 "," 176,258.80 "
CAMPOS DO JORDAO-SP,SP," 42,280.68 ", -   ," 42,280.68 "," 195,143.70 "
CANANEIA-SP,SP," 557,119.76 "," 38,948.35 "," 596,068.11 "," 2,825,501.76 "
CANAS-SP,SP," 27,277.85 ", -   ," 27,277.85 "," 125,899.15 "
CARAGUATATUBA-SP,SP," 1,418,355.01 "," 2,575,775.14 "," 3,994,130.15 "," 17,985,296.38 "
CARAPICUIBA-SP,SP," 54,555.71 ", -   ," 54,555.71 "," 251,798.33 "
COTIA-SP,SP," 54,555.71 ", -   ," 54,555.71 "," 251,798.33 "
CRUZEIRO-SP,SP," 47,736.25 ", -   ," 47,736.25 "," 220,323.55 "
CUBATAO-SP,SP," 2,700,843.24 "," 42,972.28 "," 2,743,815.52 "," 12,845,001.49 "
CUNHA-SP,SP," 35,461.20 ", -   ," 35,461.20 "," 163,668.89 "
DIADEMA-SP,SP," 54,555.71 ", -   ," 54,555.71 "," 251,798.33 "
ELDORADO-SP,SP," 31,369.53 ", -   ," 31,369.53 "," 144,784.03 "
EMBU-GUACU-SP,SP," 45,008.46 ", -   ," 45,008.46 "," 207,733.61 "
EMBU-SP,SP," 54,555.71 ", -   ," 54,555.71 "," 251,798.33 "
FERRAZ DE VASCONCELOS-SP,SP," 54,555.71 ", -   ," 54,555.71 "," 251,798.33 "
FRANCISCO MORATO-SP,SP," 54,555.71 ", -   ," 54,555.71 "," 251,798.33 "
FRANCO DA ROCHA-SP,SP," 53,191.82 ", -   ," 53,191.82 "," 245,503.38 "
GUARAREMA-SP,SP," 192,643.97 "," 1,791,208.18 "," 1,983,852.15 "," 10,677,968.76 "
GUARATINGUETA-SP,SP," 51,827.93 ", -   ," 51,827.93 "," 239,208.41 "
GUARUJA-SP,SP," 54,555.71 ", -   ," 54,555.71 "," 251,798.33 "
GUARULHOS-SP,SP," 54,555.71 ", -   ," 54,555.71 "," 251,798.33 "
IGARATA-SP,SP," 27,277.85 ", -   ," 27,277.85 "," 125,899.15 "
IGUAPE-SP,SP," 709,061.51 "," 362,758.09 "," 1,071,819.60 "," 4,959,466.41 "
ILHA COMPRIDA-SP,SP," 506,472.50 "," 1,379,261.21 "," 1,885,733.71 "," 10,409,259.61 "
ILHABELA-SP,SP," 709,061.51 "," 8,435,604.00 "," 9,144,665.51 "," 40,685,207.31 "
ITANHAEM-SP,SP," 49,100.14 ", -   ," 49,100.14 "," 226,618.50 "
ITAPECERICA DA SERRA-SP,SP," 54,555.71 ", -   ," 54,555.71 "," 251,798.33 "
ITAPEVI-SP,SP," 54,555.71 ", -   ," 54,555.71 "," 251,798.33 "
ITAQUAQUECETUBA-SP,SP," 54,555.71 ", -   ," 54,555.71 "," 251,798.33 "
ITARIRI-SP,SP," 31,369.53 ", -   ," 31,369.53 "," 144,784.03 "
JACAREI-SP,SP," 54,555.71 ", -   ," 54,555.71 "," 251,798.33 "
JACUPIRANGA-SP,SP," 32,733.42 ", -   ," 32,733.42 "," 151,078.98 "
JAMBEIRO-SP,SP," 27,277.85 ", -   ," 27,277.85 "," 125,899.15 "
JANDIRA-SP,SP," 50,464.03 ", -   ," 50,464.03 "," 232,913.45 "
JUQUIA-SP,SP," 34,097.31 ", -   ," 34,097.31 "," 157,373.94 "
JUQUITIBA-SP,SP," 38,188.99 ", -   ," 38,188.99 "," 176,258.80 "
LAGOINHA-SP,SP," 27,277.85 ", -   ," 27,277.85 "," 125,899.15 "
LAVRINHAS-SP,SP," 27,277.85 ", -   ," 27,277.85 "," 125,899.15 "
LORENA-SP,SP," 204,919.01 "," 8,005.06 "," 212,924.07 "," 970,562.55 "
MAIRIPORA-SP,SP," 49,100.14 ", -   ," 49,100.14 "," 226,618.50 "
MAUA-SP,SP," 210,374.58 "," 61,491.20 "," 271,865.78 "," 1,271,542.21 "
MIRACATU-SP,SP," 35,461.20 ", -   ," 35,461.20 "," 163,668.89 "
MOJI DAS CRUZES-SP,SP," 54,555.71 ", -   ," 54,555.71 "," 251,798.33 "
MONGAGUA-SP,SP," 42,280.68 ", -   ," 42,280.68 "," 195,143.70 "
MONTEIRO LOBATO-SP,SP," 27,277.85 ", -   ," 27,277.85 "," 125,899.15 "
NATIVIDADE DA SERRA-SP,SP," 27,277.85 ", -   ," 27,277.85 "," 125,899.15 "
OSASCO-SP,SP," 54,555.71 ", -   ," 54,555.71 "," 251,798.33 "
PARAIBUNA-SP,SP," 32,733.42 ", -   ," 32,733.42 "," 151,078.98 "
PARIQUERA-ACU-SP,SP," 34,097.31 ", -   ," 34,097.31 "," 157,373.94 "
PAULINIA-SP,SP, -   , -   , -   , -   
PEDRO DE TOLEDO-SP,SP," 28,641.74 ", -   ," 28,641.74 "," 132,194.11 "
PERUIBE-SP,SP," 45,008.46 "," 114,377.53 "," 159,385.99 "," 682,979.43 "
PINDAMONHANGABA-SP,SP," 54,555.71 ", -   ," 54,555.71 "," 251,798.33 "
PIQUETE-SP,SP," 31,369.53 ", -   ," 31,369.53 "," 144,784.03 "
PIRAPORA DO BOM JESUS-SP,SP," 31,369.53 ", -   ," 31,369.53 "," 144,784.03 "
POA-SP,SP," 50,464.03 ", -   ," 50,464.03 "," 232,913.45 "
POTIM-SP,SP," 34,097.31 ", -   ," 34,097.31 "," 157,373.94 "
PRAIA GRANDE-SP,SP," 636,256.09 ", -   ," 636,256.09 "," 2,936,598.49 "
QUELUZ-SP,SP," 28,641.74 ", -   ," 28,641.74 "," 132,194.11 "
REDENCAO DA SERRA-SP,SP," 27,277.85 ", -   ," 27,277.85 "," 125,899.15 "
REGISTRO-SP,SP," 43,644.57 ", -   ," 43,644.57 "," 201,438.66 "
RIBEIRAO PIRES-SP,SP," 51,827.93 ", -   ," 51,827.93 "," 239,208.41 "
RIO GRANDE DA SERRA-SP,SP," 42,280.68 ", -   ," 42,280.68 "," 195,143.70 "
ROSEIRA-SP,SP," 27,277.85 ", -   ," 27,277.85 "," 125,899.15 "
SALESOPOLIS-SP,SP," 31,369.53 ", -   ," 31,369.53 "," 144,784.03 "
SANTA BRANCA-SP,SP," 30,005.63 ", -   ," 30,005.63 "," 138,489.06 "
SANTA ISABEL-SP,SP," 43,644.57 ", -   ," 43,644.57 "," 201,438.66 "
SANTANA DE PARNAIBA-SP,SP," 50,464.03 ", -   ," 50,464.03 "," 232,913.45 "
SANTO ANDRE-SP,SP," 54,555.71 ", -   ," 54,555.71 "," 251,798.33 "
SANTO ANTONIO DO PINHAL-SP,SP," 27,277.85 ", -   ," 27,277.85 "," 125,899.15 "
SANTOS-SP,SP," 54,555.71 ", -   ," 54,555.71 "," 251,798.33 "
SAO BENTO DO SAPUCAI-SP,SP," 28,641.74 ", -   ," 28,641.74 "," 132,194.11 "
SAO BERNARDO DO CAMPO-SP,SP," 210,374.58 "," 10,364.60 "," 220,739.18 "," 1,038,523.58 "
SAO CAETANO DO SUL-SP,SP," 54,555.71 ", -   ," 54,555.71 "," 251,798.33 "
SAO JOSE DO BARREIRO-SP,SP," 27,277.85 ", -   ," 27,277.85 "," 125,899.15 "
SAO JOSE DOS CAMPOS-SP,SP," 210,374.58 "," 16,125.19 "," 226,499.77 "," 1,026,695.43 "
SAO LOURENCO DA SERRA-SP,SP," 30,005.63 ", -   ," 30,005.63 "," 138,489.06 "
SAO LUIS DO PARAITINGA-SP,SP," 28,641.74 ", -   ," 28,641.74 "," 132,194.11 "
SAO PAULO-SP,SP," 54,555.71 ", -   ," 54,555.71 "," 251,798.33 "
SAO SEBASTIAO-SP,SP," 1,367,707.77 "," 2,787,477.38 "," 4,155,185.15 "," 19,612,993.53 "
SAO VICENTE-SP,SP," 636,256.09 ", -   ," 636,256.09 "," 2,936,598.49 "
SETE BARRAS-SP,SP," 30,005.63 ", -   ," 30,005.63 "," 138,489.06 "
SILVEIRAS-SP,SP," 183,096.72 "," 1,667.90 "," 184,764.62 "," 843,515.07 "
SUZANO-SP,SP," 210,374.58 "," 27,781.89 "," 238,156.47 "," 1,096,755.45 "
TABOAO DA SERRA-SP,SP," 54,555.71 ", -   ," 54,555.71 "," 251,798.33 "
TAUBATE-SP,SP," 210,374.58 "," 3,431.44 "," 213,806.02 "," 976,407.66 "
TREMEMBE-SP,SP," 42,280.68 ", -   ," 42,280.68 "," 195,143.70 "
UBATUBA-SP,SP," 47,736.25 "," 62,798.51 "," 110,534.76 "," 481,255.28 "
VARGEM GRANDE PAULISTA-SP,SP," 42,280.68 ", -   ," 42,280.68 "," 195,143.70 "
SAO PAULO  TOTAL,," 15,246,071.30 "," 19,164,093.65 "," 34,410,164.95 "," 160,857,858.57 "
