ANADIA-AL,,,,,,,AL,,"789,21",,,,,,-,,,,,"789,21",,,,,,"789,21",,,,,,,,
ATALAIA-AL,,,,,,,AL,,"1.019,39",,,,,,-,,,,,"1.019,39",,,,,,"1.019,39",,,,,,,,
BARRA DE SANTO ANTONIO-AL,,,,,,,AL,,"756,32",,,,,,-,,,,,"756,32",,,,,,"756,32",,,,,,,,
BARRA DE SAO MIGUEL-AL,,,,,,,AL,,"657,67",,,,,,-,,,,,"657,67",,,,,,"657,67",,,,,,,,
BOCA DA MATA-AL,,,,,,,AL,,"887,86",,,,,,-,,,,,"887,86",,,,,,"887,86",,,,,,,,
BRANQUINHA-AL,,,,,,,AL,,"690,56",,,,,,-,,,,,"690,56",,,,,,"690,56",,,,,,,,
CAJUEIRO-AL,,,,,,,AL,,"854,97",,,,,,-,,,,,"854,97",,,,,,"854,97",,,,,,,,
CAMPESTRE-AL,,,,,,,AL,,"657,67",,,,,,-,,,,,"657,67",,,,,,"657,67",,,,,,,,
CAMPO ALEGRE-AL,,,,,,,AL,,"1.052,28",,,,,,-,,,,,"1.052,28",,,,,,"1.052,28",,,,,,,,
CAPELA-AL,,,,,,,AL,,"789,21",,,,,,-,,,,,"789,21",,,,,,"789,21",,,,,,,,
CHA PRETA-AL,,,,,,,AL,,"657,67",,,,,,-,,,,,"657,67",,,,,,"657,67",,,,,,,,
COLONIA LEOPOLDINA-AL,,,,,,,AL,,"854,97",,,,,,-,,,,,"854,97",,,,,,"854,97",,,,,,,,
COQUEIRO SECO-AL,,,,,,,AL,,"93.500,86",,,,,,"306,82",,,,,"93.807,68",,,,,,"93.807,68",,,,,,,,
CORURIPE-AL,,,,,,,AL,,"1.897.607,30",,,,,,"77.396,74",,,,,"1.975.004,04",,,,,,"1.975.004,04",,,,,,,,
FELIZ DESERTO-AL,,,,,,,AL,,"23.790,18",,,,,,"33.246,78",,,,,"57.036,96",,,,,,"57.036,96",,,,,,,,
FLEXEIRAS-AL,,,,,,,AL,,"723,44",,,,,,-,,,,,"723,44",,,,,,"723,44",,,,,,,,
IBATEGUARA-AL,,,,,,,AL,,"756,32",,,,,,-,,,,,"756,32",,,,,,"756,32",,,,,,,,
IGREJA NOVA-AL,,,,,,,AL,,"854,97",,,,,,-,,,,,"854,97",,,,,,"854,97",,,,,,,,
JACUIPE-AL,,,,,,,AL,,"657,67",,,,,,-,,,,,"657,67",,,,,,"657,67",,,,,,,,
JAPARATINGA-AL,,,,,,,AL,,"657,67",,,,,,-,,,,,"657,67",,,,,,"657,67",,,,,,,,
JEQUIA DA PRAIA-AL,,,,,,,AL,,"3.578,11",,,,,,"1.198,96",,,,,"4.777,07",,,,,,"4.777,07",,,,,,,,
JOAQUIM GOMES-AL,,,,,,,AL,,"854,97",,,,,,-,,,,,"854,97",,,,,,"854,97",,,,,,,,
JUNDIA-AL,,,,,,,AL,,"657,67",,,,,,-,,,,,"657,67",,,,,,"657,67",,,,,,,,
JUNQUEIRO-AL,,,,,,,AL,,"854,97",,,,,,-,,,,,"854,97",,,,,,"854,97",,,,,,,,
MACEIO-AL,,,,,,,AL,,"110.884,59",,,,,,"20.565,45",,,,,"131.450,04",,,,,,"131.450,04",,,,,,,,
MARAGOGI-AL,,,,,,,AL,,"920,74",,,,,,-,,,,,"920,74",,,,,,"920,74",,,,,,,,
MARECHAL DEODORO-AL,,,,,,,AL,,"49.028,71",,,,,,"36.651,46",,,,,"85.680,17",,,,,,"85.680,17",,,,,,,,
MATRIZ DE CAMARAGIBE-AL,,,,,,,AL,,"854,97",,,,,,-,,,,,"854,97",,,,,,"854,97",,,,,,,,
MESSIAS-AL,,,,,,,AL,,"756,32",,,,,,-,,,,,"756,32",,,,,,"756,32",,,,,,,,
MURICI-AL,,,,,,,AL,,"2.975,62",,,,,,"1.346,61",,,,,"4.322,23",,,,,,"4.322,23",,,,,,,,
NOVO LINO-AL,,,,,,,AL,,"723,44",,,,,,-,,,,,"723,44",,,,,,"723,44",,,,,,,,
PARIPUEIRA-AL,,,,,,,AL,,"690,56",,,,,,"5.692,12",,,,,"6.382,68",,,,,,"6.382,68",,,,,,,,
PASSO DE CAMARAGIBE-AL,,,,,,,AL,,"756,32",,,,,,-,,,,,"756,32",,,,,,"756,32",,,,,,,,
PIACABUCU-AL,,,,,,,AL,,"789,21",,,,,,-,,,,,"789,21",,,,,,"789,21",,,,,,,,
PILAR-AL,,,,,,,AL,,"186.359,56",,,,,,"119.584,88",,,,,"305.944,44",,,,,,"305.944,44",,,,,,,,
PINDOBA-AL,,,,,,,AL,,"657,67",,,,,,-,,,,,"657,67",,,,,,"657,67",,,,,,,,
PORTO CALVO-AL,,,,,,,AL,,"887,86",,,,,,-,,,,,"887,86",,,,,,"887,86",,,,,,,,
PORTO DE PEDRAS-AL,,,,,,,AL,,"657,67",,,,,,-,,,,,"657,67",,,,,,"657,67",,,,,,,,
PORTO REAL DO COLEGIO-AL,,,,,,,AL,,"822,09",,,,,,-,,,,,"822,09",,,,,,"822,09",,,,,,,,
RIO LARGO-AL,,,,,,,AL,,"8.034,70",,,,,,"4.461,24",,,,,"12.495,94",,,,,,"12.495,94",,,,,,,,
ROTEIRO-AL,,,,,,,AL,,"1.858.595,80",,,,,,"1.236,90",,,,,"1.859.832,70",,,,,,"1.859.832,70",,,,,,,,
SANTA LUZIA DO NORTE-AL,,,,,,,AL,,"93.595,65",,,,,,"377,96",,,,,"93.973,61",,,,,,"93.973,61",,,,,,,,
SANTANA DO MUNDAU-AL,,,,,,,AL,,"690,56",,,,,,-,,,,,"690,56",,,,,,"690,56",,,,,,,,
SAO JOSE DA LAJE-AL,,,,,,,AL,,"854,97",,,,,,-,,,,,"854,97",,,,,,"854,97",,,,,,,,
SAO LUIS DO QUITUNDE-AL,,,,,,,AL,,"953,63",,,,,,-,,,,,"953,63",,,,,,"953,63",,,,,,,,
SAO MIGUEL DOS CAMPOS-AL,,,,,,,AL,,"280.188,54",,,,,,"166.027,09",,,,,"446.215,63",,,,,,"446.215,63",,,,,,,,
SAO MIGUEL DOS MILAGRES-AL,,,,,,,AL,,"657,67",,,,,,-,,,,,"657,67",,,,,,"657,67",,,,,,,,
SATUBA-AL,,,,,,,AL,,"24.830,62",,,,,,"16.015,75",,,,,"40.846,37",,,,,,"40.846,37",,,,,,,,
TEOTONIO VILELA-AL,,,,,,,AL,,"1.019,39",,,,,,-,,,,,"1.019,39",,,,,,"1.019,39",,,,,,,,
UNIAO DOS PALMARES-AL,,,,,,,AL,,"1.085,16",,,,,,-,,,,,"1.085,16",,,,,,"1.085,16",,,,,,,,
VICOSA-AL,,,,,,,AL,,"887,86",,,,,,-,,,,,"887,86",,,,,,"887,86",,,,,,,,
ALAGOAS  TOTAL,,,,,,,,,"4.663.321,79",,,,,,"484.108,76",,,,,"5.147.430,55",,,,,,"5.147.430,55",,,,,,,,
Superintendência de Participações Governamentais,,,,,,,,,,,,,,,,,,,,,,,,,,,,,,,,,,
ANAMA-AM,,,,,,,AM,,-,,,,,,"3.680,60",,,,,"3.680,60",,,,,,"3.680,60",,,,,,,,
ANORI-AM,,,,,,,AM,,-,,,,,,"3.680,60",,,,,"3.680,60",,,,,,"3.680,60",,,,,,,,
AUTAZES-AM,,,,,,,AM,,-,,,,,,"10.447,95",,,,,"10.447,95",,,,,,"10.447,95",,,,,,,,
BERURI-AM,,,,,,,AM,,-,,,,,,"3.680,60",,,,,"3.680,60",,,,,,"3.680,60",,,,,,,,
CAREIRO DA VARZEA-AM,,,,,,,AM,,-,,,,,,"10.447,95",,,,,"10.447,95",,,,,,"10.447,95",,,,,,,,
CAREIRO-AM,,,,,,,AM,,-,,,,,,"3.680,60",,,,,"3.680,60",,,,,,"3.680,60",,,,,,,,
COARI-AM,,,,,,,AM,,"3.011.907,93",,,,,,"2.973.457,24",,,,,"5.985.365,17",,,,,,"5.985.365,17",,,,,,,,
CODAJAS-AM,,,,,,,AM,,-,,,,,,"3.680,60",,,,,"3.680,60",,,,,,"3.680,60",,,,,,,,
IRANDUBA-AM,,,,,,,AM,,-,,,,,,"10.447,95",,,,,"10.447,95",,,,,,"10.447,95",,,,,,,,
ITACOATIARA-AM,,,,,,,AM,,-,,,,,,"10.447,95",,,,,"10.447,95",,,,,,"10.447,95",,,,,,,,
ITAPIRANGA-AM,,,,,,,AM,,-,,,,,,"10.447,95",,,,,"10.447,95",,,,,,"10.447,95",,,,,,,,
MANACAPURU-AM,,,,,,,AM,,-,,,,,,"3.680,60",,,,,"3.680,60",,,,,,"3.680,60",,,,,,,,
MANAQUIRI-AM,,,,,,,AM,,-,,,,,,"3.680,60",,,,,"3.680,60",,,,,,"3.680,60",,,,,,,,
MANAUS-AM,,,,,,,AM,,"1.856.748,16",,,,,,"134.516,20",,,,,"1.991.264,36",,,,,,"1.991.264,36",,,,,,,,
PARINTINS-AM,,,,,,,AM,,-,,,,,,"10.447,95",,,,,"10.447,95",,,,,,"10.447,95",,,,,,,,
SILVES-AM,,,,,,,AM,,-,,,,,,"10.447,95",,,,,"10.447,95",,,,,,"10.447,95",,,,,,,,
TEFE-AM,,,,,,,AM,,"252.434,42",,,,,,"143.862,32",,,,,"396.296,74",,,,,,"396.296,74",,,,,,,,
URUCARA-AM,,,,,,,AM,,-,,,,,,"10.447,95",,,,,"10.447,95",,,,,,"10.447,95",,,,,,,,
URUCURITUBA-AM,,,,,,,AM,,-,,,,,,"10.447,95",,,,,"10.447,95",,,,,,"10.447,95",,,,,,,,
AMAZONAS  TOTAL,,,,,,,,,"5.121.090,51",,,,,,"3.371.631,51",,,,,"8.492.722,02",,,,,,"8.492.722,02",,,,,,,,
LARANJAL DO JARI-AP,,,,,,,AP,,-,,,,,,"10.447,95",,,,,"10.447,95",,,,,,"10.447,95",,,,,,,,
MACAPA-AP,,,,,,,AP,,-,,,,,,"10.447,95",,,,,"10.447,95",,,,,,"10.447,95",,,,,,,,
MAZAGAO-AP,,,,,,,AP,,-,,,,,,"10.447,95",,,,,"10.447,95",,,,,,"10.447,95",,,,,,,,
AMAPA  TOTAL,,,,,,,,,-,,,,,,"31.343,85",,,,,"31.343,85",,,,,,"31.343,85",,,,,,,,
ACAJUTIBA-BA,,,,,,,BA,,"1.323,18",,,,,,-,,,,,"1.323,18",,,,,,"1.323,18",,,,,,,,
ADUSTINA-BA,,,,,,,BA,,"1.323,18",,,,,,-,,,,,"1.323,18",,,,,,"1.323,18",,,,,,,,
AGUA FRIA-BA,,,,,,,BA,,"1.323,18",,,,,,-,,,,,"1.323,18",,,,,,"1.323,18",,,,,,,,
AIQUARA-BA,,,,,,,BA,,"1.150,59",,,,,,-,,,,,"1.150,59",,,,,,"1.150,59",,,,,,,,
ALAGOINHAS-BA,,,,,,,BA,,"450.103,27",,,,,,"256.933,55",,,,,"707.036,82",,,,,,"707.036,82",,,,,,,,
ALCOBACA-BA,,,,,,,BA,,"1.495,77",,,,,,-,,,,,"1.495,77",,,,,,"1.495,77",,,,,,,,
ALMADINA-BA,,,,,,,BA,,"1.150,59",,,,,,-,,,,,"1.150,59",,,,,,"1.150,59",,,,,,,,
AMARGOSA-BA,,,,,,,BA,,"1.668,36",,,,,,-,,,,,"1.668,36",,,,,,"1.668,36",,,,,,,,
AMELIA RODRIGUES-BA,,,,,,,BA,,"1.553,30",,,,,,-,,,,,"1.553,30",,,,,,"1.553,30",,,,,,,,
ANAGE-BA,,,,,,,BA,,"1.553,30",,,,,,-,,,,,"1.553,30",,,,,,"1.553,30",,,,,,,,
ANGUERA-BA,,,,,,,BA,,"1.208,12",,,,,,-,,,,,"1.208,12",,,,,,"1.208,12",,,,,,,,
ANTAS-BA,,,,,,,BA,,"1.380,71",,,,,,-,,,,,"1.380,71",,,,,,"1.380,71",,,,,,,,
ANTONIO CARDOSO-BA,,,,,,,BA,,"1.208,12",,,,,,-,,,,,"1.208,12",,,,,,"1.208,12",,,,,,,,
APORA-BA,,,,,,,BA,,"1.380,71",,,,,,-,,,,,"1.380,71",,,,,,"1.380,71",,,,,,,,
APUAREMA-BA,,,,,,,BA,,"1.150,59",,,,,,-,,,,,"1.150,59",,,,,,"1.150,59",,,,,,,,
ARACAS-BA,,,,,,,BA,,"412.637,71",,,,,,"224.203,10",,,,,"636.840,81",,,,,,"636.840,81",,,,,,,,
ARACI-BA,,,,,,,BA,,"1.840,95",,,,,,-,,,,,"1.840,95",,,,,,"1.840,95",,,,,,,,
ARAMARI-BA,,,,,,,BA,,"1.263,96",,,,,,"23,45",,,,,"1.287,41",,,,,,"1.287,41",,,,,,,,
ARATACA-BA,,,,,,,BA,,"1.208,12",,,,,,-,,,,,"1.208,12",,,,,,"1.208,12",,,,,,,,
ARATUIPE-BA,,,,,,,BA,,"1.150,59",,,,,,-,,,,,"1.150,59",,,,,,"1.150,59",,,,,,,,
AURELINO LEAL-BA,,,,,,,BA,,"1.265,65",,,,,,-,,,,,"1.265,65",,,,,,"1.265,65",,,,,,,,
BAIXA GRANDE-BA,,,,,,,BA,,"1.495,77",,,,,,-,,,,,"1.495,77",,,,,,"1.495,77",,,,,,,,
BANZAE-BA,,,,,,,BA,,"1.208,12",,,,,,-,,,,,"1.208,12",,,,,,"1.208,12",,,,,,,,
BARRA DO CHOCA-BA,,,,,,,BA,,"1.668,36",,,,,,-,,,,,"1.668,36",,,,,,"1.668,36",,,,,,,,
BARRA DO ROCHA-BA,,,,,,,BA,,"1.150,59",,,,,,-,,,,,"1.150,59",,,,,,"1.150,59",,,,,,,,
BARRO PRETO-BA,,,,,,,BA,,"1.150,59",,,,,,-,,,,,"1.150,59",,,,,,"1.150,59",,,,,,,,
BARROCAS-BA,,,,,,,BA,,"1.323,18",,,,,,-,,,,,"1.323,18",,,,,,"1.323,18",,,,,,,,
BELMONTE-BA,,,,,,,BA,,"1.495,77",,,,,,-,,,,,"1.495,77",,,,,,"1.495,77",,,,,,,,
BELO CAMPO-BA,,,,,,,BA,,"1.380,71",,,,,,-,,,,,"1.380,71",,,,,,"1.380,71",,,,,,,,
BIRITINGA-BA,,,,,,,BA,,"1.323,18",,,,,,-,,,,,"1.323,18",,,,,,"1.323,18",,,,,,,,
BOA NOVA-BA,,,,,,,BA,,"1.323,18",,,,,,-,,,,,"1.323,18",,,,,,"1.323,18",,,,,,,,
BOA VISTA DO TUPIM-BA,,,,,,,BA,,"1.380,71",,,,,,-,,,,,"1.380,71",,,,,,"1.380,71",,,,,,,,
BOM JESUS DA SERRA-BA,,,,,,,BA,,"1.208,12",,,,,,-,,,,,"1.208,12",,,,,,"1.208,12",,,,,,,,
Superintendência de Participações Governamentais,,,,,,,,,,,,,,,,,,,,,,,,,,,,,,,,,,
BREJOES-BA,,,,,,,BA,,"1.323,18",,,,,,-,,,,,"1.323,18",,,,,,"1.323,18",,,,,,,,
BUERAREMA-BA,,,,,,,BA,,"1.438,24",,,,,,-,,,,,"1.438,24",,,,,,"1.438,24",,,,,,,,
CAATIBA-BA,,,,,,,BA,,"1.208,12",,,,,,-,,,,,"1.208,12",,,,,,"1.208,12",,,,,,,,
CABACEIRAS DO PARAGUACU-BA,,,,,,,BA,,"1.380,71",,,,,,-,,,,,"1.380,71",,,,,,"1.380,71",,,,,,,,
CACHOEIRA-BA,,,,,,,BA,,"1.668,36",,,,,,-,,,,,"1.668,36",,,,,,"1.668,36",,,,,,,,
CAEM-BA,,,,,,,BA,,"1.208,12",,,,,,-,,,,,"1.208,12",,,,,,"1.208,12",,,,,,,,
CAETANOS-BA,,,,,,,BA,,"1.265,65",,,,,,-,,,,,"1.265,65",,,,,,"1.265,65",,,,,,,,
CAIRU-BA,,,,,,,BA,,"39.747,80",,,,,,"449.626,18",,,,,"489.373,98",,,,,,"489.373,98",,,,,,,,
CAMACAN-BA,,,,,,,BA,,"1.610,83",,,,,,-,,,,,"1.610,83",,,,,,"1.610,83",,,,,,,,
CAMACARI-BA,,,,,,,BA,,"2.341,82",,,,,,"17,06",,,,,"2.358,88",,,,,,"2.358,88",,,,,,,,
CAMAMU-BA,,,,,,,BA,,"1.668,36",,,,,,-,,,,,"1.668,36",,,,,,"1.668,36",,,,,,,,
CANAVIEIRAS-BA,,,,,,,BA,,"1.668,36",,,,,,-,,,,,"1.668,36",,,,,,"1.668,36",,,,,,,,
CANDEAL-BA,,,,,,,BA,,"1.150,59",,,,,,-,,,,,"1.150,59",,,,,,"1.150,59",,,,,,,,
CANDEIAS-BA,,,,,,,BA,,"311.436,52",,,,,,"400.587,59",,,,,"712.024,11",,,,,,"712.024,11",,,,,,,,
CANDIDO SALES-BA,,,,,,,BA,,"1.553,30",,,,,,-,,,,,"1.553,30",,,,,,"1.553,30",,,,,,,,
CANSANCAO-BA,,,,,,,BA,,"1.668,36",,,,,,-,,,,,"1.668,36",,,,,,"1.668,36",,,,,,,,
CANUDOS-BA,,,,,,,BA,,"1.323,18",,,,,,-,,,,,"1.323,18",,,,,,"1.323,18",,,,,,,,
CAPELA DO ALTO ALEGRE-BA,,,,,,,BA,,"1.208,12",,,,,,-,,,,,"1.208,12",,,,,,"1.208,12",,,,,,,,
CAPIM GROSSO-BA,,,,,,,BA,,"1.553,30",,,,,,-,,,,,"1.553,30",,,,,,"1.553,30",,,,,,,,
CARAVELAS-BA,,,,,,,BA,,"1.495,77",,,,,,-,,,,,"1.495,77",,,,,,"1.495,77",,,,,,,,
CARDEAL DA SILVA-BA,,,,,,,BA,,"159.213,77",,,,,,"42.842,77",,,,,"202.056,54",,,,,,"202.056,54",,,,,,,,
CASTRO ALVES-BA,,,,,,,BA,,"1.553,30",,,,,,-,,,,,"1.553,30",,,,,,"1.553,30",,,,,,,,
CATU-BA,,,,,,,BA,,"355.331,10",,,,,,"201.821,58",,,,,"557.152,68",,,,,,"557.152,68",,,,,,,,
CICERO DANTAS-BA,,,,,,,BA,,"1.668,36",,,,,,-,,,,,"1.668,36",,,,,,"1.668,36",,,,,,,,
CIPO-BA,,,,,,,BA,,"1.323,18",,,,,,-,,,,,"1.323,18",,,,,,"1.323,18",,,,,,,,
COARACI-BA,,,,,,,BA,,"1.495,77",,,,,,-,,,,,"1.495,77",,,,,,"1.495,77",,,,,,,,
CONCEICAO DA FEIRA-BA,,,,,,,BA,,"1.495,77",,,,,,-,,,,,"1.495,77",,,,,,"1.495,77",,,,,,,,
CONCEICAO DO ALMEIDA-BA,,,,,,,BA,,"1.380,71",,,,,,-,,,,,"1.380,71",,,,,,"1.380,71",,,,,,,,
CONCEICAO DO COITE-BA,,,,,,,BA,,"1.898,48",,,,,,-,,,,,"1.898,48",,,,,,"1.898,48",,,,,,,,
CONCEICAO DO JACUIPE-BA,,,,,,,BA,,"1.610,83",,,,,,-,,,,,"1.610,83",,,,,,"1.610,83",,,,,,,,
CONDE-BA,,,,,,,BA,,"3.230,35",,,,,,"1.118,80",,,,,"4.349,15",,,,,,"4.349,15",,,,,,,,
CORACAO DE MARIA-BA,,,,,,,BA,,"1.495,77",,,,,,-,,,,,"1.495,77",,,,,,"1.495,77",,,,,,,,
CORONEL JOAO SA-BA,,,,,,,BA,,"1.380,71",,,,,,-,,,,,"1.380,71",,,,,,"1.380,71",,,,,,,,
CRAVOLANDIA-BA,,,,,,,BA,,"1.150,59",,,,,,-,,,,,"1.150,59",,,,,,"1.150,59",,,,,,,,
CRISOPOLIS-BA,,,,,,,BA,,"1.495,77",,,,,,-,,,,,"1.495,77",,,,,,"1.495,77",,,,,,,,
CRUZ DAS ALMAS-BA,,,,,,,BA,,"1.898,48",,,,,,-,,,,,"1.898,48",,,,,,"1.898,48",,,,,,,,
DARIO MEIRA-BA,,,,,,,BA,,"1.265,65",,,,,,-,,,,,"1.265,65",,,,,,"1.265,65",,,,,,,,
DIAS D'AVILA-BA,,,,,,,BA,,"1.956,01",,,,,,-,,,,,"1.956,01",,,,,,"1.956,01",,,,,,,,
DOM MACEDO COSTA-BA,,,,,,,BA,,"1.150,59",,,,,,-,,,,,"1.150,59",,,,,,"1.150,59",,,,,,,,
ELISIO MEDRADO-BA,,,,,,,BA,,"1.150,59",,,,,,-,,,,,"1.150,59",,,,,,"1.150,59",,,,,,,,
ENCRUZILHADA-BA,,,,,,,BA,,"1.495,77",,,,,,-,,,,,"1.495,77",,,,,,"1.495,77",,,,,,,,
ENTRE RIOS-BA,,,,,,,BA,,"397.752,04",,,,,,"260.064,39",,,,,"657.816,43",,,,,,"657.816,43",,,,,,,,
ESPLANADA-BA,,,,,,,BA,,"681.447,70",,,,,,"454.735,48",,,,,"1.136.183,18",,,,,,"1.136.183,18",,,,,,,,
EUCLIDES DA CUNHA-BA,,,,,,,BA,,"1.898,48",,,,,,-,,,,,"1.898,48",,,,,,"1.898,48",,,,,,,,
EUNAPOLIS-BA,,,,,,,BA,,"2.128,60",,,,,,-,,,,,"2.128,60",,,,,,"2.128,60",,,,,,,,
FATIMA-BA,,,,,,,BA,,"1.380,71",,,,,,-,,,,,"1.380,71",,,,,,"1.380,71",,,,,,,,
FEIRA DE SANTANA-BA,,,,,,,BA,,"2.301,19",,,,,,-,,,,,"2.301,19",,,,,,"2.301,19",,,,,,,,
FIRMINO ALVES-BA,,,,,,,BA,,"1.150,59",,,,,,-,,,,,"1.150,59",,,,,,"1.150,59",,,,,,,,
FLORESTA AZUL-BA,,,,,,,BA,,"1.208,12",,,,,,-,,,,,"1.208,12",,,,,,"1.208,12",,,,,,,,
GANDU-BA,,,,,,,BA,,"1.610,83",,,,,,-,,,,,"1.610,83",,,,,,"1.610,83",,,,,,,,
GAVIAO-BA,,,,,,,BA,,"1.150,59",,,,,,-,,,,,"1.150,59",,,,,,"1.150,59",,,,,,,,
GLORIA-BA,,,,,,,BA,,"1.323,18",,,,,,-,,,,,"1.323,18",,,,,,"1.323,18",,,,,,,,
GONGOGI-BA,,,,,,,BA,,"1.150,59",,,,,,-,,,,,"1.150,59",,,,,,"1.150,59",,,,,,,,
GOVERNADOR MANGABEIRA-BA,,,,,,,BA,,"1.438,24",,,,,,-,,,,,"1.438,24",,,,,,"1.438,24",,,,,,,,
GUARATINGA-BA,,,,,,,BA,,"1.495,77",,,,,,-,,,,,"1.495,77",,,,,,"1.495,77",,,,,,,,
HELIOPOLIS-BA,,,,,,,BA,,"1.265,65",,,,,,-,,,,,"1.265,65",,,,,,"1.265,65",,,,,,,,
IACU-BA,,,,,,,BA,,"1.553,30",,,,,,-,,,,,"1.553,30",,,,,,"1.553,30",,,,,,,,
Superintendência de Participações Governamentais,,,,,,,,,,,,,,,,,,,,,,,,,,,,,,,,,,
IBICARAI-BA,,,,,,,BA,,"1.553,30",,,,,,-,,,,,"1.553,30",,,,,,"1.553,30",,,,,,,,
IBICUI-BA,,,,,,,BA,,"1.323,18",,,,,,-,,,,,"1.323,18",,,,,,"1.323,18",,,,,,,,
IBIQUERA-BA,,,,,,,BA,,"1.150,59",,,,,,-,,,,,"1.150,59",,,,,,"1.150,59",,,,,,,,
IBIRAPITANGA-BA,,,,,,,BA,,"1.495,77",,,,,,-,,,,,"1.495,77",,,,,,"1.495,77",,,,,,,,
IBIRAPUA-BA,,,,,,,BA,,"1.150,59",,,,,,-,,,,,"1.150,59",,,,,,"1.150,59",,,,,,,,
IBIRATAIA-BA,,,,,,,BA,,"1.438,24",,,,,,-,,,,,"1.438,24",,,,,,"1.438,24",,,,,,,,
ICHU-BA,,,,,,,BA,,"1.150,59",,,,,,-,,,,,"1.150,59",,,,,,"1.150,59",,,,,,,,
IGRAPIUNA-BA,,,,,,,BA,,"1.265,65",,,,,,-,,,,,"1.265,65",,,,,,"1.265,65",,,,,,,,
IGUAI-BA,,,,,,,BA,,"1.553,30",,,,,,-,,,,,"1.553,30",,,,,,"1.553,30",,,,,,,,
ILHEUS-BA,,,,,,,BA,,"2.301,19",,,,,,-,,,,,"2.301,19",,,,,,"2.301,19",,,,,,,,
INHAMBUPE-BA,,,,,,,BA,,"2.291,89",,,,,,"288,66",,,,,"2.580,55",,,,,,"2.580,55",,,,,,,,
IPECAETA-BA,,,,,,,BA,,"1.323,18",,,,,,-,,,,,"1.323,18",,,,,,"1.323,18",,,,,,,,
IPIAU-BA,,,,,,,BA,,"1.783,42",,,,,,-,,,,,"1.783,42",,,,,,"1.783,42",,,,,,,,
IPIRA-BA,,,,,,,BA,,"1.898,48",,,,,,-,,,,,"1.898,48",,,,,,"1.898,48",,,,,,,,
IRAJUBA-BA,,,,,,,BA,,"1.150,59",,,,,,-,,,,,"1.150,59",,,,,,"1.150,59",,,,,,,,
IRARA-BA,,,,,,,BA,,"1.553,30",,,,,,-,,,,,"1.553,30",,,,,,"1.553,30",,,,,,,,
ITABELA-BA,,,,,,,BA,,"1.610,83",,,,,,-,,,,,"1.610,83",,,,,,"1.610,83",,,,,,,,
ITABERABA-BA,,,,,,,BA,,"1.898,48",,,,,,-,,,,,"1.898,48",,,,,,"1.898,48",,,,,,,,
ITABUNA-BA,,,,,,,BA,,"2.301,19",,,,,,-,,,,,"2.301,19",,,,,,"2.301,19",,,,,,,,
ITACARE-BA,,,,,,,BA,,"1.553,30",,,,,,-,,,,,"1.553,30",,,,,,"1.553,30",,,,,,,,
ITAGI-BA,,,,,,,BA,,"1.265,65",,,,,,-,,,,,"1.265,65",,,,,,"1.265,65",,,,,,,,
ITAGIBA-BA,,,,,,,BA,,"1.323,18",,,,,,-,,,,,"1.323,18",,,,,,"1.323,18",,,,,,,,
ITAGIMIRIM-BA,,,,,,,BA,,"1.150,59",,,,,,-,,,,,"1.150,59",,,,,,"1.150,59",,,,,,,,
ITAJU DO COLONIA-BA,,,,,,,BA,,"1.150,59",,,,,,-,,,,,"1.150,59",,,,,,"1.150,59",,,,,,,,
ITAJUIPE-BA,,,,,,,BA,,"1.495,77",,,,,,-,,,,,"1.495,77",,,,,,"1.495,77",,,,,,,,
ITAMARAJU-BA,,,,,,,BA,,"1.898,48",,,,,,-,,,,,"1.898,48",,,,,,"1.898,48",,,,,,,,
ITAMARI-BA,,,,,,,BA,,"1.150,59",,,,,,-,,,,,"1.150,59",,,,,,"1.150,59",,,,,,,,
ITAMBE-BA,,,,,,,BA,,"1.495,77",,,,,,-,,,,,"1.495,77",,,,,,"1.495,77",,,,,,,,
ITANAGRA-BA,,,,,,,BA,,"116.996,09",,,,,,"18.845,66",,,,,"135.841,75",,,,,,"135.841,75",,,,,,,,
ITANHEM-BA,,,,,,,BA,,"1.495,77",,,,,,-,,,,,"1.495,77",,,,,,"1.495,77",,,,,,,,
ITAPARICA-BA,,,,,,,BA,,"140.427,87",,,,,,"282.049,90",,,,,"422.477,77",,,,,,"422.477,77",,,,,,,,
ITAPE-BA,,,,,,,BA,,"1.208,12",,,,,,-,,,,,"1.208,12",,,,,,"1.208,12",,,,,,,,
ITAPEBI-BA,,,,,,,BA,,"1.208,12",,,,,,-,,,,,"1.208,12",,,,,,"1.208,12",,,,,,,,
ITAPETINGA-BA,,,,,,,BA,,"1.956,01",,,,,,-,,,,,"1.956,01",,,,,,"1.956,01",,,,,,,,
ITAPICURU-BA,,,,,,,BA,,"1.668,36",,,,,,-,,,,,"1.668,36",,,,,,"1.668,36",,,,,,,,
ITAPITANGA-BA,,,,,,,BA,,"1.208,12",,,,,,-,,,,,"1.208,12",,,,,,"1.208,12",,,,,,,,
ITAQUARA-BA,,,,,,,BA,,"1.150,59",,,,,,-,,,,,"1.150,59",,,,,,"1.150,59",,,,,,,,
ITARANTIM-BA,,,,,,,BA,,"1.438,24",,,,,,-,,,,,"1.438,24",,,,,,"1.438,24",,,,,,,,
ITATIM-BA,,,,,,,BA,,"1.323,18",,,,,,-,,,,,"1.323,18",,,,,,"1.323,18",,,,,,,,
ITIRUCU-BA,,,,,,,BA,,"1.265,65",,,,,,-,,,,,"1.265,65",,,,,,"1.265,65",,,,,,,,
ITIUBA-BA,,,,,,,BA,,"1.725,89",,,,,,-,,,,,"1.725,89",,,,,,"1.725,89",,,,,,,,
ITORORO-BA,,,,,,,BA,,"1.438,24",,,,,,-,,,,,"1.438,24",,,,,,"1.438,24",,,,,,,,
ITUBERA-BA,,,,,,,BA,,"1.553,30",,,,,,-,,,,,"1.553,30",,,,,,"1.553,30",,,,,,,,
JACOBINA-BA,,,,,,,BA,,"2.013,54",,,,,,-,,,,,"2.013,54",,,,,,"2.013,54",,,,,,,,
JAGUAQUARA-BA,,,,,,,BA,,"1.840,95",,,,,,-,,,,,"1.840,95",,,,,,"1.840,95",,,,,,,,
JAGUARIPE-BA,,,,,,,BA,,"61.997,92",,,,,,-,,,,,"61.997,92",,,,,,"61.997,92",,,,,,,,
JANDAIRA-BA,,,,,,,BA,,"1.208,12",,,,,,-,,,,,"1.208,12",,,,,,"1.208,12",,,,,,,,
JEQUIE-BA,,,,,,,BA,,"2.301,19",,,,,,-,,,,,"2.301,19",,,,,,"2.301,19",,,,,,,,
JEREMOABO-BA,,,,,,,BA,,"1.725,89",,,,,,-,,,,,"1.725,89",,,,,,"1.725,89",,,,,,,,
JIQUIRICA-BA,,,,,,,BA,,"1.323,18",,,,,,-,,,,,"1.323,18",,,,,,"1.323,18",,,,,,,,
JITAUNA-BA,,,,,,,BA,,"1.323,18",,,,,,-,,,,,"1.323,18",,,,,,"1.323,18",,,,,,,,
JUCURUCU-BA,,,,,,,BA,,"1.208,12",,,,,,-,,,,,"1.208,12",,,,,,"1.208,12",,,,,,,,
JUSSARI-BA,,,,,,,BA,,"1.150,59",,,,,,-,,,,,"1.150,59",,,,,,"1.150,59",,,,,,,,
LAFAIETE COUTINHO-BA,,,,,,,BA,,"1.150,59",,,,,,-,,,,,"1.150,59",,,,,,"1.150,59",,,,,,,,
LAJE-BA,,,,,,,BA,,"1.495,77",,,,,,-,,,,,"1.495,77",,,,,,"1.495,77",,,,,,,,
LAJEDAO-BA,,,,,,,BA,,"1.150,59",,,,,,-,,,,,"1.150,59",,,,,,"1.150,59",,,,,,,,
LAJEDINHO-BA,,,,,,,BA,,"1.150,59",,,,,,-,,,,,"1.150,59",,,,,,"1.150,59",,,,,,,,
Superintendência de Participações Governamentais,,,,,,,,,,,,,,,,,,,,,,,,,,,,,,,,,,
LAJEDO DO TABOCAL-BA,,,,,,,BA,,"1.150,59",,,,,,-,,,,,"1.150,59",,,,,,"1.150,59",,,,,,,,
LAMARAO-BA,,,,,,,BA,,"1.150,59",,,,,,-,,,,,"1.150,59",,,,,,"1.150,59",,,,,,,,
LAURO DE FREITAS-BA,,,,,,,BA,,"2.301,19",,,,,,-,,,,,"2.301,19",,,,,,"2.301,19",,,,,,,,
MACAJUBA-BA,,,,,,,BA,,"1.208,12",,,,,,-,,,,,"1.208,12",,,,,,"1.208,12",,,,,,,,
MACARANI-BA,,,,,,,BA,,"1.380,71",,,,,,-,,,,,"1.380,71",,,,,,"1.380,71",,,,,,,,
MADRE DE DEUS-BA,,,,,,,BA,,"1.898.234,07",,,,,,"1.300.162,21",,,,,"3.198.396,28",,,,,,"3.198.396,28",,,,,,,,
MAIQUINIQUE-BA,,,,,,,BA,,"1.150,59",,,,,,-,,,,,"1.150,59",,,,,,"1.150,59",,,,,,,,
MAIRI-BA,,,,,,,BA,,"1.438,24",,,,,,-,,,,,"1.438,24",,,,,,"1.438,24",,,,,,,,
MANOEL VITORINO-BA,,,,,,,BA,,"1.323,18",,,,,,-,,,,,"1.323,18",,,,,,"1.323,18",,,,,,,,
MARACAS-BA,,,,,,,BA,,"1.553,30",,,,,,-,,,,,"1.553,30",,,,,,"1.553,30",,,,,,,,
MARAGOGIPE-BA,,,,,,,BA,,"53.573,12",,,,,,-,,,,,"53.573,12",,,,,,"53.573,12",,,,,,,,
MARAU-BA,,,,,,,BA,,"1.438,24",,,,,,-,,,,,"1.438,24",,,,,,"1.438,24",,,,,,,,
MARCIONILIO SOUZA-BA,,,,,,,BA,,"1.208,12",,,,,,-,,,,,"1.208,12",,,,,,"1.208,12",,,,,,,,
MASCOTE-BA,,,,,,,BA,,"1.323,18",,,,,,-,,,,,"1.323,18",,,,,,"1.323,18",,,,,,,,
MATA DE SAO JOAO-BA,,,,,,,BA,,"211.237,86",,,,,,"91.812,25",,,,,"303.050,11",,,,,,"303.050,11",,,,,,,,
MEDEIROS NETO-BA,,,,,,,BA,,"1.495,77",,,,,,-,,,,,"1.495,77",,,,,,"1.495,77",,,,,,,,
MIGUEL CALMON-BA,,,,,,,BA,,"1.553,30",,,,,,-,,,,,"1.553,30",,,,,,"1.553,30",,,,,,,,
MILAGRES-BA,,,,,,,BA,,"1.208,12",,,,,,-,,,,,"1.208,12",,,,,,"1.208,12",,,,,,,,
MIRANTE-BA,,,,,,,BA,,"1.208,12",,,,,,-,,,,,"1.208,12",,,,,,"1.208,12",,,,,,,,
MONTE SANTO-BA,,,,,,,BA,,"1.840,95",,,,,,-,,,,,"1.840,95",,,,,,"1.840,95",,,,,,,,
MUCURI-BA,,,,,,,BA,,"1.725,89",,,,,,-,,,,,"1.725,89",,,,,,"1.725,89",,,,,,,,
MUNDO NOVO-BA,,,,,,,BA,,"1.553,30",,,,,,-,,,,,"1.553,30",,,,,,"1.553,30",,,,,,,,
MUNIZ FERREIRA-BA,,,,,,,BA,,"1.150,59",,,,,,-,,,,,"1.150,59",,,,,,"1.150,59",,,,,,,,
MURITIBA-BA,,,,,,,BA,,"1.610,83",,,,,,-,,,,,"1.610,83",,,,,,"1.610,83",,,,,,,,
MUTUIPE-BA,,,,,,,BA,,"1.495,77",,,,,,-,,,,,"1.495,77",,,,,,"1.495,77",,,,,,,,
NAZARE-BA,,,,,,,BA,,"1.553,30",,,,,,-,,,,,"1.553,30",,,,,,"1.553,30",,,,,,,,
NILO PECANHA-BA,,,,,,,BA,,"1.265,65",,,,,,-,,,,,"1.265,65",,,,,,"1.265,65",,,,,,,,
NORDESTINA-BA,,,,,,,BA,,"1.265,65",,,,,,-,,,,,"1.265,65",,,,,,"1.265,65",,,,,,,,
NOVA CANAA-BA,,,,,,,BA,,"1.380,71",,,,,,-,,,,,"1.380,71",,,,,,"1.380,71",,,,,,,,
NOVA FATIMA-BA,,,,,,,BA,,"1.150,59",,,,,,-,,,,,"1.150,59",,,,,,"1.150,59",,,,,,,,
NOVA IBIA-BA,,,,,,,BA,,"1.150,59",,,,,,-,,,,,"1.150,59",,,,,,"1.150,59",,,,,,,,
NOVA ITARANA-BA,,,,,,,BA,,"1.150,59",,,,,,-,,,,,"1.150,59",,,,,,"1.150,59",,,,,,,,
NOVA SOURE-BA,,,,,,,BA,,"1.553,30",,,,,,-,,,,,"1.553,30",,,,,,"1.553,30",,,,,,,,
NOVA VICOSA-BA,,,,,,,BA,,"1.725,89",,,,,,-,,,,,"1.725,89",,,,,,"1.725,89",,,,,,,,
NOVO TRIUNFO-BA,,,,,,,BA,,"1.323,18",,,,,,-,,,,,"1.323,18",,,,,,"1.323,18",,,,,,,,
OLINDINA-BA,,,,,,,BA,,"1.553,30",,,,,,-,,,,,"1.553,30",,,,,,"1.553,30",,,,,,,,
OURICANGAS-BA,,,,,,,BA,,"1.150,59",,,,,,-,,,,,"1.150,59",,,,,,"1.150,59",,,,,,,,
OUROLANDIA-BA,,,,,,,BA,,"1.380,71",,,,,,-,,,,,"1.380,71",,,,,,"1.380,71",,,,,,,,
PARIPIRANGA-BA,,,,,,,BA,,"1.553,30",,,,,,-,,,,,"1.553,30",,,,,,"1.553,30",,,,,,,,
PAU BRASIL-BA,,,,,,,BA,,"1.208,12",,,,,,-,,,,,"1.208,12",,,,,,"1.208,12",,,,,,,,
PAULO AFONSO-BA,,,,,,,BA,,"2.128,60",,,,,,-,,,,,"2.128,60",,,,,,"2.128,60",,,,,,,,
PE DE SERRA-BA,,,,,,,BA,,"1.265,65",,,,,,-,,,,,"1.265,65",,,,,,"1.265,65",,,,,,,,
PEDRAO-BA,,,,,,,BA,,"1.150,59",,,,,,-,,,,,"1.150,59",,,,,,"1.150,59",,,,,,,,
PEDRO ALEXANDRE-BA,,,,,,,BA,,"1.380,71",,,,,,-,,,,,"1.380,71",,,,,,"1.380,71",,,,,,,,
PINTADAS-BA,,,,,,,BA,,"1.208,12",,,,,,-,,,,,"1.208,12",,,,,,"1.208,12",,,,,,,,
PIRAI DO NORTE-BA,,,,,,,BA,,"1.150,59",,,,,,-,,,,,"1.150,59",,,,,,"1.150,59",,,,,,,,
PIRITIBA-BA,,,,,,,BA,,"1.495,77",,,,,,-,,,,,"1.495,77",,,,,,"1.495,77",,,,,,,,
PLANALTINO-BA,,,,,,,BA,,"1.150,59",,,,,,-,,,,,"1.150,59",,,,,,"1.150,59",,,,,,,,
PLANALTO-BA,,,,,,,BA,,"1.553,30",,,,,,-,,,,,"1.553,30",,,,,,"1.553,30",,,,,,,,
POCOES-BA,,,,,,,BA,,"1.783,42",,,,,,-,,,,,"1.783,42",,,,,,"1.783,42",,,,,,,,
POJUCA-BA,,,,,,,BA,,"708.457,82",,,,,,"541.607,99",,,,,"1.250.065,81",,,,,,"1.250.065,81",,,,,,,,
PORTO SEGURO-BA,,,,,,,BA,,"2.186,13",,,,,,-,,,,,"2.186,13",,,,,,"2.186,13",,,,,,,,
POTIRAGUA-BA,,,,,,,BA,,"1.150,59",,,,,,-,,,,,"1.150,59",,,,,,"1.150,59",,,,,,,,
PRADO-BA,,,,,,,BA,,"1.553,30",,,,,,-,,,,,"1.553,30",,,,,,"1.553,30",,,,,,,,
PRESIDENTE TANCREDO NEVES-BA,,,,,,,BA,,"1.495,77",,,,,,-,,,,,"1.495,77",,,,,,"1.495,77",,,,,,,,
QUEIMADAS-BA,,,,,,,BA,,"1.553,30",,,,,,-,,,,,"1.553,30",,,,,,"1.553,30",,,,,,,,
QUIJINGUE-BA,,,,,,,BA,,"1.553,30",,,,,,-,,,,,"1.553,30",,,,,,"1.553,30",,,,,,,,
Superintendência de Participações Governamentais,,,,,,,,,,,,,,,,,,,,,,,,,,,,,,,,,,
QUIXABEIRA-BA,,,,,,,BA,,"1.150,59",,,,,,-,,,,,"1.150,59",,,,,,"1.150,59",,,,,,,,
RAFAEL JAMBEIRO-BA,,,,,,,BA,,"1.495,77",,,,,,-,,,,,"1.495,77",,,,,,"1.495,77",,,,,,,,
RETIROLANDIA-BA,,,,,,,BA,,"1.265,65",,,,,,-,,,,,"1.265,65",,,,,,"1.265,65",,,,,,,,
RIACHAO DO JACUIPE-BA,,,,,,,BA,,"1.668,36",,,,,,-,,,,,"1.668,36",,,,,,"1.668,36",,,,,,,,
RIBEIRA DO AMPARO-BA,,,,,,,BA,,"1.323,18",,,,,,-,,,,,"1.323,18",,,,,,"1.323,18",,,,,,,,
RIBEIRA DO POMBAL-BA,,,,,,,BA,,"1.783,42",,,,,,-,,,,,"1.783,42",,,,,,"1.783,42",,,,,,,,
RIBEIRAO DO LARGO-BA,,,,,,,BA,,"1.150,59",,,,,,-,,,,,"1.150,59",,,,,,"1.150,59",,,,,,,,
RIO REAL-BA,,,,,,,BA,,"1.725,89",,,,,,-,,,,,"1.725,89",,,,,,"1.725,89",,,,,,,,
RUY BARBOSA-BA,,,,,,,BA,,"1.610,83",,,,,,-,,,,,"1.610,83",,,,,,"1.610,83",,,,,,,,
SALINAS DA MARGARIDA-BA,,,,,,,BA,,"38.019,63",,,,,,"280.901,25",,,,,"318.920,88",,,,,,"318.920,88",,,,,,,,
SALVADOR-BA,,,,,,,BA,,"69.126,60",,,,,,"280.901,25",,,,,"350.027,85",,,,,,"350.027,85",,,,,,,,
SANTA BARBARA-BA,,,,,,,BA,,"1.438,24",,,,,,-,,,,,"1.438,24",,,,,,"1.438,24",,,,,,,,
SANTA BRIGIDA-BA,,,,,,,BA,,"1.323,18",,,,,,-,,,,,"1.323,18",,,,,,"1.323,18",,,,,,,,
SANTA CRUZ CABRALIA-BA,,,,,,,BA,,"1.553,30",,,,,,-,,,,,"1.553,30",,,,,,"1.553,30",,,,,,,,
SANTA CRUZ DA VITORIA-BA,,,,,,,BA,,"1.150,59",,,,,,-,,,,,"1.150,59",,,,,,"1.150,59",,,,,,,,
SANTA INES-BA,,,,,,,BA,,"1.208,12",,,,,,-,,,,,"1.208,12",,,,,,"1.208,12",,,,,,,,
SANTA LUZIA-BA,,,,,,,BA,,"1.265,65",,,,,,-,,,,,"1.265,65",,,,,,"1.265,65",,,,,,,,
SANTA TERESINHA-BA,,,,,,,BA,,"1.150,59",,,,,,-,,,,,"1.150,59",,,,,,"1.150,59",,,,,,,,
SANTALUZ-BA,,,,,,,BA,,"1.668,36",,,,,,-,,,,,"1.668,36",,,,,,"1.668,36",,,,,,,,
SANTANOPOLIS-BA,,,,,,,BA,,"1.150,59",,,,,,-,,,,,"1.150,59",,,,,,"1.150,59",,,,,,,,
SANTO AMARO-BA,,,,,,,BA,,"57.029,45",,,,,,"280.901,25",,,,,"337.930,70",,,,,,"337.930,70",,,,,,,,
SANTO ANTONIO DE JESUS-BA,,,,,,,BA,,"2.071,07",,,,,,-,,,,,"2.071,07",,,,,,"2.071,07",,,,,,,,
SANTO ESTEVAO-BA,,,,,,,BA,,"1.783,42",,,,,,-,,,,,"1.783,42",,,,,,"1.783,42",,,,,,,,
SAO DOMINGOS-BA,,,,,,,BA,,"1.150,59",,,,,,-,,,,,"1.150,59",,,,,,"1.150,59",,,,,,,,
SAO FELIPE-BA,,,,,,,BA,,"1.495,77",,,,,,-,,,,,"1.495,77",,,,,,"1.495,77",,,,,,,,
SAO FELIX-BA,,,,,,,BA,,"1.323,18",,,,,,-,,,,,"1.323,18",,,,,,"1.323,18",,,,,,,,
SAO FRANCISCO DO CONDE-BA,,,,,,,BA,,"2.216.018,97",,,,,,"1.172.163,13",,,,,"3.388.182,10",,,,,,"3.388.182,10",,,,,,,,
SAO GONCALO DOS CAMPOS-BA,,,,,,,BA,,"1.668,36",,,,,,-,,,,,"1.668,36",,,,,,"1.668,36",,,,,,,,
SAO JOSE DA VITORIA-BA,,,,,,,BA,,"1.150,59",,,,,,-,,,,,"1.150,59",,,,,,"1.150,59",,,,,,,,
SAO JOSE DO JACUIPE-BA,,,,,,,BA,,"1.208,12",,,,,,-,,,,,"1.208,12",,,,,,"1.208,12",,,,,,,,
SAO MIGUEL DAS MATAS-BA,,,,,,,BA,,"1.208,12",,,,,,-,,,,,"1.208,12",,,,,,"1.208,12",,,,,,,,
SAO SEBASTIAO DO PASSE-BA,,,,,,,BA,,"484.356,65",,,,,,"255.807,30",,,,,"740.163,95",,,,,,"740.163,95",,,,,,,,
SAPEACU-BA,,,,,,,BA,,"1.380,71",,,,,,-,,,,,"1.380,71",,,,,,"1.380,71",,,,,,,,
SATIRO DIAS-BA,,,,,,,BA,,"1.438,24",,,,,,-,,,,,"1.438,24",,,,,,"1.438,24",,,,,,,,
SAUBARA-BA,,,,,,,BA,,"36.291,46",,,,,,"280.901,25",,,,,"317.192,71",,,,,,"317.192,71",,,,,,,,
SERRA PRETA-BA,,,,,,,BA,,"1.323,18",,,,,,-,,,,,"1.323,18",,,,,,"1.323,18",,,,,,,,
SERRINHA-BA,,,,,,,BA,,"2.013,54",,,,,,-,,,,,"2.013,54",,,,,,"2.013,54",,,,,,,,
SERROLANDIA-BA,,,,,,,BA,,"1.265,65",,,,,,-,,,,,"1.265,65",,,,,,"1.265,65",,,,,,,,
SIMOES FILHO-BA,,,,,,,BA,,"97.819,99",,,,,,"2.856,96",,,,,"100.676,95",,,,,,"100.676,95",,,,,,,,
SITIO DO QUINTO-BA,,,,,,,BA,,"1.265,65",,,,,,-,,,,,"1.265,65",,,,,,"1.265,65",,,,,,,,
TANQUINHO-BA,,,,,,,BA,,"1.150,59",,,,,,-,,,,,"1.150,59",,,,,,"1.150,59",,,,,,,,
TAPEROA-BA,,,,,,,BA,,"1.438,24",,,,,,-,,,,,"1.438,24",,,,,,"1.438,24",,,,,,,,
TAPIRAMUTA-BA,,,,,,,BA,,"1.380,71",,,,,,-,,,,,"1.380,71",,,,,,"1.380,71",,,,,,,,
TEIXEIRA DE FREITAS-BA,,,,,,,BA,,"2.243,66",,,,,,-,,,,,"2.243,66",,,,,,"2.243,66",,,,,,,,
TEODORO SAMPAIO-BA,,,,,,,BA,,"95.330,92",,,,,,"1.331,35",,,,,"96.662,27",,,,,,"96.662,27",,,,,,,,
TEOFILANDIA-BA,,,,,,,BA,,"1.495,77",,,,,,-,,,,,"1.495,77",,,,,,"1.495,77",,,,,,,,
TEOLANDIA-BA,,,,,,,BA,,"1.323,18",,,,,,-,,,,,"1.323,18",,,,,,"1.323,18",,,,,,,,
TERRA NOVA-BA,,,,,,,BA,,"1.398,79",,,,,,"85,87",,,,,"1.484,66",,,,,,"1.484,66",,,,,,,,
TUCANO-BA,,,,,,,BA,,"1.840,95",,,,,,-,,,,,"1.840,95",,,,,,"1.840,95",,,,,,,,
UAUA-BA,,,,,,,BA,,"1.553,30",,,,,,-,,,,,"1.553,30",,,,,,"1.553,30",,,,,,,,
UBAIRA-BA,,,,,,,BA,,"1.438,24",,,,,,-,,,,,"1.438,24",,,,,,"1.438,24",,,,,,,,
UBAITABA-BA,,,,,,,BA,,"1.495,77",,,,,,-,,,,,"1.495,77",,,,,,"1.495,77",,,,,,,,
UBATA-BA,,,,,,,BA,,"1.553,30",,,,,,-,,,,,"1.553,30",,,,,,"1.553,30",,,,,,,,
UNA-BA,,,,,,,BA,,"1.553,30",,,,,,-,,,,,"1.553,30",,,,,,"1.553,30",,,,,,,,
URUCUCA-BA,,,,,,,BA,,"1.438,24",,,,,,-,,,,,"1.438,24",,,,,,"1.438,24",,,,,,,,
VALENCA-BA,,,,,,,BA,,"61.997,92",,,,,,-,,,,,"61.997,92",,,,,,"61.997,92",,,,,,,,
VALENTE-BA,,,,,,,BA,,"1.553,30",,,,,,-,,,,,"1.553,30",,,,,,"1.553,30",,,,,,,,
Superintendência de Participações Governamentais,,,,,,,,,,,,,,,,,,,,,,,,,,,,,,,,,,
VARZEA DA ROCA-BA,,,,,,,BA,,"1.265,65",,,,,,-,,,,,"1.265,65",,,,,,"1.265,65",,,,,,,,
VARZEA DO POCO-BA,,,,,,,BA,,"1.150,59",,,,,,-,,,,,"1.150,59",,,,,,"1.150,59",,,,,,,,
VARZEA NOVA-BA,,,,,,,BA,,"1.265,65",,,,,,-,,,,,"1.265,65",,,,,,"1.265,65",,,,,,,,
VARZEDO-BA,,,,,,,BA,,"1.150,59",,,,,,-,,,,,"1.150,59",,,,,,"1.150,59",,,,,,,,
VERA CRUZ-BA,,,,,,,BA,,"98.797,61",,,,,,"1.317,14",,,,,"100.114,75",,,,,,"100.114,75",,,,,,,,
VEREDA-BA,,,,,,,BA,,"1.150,59",,,,,,-,,,,,"1.150,59",,,,,,"1.150,59",,,,,,,,
VITORIA DA CONQUISTA-BA,,,,,,,BA,,"2.301,19",,,,,,-,,,,,"2.301,19",,,,,,"2.301,19",,,,,,,,
WENCESLAU GUIMARAES-BA,,,,,,,BA,,"1.495,77",,,,,,-,,,,,"1.495,77",,,,,,"1.495,77",,,,,,,,
BAHIA  TOTAL,,,,,,,,,"9.608.397,92",,,,,,"7.083.907,37",,,,,"16.692.305,29",,,,,,"16.692.305,29",,,,,,,,
ACARAU-CE,,,,,,,CE,,"3.040,80",,,,,,-,,,,,"3.040,80",,,,,,"3.040,80",,,,,,,,
ALCANTARAS-CE,,,,,,,CE,,"1.935,05",,,,,,-,,,,,"1.935,05",,,,,,"1.935,05",,,,,,,,
AMONTADA-CE,,,,,,,CE,,"62.530,74",,,,,,"13.850,45",,,,,"76.381,19",,,,,,"76.381,19",,,,,,,,
APUIARES-CE,,,,,,,CE,,"2.027,20",,,,,,-,,,,,"2.027,20",,,,,,"2.027,20",,,,,,,,
AQUIRAZ-CE,,,,,,,CE,,-,,,,,,"38.520,42",,,,,"38.520,42",,,,,,"38.520,42",,,,,,,,
ARACATI-CE,,,,,,,CE,,"131.541,46",,,,,,"18.675,22",,,,,"150.216,68",,,,,,"150.216,68",,,,,,,,
ARARENDA-CE,,,,,,,CE,,"1.935,05",,,,,,-,,,,,"1.935,05",,,,,,"1.935,05",,,,,,,,
BARROQUINHA-CE,,,,,,,CE,,"2.119,35",,,,,,-,,,,,"2.119,35",,,,,,"2.119,35",,,,,,,,
BELA CRUZ-CE,,,,,,,CE,,"2.580,07",,,,,,-,,,,,"2.580,07",,,,,,"2.580,07",,,,,,,,
CAMOCIM-CE,,,,,,,CE,,"3.040,80",,,,,,-,,,,,"3.040,80",,,,,,"3.040,80",,,,,,,,
CANINDE-CE,,,,,,,CE,,"3.225,09",,,,,,-,,,,,"3.225,09",,,,,,"3.225,09",,,,,,,,
CARIDADE-CE,,,,,,,CE,,"2.395,78",,,,,,-,,,,,"2.395,78",,,,,,"2.395,78",,,,,,,,
CARIRE-CE,,,,,,,CE,,"2.303,64",,,,,,-,,,,,"2.303,64",,,,,,"2.303,64",,,,,,,,
CARNAUBAL-CE,,,,,,,CE,,"2.211,49",,,,,,-,,,,,"2.211,49",,,,,,"2.211,49",,,,,,,,
CATUNDA-CE,,,,,,,CE,,"1.842,91",,,,,,-,,,,,"1.842,91",,,,,,"1.842,91",,,,,,,,
CAUCAIA-CE,,,,,,,CE,,-,,,,,,"38.520,42",,,,,"38.520,42",,,,,,"38.520,42",,,,,,,,
CHAVAL-CE,,,,,,,CE,,"2.027,20",,,,,,-,,,,,"2.027,20",,,,,,"2.027,20",,,,,,,,
COREAU-CE,,,,,,,CE,,"2.395,78",,,,,,-,,,,,"2.395,78",,,,,,"2.395,78",,,,,,,,
CRATEUS-CE,,,,,,,CE,,"3.225,09",,,,,,-,,,,,"3.225,09",,,,,,"3.225,09",,,,,,,,
CROATA-CE,,,,,,,CE,,"2.211,49",,,,,,-,,,,,"2.211,49",,,,,,"2.211,49",,,,,,,,
CRUZ-CE,,,,,,,CE,,"2.395,78",,,,,,-,,,,,"2.395,78",,,,,,"2.395,78",,,,,,,,
FORQUILHA-CE,,,,,,,CE,,"2.395,78",,,,,,-,,,,,"2.395,78",,,,,,"2.395,78",,,,,,,,
FORTALEZA-CE,,,,,,,CE,,"1.819.209,60",,,,,,"51.360,56",,,,,"1.870.570,16",,,,,,"1.870.570,16",,,,,,,,
FRECHEIRINHA-CE,,,,,,,CE,,"2.027,20",,,,,,-,,,,,"2.027,20",,,,,,"2.027,20",,,,,,,,
GENERAL SAMPAIO-CE,,,,,,,CE,,"1.842,91",,,,,,-,,,,,"1.842,91",,,,,,"1.842,91",,,,,,,,
GRACA-CE,,,,,,,CE,,"2.119,35",,,,,,-,,,,,"2.119,35",,,,,,"2.119,35",,,,,,,,
GRANJA-CE,,,,,,,CE,,"2.948,66",,,,,,-,,,,,"2.948,66",,,,,,"2.948,66",,,,,,,,
GROAIRAS-CE,,,,,,,CE,,"1.935,05",,,,,,-,,,,,"1.935,05",,,,,,"1.935,05",,,,,,,,
GUARACIABA DO NORTE-CE,,,,,,,CE,,"2.764,36",,,,,,-,,,,,"2.764,36",,,,,,"2.764,36",,,,,,,,
HIDROLANDIA-CE,,,,,,,CE,,"2.303,64",,,,,,-,,,,,"2.303,64",,,,,,"2.303,64",,,,,,,,
IBIAPINA-CE,,,,,,,CE,,"2.395,78",,,,,,-,,,,,"2.395,78",,,,,,"2.395,78",,,,,,,,
ICAPUI-CE,,,,,,,CE,,"112.171,43",,,,,,"17.237,03",,,,,"129.408,46",,,,,,"129.408,46",,,,,,,,
INDEPENDENCIA-CE,,,,,,,CE,,"2.487,93",,,,,,-,,,,,"2.487,93",,,,,,"2.487,93",,,,,,,,
IPAPORANGA-CE,,,,,,,CE,,"1.935,05",,,,,,-,,,,,"1.935,05",,,,,,"1.935,05",,,,,,,,
IPU-CE,,,,,,,CE,,"2.856,51",,,,,,-,,,,,"2.856,51",,,,,,"2.856,51",,,,,,,,
IPUEIRAS-CE,,,,,,,CE,,"2.764,36",,,,,,-,,,,,"2.764,36",,,,,,"2.764,36",,,,,,,,
IRAUCUBA-CE,,,,,,,CE,,"2.395,78",,,,,,-,,,,,"2.395,78",,,,,,"2.395,78",,,,,,,,
ITAPAGE-CE,,,,,,,CE,,"2.948,66",,,,,,-,,,,,"2.948,66",,,,,,"2.948,66",,,,,,,,
ITAPIPOCA-CE,,,,,,,CE,,"79.205,60",,,,,,"141.710,10",,,,,"220.915,70",,,,,,"220.915,70",,,,,,,,
ITAREMA-CE,,,,,,,CE,,"62.530,74",,,,,,"50.269,79",,,,,"112.800,53",,,,,,"112.800,53",,,,,,,,
JAGUARUANA-CE,,,,,,,CE,,"92.832,29",,,,,,"193,44",,,,,"93.025,73",,,,,,"93.025,73",,,,,,,,
JIJOCA DE JERICOACOARA-CE,,,,,,,CE,,"2.211,49",,,,,,-,,,,,"2.211,49",,,,,,"2.211,49",,,,,,,,
MARCO-CE,,,,,,,CE,,"2.487,93",,,,,,-,,,,,"2.487,93",,,,,,"2.487,93",,,,,,,,
MARTINOPOLE-CE,,,,,,,CE,,"1.935,05",,,,,,-,,,,,"1.935,05",,,,,,"1.935,05",,,,,,,,
MASSAPE-CE,,,,,,,CE,,"2.672,22",,,,,,-,,,,,"2.672,22",,,,,,"2.672,22",,,,,,,,
MERUOCA-CE,,,,,,,CE,,"2.027,20",,,,,,-,,,,,"2.027,20",,,,,,"2.027,20",,,,,,,,
MIRAIMA-CE,,,,,,,CE,,"2.027,20",,,,,,-,,,,,"2.027,20",,,,,,"2.027,20",,,,,,,,
MONSENHOR TABOSA-CE,,,,,,,CE,,"2.211,49",,,,,,-,,,,,"2.211,49",,,,,,"2.211,49",,,,,,,,
Superintendência de Participações Governamentais,,,,,,,,,,,,,,,,,,,,,,,,,,,,,,,,,,
MORAUJO-CE,,,,,,,CE,,"1.842,91",,,,,,-,,,,,"1.842,91",,,,,,"1.842,91",,,,,,,,
MORRINHOS-CE,,,,,,,CE,,"2.395,78",,,,,,-,,,,,"2.395,78",,,,,,"2.395,78",,,,,,,,
MUCAMBO-CE,,,,,,,CE,,"2.119,35",,,,,,-,,,,,"2.119,35",,,,,,"2.119,35",,,,,,,,
NOVA RUSSAS-CE,,,,,,,CE,,"2.580,07",,,,,,-,,,,,"2.580,07",,,,,,"2.580,07",,,,,,,,
NOVO ORIENTE-CE,,,,,,,CE,,"2.487,93",,,,,,-,,,,,"2.487,93",,,,,,"2.487,93",,,,,,,,
PACUJA-CE,,,,,,,CE,,"1.842,91",,,,,,-,,,,,"1.842,91",,,,,,"1.842,91",,,,,,,,
PARACURU-CE,,,,,,,CE,,"58.362,02",,,,,,"95.708,35",,,,,"154.070,37",,,,,,"154.070,37",,,,,,,,
PARAIPABA-CE,,,,,,,CE,,"2.580,07",,,,,,"2.539,69",,,,,"5.119,76",,,,,,"5.119,76",,,,,,,,
PARAMOTI-CE,,,,,,,CE,,"1.935,05",,,,,,-,,,,,"1.935,05",,,,,,"1.935,05",,,,,,,,
PENTECOSTE-CE,,,,,,,CE,,"2.672,22",,,,,,-,,,,,"2.672,22",,,,,,"2.672,22",,,,,,,,
PIRES FERREIRA-CE,,,,,,,CE,,"1.935,05",,,,,,-,,,,,"1.935,05",,,,,,"1.935,05",,,,,,,,
PORANGA-CE,,,,,,,CE,,"2.027,20",,,,,,-,,,,,"2.027,20",,,,,,"2.027,20",,,,,,,,
QUITERIANOPOLIS-CE,,,,,,,CE,,"2.303,64",,,,,,-,,,,,"2.303,64",,,,,,"2.303,64",,,,,,,,
RERIUTABA-CE,,,,,,,CE,,"2.303,64",,,,,,-,,,,,"2.303,64",,,,,,"2.303,64",,,,,,,,
SANTA QUITERIA-CE,,,,,,,CE,,"2.856,51",,,,,,-,,,,,"2.856,51",,,,,,"2.856,51",,,,,,,,
SANTANA DO ACARAU-CE,,,,,,,CE,,"2.580,07",,,,,,-,,,,,"2.580,07",,,,,,"2.580,07",,,,,,,,
SAO BENEDITO-CE,,,,,,,CE,,"2.856,51",,,,,,-,,,,,"2.856,51",,,,,,"2.856,51",,,,,,,,
SAO LUIS DO CURU-CE,,,,,,,CE,,"2.027,20",,,,,,-,,,,,"2.027,20",,,,,,"2.027,20",,,,,,,,
SENADOR SA-CE,,,,,,,CE,,"1.842,91",,,,,,-,,,,,"1.842,91",,,,,,"1.842,91",,,,,,,,
SOBRAL-CE,,,,,,,CE,,"3.685,82",,,,,,-,,,,,"3.685,82",,,,,,"3.685,82",,,,,,,,
TAMBORIL-CE,,,,,,,CE,,"2.487,93",,,,,,-,,,,,"2.487,93",,,,,,"2.487,93",,,,,,,,
TEJUCUOCA-CE,,,,,,,CE,,"2.211,49",,,,,,-,,,,,"2.211,49",,,,,,"2.211,49",,,,,,,,
TIANGUA-CE,,,,,,,CE,,"3.132,95",,,,,,-,,,,,"3.132,95",,,,,,"3.132,95",,,,,,,,
TRAIRI-CE,,,,,,,CE,,"66.699,45",,,,,,"107.582,30",,,,,"174.281,75",,,,,,"174.281,75",,,,,,,,
TURURU-CE,,,,,,,CE,,"2.119,35",,,,,,-,,,,,"2.119,35",,,,,,"2.119,35",,,,,,,,
UBAJARA-CE,,,,,,,CE,,"2.580,07",,,,,,-,,,,,"2.580,07",,,,,,"2.580,07",,,,,,,,
UMIRIM-CE,,,,,,,CE,,"2.303,64",,,,,,-,,,,,"2.303,64",,,,,,"2.303,64",,,,,,,,
URUBURETAMA-CE,,,,,,,CE,,"2.303,64",,,,,,-,,,,,"2.303,64",,,,,,"2.303,64",,,,,,,,
URUOCA-CE,,,,,,,CE,,"2.027,20",,,,,,-,,,,,"2.027,20",,,,,,"2.027,20",,,,,,,,
VARJOTA-CE,,,,,,,CE,,"2.211,49",,,,,,-,,,,,"2.211,49",,,,,,"2.211,49",,,,,,,,
VICOSA DO CEARA-CE,,,,,,,CE,,"2.948,66",,,,,,-,,,,,"2.948,66",,,,,,"2.948,66",,,,,,,,
CEARA  TOTAL,,,,,,,,,"2.646.890,76",,,,,,"576.167,77",,,,,"3.223.058,53",,,,,,"3.223.058,53",,,,,,,,
AFONSO CLAUDIO-ES,,,,,,,ES,,"207.558,50",,,,,,-,,,,,"207.558,50",,,,,,"207.558,50",,,,,,,,
AGUA DOCE DO NORTE-ES,,,,,,,ES,,"155.668,87",,,,,,-,,,,,"155.668,87",,,,,,"155.668,87",,,,,,,,
AGUIA BRANCA-ES,,,,,,,ES,,"148.256,07",,,,,,-,,,,,"148.256,07",,,,,,"148.256,07",,,,,,,,
ALEGRE-ES,,,,,,,ES,,"207.558,50",,,,,,-,,,,,"207.558,50",,,,,,"207.558,50",,,,,,,,
ALFREDO CHAVES-ES,,,,,,,ES,,"163.081,67",,,,,,-,,,,,"163.081,67",,,,,,"163.081,67",,,,,,,,
ALTO RIO NOVO-ES,,,,,,,ES,,"148.256,07",,,,,,-,,,,,"148.256,07",,,,,,"148.256,07",,,,,,,,
ANCHIETA-ES,,,,,,,ES,,"2.671.168,76",,,,,,"1.290.781,70",,,,,"3.961.950,46",,,,,,"3.961.950,46",,,,,,,,
APIACA-ES,,,,,,,ES,,"148.256,07",,,,,,-,,,,,"148.256,07",,,,,,"148.256,07",,,,,,,,
ARACRUZ-ES,,,,,,,ES,,"1.255.634,66",,,,,,"1.627.193,90",,,,,"2.882.828,56",,,,,,"2.882.828,56",,,,,,,,
ATILIO VIVACQUA-ES,,,,,,,ES,,"148.256,07",,,,,,-,,,,,"148.256,07",,,,,,"148.256,07",,,,,,,,
BAIXO GUANDU-ES,,,,,,,ES,,"207.558,50",,,,,,-,,,,,"207.558,50",,,,,,"207.558,50",,,,,,,,
BARRA DE SAO FRANCISCO-ES,,,,,,,ES,,"229.796,90",,,,,,-,,,,,"229.796,90",,,,,,"229.796,90",,,,,,,,
BOA ESPERANCA-ES,,,,,,,ES,,"170.494,47",,,,,,-,,,,,"170.494,47",,,,,,"170.494,47",,,,,,,,
BOM JESUS DO NORTE-ES,,,,,,,ES,,"148.256,07",,,,,,-,,,,,"148.256,07",,,,,,"148.256,07",,,,,,,,
BREJETUBA-ES,,,,,,,ES,,"155.668,87",,,,,,-,,,,,"155.668,87",,,,,,"155.668,87",,,,,,,,
CACHOEIRO DE ITAPEMIRIM-ES,,,,,,,ES,,"296.512,14",,,,,,-,,,,,"296.512,14",,,,,,"296.512,14",,,,,,,,
CARIACICA-ES,,,,,,,ES,,"296.512,14",,,,,,-,,,,,"296.512,14",,,,,,"296.512,14",,,,,,,,
CASTELO-ES,,,,,,,ES,,"214.971,30",,,,,,-,,,,,"214.971,30",,,,,,"214.971,30",,,,,,,,
COLATINA-ES,,,,,,,ES,,"274.273,73",,,,,,-,,,,,"274.273,73",,,,,,"274.273,73",,,,,,,,
CONCEICAO DA BARRA-ES,,,,,,,ES,,"309.712,11",,,,,,"32.835,48",,,,,"342.547,59",,,,,,"342.547,59",,,,,,,,
CONCEICAO DO CASTELO-ES,,,,,,,ES,,"155.668,87",,,,,,-,,,,,"155.668,87",,,,,,"155.668,87",,,,,,,,
DIVINO DE SAO LOURENCO-ES,,,,,,,ES,,"148.256,07",,,,,,-,,,,,"148.256,07",,,,,,"148.256,07",,,,,,,,
DOMINGOS MARTINS-ES,,,,,,,ES,,"207.558,50",,,,,,-,,,,,"207.558,50",,,,,,"207.558,50",,,,,,,,
DORES DO RIO PRETO-ES,,,,,,,ES,,"148.256,07",,,,,,-,,,,,"148.256,07",,,,,,"148.256,07",,,,,,,,
ECOPORANGA-ES,,,,,,,ES,,"192.732,88",,,,,,-,,,,,"192.732,88",,,,,,"192.732,88",,,,,,,,
Superintendência de Participações Governamentais,,,,,,,,,,,,,,,,,,,,,,,,,,,,,,,,,,
FUNDAO-ES,,,,,,,ES,,"837.089,77",,,,,,"160.264,71",,,,,"997.354,48",,,,,,"997.354,48",,,,,,,,
GOVERNADOR LINDENBERG-ES,,,,,,,ES,,"155.668,87",,,,,,-,,,,,"155.668,87",,,,,,"155.668,87",,,,,,,,
GUACUI-ES,,,,,,,ES,,"200.145,69",,,,,,-,,,,,"200.145,69",,,,,,"200.145,69",,,,,,,,
GUARAPARI-ES,,,,,,,ES,,"274.273,73",,,,,,-,,,,,"274.273,73",,,,,,"274.273,73",,,,,,,,
IBATIBA-ES,,,,,,,ES,,"192.732,88",,,,,,-,,,,,"192.732,88",,,,,,"192.732,88",,,,,,,,
IBIRACU-ES,,,,,,,ES,,"155.668,87",,,,,,-,,,,,"155.668,87",,,,,,"155.668,87",,,,,,,,
IBITIRAMA-ES,,,,,,,ES,,"148.256,07",,,,,,-,,,,,"148.256,07",,,,,,"148.256,07",,,,,,,,
ICONHA-ES,,,,,,,ES,,"163.081,67",,,,,,-,,,,,"163.081,67",,,,,,"163.081,67",,,,,,,,
IRUPI-ES,,,,,,,ES,,"155.668,87",,,,,,-,,,,,"155.668,87",,,,,,"155.668,87",,,,,,,,
ITAGUACU-ES,,,,,,,ES,,"170.494,47",,,,,,-,,,,,"170.494,47",,,,,,"170.494,47",,,,,,,,
ITAPEMIRIM-ES,,,,,,,ES,,"976.604,73",,,,,,"6.825.365,11",,,,,"7.801.969,84",,,,,,"7.801.969,84",,,,,,,,
ITARANA-ES,,,,,,,ES,,"155.668,87",,,,,,-,,,,,"155.668,87",,,,,,"155.668,87",,,,,,,,
IUNA-ES,,,,,,,ES,,"200.145,69",,,,,,-,,,,,"200.145,69",,,,,,"200.145,69",,,,,,,,
JAGUARE-ES,,,,,,,ES,,"652.801,09",,,,,,"211.677,45",,,,,"864.478,54",,,,,,"864.478,54",,,,,,,,
JERONIMO MONTEIRO-ES,,,,,,,ES,,"155.668,87",,,,,,-,,,,,"155.668,87",,,,,,"155.668,87",,,,,,,,
JOAO NEIVA-ES,,,,,,,ES,,"170.494,47",,,,,,-,,,,,"170.494,47",,,,,,"170.494,47",,,,,,,,
LARANJA DA TERRA-ES,,,,,,,ES,,"155.668,87",,,,,,-,,,,,"155.668,87",,,,,,"155.668,87",,,,,,,,
LINHARES-ES,,,,,,,ES,,"8.190.947,12",,,,,,"1.490.162,95",,,,,"9.681.110,07",,,,,,"9.681.110,07",,,,,,,,
MANTENOPOLIS-ES,,,,,,,ES,,"163.081,67",,,,,,-,,,,,"163.081,67",,,,,,"163.081,67",,,,,,,,
MARATAIZES-ES,,,,,,,ES,,"1.011.483,48",,,,,,"4.724.338,61",,,,,"5.735.822,09",,,,,,"5.735.822,09",,,,,,,,
MARECHAL FLORIANO-ES,,,,,,,ES,,"170.494,47",,,,,,-,,,,,"170.494,47",,,,,,"170.494,47",,,,,,,,
MARILANDIA-ES,,,,,,,ES,,"155.668,87",,,,,,-,,,,,"155.668,87",,,,,,"155.668,87",,,,,,,,
MIMOSO DO SUL-ES,,,,,,,ES,,"200.145,69",,,,,,-,,,,,"200.145,69",,,,,,"200.145,69",,,,,,,,
MONTANHA-ES,,,,,,,ES,,"177.907,28",,,,,,-,,,,,"177.907,28",,,,,,"177.907,28",,,,,,,,
MUCURICI-ES,,,,,,,ES,,"148.256,07",,,,,,-,,,,,"148.256,07",,,,,,"148.256,07",,,,,,,,
MUNIZ FREIRE-ES,,,,,,,ES,,"185.320,08",,,,,,-,,,,,"185.320,08",,,,,,"185.320,08",,,,,,,,
MUQUI-ES,,,,,,,ES,,"170.494,47",,,,,,-,,,,,"170.494,47",,,,,,"170.494,47",,,,,,,,
NOVA VENECIA-ES,,,,,,,ES,,"229.796,90",,,,,,-,,,,,"229.796,90",,,,,,"229.796,90",,,,,,,,
PANCAS-ES,,,,,,,ES,,"192.732,88",,,,,,-,,,,,"192.732,88",,,,,,"192.732,88",,,,,,,,
PEDRO CANARIO-ES,,,,,,,ES,,"192.732,88",,,,,,-,,,,,"192.732,88",,,,,,"192.732,88",,,,,,,,
PINHEIROS-ES,,,,,,,ES,,"192.732,88",,,,,,-,,,,,"192.732,88",,,,,,"192.732,88",,,,,,,,
PIUMA-ES,,,,,,,ES,,"871.968,51",,,,,,"288.070,60",,,,,"1.160.039,11",,,,,,"1.160.039,11",,,,,,,,
PONTO BELO-ES,,,,,,,ES,,"148.256,07",,,,,,-,,,,,"148.256,07",,,,,,"148.256,07",,,,,,,,
PRESIDENTE KENNEDY-ES,,,,,,,ES,,"732.453,55",,,,,,"9.707.204,93",,,,,"10.439.658,48",,,,,,"10.439.658,48",,,,,,,,
RIO BANANAL-ES,,,,,,,ES,,"177.907,28",,,,,,-,,,,,"177.907,28",,,,,,"177.907,28",,,,,,,,
RIO NOVO DO SUL-ES,,,,,,,ES,,"155.668,87",,,,,,-,,,,,"155.668,87",,,,,,"155.668,87",,,,,,,,
SANTA LEOPOLDINA-ES,,,,,,,ES,,"163.081,67",,,,,,-,,,,,"163.081,67",,,,,,"163.081,67",,,,,,,,
SANTA MARIA DE JETIBA-ES,,,,,,,ES,,"214.971,30",,,,,,-,,,,,"214.971,30",,,,,,"214.971,30",,,,,,,,
SANTA TERESA-ES,,,,,,,ES,,"192.732,88",,,,,,-,,,,,"192.732,88",,,,,,"192.732,88",,,,,,,,
SAO DOMINGOS DO NORTE-ES,,,,,,,ES,,"148.256,07",,,,,,-,,,,,"148.256,07",,,,,,"148.256,07",,,,,,,,
SAO GABRIEL DA PALHA-ES,,,,,,,ES,,"207.558,50",,,,,,-,,,,,"207.558,50",,,,,,"207.558,50",,,,,,,,
SAO JOSE DO CALCADO-ES,,,,,,,ES,,"155.668,87",,,,,,-,,,,,"155.668,87",,,,,,"155.668,87",,,,,,,,
SAO MATEUS-ES,,,,,,,ES,,"3.364.873,84",,,,,,"226.146,56",,,,,"3.591.020,40",,,,,,"3.591.020,40",,,,,,,,
SAO ROQUE DO CANAA-ES,,,,,,,ES,,"155.668,87",,,,,,-,,,,,"155.668,87",,,,,,"155.668,87",,,,,,,,
SERRA-ES,,,,,,,ES,,"1.395.149,62",,,,,,"451.765,97",,,,,"1.846.915,59",,,,,,"1.846.915,59",,,,,,,,
SOORETAMA-ES,,,,,,,ES,,"192.732,88",,,,,,-,,,,,"192.732,88",,,,,,"192.732,88",,,,,,,,
VARGEM ALTA-ES,,,,,,,ES,,"185.320,08",,,,,,-,,,,,"185.320,08",,,,,,"185.320,08",,,,,,,,
VENDA NOVA DO IMIGRANTE-ES,,,,,,,ES,,"192.732,88",,,,,,-,,,,,"192.732,88",,,,,,"192.732,88",,,,,,,,
VIANA-ES,,,,,,,ES,,"252.035,31",,,,,,-,,,,,"252.035,31",,,,,,"252.035,31",,,,,,,,
VILA PAVAO-ES,,,,,,,ES,,"148.256,07",,,,,,-,,,,,"148.256,07",,,,,,"148.256,07",,,,,,,,
VILA VALERIO-ES,,,,,,,ES,,"163.081,67",,,,,,-,,,,,"163.081,67",,,,,,"163.081,67",,,,,,,,
VILA VELHA-ES,,,,,,,ES,,"1.395.149,62",,,,,,-,,,,,"1.395.149,62",,,,,,"1.395.149,62",,,,,,,,
VITORIA-ES,,,,,,,ES,,"1.395.149,62",,,,,,"31.143,40",,,,,"1.426.293,02",,,,,,"1.426.293,02",,,,,,,,
ESPIRITO SANTO  TOTAL,,,,,,,,,"36.720.526,11",,,,,,"27.066.951,37",,,,,"63.787.477,48",,,,,,"63.787.477,48",,,,,,,,
SANTO ANTONIO DOS LOPES-MA,,,,,,,MA,,"93.276,85",,,,,,"1.067,01",,,,,"94.343,86",,,,,,"94.343,86",,,,,,,,
MARANHAO TOTAL,,,,,,,,,"93.276,85",,,,,,"1.067,01",,,,,"94.343,86",,,,,,"94.343,86",,,,,,,,
BETIM-MG,,,,,,,MG,,"71.528,32",,,,,,-,,,,,"71.528,32",,,,,,"71.528,32",,,,,,,,
Superintendência de Participações Governamentais,,,,,,,,,,,,,,,,,,,,,,,,,,,,,,,,,,
MINAS GERAIS  TOTAL,,,,,,,,,"71.528,32",,,,,,-,,,,,"71.528,32",,,,,,"71.528,32",,,,,,,,
AFUA-PA,,,,,,,PA,,-,,,,,,"10.447,95",,,,,"10.447,95",,,,,,"10.447,95",,,,,,,,
ALENQUER-PA,,,,,,,PA,,-,,,,,,"10.447,95",,,,,"10.447,95",,,,,,"10.447,95",,,,,,,,
ALMEIRIM-PA,,,,,,,PA,,-,,,,,,"10.447,95",,,,,"10.447,95",,,,,,"10.447,95",,,,,,,,
ANAJAS-PA,,,,,,,PA,,-,,,,,,"10.447,95",,,,,"10.447,95",,,,,,"10.447,95",,,,,,,,
BREVES-PA,,,,,,,PA,,-,,,,,,"10.447,95",,,,,"10.447,95",,,,,,"10.447,95",,,,,,,,
CHAVES-PA,,,,,,,PA,,-,,,,,,"10.447,95",,,,,"10.447,95",,,,,,"10.447,95",,,,,,,,
CURUA-PA,,,,,,,PA,,-,,,,,,"10.447,95",,,,,"10.447,95",,,,,,"10.447,95",,,,,,,,
FARO-PA,,,,,,,PA,,-,,,,,,"10.447,95",,,,,"10.447,95",,,,,,"10.447,95",,,,,,,,
GURUPA-PA,,,,,,,PA,,-,,,,,,"10.447,95",,,,,"10.447,95",,,,,,"10.447,95",,,,,,,,
JURUTI-PA,,,,,,,PA,,-,,,,,,"10.447,95",,,,,"10.447,95",,,,,,"10.447,95",,,,,,,,
MELGACO-PA,,,,,,,PA,,-,,,,,,"10.447,95",,,,,"10.447,95",,,,,,"10.447,95",,,,,,,,
MONTE ALEGRE-PA,,,,,,,PA,,-,,,,,,"10.447,95",,,,,"10.447,95",,,,,,"10.447,95",,,,,,,,
OBIDOS-PA,,,,,,,PA,,-,,,,,,"10.447,95",,,,,"10.447,95",,,,,,"10.447,95",,,,,,,,
PORTO DE MOZ-PA,,,,,,,PA,,-,,,,,,"10.447,95",,,,,"10.447,95",,,,,,"10.447,95",,,,,,,,
PRAINHA-PA,,,,,,,PA,,-,,,,,,"10.447,95",,,,,"10.447,95",,,,,,"10.447,95",,,,,,,,
SANTAREM-PA,,,,,,,PA,,-,,,,,,"10.447,95",,,,,"10.447,95",,,,,,"10.447,95",,,,,,,,
TERRA SANTA-PA,,,,,,,PA,,-,,,,,,"10.447,95",,,,,"10.447,95",,,,,,"10.447,95",,,,,,,,
PARA  TOTAL,,,,,,,,,-,,,,,,"177.615,15",,,,,"177.615,15",,,,,,"177.615,15",,,,,,,,
ALHANDRA-PB,,,,,,,PB,,"1.205.733,49",,,,,,-,,,,,"1.205.733,49",,,,,,"1.205.733,49",,,,,,,,
PARAIBA  TOTAL,,,,,,,,,"1.205.733,49",,,,,,-,,,,,"1.205.733,49",,,,,,"1.205.733,49",,,,,,,,
CABO DE SANTO AGOSTINHO-PE,,,,,,,PE,,"1.205.733,49",,,,,,-,,,,,"1.205.733,49",,,,,,"1.205.733,49",,,,,,,,
GOIANA-PE,,,,,,,PE,,"6,27",,,,,,-,,,,,"6,27",,,,,,"6,27",,,,,,,,
ITAQUITINGA-PE,,,,,,,PE,,"1.205.733,49",,,,,,-,,,,,"1.205.733,49",,,,,,"1.205.733,49",,,,,,,,
PAULISTA-PE,,,,,,,PE,,"1.134.201,10",,,,,,-,,,,,"1.134.201,10",,,,,,"1.134.201,10",,,,,,,,
PERNAMBUCO  TOTAL,,,,,,,,,"3.545.674,35",,,,,,-,,,,,"3.545.674,35",,,,,,"3.545.674,35",,,,,,,,
ANGRA DOS REIS-RJ,,,,,,,RJ,,"6.067.540,02",,,,,,"2.116.161,37",,,,,"8.183.701,39",,,,,,"8.183.701,39",,,,,,,,
APERIBE-RJ,,,,,,,RJ,,"473.381,76",,,,,,-,,,,,"473.381,76",,,,,,"473.381,76",,,,,,,,
ARARUAMA-RJ,,,,,,,RJ,,"856.595,57",,,,,,-,,,,,"856.595,57",,,,,,"856.595,57",,,,,,,,
ARMACAO DOS BUZIOS-RJ,,,,,,,RJ,,"2.904.672,48",,,,,,"2.318.559,40",,,,,"5.223.231,88",,,,,,"5.223.231,88",,,,,,,,
ARRAIAL DO CABO-RJ,,,,,,,RJ,,"2.904.672,48",,,,,,"984.942,90",,,,,"3.889.615,38",,,,,,"3.889.615,38",,,,,,,,
BARRA DO PIRAI-RJ,,,,,,,RJ,,"811.511,59",,,,,,-,,,,,"811.511,59",,,,,,"811.511,59",,,,,,,,
BARRA MANSA-RJ,,,,,,,RJ,,"901.679,54",,,,,,-,,,,,"901.679,54",,,,,,"901.679,54",,,,,,,,
BELFORD ROXO-RJ,,,,,,,RJ,,"901.679,54",,,,,,-,,,,,"901.679,54",,,,,,"901.679,54",,,,,,,,
BOM JARDIM-RJ,,,,,,,RJ,,"608.633,69",,,,,,-,,,,,"608.633,69",,,,,,"608.633,69",,,,,,,,
BOM JESUS DO ITABAPOANA-RJ,,,,,,,RJ,,"653.717,67",,,,,,-,,,,,"653.717,67",,,,,,"653.717,67",,,,,,,,
CABO FRIO-RJ,,,,,,,RJ,,"4.303.218,51",,,,,,"11.395.146,11",,,,,"15.698.364,62",,,,,,"15.698.364,62",,,,,,,,
CACHOEIRAS DE MACACU-RJ,,,,,,,RJ,,"3.409.172,81",,,,,,-,,,,,"3.409.172,81",,,,,,"3.409.172,81",,,,,,,,
CAMBUCI-RJ,,,,,,,RJ,,"518.465,73",,,,,,-,,,,,"518.465,73",,,,,,"518.465,73",,,,,,,,
CAMPOS DOS GOYTACAZES-RJ,,,,,,,RJ,,"4.303.218,51",,,,,,"49.674.956,87",,,,,"53.978.175,38",,,,,,"53.978.175,38",,,,,,,,
CANTAGALO-RJ,,,,,,,RJ,,"563.549,71",,,,,,-,,,,,"563.549,71",,,,,,"563.549,71",,,,,,,,
CARAPEBUS-RJ,,,,,,,RJ,,"2.366.770,17",,,,,,"637.809,50",,,,,"3.004.579,67",,,,,,"3.004.579,67",,,,,,,,
CARDOSO MOREIRA-RJ,,,,,,,RJ,,"495.923,74",,,,,,-,,,,,"495.923,74",,,,,,"495.923,74",,,,,,,,
CARMO-RJ,,,,,,,RJ,,"541.007,72",,,,,,-,,,,,"541.007,72",,,,,,"541.007,72",,,,,,,,
CASIMIRO DE ABREU-RJ,,,,,,,RJ,,"3.119.833,41",,,,,,"3.205.662,05",,,,,"6.325.495,46",,,,,,"6.325.495,46",,,,,,,,
CONCEICAO DE MACABU-RJ,,,,,,,RJ,,"586.091,69",,,,,,-,,,,,"586.091,69",,,,,,"586.091,69",,,,,,,,
CORDEIRO-RJ,,,,,,,RJ,,"586.091,69",,,,,,-,,,,,"586.091,69",,,,,,"586.091,69",,,,,,,,
DUAS BARRAS-RJ,,,,,,,RJ,,"473.381,76",,,,,,-,,,,,"473.381,76",,,,,,"473.381,76",,,,,,,,
DUQUE DE CAXIAS-RJ,,,,,,,RJ,,"4.303.218,51",,,,,,"251.039,93",,,,,"4.554.258,44",,,,,,"4.554.258,44",,,,,,,,
ENGENHEIRO PAULO DE FRONTIN-RJ,,,,,,,RJ,,"495.923,74",,,,,,-,,,,,"495.923,74",,,,,,"495.923,74",,,,,,,,
GUAPIMIRIM-RJ,,,,,,,RJ,,"3.761.845,85",,,,,,"251.039,93",,,,,"4.012.885,78",,,,,,"4.012.885,78",,,,,,,,
IGUABA GRANDE-RJ,,,,,,,RJ,,"586.091,69",,,,,,-,,,,,"586.091,69",,,,,,"586.091,69",,,,,,,,
ITABORAI-RJ,,,,,,,RJ,,"901.679,54",,,,,,"251.039,93",,,,,"1.152.719,47",,,,,,"1.152.719,47",,,,,,,,
ITAGUAI-RJ,,,,,,,RJ,,"3.980.477,12",,,,,,"1.175,11",,,,,"3.981.652,23",,,,,,"3.981.652,23",,,,,,,,
ITALVA-RJ,,,,,,,RJ,,"518.465,73",,,,,,-,,,,,"518.465,73",,,,,,"518.465,73",,,,,,,,
ITAOCARA-RJ,,,,,,,RJ,,"586.091,69",,,,,,-,,,,,"586.091,69",,,,,,"586.091,69",,,,,,,,
ITAPERUNA-RJ,,,,,,,RJ,,"811.511,59",,,,,,-,,,,,"811.511,59",,,,,,"811.511,59",,,,,,,,
Superintendência de Participações Governamentais,,,,,,,,,,,,,,,,,,,,,,,,,,,,,,,,,,
ITATIAIA-RJ,,,,,,,RJ,,"631.175,67",,,,,,-,,,,,"631.175,67",,,,,,"631.175,67",,,,,,,,
JAPERI-RJ,,,,,,,RJ,,"811.511,59",,,,,,-,,,,,"811.511,59",,,,,,"811.511,59",,,,,,,,
LAJE DO MURIAE-RJ,,,,,,,RJ,,"450.839,76",,,,,,-,,,,,"450.839,76",,,,,,"450.839,76",,,,,,,,
MACAE-RJ,,,,,,,RJ,,"30.918.626,94",,,,,,"9.097.275,46",,,,,"40.015.902,40",,,,,,"40.015.902,40",,,,,,,,
MACUCO-RJ,,,,,,,RJ,,"450.839,76",,,,,,-,,,,,"450.839,76",,,,,,"450.839,76",,,,,,,,
MAGE-RJ,,,,,,,RJ,,"4.349.634,27",,,,,,"251.039,93",,,,,"4.600.674,20",,,,,,"4.600.674,20",,,,,,,,
MANGARATIBA-RJ,,,,,,,RJ,,"676.259,65",,,,,,"1.587.121,02",,,,,"2.263.380,67",,,,,,"2.263.380,67",,,,,,,,
MARICA-RJ,,,,,,,RJ,,"4.088.057,58",,,,,,"4.173.978,78",,,,,"8.262.036,36",,,,,,"8.262.036,36",,,,,,,,
MENDES-RJ,,,,,,,RJ,,"541.007,72",,,,,,-,,,,,"541.007,72",,,,,,"541.007,72",,,,,,,,
MESQUITA-RJ,,,,,,,RJ,,"901.679,54",,,,,,-,,,,,"901.679,54",,,,,,"901.679,54",,,,,,,,
MIGUEL PEREIRA-RJ,,,,,,,RJ,,"608.633,69",,,,,,-,,,,,"608.633,69",,,,,,"608.633,69",,,,,,,,
MIRACEMA-RJ,,,,,,,RJ,,"608.633,69",,,,,,-,,,,,"608.633,69",,,,,,"608.633,69",,,,,,,,
NATIVIDADE-RJ,,,,,,,RJ,,"518.465,73",,,,,,-,,,,,"518.465,73",,,,,,"518.465,73",,,,,,,,
NILOPOLIS-RJ,,,,,,,RJ,,"901.679,54",,,,,,-,,,,,"901.679,54",,,,,,"901.679,54",,,,,,,,
NITEROI-RJ,,,,,,,RJ,,"4.303.218,51",,,,,,"3.242.419,68",,,,,"7.545.638,19",,,,,,"7.545.638,19",,,,,,,,
NOVA FRIBURGO-RJ,,,,,,,RJ,,"901.679,54",,,,,,-,,,,,"901.679,54",,,,,,"901.679,54",,,,,,,,
NOVA IGUACU-RJ,,,,,,,RJ,,"901.679,54",,,,,,-,,,,,"901.679,54",,,,,,"901.679,54",,,,,,,,
PARACAMBI-RJ,,,,,,,RJ,,"698.801,64",,,,,,-,,,,,"698.801,64",,,,,,"698.801,64",,,,,,,,
PARATI-RJ,,,,,,,RJ,,"3.227.413,87",,,,,,"3.740.957,87",,,,,"6.968.371,74",,,,,,"6.968.371,74",,,,,,,,
PATY DO ALFERES-RJ,,,,,,,RJ,,"608.633,69",,,,,,-,,,,,"608.633,69",,,,,,"608.633,69",,,,,,,,
PETROPOLIS-RJ,,,,,,,RJ,,"901.679,54",,,,,,-,,,,,"901.679,54",,,,,,"901.679,54",,,,,,,,
PINHEIRAL-RJ,,,,,,,RJ,,"586.091,69",,,,,,-,,,,,"586.091,69",,,,,,"586.091,69",,,,,,,,
PIRAI-RJ,,,,,,,RJ,,"608.633,69",,,,,,-,,,,,"608.633,69",,,,,,"608.633,69",,,,,,,,
PORCIUNCULA-RJ,,,,,,,RJ,,"541.007,72",,,,,,-,,,,,"541.007,72",,,,,,"541.007,72",,,,,,,,
PORTO REAL-RJ,,,,,,,RJ,,"541.007,72",,,,,,-,,,,,"541.007,72",,,,,,"541.007,72",,,,,,,,
QUATIS-RJ,,,,,,,RJ,,"495.923,74",,,,,,-,,,,,"495.923,74",,,,,,"495.923,74",,,,,,,,
QUEIMADOS-RJ,,,,,,,RJ,,"879.137,55",,,,,,-,,,,,"879.137,55",,,,,,"879.137,55",,,,,,,,
QUISSAMA-RJ,,,,,,,RJ,,"2.797.092,02",,,,,,"4.910.884,40",,,,,"7.707.976,42",,,,,,"7.707.976,42",,,,,,,,
RESENDE-RJ,,,,,,,RJ,,"856.595,57",,,,,,-,,,,,"856.595,57",,,,,,"856.595,57",,,,,,,,
RIO BONITO-RJ,,,,,,,RJ,,"721.343,63",,,,,,-,,,,,"721.343,63",,,,,,"721.343,63",,,,,,,,
RIO CLARO-RJ,,,,,,,RJ,,"541.007,72",,,,,,-,,,,,"541.007,72",,,,,,"541.007,72",,,,,,,,
RIO DAS FLORES-RJ,,,,,,,RJ,,"450.839,76",,,,,,-,,,,,"450.839,76",,,,,,"450.839,76",,,,,,,,
RIO DAS OSTRAS-RJ,,,,,,,RJ,,"3.980.477,12",,,,,,"11.402.795,36",,,,,"15.383.272,48",,,,,,"15.383.272,48",,,,,,,,
RIO DE JANEIRO-RJ,,,,,,,RJ,,"6.159.976,62",,,,,,"1.570.196,41",,,,,"7.730.173,03",,,,,,"7.730.173,03",,,,,,,,
SANTA MARIA MADALENA-RJ,,,,,,,RJ,,"473.381,76",,,,,,-,,,,,"473.381,76",,,,,,"473.381,76",,,,,,,,
SANTO ANTONIO DE PADUA-RJ,,,,,,,RJ,,"698.801,64",,,,,,-,,,,,"698.801,64",,,,,,"698.801,64",,,,,,,,
SAO FIDELIS-RJ,,,,,,,RJ,,"676.259,65",,,,,,-,,,,,"676.259,65",,,,,,"676.259,65",,,,,,,,
SAO FRANCISCO DE ITABAPOANA-RJ,,,,,,,RJ,,"698.801,64",,,,,,-,,,,,"698.801,64",,,,,,"698.801,64",,,,,,,,
SAO GONCALO-RJ,,,,,,,RJ,,"901.679,54",,,,,,"251.039,93",,,,,"1.152.719,47",,,,,,"1.152.719,47",,,,,,,,
SAO JOAO DA BARRA-RJ,,,,,,,RJ,,"3.119.833,41",,,,,,"5.582.268,27",,,,,"8.702.101,68",,,,,,"8.702.101,68",,,,,,,,
SAO JOAO DE MERITI-RJ,,,,,,,RJ,,"901.679,54",,,,,,-,,,,,"901.679,54",,,,,,"901.679,54",,,,,,,,
SAO JOSE DE UBA-RJ,,,,,,,RJ,,"450.839,76",,,,,,-,,,,,"450.839,76",,,,,,"450.839,76",,,,,,,,
SAO JOSE DO VALE DO RIO PRETO-RJ,,,,,,,RJ,,"586.091,69",,,,,,-,,,,,"586.091,69",,,,,,"586.091,69",,,,,,,,
SAO PEDRO DA ALDEIA-RJ,,,,,,,RJ,,"811.511,59",,,,,,-,,,,,"811.511,59",,,,,,"811.511,59",,,,,,,,
SAO SEBASTIAO DO ALTO-RJ,,,,,,,RJ,,"450.839,76",,,,,,-,,,,,"450.839,76",,,,,,"450.839,76",,,,,,,,
SAQUAREMA-RJ,,,,,,,RJ,,"788.969,60",,,,,,-,,,,,"788.969,60",,,,,,"788.969,60",,,,,,,,
SEROPEDICA-RJ,,,,,,,RJ,,"788.969,60",,,,,,-,,,,,"788.969,60",,,,,,"788.969,60",,,,,,,,
SILVA JARDIM-RJ,,,,,,,RJ,,"3.056.499,75",,,,,,-,,,,,"3.056.499,75",,,,,,"3.056.499,75",,,,,,,,
SUMIDOURO-RJ,,,,,,,RJ,,"518.465,73",,,,,,-,,,,,"518.465,73",,,,,,"518.465,73",,,,,,,,
TANGUA-RJ,,,,,,,RJ,,"631.175,67",,,,,,-,,,,,"631.175,67",,,,,,"631.175,67",,,,,,,,
TERESOPOLIS-RJ,,,,,,,RJ,,"901.679,54",,,,,,-,,,,,"901.679,54",,,,,,"901.679,54",,,,,,,,
TRAJANO DE MORAIS-RJ,,,,,,,RJ,,"473.381,76",,,,,,-,,,,,"473.381,76",,,,,,"473.381,76",,,,,,,,
VALENCA-RJ,,,,,,,RJ,,"766.427,61",,,,,,-,,,,,"766.427,61",,,,,,"766.427,61",,,,,,,,
VARRE-SAI-RJ,,,,,,,RJ,,"450.839,76",,,,,,-,,,,,"450.839,76",,,,,,"450.839,76",,,,,,,,
VASSOURAS-RJ,,,,,,,RJ,,"653.717,67",,,,,,-,,,,,"653.717,67",,,,,,"653.717,67",,,,,,,,
VOLTA REDONDA-RJ,,,,,,,RJ,,"901.679,54",,,,,,-,,,,,"901.679,54",,,,,,"901.679,54",,,,,,,,
RIO DE JANEIRO  TOTAL,,,,,,,,,"151.156.927,47",,,,,,"116.897.510,21",,,,,"268.054.437,68",,,,,,"268.054.437,68",,,,,,,,
Superintendência de Participações Governamentais,,,,,,,,,,,,,,,,,,,,,,,,,,,,,,,,,,
ACARI-RN,,,,,,,RN,,"4.442,10",,,,,,-,,,,,"4.442,10",,,,,,"4.442,10",,,,,,,,
ACU-RN,,,,,,,RN,,"288.676,37",,,,,,"107.832,36",,,,,"396.508,73",,,,,,"396.508,73",,,,,,,,
AFONSO BEZERRA-RN,,,,,,,RN,,"96.878,70",,,,,,"12,60",,,,,"96.891,30",,,,,,"96.891,30",,,,,,,,
AGUA NOVA-RN,,,,,,,RN,,"4.230,57",,,,,,-,,,,,"4.230,57",,,,,,"4.230,57",,,,,,,,
ALEXANDRIA-RN,,,,,,,RN,,"4.653,63",,,,,,-,,,,,"4.653,63",,,,,,"4.653,63",,,,,,,,
ALMINO AFONSO-RN,,,,,,,RN,,"4.230,57",,,,,,-,,,,,"4.230,57",,,,,,"4.230,57",,,,,,,,
ALTO DO RODRIGUES-RN,,,,,,,RN,,"2.117.229,73",,,,,,"146.427,27",,,,,"2.263.657,00",,,,,,"2.263.657,00",,,,,,,,
ANGICOS-RN,,,,,,,RN,,"3.644,27",,,,,,"2.350,55",,,,,"5.994,82",,,,,,"5.994,82",,,,,,,,
ANTONIO MARTINS-RN,,,,,,,RN,,"4.230,57",,,,,,-,,,,,"4.230,57",,,,,,"4.230,57",,,,,,,,
APODI-RN,,,,,,,RN,,"329.604,58",,,,,,"194.677,42",,,,,"524.282,00",,,,,,"524.282,00",,,,,,,,
AREIA BRANCA-RN,,,,,,,RN,,"597.205,95",,,,,,"421.396,32",,,,,"1.018.602,27",,,,,,"1.018.602,27",,,,,,,,
AUGUSTO SEVERO-RN,,,,,,,RN,,"5.943,42",,,,,,"1.284,64",,,,,"7.228,06",,,,,,"7.228,06",,,,,,,,
BARAUNA-RN,,,,,,,RN,,"5.711,27",,,,,,-,,,,,"5.711,27",,,,,,"5.711,27",,,,,,,,
CAICO-RN,,,,,,,RN,,"6.980,45",,,,,,-,,,,,"6.980,45",,,,,,"6.980,45",,,,,,,,
CARAUBAS-RN,,,,,,,RN,,"208.244,17",,,,,,"100.071,48",,,,,"308.315,65",,,,,,"308.315,65",,,,,,,,
CARNAUBA DOS DANTAS-RN,,,,,,,RN,,"4.230,57",,,,,,-,,,,,"4.230,57",,,,,,"4.230,57",,,,,,,,
CARNAUBAIS-RN,,,,,,,RN,,"238.004,70",,,,,,"96.824,35",,,,,"334.829,05",,,,,,"334.829,05",,,,,,,,
CERRO CORA-RN,,,,,,,RN,,"4.442,10",,,,,,-,,,,,"4.442,10",,,,,,"4.442,10",,,,,,,,
CORONEL JOAO PESSOA-RN,,,,,,,RN,,"4.230,57",,,,,,-,,,,,"4.230,57",,,,,,"4.230,57",,,,,,,,
CRUZETA-RN,,,,,,,RN,,"4.230,57",,,,,,-,,,,,"4.230,57",,,,,,"4.230,57",,,,,,,,
CURRAIS NOVOS-RN,,,,,,,RN,,"6.557,39",,,,,,-,,,,,"6.557,39",,,,,,"6.557,39",,,,,,,,
DOUTOR SEVERIANO-RN,,,,,,,RN,,"4.230,57",,,,,,-,,,,,"4.230,57",,,,,,"4.230,57",,,,,,,,
ENCANTO-RN,,,,,,,RN,,"4.230,57",,,,,,-,,,,,"4.230,57",,,,,,"4.230,57",,,,,,,,
EQUADOR-RN,,,,,,,RN,,"4.230,57",,,,,,-,,,,,"4.230,57",,,,,,"4.230,57",,,,,,,,
FELIPE GUERRA-RN,,,,,,,RN,,"161.709,31",,,,,,"52.554,35",,,,,"214.263,66",,,,,,"214.263,66",,,,,,,,
FLORANIA-RN,,,,,,,RN,,"4.230,57",,,,,,-,,,,,"4.230,57",,,,,,"4.230,57",,,,,,,,
FRANCISCO DANTAS-RN,,,,,,,RN,,"4.230,57",,,,,,-,,,,,"4.230,57",,,,,,"4.230,57",,,,,,,,
FRUTUOSO GOMES-RN,,,,,,,RN,,"4.230,57",,,,,,-,,,,,"4.230,57",,,,,,"4.230,57",,,,,,,,
GALINHOS-RN,,,,,,,RN,,"4.230,57",,,,,,"61.537,24",,,,,"65.767,81",,,,,,"65.767,81",,,,,,,,
GOIANINHA-RN,,,,,,,RN,,"1.205.733,49",,,,,,-,,,,,"1.205.733,49",,,,,,"1.205.733,49",,,,,,,,
GOVERNADOR DIX-SEPT ROSADO-RN,,,,,,,RN,,"246.972,69",,,,,,"125.742,17",,,,,"372.714,86",,,,,,"372.714,86",,,,,,,,
GROSSOS-RN,,,,,,,RN,,"63.243,52",,,,,,"52.583,12",,,,,"115.826,64",,,,,,"115.826,64",,,,,,,,
GUAMARE-RN,,,,,,,RN,,"1.931.712,51",,,,,,"686.305,21",,,,,"2.618.017,72",,,,,,"2.618.017,72",,,,,,,,
IELMO MARINHO-RN,,,,,,,RN,,"1.205.733,49",,,,,,-,,,,,"1.205.733,49",,,,,,"1.205.733,49",,,,,,,,
IPANGUACU-RN,,,,,,,RN,,"4.653,63",,,,,,-,,,,,"4.653,63",,,,,,"4.653,63",,,,,,,,
IPUEIRA-RN,,,,,,,RN,,"4.230,57",,,,,,-,,,,,"4.230,57",,,,,,"4.230,57",,,,,,,,
ITAJA-RN,,,,,,,RN,,"4.230,57",,,,,,-,,,,,"4.230,57",,,,,,"4.230,57",,,,,,,,
ITAU-RN,,,,,,,RN,,"4.230,57",,,,,,-,,,,,"4.230,57",,,,,,"4.230,57",,,,,,,,
JANDAIRA-RN,,,,,,,RN,,"4.230,57",,,,,,-,,,,,"4.230,57",,,,,,"4.230,57",,,,,,,,
JANDUIS-RN,,,,,,,RN,,"4.230,57",,,,,,-,,,,,"4.230,57",,,,,,"4.230,57",,,,,,,,
JARDIM DE PIRANHAS-RN,,,,,,,RN,,"4.653,63",,,,,,-,,,,,"4.653,63",,,,,,"4.653,63",,,,,,,,
JARDIM DO SERIDO-RN,,,,,,,RN,,"4.653,63",,,,,,-,,,,,"4.653,63",,,,,,"4.653,63",,,,,,,,
JOAO DIAS-RN,,,,,,,RN,,"4.230,57",,,,,,-,,,,,"4.230,57",,,,,,"4.230,57",,,,,,,,
JOSE DA PENHA-RN,,,,,,,RN,,"4.230,57",,,,,,-,,,,,"4.230,57",,,,,,"4.230,57",,,,,,,,
JUCURUTU-RN,,,,,,,RN,,"5.076,69",,,,,,-,,,,,"5.076,69",,,,,,"5.076,69",,,,,,,,
LAGOA NOVA-RN,,,,,,,RN,,"4.653,63",,,,,,-,,,,,"4.653,63",,,,,,"4.653,63",,,,,,,,
LUCRECIA-RN,,,,,,,RN,,"4.230,57",,,,,,-,,,,,"4.230,57",,,,,,"4.230,57",,,,,,,,
LUIS GOMES-RN,,,,,,,RN,,"4.230,57",,,,,,-,,,,,"4.230,57",,,,,,"4.230,57",,,,,,,,
MACAIBA-RN,,,,,,,RN,,"6,27",,,,,,-,,,,,"6,27",,,,,,"6,27",,,,,,,,
MACAU-RN,,,,,,,RN,,"2.202.212,71",,,,,,"662.554,26",,,,,"2.864.766,97",,,,,,"2.864.766,97",,,,,,,,
MAJOR SALES-RN,,,,,,,RN,,"4.230,57",,,,,,-,,,,,"4.230,57",,,,,,"4.230,57",,,,,,,,
MARCELINO VIEIRA-RN,,,,,,,RN,,"4.230,57",,,,,,-,,,,,"4.230,57",,,,,,"4.230,57",,,,,,,,
MARTINS-RN,,,,,,,RN,,"4.230,57",,,,,,-,,,,,"4.230,57",,,,,,"4.230,57",,,,,,,,
MESSIAS TARGINO-RN,,,,,,,RN,,"4.230,57",,,,,,-,,,,,"4.230,57",,,,,,"4.230,57",,,,,,,,
MOSSORO-RN,,,,,,,RN,,"1.477.379,83",,,,,,"1.276.834,10",,,,,"2.754.213,93",,,,,,"2.754.213,93",,,,,,,,
OLHO D'AGUA DO BORGES-RN,,,,,,,RN,,"4.230,57",,,,,,-,,,,,"4.230,57",,,,,,"4.230,57",,,,,,,,
OURO BRANCO-RN,,,,,,,RN,,"4.230,57",,,,,,-,,,,,"4.230,57",,,,,,"4.230,57",,,,,,,,
Superintendência de Participações Governamentais,,,,,,,,,,,,,,,,,,,,,,,,,,,,,,,,,,
PARANA-RN,,,,,,,RN,,"4.230,57",,,,,,-,,,,,"4.230,57",,,,,,"4.230,57",,,,,,,,
PARAU-RN,,,,,,,RN,,"4.230,57",,,,,,-,,,,,"4.230,57",,,,,,"4.230,57",,,,,,,,
PARELHAS-RN,,,,,,,RN,,"5.499,74",,,,,,-,,,,,"5.499,74",,,,,,"5.499,74",,,,,,,,
PATU-RN,,,,,,,RN,,"4.442,10",,,,,,-,,,,,"4.442,10",,,,,,"4.442,10",,,,,,,,
PAU DOS FERROS-RN,,,,,,,RN,,"5.711,27",,,,,,-,,,,,"5.711,27",,,,,,"5.711,27",,,,,,,,
PEDRO AVELINO-RN,,,,,,,RN,,"4.230,57",,,,,,-,,,,,"4.230,57",,,,,,"4.230,57",,,,,,,,
PENDENCIAS-RN,,,,,,,RN,,"2.090.379,89",,,,,,"161.308,15",,,,,"2.251.688,04",,,,,,"2.251.688,04",,,,,,,,
PILOES-RN,,,,,,,RN,,"4.230,57",,,,,,-,,,,,"4.230,57",,,,,,"4.230,57",,,,,,,,
PORTALEGRE-RN,,,,,,,RN,,"4.230,57",,,,,,-,,,,,"4.230,57",,,,,,"4.230,57",,,,,,,,
PORTO DO MANGUE-RN,,,,,,,RN,,"63.243,52",,,,,,"127.969,17",,,,,"191.212,69",,,,,,"191.212,69",,,,,,,,
RAFAEL FERNANDES-RN,,,,,,,RN,,"4.230,57",,,,,,-,,,,,"4.230,57",,,,,,"4.230,57",,,,,,,,
RAFAEL GODEIRO-RN,,,,,,,RN,,"4.230,57",,,,,,-,,,,,"4.230,57",,,,,,"4.230,57",,,,,,,,
RIACHO DA CRUZ-RN,,,,,,,RN,,"4.230,57",,,,,,-,,,,,"4.230,57",,,,,,"4.230,57",,,,,,,,
RIACHO DE SANTANA-RN,,,,,,,RN,,"4.230,57",,,,,,-,,,,,"4.230,57",,,,,,"4.230,57",,,,,,,,
RODOLFO FERNANDES-RN,,,,,,,RN,,"4.230,57",,,,,,-,,,,,"4.230,57",,,,,,"4.230,57",,,,,,,,
SANTANA DO SERIDO-RN,,,,,,,RN,,"4.230,57",,,,,,-,,,,,"4.230,57",,,,,,"4.230,57",,,,,,,,
SAO FERNANDO-RN,,,,,,,RN,,"4.230,57",,,,,,-,,,,,"4.230,57",,,,,,"4.230,57",,,,,,,,
SAO FRANCISCO DO OESTE-RN,,,,,,,RN,,"4.230,57",,,,,,-,,,,,"4.230,57",,,,,,"4.230,57",,,,,,,,
SAO JOAO DO SABUGI-RN,,,,,,,RN,,"4.230,57",,,,,,-,,,,,"4.230,57",,,,,,"4.230,57",,,,,,,,
SAO JOSE DO SERIDO-RN,,,,,,,RN,,"4.230,57",,,,,,-,,,,,"4.230,57",,,,,,"4.230,57",,,,,,,,
SAO MIGUEL-RN,,,,,,,RN,,"5.499,74",,,,,,-,,,,,"5.499,74",,,,,,"5.499,74",,,,,,,,
SAO RAFAEL-RN,,,,,,,RN,,"4.230,57",,,,,,-,,,,,"4.230,57",,,,,,"4.230,57",,,,,,,,
SAO VICENTE-RN,,,,,,,RN,,"4.230,57",,,,,,-,,,,,"4.230,57",,,,,,"4.230,57",,,,,,,,
SERRA DO MEL-RN,,,,,,,RN,,"119.396,19",,,,,,"22.613,19",,,,,"142.009,38",,,,,,"142.009,38",,,,,,,,
SERRA NEGRA DO NORTE-RN,,,,,,,RN,,"4.230,57",,,,,,-,,,,,"4.230,57",,,,,,"4.230,57",,,,,,,,
SERRINHA DOS PINTOS-RN,,,,,,,RN,,"4.230,57",,,,,,-,,,,,"4.230,57",,,,,,"4.230,57",,,,,,,,
SEVERIANO MELO-RN,,,,,,,RN,,"4.230,57",,,,,,-,,,,,"4.230,57",,,,,,"4.230,57",,,,,,,,
TABOLEIRO GRANDE-RN,,,,,,,RN,,"4.230,57",,,,,,-,,,,,"4.230,57",,,,,,"4.230,57",,,,,,,,
TENENTE ANANIAS-RN,,,,,,,RN,,"4.230,57",,,,,,-,,,,,"4.230,57",,,,,,"4.230,57",,,,,,,,
TENENTE LAURENTINO CRUZ-RN,,,,,,,RN,,"4.230,57",,,,,,-,,,,,"4.230,57",,,,,,"4.230,57",,,,,,,,
TIBAU-RN,,,,,,,RN,,"63.243,52",,,,,,"8.827,42",,,,,"72.070,94",,,,,,"72.070,94",,,,,,,,
TIMBAUBA DOS BATISTAS-RN,,,,,,,RN,,"4.230,57",,,,,,-,,,,,"4.230,57",,,,,,"4.230,57",,,,,,,,
TRIUNFO POTIGUAR-RN,,,,,,,RN,,"4.230,57",,,,,,-,,,,,"4.230,57",,,,,,"4.230,57",,,,,,,,
UMARIZAL-RN,,,,,,,RN,,"4.442,10",,,,,,-,,,,,"4.442,10",,,,,,"4.442,10",,,,,,,,
UPANEMA-RN,,,,,,,RN,,"144.945,08",,,,,,"79.670,06",,,,,"224.615,14",,,,,,"224.615,14",,,,,,,,
VENHA-VER-RN,,,,,,,RN,,"4.230,57",,,,,,-,,,,,"4.230,57",,,,,,"4.230,57",,,,,,,,
VICOSA-RN,,,,,,,RN,,"4.230,57",,,,,,-,,,,,"4.230,57",,,,,,"4.230,57",,,,,,,,
RIO GRANDE DO NORTE  TOTAL,,,,,,,,,"15.176.098,36",,,,,,"4.389.375,43",,,,,"19.565.473,79",,,,,,"19.565.473,79",,,,,,,,
ARAMBARE-RS,,,,,,,RS,,-,,,,,,"11.688,75",,,,,"11.688,75",,,,,,"11.688,75",,,,,,,,
BARRA DO RIBEIRO-RS,,,,,,,RS,,-,,,,,,"11.688,75",,,,,"11.688,75",,,,,,"11.688,75",,,,,,,,
CAMAQUA-RS,,,,,,,RS,,-,,,,,,"11.688,75",,,,,"11.688,75",,,,,,"11.688,75",,,,,,,,
CANOAS-RS,,,,,,,RS,,"1.134.205,17",,,,,,-,,,,,"1.134.205,17",,,,,,"1.134.205,17",,,,,,,,
CAPIVARI DO SUL-RS,,,,,,,RS,,-,,,,,,"11.688,75",,,,,"11.688,75",,,,,,"11.688,75",,,,,,,,
CIDREIRA-RS,,,,,,,RS,,-,,,,,,"461.373,09",,,,,"461.373,09",,,,,,"461.373,09",,,,,,,,
ELDORADO DO SUL-RS,,,,,,,RS,,-,,,,,,"11.688,75",,,,,"11.688,75",,,,,,"11.688,75",,,,,,,,
GUAIBA-RS,,,,,,,RS,,-,,,,,,"11.688,75",,,,,"11.688,75",,,,,,"11.688,75",,,,,,,,
IMBE-RS,,,,,,,RS,,-,,,,,,"461.373,09",,,,,"461.373,09",,,,,,"461.373,09",,,,,,,,
MOSTARDAS-RS,,,,,,,RS,,-,,,,,,"11.688,75",,,,,"11.688,75",,,,,,"11.688,75",,,,,,,,
OSORIO-RS,,,,,,,RS,,"1.134.205,17",,,,,,"1.537.898,40",,,,,"2.672.103,57",,,,,,"2.672.103,57",,,,,,,,
PALMARES DO SUL-RS,,,,,,,RS,,-,,,,,,"11.688,75",,,,,"11.688,75",,,,,,"11.688,75",,,,,,,,
PELOTAS-RS,,,,,,,RS,,-,,,,,,"11.688,75",,,,,"11.688,75",,,,,,"11.688,75",,,,,,,,
PORTO ALEGRE-RS,,,,,,,RS,,-,,,,,,"11.688,75",,,,,"11.688,75",,,,,,"11.688,75",,,,,,,,
RIO GRANDE-RS,,,,,,,RS,,"1.764.321,51",,,,,,"124.680,11",,,,,"1.889.001,62",,,,,,"1.889.001,62",,,,,,,,
SAO JOSE DO NORTE-RS,,,,,,,RS,,-,,,,,,"11.688,75",,,,,"11.688,75",,,,,,"11.688,75",,,,,,,,
SAO LOURENCO DO SUL-RS,,,,,,,RS,,-,,,,,,"11.688,75",,,,,"11.688,75",,,,,,"11.688,75",,,,,,,,
TAPES-RS,,,,,,,RS,,-,,,,,,"11.688,75",,,,,"11.688,75",,,,,,"11.688,75",,,,,,,,
TAVARES-RS,,,,,,,RS,,-,,,,,,"11.688,75",,,,,"11.688,75",,,,,,"11.688,75",,,,,,,,
Superintendência de Participações Governamentais,,,,,,,,,,,,,,,,,,,,,,,,,,,,,,,,,,
TRAMANDAI-RS,,,,,,,RS,,"1.764.321,51",,,,,,"615.164,13",,,,,"2.379.485,64",,,,,,"2.379.485,64",,,,,,,,
TURUCU-RS,,,,,,,RS,,-,,,,,,"11.688,75",,,,,"11.688,75",,,,,,"11.688,75",,,,,,,,
VIAMAO-RS,,,,,,,RS,,-,,,,,,"11.688,75",,,,,"11.688,75",,,,,,"11.688,75",,,,,,,,
RIO GRANDE DO SUL  TOTAL,,,,,,,,,"5.797.053,36",,,,,,"3.387.508,82",,,,,"9.184.562,18",,,,,,"9.184.562,18",,,,,,,,
ARAQUARI-SC,,,,,,,SC,,-,,,,,,"373.675,71",,,,,"373.675,71",,,,,,"373.675,71",,,,,,,,
BALNEARIO BARRA DO SUL-SC,,,,,,,SC,,-,,,,,,"373.675,71",,,,,"373.675,71",,,,,,"373.675,71",,,,,,,,
GARUVA-SC,,,,,,,SC,,-,,,,,,"373.675,71",,,,,"373.675,71",,,,,,"373.675,71",,,,,,,,
ITAPOA-SC,,,,,,,SC,,-,,,,,,"373.675,71",,,,,"373.675,71",,,,,,"373.675,71",,,,,,,,
JOINVILLE-SC,,,,,,,SC,,-,,,,,,"373.675,71",,,,,"373.675,71",,,,,,"373.675,71",,,,,,,,
SAO FRANCISCO DO SUL-SC,,,,,,,SC,,"1.764.321,51",,,,,,"1.245.585,72",,,,,"3.009.907,23",,,,,,"3.009.907,23",,,,,,,,
SANTA CATARINA  TOTAL,,,,,,,,,"1.764.321,51",,,,,,"3.113.964,27",,,,,"4.878.285,78",,,,,,"4.878.285,78",,,,,,,,
AMPARO DE SAO FRANCISCO-SE,,,,,,,SE,,"3.994,03",,,,,,-,,,,,"3.994,03",,,,,,"3.994,03",,,,,,,,
AQUIDABA-SE,,,,,,,SE,,"5.192,25",,,,,,-,,,,,"5.192,25",,,,,,"5.192,25",,,,,,,,
ARACAJU-SE,,,,,,,SE,,"1.980.686,57",,,,,,"586.830,01",,,,,"2.567.516,58",,,,,,"2.567.516,58",,,,,,,,
ARAUA-SE,,,,,,,SE,,"4.193,73",,,,,,-,,,,,"4.193,73",,,,,,"4.193,73",,,,,,,,
AREIA BRANCA-SE,,,,,,,SE,,"6.878,40",,,,,,"1.345,19",,,,,"8.223,59",,,,,,"8.223,59",,,,,,,,
BARRA DOS COQUEIROS-SE,,,,,,,SE,,"77.190,05",,,,,,"216.496,13",,,,,"293.686,18",,,,,,"293.686,18",,,,,,,,
BOQUIM-SE,,,,,,,SE,,"5.391,95",,,,,,-,,,,,"5.391,95",,,,,,"5.391,95",,,,,,,,
BREJO GRANDE-SE,,,,,,,SE,,"109.071,70",,,,,,"9.604,34",,,,,"118.676,04",,,,,,"118.676,04",,,,,,,,
CAMPO DO BRITO-SE,,,,,,,SE,,"4.792,84",,,,,,-,,,,,"4.792,84",,,,,,"4.792,84",,,,,,,,
CANHOBA-SE,,,,,,,SE,,"3.994,03",,,,,,-,,,,,"3.994,03",,,,,,"3.994,03",,,,,,,,
CANINDE DE SAO FRANCISCO-SE,,,,,,,SE,,"5.391,95",,,,,,-,,,,,"5.391,95",,,,,,"5.391,95",,,,,,,,
CAPELA-SE,,,,,,,SE,,"21.736,76",,,,,,"10.413,60",,,,,"32.150,36",,,,,,"32.150,36",,,,,,,,
CARIRA-SE,,,,,,,SE,,"5.192,25",,,,,,-,,,,,"5.192,25",,,,,,"5.192,25",,,,,,,,
CARMOPOLIS-SE,,,,,,,SE,,"2.355.781,57",,,,,,"630.355,34",,,,,"2.986.136,91",,,,,,"2.986.136,91",,,,,,,,
CEDRO DE SAO JOAO-SE,,,,,,,SE,,"3.994,03",,,,,,-,,,,,"3.994,03",,,,,,"3.994,03",,,,,,,,
CRISTINAPOLIS-SE,,,,,,,SE,,"4.792,84",,,,,,-,,,,,"4.792,84",,,,,,"4.792,84",,,,,,,,
CUMBE-SE,,,,,,,SE,,"3.994,03",,,,,,-,,,,,"3.994,03",,,,,,"3.994,03",,,,,,,,
DIVINA PASTORA-SE,,,,,,,SE,,"337.041,57",,,,,,"207.222,72",,,,,"544.264,29",,,,,,"544.264,29",,,,,,,,
ESTANCIA-SE,,,,,,,SE,,"97.202,28",,,,,,"109.919,87",,,,,"207.122,15",,,,,,"207.122,15",,,,,,,,
FEIRA NOVA-SE,,,,,,,SE,,"3.994,03",,,,,,-,,,,,"3.994,03",,,,,,"3.994,03",,,,,,,,
FREI PAULO-SE,,,,,,,SE,,"4.393,43",,,,,,-,,,,,"4.393,43",,,,,,"4.393,43",,,,,,,,
GARARU-SE,,,,,,,SE,,"4.193,73",,,,,,-,,,,,"4.193,73",,,,,,"4.193,73",,,,,,,,
GENERAL MAYNARD-SE,,,,,,,SE,,"5.495,11",,,,,,"1.125,81",,,,,"6.620,92",,,,,,"6.620,92",,,,,,,,
GRACHO CARDOSO-SE,,,,,,,SE,,"3.994,03",,,,,,-,,,,,"3.994,03",,,,,,"3.994,03",,,,,,,,
ILHA DAS FLORES-SE,,,,,,,SE,,"3.994,03",,,,,,-,,,,,"3.994,03",,,,,,"3.994,03",,,,,,,,
INDIAROBA-SE,,,,,,,SE,,"4.593,14",,,,,,-,,,,,"4.593,14",,,,,,"4.593,14",,,,,,,,
ITABAIANA-SE,,,,,,,SE,,"7.189,26",,,,,,-,,,,,"7.189,26",,,,,,"7.189,26",,,,,,,,
ITABAIANINHA-SE,,,,,,,SE,,"5.991,05",,,,,,-,,,,,"5.991,05",,,,,,"5.991,05",,,,,,,,
ITABI-SE,,,,,,,SE,,"3.994,03",,,,,,-,,,,,"3.994,03",,,,,,"3.994,03",,,,,,,,
ITAPORANGA D'AJUDA-SE,,,,,,,SE,,"172.498,06",,,,,,"275.222,72",,,,,"447.720,78",,,,,,"447.720,78",,,,,,,,
JAPARATUBA-SE,,,,,,,SE,,"2.458.990,89",,,,,,"500.697,21",,,,,"2.959.688,10",,,,,,"2.959.688,10",,,,,,,,
JAPOATA-SE,,,,,,,SE,,"4.393,43",,,,,,-,,,,,"4.393,43",,,,,,"4.393,43",,,,,,,,
LAGARTO-SE,,,,,,,SE,,"7.189,26",,,,,,-,,,,,"7.189,26",,,,,,"7.189,26",,,,,,,,
LARANJEIRAS-SE,,,,,,,SE,,"5.391,95",,,,,,-,,,,,"5.391,95",,,,,,"5.391,95",,,,,,,,
MACAMBIRA-SE,,,,,,,SE,,"3.994,03",,,,,,-,,,,,"3.994,03",,,,,,"3.994,03",,,,,,,,
MALHADA DOS BOIS-SE,,,,,,,SE,,"3.994,03",,,,,,-,,,,,"3.994,03",,,,,,"3.994,03",,,,,,,,
MALHADOR-SE,,,,,,,SE,,"4.393,43",,,,,,-,,,,,"4.393,43",,,,,,"4.393,43",,,,,,,,
MARUIM-SE,,,,,,,SE,,"125.503,64",,,,,,"26.880,50",,,,,"152.384,14",,,,,,"152.384,14",,,,,,,,
MOITA BONITA-SE,,,,,,,SE,,"4.193,73",,,,,,-,,,,,"4.193,73",,,,,,"4.193,73",,,,,,,,
MONTE ALEGRE DE SERGIPE-SE,,,,,,,SE,,"4.393,43",,,,,,-,,,,,"4.393,43",,,,,,"4.393,43",,,,,,,,
MURIBECA-SE,,,,,,,SE,,"3.994,03",,,,,,-,,,,,"3.994,03",,,,,,"3.994,03",,,,,,,,
NEOPOLIS-SE,,,,,,,SE,,"4.992,55",,,,,,-,,,,,"4.992,55",,,,,,"4.992,55",,,,,,,,
NOSSA SENHORA APARECIDA-SE,,,,,,,SE,,"3.994,03",,,,,,-,,,,,"3.994,03",,,,,,"3.994,03",,,,,,,,
NOSSA SENHORA DA GLORIA-SE,,,,,,,SE,,"5.791,35",,,,,,-,,,,,"5.791,35",,,,,,"5.791,35",,,,,,,,
NOSSA SENHORA DAS DORES-SE,,,,,,,SE,,"5.391,95",,,,,,-,,,,,"5.391,95",,,,,,"5.391,95",,,,,,,,
NOSSA SENHORA DE LOURDES-SE,,,,,,,SE,,"3.994,03",,,,,,-,,,,,"3.994,03",,,,,,"3.994,03",,,,,,,,
Superintendência de Participações Governamentais,,,,,,,,,,,,,,,,,,,,,,,,,,,,,,,,,,
NOSSA SENHORA DO SOCORRO-SE,,,,,,,SE,,"7.988,07",,,,,,-,,,,,"7.988,07",,,,,,"7.988,07",,,,,,,,
PACATUBA-SE,,,,,,,SE,,"156.433,84",,,,,,"6.192,58",,,,,"162.626,42",,,,,,"162.626,42",,,,,,,,
PEDRA MOLE-SE,,,,,,,SE,,"3.994,03",,,,,,-,,,,,"3.994,03",,,,,,"3.994,03",,,,,,,,
PEDRINHAS-SE,,,,,,,SE,,"3.994,03",,,,,,-,,,,,"3.994,03",,,,,,"3.994,03",,,,,,,,
PINHAO-SE,,,,,,,SE,,"3.994,03",,,,,,-,,,,,"3.994,03",,,,,,"3.994,03",,,,,,,,
PIRAMBU-SE,,,,,,,SE,,"1.923.185,67",,,,,,"15.973,09",,,,,"1.939.158,76",,,,,,"1.939.158,76",,,,,,,,
POCO REDONDO-SE,,,,,,,SE,,"5.591,65",,,,,,-,,,,,"5.591,65",,,,,,"5.591,65",,,,,,,,
POCO VERDE-SE,,,,,,,SE,,"5.192,25",,,,,,-,,,,,"5.192,25",,,,,,"5.192,25",,,,,,,,
PORTO DA FOLHA-SE,,,,,,,SE,,"5.391,95",,,,,,-,,,,,"5.391,95",,,,,,"5.391,95",,,,,,,,
PROPRIA-SE,,,,,,,SE,,"5.591,65",,,,,,-,,,,,"5.591,65",,,,,,"5.591,65",,,,,,,,
RIACHAO DO DANTAS-SE,,,,,,,SE,,"4.992,55",,,,,,-,,,,,"4.992,55",,,,,,"4.992,55",,,,,,,,
RIACHUELO-SE,,,,,,,SE,,"171.629,73",,,,,,"48.736,83",,,,,"220.366,56",,,,,,"220.366,56",,,,,,,,
RIBEIROPOLIS-SE,,,,,,,SE,,"4.792,84",,,,,,-,,,,,"4.792,84",,,,,,"4.792,84",,,,,,,,
ROSARIO DO CATETE-SE,,,,,,,SE,,"254.141,29",,,,,,"140.992,13",,,,,"395.133,42",,,,,,"395.133,42",,,,,,,,
SALGADO-SE,,,,,,,SE,,"4.992,55",,,,,,-,,,,,"4.992,55",,,,,,"4.992,55",,,,,,,,
SANTA LUZIA DO ITANHY-SE,,,,,,,SE,,"4.393,43",,,,,,-,,,,,"4.393,43",,,,,,"4.393,43",,,,,,,,
SANTA ROSA DE LIMA-SE,,,,,,,SE,,"3.994,03",,,,,,-,,,,,"3.994,03",,,,,,"3.994,03",,,,,,,,
SANTANA DO SAO FRANCISCO-SE,,,,,,,SE,,"3.994,03",,,,,,-,,,,,"3.994,03",,,,,,"3.994,03",,,,,,,,
SANTO AMARO DAS BROTAS-SE,,,,,,,SE,,"139.379,07",,,,,,"35.368,05",,,,,"174.747,12",,,,,,"174.747,12",,,,,,,,
SAO CRISTOVAO-SE,,,,,,,SE,,"113.515,32",,,,,,"10.982,64",,,,,"124.497,96",,,,,,"124.497,96",,,,,,,,
SAO DOMINGOS-SE,,,,,,,SE,,"4.193,73",,,,,,-,,,,,"4.193,73",,,,,,"4.193,73",,,,,,,,
SAO FRANCISCO-SE,,,,,,,SE,,"3.994,03",,,,,,-,,,,,"3.994,03",,,,,,"3.994,03",,,,,,,,
SAO MIGUEL DO ALEIXO-SE,,,,,,,SE,,"3.994,03",,,,,,-,,,,,"3.994,03",,,,,,"3.994,03",,,,,,,,
SIMAO DIAS-SE,,,,,,,SE,,"5.991,05",,,,,,-,,,,,"5.991,05",,,,,,"5.991,05",,,,,,,,
SIRIRI-SE,,,,,,,SE,,"249.181,27",,,,,,"105.673,86",,,,,"354.855,13",,,,,,"354.855,13",,,,,,,,
TELHA-SE,,,,,,,SE,,"3.994,03",,,,,,-,,,,,"3.994,03",,,,,,"3.994,03",,,,,,,,
TOBIAS BARRETO-SE,,,,,,,SE,,"6.390,45",,,,,,-,,,,,"6.390,45",,,,,,"6.390,45",,,,,,,,
TOMAR DO GERU-SE,,,,,,,SE,,"4.393,43",,,,,,-,,,,,"4.393,43",,,,,,"4.393,43",,,,,,,,
UMBAUBA-SE,,,,,,,SE,,"5.192,25",,,,,,-,,,,,"5.192,25",,,,,,"5.192,25",,,,,,,,
SERGIPE  TOTAL,,,,,,,,,"11.021.944,77",,,,,,"2.940.032,62",,,,,"13.961.977,39",,,,,,"13.961.977,39",,,,,,,,
APARECIDA-SP,,,,,,,SP,,"12.645,83",,,,,,-,,,,,"12.645,83",,,,,,"12.645,83",,,,,,,,
ARAPEI-SP,,,,,,,SP,,"8.721,26",,,,,,-,,,,,"8.721,26",,,,,,"8.721,26",,,,,,,,
AREIAS-SP,,,,,,,SP,,"8.721,26",,,,,,-,,,,,"8.721,26",,,,,,"8.721,26",,,,,,,,
ARUJA-SP,,,,,,,SP,,"15.262,22",,,,,,-,,,,,"15.262,22",,,,,,"15.262,22",,,,,,,,
BANANAL-SP,,,,,,,SP,,"9.157,32",,,,,,-,,,,,"9.157,32",,,,,,"9.157,32",,,,,,,,
BARRA DO TURVO-SP,,,,,,,SP,,"8.721,26",,,,,,-,,,,,"8.721,26",,,,,,"8.721,26",,,,,,,,
BARUERI-SP,,,,,,,SP,,"17.442,53",,,,,,-,,,,,"17.442,53",,,,,,"17.442,53",,,,,,,,
BERTIOGA-SP,,,,,,,SP,,"373.801,23",,,,,,"2.952.141,96",,,,,"3.325.943,19",,,,,,"3.325.943,19",,,,,,,,
BIRITIBA-MIRIM-SP,,,,,,,SP,,"12.209,77",,,,,,-,,,,,"12.209,77",,,,,,"12.209,77",,,,,,,,
CACAPAVA-SP,,,,,,,SP,,"15.698,27",,,,,,-,,,,,"15.698,27",,,,,,"15.698,27",,,,,,,,
CACHOEIRA PAULISTA-SP,,,,,,,SP,,"12.209,77",,,,,,-,,,,,"12.209,77",,,,,,"12.209,77",,,,,,,,
CAIEIRAS-SP,,,,,,,SP,,"15.698,27",,,,,,-,,,,,"15.698,27",,,,,,"15.698,27",,,,,,,,
CAJAMAR-SP,,,,,,,SP,,"14.826,15",,,,,,-,,,,,"14.826,15",,,,,,"14.826,15",,,,,,,,
CAJATI-SP,,,,,,,SP,,"12.209,77",,,,,,-,,,,,"12.209,77",,,,,,"12.209,77",,,,,,,,
CAMPOS DO JORDAO-SP,,,,,,,SP,,"13.517,96",,,,,,-,,,,,"13.517,96",,,,,,"13.517,96",,,,,,,,
CANANEIA-SP,,,,,,,SP,,"265.278,28",,,,,,"133.117,61",,,,,"398.395,89",,,,,,"398.395,89",,,,,,,,
CANAS-SP,,,,,,,SP,,"8.721,26",,,,,,-,,,,,"8.721,26",,,,,,"8.721,26",,,,,,,,
CARAGUATATUBA-SP,,,,,,,SP,,"2.210.471,36",,,,,,"4.279.246,99",,,,,"6.489.718,35",,,,,,"6.489.718,35",,,,,,,,
CARAPICUIBA-SP,,,,,,,SP,,"17.442,53",,,,,,-,,,,,"17.442,53",,,,,,"17.442,53",,,,,,,,
COTIA-SP,,,,,,,SP,,"17.442,53",,,,,,-,,,,,"17.442,53",,,,,,"17.442,53",,,,,,,,
CRUZEIRO-SP,,,,,,,SP,,"15.262,22",,,,,,-,,,,,"15.262,22",,,,,,"15.262,22",,,,,,,,
CUBATAO-SP,,,,,,,SP,,"2.596.326,68",,,,,,"223.590,45",,,,,"2.819.917,13",,,,,,"2.819.917,13",,,,,,,,
CUNHA-SP,,,,,,,SP,,"11.337,65",,,,,,-,,,,,"11.337,65",,,,,,"11.337,65",,,,,,,,
DIADEMA-SP,,,,,,,SP,,"17.442,53",,,,,,-,,,,,"17.442,53",,,,,,"17.442,53",,,,,,,,
ELDORADO-SP,,,,,,,SP,,"10.029,45",,,,,,-,,,,,"10.029,45",,,,,,"10.029,45",,,,,,,,
EMBU-GUACU-SP,,,,,,,SP,,"14.390,09",,,,,,-,,,,,"14.390,09",,,,,,"14.390,09",,,,,,,,
EMBU-SP,,,,,,,SP,,"17.442,53",,,,,,-,,,,,"17.442,53",,,,,,"17.442,53",,,,,,,,
Superintendência de Participações Governamentais,,,,,,,,,,,,,,,,,,,,,,,,,,,,,,,,,,
FERRAZ DE VASCONCELOS-SP,,,,,,,SP,,"17.442,53",,,,,,-,,,,,"17.442,53",,,,,,"17.442,53",,,,,,,,
FRANCISCO MORATO-SP,,,,,,,SP,,"17.442,53",,,,,,-,,,,,"17.442,53",,,,,,"17.442,53",,,,,,,,
FRANCO DA ROCHA-SP,,,,,,,SP,,"17.006,47",,,,,,-,,,,,"17.006,47",,,,,,"17.006,47",,,,,,,,
GUARAREMA-SP,,,,,,,SP,,"1.145.978,87",,,,,,"5.467.548,93",,,,,"6.613.527,80",,,,,,"6.613.527,80",,,,,,,,
GUARATINGUETA-SP,,,,,,,SP,,"16.570,40",,,,,,-,,,,,"16.570,40",,,,,,"16.570,40",,,,,,,,
GUARUJA-SP,,,,,,,SP,,"17.442,53",,,,,,"0,13",,,,,"17.442,66",,,,,,"17.442,66",,,,,,,,
GUARULHOS-SP,,,,,,,SP,,"17.442,53",,,,,,-,,,,,"17.442,53",,,,,,"17.442,53",,,,,,,,
IGARATA-SP,,,,,,,SP,,"8.721,26",,,,,,-,,,,,"8.721,26",,,,,,"8.721,26",,,,,,,,
IGUAPE-SP,,,,,,,SP,,"337.626,91",,,,,,"309.536,21",,,,,"647.163,12",,,,,,"647.163,12",,,,,,,,
ILHA COMPRIDA-SP,,,,,,,SP,,"241.162,08",,,,,,"1.733.934,99",,,,,"1.975.097,07",,,,,,"1.975.097,07",,,,,,,,
ILHABELA-SP,,,,,,,SP,,"12.209,77",,,,,,"3.002.397,49",,,,,"3.014.607,26",,,,,,"3.014.607,26",,,,,,,,
ITANHAEM-SP,,,,,,,SP,,"15.698,27",,,,,,-,,,,,"15.698,27",,,,,,"15.698,27",,,,,,,,
ITAPECERICA DA SERRA-SP,,,,,,,SP,,"17.442,53",,,,,,-,,,,,"17.442,53",,,,,,"17.442,53",,,,,,,,
ITAPEVI-SP,,,,,,,SP,,"17.442,53",,,,,,-,,,,,"17.442,53",,,,,,"17.442,53",,,,,,,,
ITAQUAQUECETUBA-SP,,,,,,,SP,,"17.442,53",,,,,,-,,,,,"17.442,53",,,,,,"17.442,53",,,,,,,,
ITARIRI-SP,,,,,,,SP,,"10.029,45",,,,,,-,,,,,"10.029,45",,,,,,"10.029,45",,,,,,,,
JACAREI-SP,,,,,,,SP,,"17.442,53",,,,,,-,,,,,"17.442,53",,,,,,"17.442,53",,,,,,,,
JACUPIRANGA-SP,,,,,,,SP,,"10.465,52",,,,,,-,,,,,"10.465,52",,,,,,"10.465,52",,,,,,,,
JAMBEIRO-SP,,,,,,,SP,,"8.721,26",,,,,,-,,,,,"8.721,26",,,,,,"8.721,26",,,,,,,,
JANDIRA-SP,,,,,,,SP,,"16.134,34",,,,,,-,,,,,"16.134,34",,,,,,"16.134,34",,,,,,,,
JUQUIA-SP,,,,,,,SP,,"10.901,58",,,,,,-,,,,,"10.901,58",,,,,,"10.901,58",,,,,,,,
JUQUITIBA-SP,,,,,,,SP,,"12.209,77",,,,,,-,,,,,"12.209,77",,,,,,"12.209,77",,,,,,,,
LAGOINHA-SP,,,,,,,SP,,"8.721,26",,,,,,-,,,,,"8.721,26",,,,,,"8.721,26",,,,,,,,
LAVRINHAS-SP,,,,,,,SP,,"8.721,26",,,,,,-,,,,,"8.721,26",,,,,,"8.721,26",,,,,,,,
LORENA-SP,,,,,,,SP,,"15.698,27",,,,,,-,,,,,"15.698,27",,,,,,"15.698,27",,,,,,,,
MAIRIPORA-SP,,,,,,,SP,,"15.698,27",,,,,,-,,,,,"15.698,27",,,,,,"15.698,27",,,,,,,,
MAUA-SP,,,,,,,SP,,"17.442,53",,,,,,-,,,,,"17.442,53",,,,,,"17.442,53",,,,,,,,
MIRACATU-SP,,,,,,,SP,,"11.337,65",,,,,,-,,,,,"11.337,65",,,,,,"11.337,65",,,,,,,,
MOJI DAS CRUZES-SP,,,,,,,SP,,"17.442,53",,,,,,-,,,,,"17.442,53",,,,,,"17.442,53",,,,,,,,
MONGAGUA-SP,,,,,,,SP,,"13.517,96",,,,,,-,,,,,"13.517,96",,,,,,"13.517,96",,,,,,,,
MONTEIRO LOBATO-SP,,,,,,,SP,,"8.721,26",,,,,,-,,,,,"8.721,26",,,,,,"8.721,26",,,,,,,,
NATIVIDADE DA SERRA-SP,,,,,,,SP,,"8.721,26",,,,,,-,,,,,"8.721,26",,,,,,"8.721,26",,,,,,,,
OSASCO-SP,,,,,,,SP,,"17.442,53",,,,,,-,,,,,"17.442,53",,,,,,"17.442,53",,,,,,,,
PARAIBUNA-SP,,,,,,,SP,,"10.465,52",,,,,,-,,,,,"10.465,52",,,,,,"10.465,52",,,,,,,,
PARIQUERA-ACU-SP,,,,,,,SP,,"10.901,58",,,,,,-,,,,,"10.901,58",,,,,,"10.901,58",,,,,,,,
PEDRO DE TOLEDO-SP,,,,,,,SP,,"9.157,32",,,,,,-,,,,,"9.157,32",,,,,,"9.157,32",,,,,,,,
PERUIBE-SP,,,,,,,SP,,"14.390,09",,,,,,"92.508,02",,,,,"106.898,11",,,,,,"106.898,11",,,,,,,,
PINDAMONHANGABA-SP,,,,,,,SP,,"1.151.647,70",,,,,,-,,,,,"1.151.647,70",,,,,,"1.151.647,70",,,,,,,,
PIQUETE-SP,,,,,,,SP,,"10.029,45",,,,,,-,,,,,"10.029,45",,,,,,"10.029,45",,,,,,,,
PIRAPORA DO BOM JESUS-SP,,,,,,,SP,,"10.029,45",,,,,,-,,,,,"10.029,45",,,,,,"10.029,45",,,,,,,,
POA-SP,,,,,,,SP,,"16.134,34",,,,,,-,,,,,"16.134,34",,,,,,"16.134,34",,,,,,,,
POTIM-SP,,,,,,,SP,,"10.901,58",,,,,,-,,,,,"10.901,58",,,,,,"10.901,58",,,,,,,,
PRAIA GRANDE-SP,,,,,,,SP,,"208.002,29",,,,,,"0,13",,,,,"208.002,42",,,,,,"208.002,42",,,,,,,,
QUELUZ-SP,,,,,,,SP,,"9.157,32",,,,,,-,,,,,"9.157,32",,,,,,"9.157,32",,,,,,,,
REDENCAO DA SERRA-SP,,,,,,,SP,,"8.721,26",,,,,,-,,,,,"8.721,26",,,,,,"8.721,26",,,,,,,,
REGISTRO-SP,,,,,,,SP,,"13.954,02",,,,,,-,,,,,"13.954,02",,,,,,"13.954,02",,,,,,,,
RIBEIRAO PIRES-SP,,,,,,,SP,,"16.570,40",,,,,,-,,,,,"16.570,40",,,,,,"16.570,40",,,,,,,,
RIO GRANDE DA SERRA-SP,,,,,,,SP,,"13.517,96",,,,,,-,,,,,"13.517,96",,,,,,"13.517,96",,,,,,,,
ROSEIRA-SP,,,,,,,SP,,"8.721,26",,,,,,-,,,,,"8.721,26",,,,,,"8.721,26",,,,,,,,
SALESOPOLIS-SP,,,,,,,SP,,"10.029,45",,,,,,-,,,,,"10.029,45",,,,,,"10.029,45",,,,,,,,
SANTA BRANCA-SP,,,,,,,SP,,"9.593,39",,,,,,-,,,,,"9.593,39",,,,,,"9.593,39",,,,,,,,
SANTA ISABEL-SP,,,,,,,SP,,"13.954,02",,,,,,-,,,,,"13.954,02",,,,,,"13.954,02",,,,,,,,
SANTANA DE PARNAIBA-SP,,,,,,,SP,,"16.134,34",,,,,,-,,,,,"16.134,34",,,,,,"16.134,34",,,,,,,,
SANTO ANDRE-SP,,,,,,,SP,,"17.442,53",,,,,,-,,,,,"17.442,53",,,,,,"17.442,53",,,,,,,,
SANTO ANTONIO DO PINHAL-SP,,,,,,,SP,,"8.721,26",,,,,,-,,,,,"8.721,26",,,,,,"8.721,26",,,,,,,,
SANTOS-SP,,,,,,,SP,,"17.443,57",,,,,,"0,35",,,,,"17.443,92",,,,,,"17.443,92",,,,,,,,
SAO BENTO DO SAPUCAI-SP,,,,,,,SP,,"9.157,32",,,,,,-,,,,,"9.157,32",,,,,,"9.157,32",,,,,,,,
"Superintendência de Participações Governamentais
* Valor sem a retenção de 1% (um por cento) de PASEP, conforme disposto no inciso III, do Art.2º da Lei nº 9.715, de 25 de novembro de 1998, combinado como parágrafo 6º do Art.19 da Medida Provisória nº 2.158, de 24 de agosto de 2001.",,,,,,,,,,,,,,,,,,,,,,,,,,,,,,,,,,
SAO BERNARDO DO CAMPO-SP,,,,,,,SP,,"17.442,53",,,,,,-,,,,,"17.442,53",,,,,,"17.442,53",,,,,,,,
SAO CAETANO DO SUL-SP,,,,,,,SP,,"17.442,53",,,,,,-,,,,,"17.442,53",,,,,,"17.442,53",,,,,,,,
SAO JOSE DO BARREIRO-SP,,,,,,,SP,,"8.721,26",,,,,,-,,,,,"8.721,26",,,,,,"8.721,26",,,,,,,,
SAO JOSE DOS CAMPOS-SP,,,,,,,SP,,"17.442,53",,,,,,-,,,,,"17.442,53",,,,,,"17.442,53",,,,,,,,
SAO LOURENCO DA SERRA-SP,,,,,,,SP,,"9.593,39",,,,,,-,,,,,"9.593,39",,,,,,"9.593,39",,,,,,,,
SAO LUIS DO PARAITINGA-SP,,,,,,,SP,,"9.157,32",,,,,,-,,,,,"9.157,32",,,,,,"9.157,32",,,,,,,,
SAO PAULO-SP,,,,,,,SP,,"17.442,53",,,,,,-,,,,,"17.442,53",,,,,,"17.442,53",,,,,,,,
SAO SEBASTIAO-SP,,,,,,,SP,,"1.779.583,73",,,,,,"5.635.328,69",,,,,"7.414.912,42",,,,,,"7.414.912,42",,,,,,,,
SAO VICENTE-SP,,,,,,,SP,,"208.002,29",,,,,,"0,13",,,,,"208.002,42",,,,,,"208.002,42",,,,,,,,
SETE BARRAS-SP,,,,,,,SP,,"9.593,39",,,,,,-,,,,,"9.593,39",,,,,,"9.593,39",,,,,,,,
SILVEIRAS-SP,,,,,,,SP,,"8.721,26",,,,,,-,,,,,"8.721,26",,,,,,"8.721,26",,,,,,,,
SUZANO-SP,,,,,,,SP,,"17.442,53",,,,,,-,,,,,"17.442,53",,,,,,"17.442,53",,,,,,,,
TABOAO DA SERRA-SP,,,,,,,SP,,"17.442,53",,,,,,-,,,,,"17.442,53",,,,,,"17.442,53",,,,,,,,
TAUBATE-SP,,,,,,,SP,,"17.442,53",,,,,,-,,,,,"17.442,53",,,,,,"17.442,53",,,,,,,,
TREMEMBE-SP,,,,,,,SP,,"13.517,96",,,,,,-,,,,,"13.517,96",,,,,,"13.517,96",,,,,,,,
UBATUBA-SP,,,,,,,SP,,"15.262,22",,,,,,"33.472,29",,,,,"48.734,51",,,,,,"48.734,51",,,,,,,,
VARGEM GRANDE PAULISTA-SP,,,,,,,SP,,"13.517,96",,,,,,-,,,,,"13.517,96",,,,,,"13.517,96",,,,,,,,
SAO PAULO  TOTAL,,,,,,,,,"11.721.416,86",,,,,,"23.862.824,37",,,,,"35.584.241,23",,,,,,"35.584.241,23",,,,,,,,
