ANADIA,,,,,AL,,,,"560,47",,,,,,-,,,,,,"560,47",,,,,,,,"6.655,17",,,,,,,
ATALAIA,,,,,AL,,,,"723,94",,,,,,-,,,,,,"723,94",,,,,,,,"8.596,29",,,,,,,
BARRA DE SANTO ANTONIO,,,,,AL,,,,"490,41",,,,,,-,,,,,,"490,41",,,,,,,,"5.823,28",,,,,,,
BARRA DE SAO MIGUEL,,,,,AL,,,,"467,06",,,,,,-,,,,,,"467,06",,,,,,,,"5.545,97",,,,,,,
BOCA DA MATA,,,,,AL,,,,"630,53",,,,,,-,,,,,,"630,53",,,,,,,,"7.487,09",,,,,,,
BRANQUINHA,,,,,AL,,,,"490,41",,,,,,-,,,,,,"490,41",,,,,,,,"5.823,28",,,,,,,
CAJUEIRO,,,,,AL,,,,"583,82",,,,,,-,,,,,,"583,82",,,,,,,,"6.932,47",,,,,,,
CAMPESTRE,,,,,AL,,,,"467,06",,,,,,-,,,,,,"467,06",,,,,,,,"5.545,97",,,,,,,
CAMPO ALEGRE,,,,,AL,,,,"723,94",,,,,,-,,,,,,"723,94",,,,,,,,"8.596,29",,,,,,,
CAPELA,,,,,AL,,,,"583,82",,,,,,-,,,,,,"583,82",,,,,,,,"6.932,47",,,,,,,
CHA PRETA,,,,,AL,,,,"467,06",,,,,,-,,,,,,"467,06",,,,,,,,"5.545,97",,,,,,,
COLONIA LEOPOLDINA,,,,,AL,,,,"560,47",,,,,,-,,,,,,"560,47",,,,,,,,"6.655,17",,,,,,,
COQUEIRO SECO,,,,,AL,,,,"729,60",,,,,,"169,34",,,,,,"898,94",,,,,,,,"8.497,09",,,,,,,
CORURIPE,,,,,AL,,,,"746.694,99",,,,,,"40.821,86",,,,,,"787.516,85",,,,,,,,"9.669.748,37",,,,,,,
FELIZ DESERTO,,,,,AL,,,,"16.639,10",,,,,,"23.253,14",,,,,,"39.892,24",,,,,,,,"473.691,68",,,,,,,
FLEXEIRAS,,,,,AL,,,,"513,76",,,,,,-,,,,,,"513,76",,,,,,,,"6.100,57",,,,,,,
IBATEGUARA,,,,,AL,,,,"537,12",,,,,,-,,,,,,"537,12",,,,,,,,"6.377,87",,,,,,,
IGREJA NOVA,,,,,AL,,,,"607,18",,,,,,-,,,,,,"607,18",,,,,,,,"7.209,79",,,,,,,
JACUIPE,,,,,AL,,,,"467,06",,,,,,-,,,,,,"467,06",,,,,,,,"5.545,97",,,,,,,
JAPARATINGA,,,,,AL,,,,"467,06",,,,,,-,,,,,,"467,06",,,,,,,,"5.545,97",,,,,,,
JEQUIA DA PRAIA,,,,,AL,,,,"5.886,48",,,,,,"2.256,54",,,,,,"8.143,02",,,,,,,,"13.729,83",,,,,,,
JOAQUIM GOMES,,,,,AL,,,,"607,18",,,,,,-,,,,,,"607,18",,,,,,,,"7.209,79",,,,,,,
JUNDIA,,,,,AL,,,,"467,06",,,,,,-,,,,,,"467,06",,,,,,,,"5.545,97",,,,,,,
JUNQUEIRO,,,,,AL,,,,"607,18",,,,,,-,,,,,,"607,18",,,,,,,,"7.209,79",,,,,,,
MACEIO,,,,,AL,,,,"58.982,24",,,,,,"11.139,86",,,,,,"70.122,10",,,,,,,,"839.624,86",,,,,,,
MARAGOGI,,,,,AL,,,,"607,18",,,,,,-,,,,,,"607,18",,,,,,,,"7.209,79",,,,,,,
MARECHAL DEODORO,,,,,AL,,,,"100.933,87",,,,,,"75.634,68",,,,,,"176.568,55",,,,,,,,"2.090.052,71",,,,,,,
MATRIZ DE CAMARAGIBE,,,,,AL,,,,"607,18",,,,,,-,,,,,,"607,18",,,,,,,,"7.209,79",,,,,,,
MESSIAS,,,,,AL,,,,"490,41",,,,,,-,,,,,,"490,41",,,,,,,,"5.823,28",,,,,,,
MURICI,,,,,AL,,,,"630,53",,,,,,-,,,,,,"630,53",,,,,,,,"7.487,09",,,,,,,
NOVO LINO,,,,,AL,,,,"490,41",,,,,,-,,,,,,"490,41",,,,,,,,"5.823,28",,,,,,,
PARIPUEIRA,,,,,AL,,,,"467,06",,,,,,"6.376,87",,,,,,"6.843,93",,,,,,,,"68.335,90",,,,,,,
PASSO DE CAMARAGIBE,,,,,AL,,,,"513,76",,,,,,-,,,,,,"513,76",,,,,,,,"6.100,57",,,,,,,
PENEDO,,,,,AL,,,,"770,65",,,,,,-,,,,,,"770,65",,,,,,,,"9.150,89",,,,,,,
PIACABUCU,,,,,AL,,,,"560,47",,,,,,-,,,,,,"560,47",,,,,,,,"6.655,17",,,,,,,
PILAR,,,,,AL,,,,"90.574,45",,,,,,"57.998,76",,,,,,"148.573,21",,,,,,,,"1.889.896,62",,,,,,,
PINDOBA,,,,,AL,,,,"467,06",,,,,,-,,,,,,"467,06",,,,,,,,"5.545,97",,,,,,,
PORTO CALVO,,,,,AL,,,,"607,18",,,,,,-,,,,,,"607,18",,,,,,,,"7.209,79",,,,,,,
PORTO DE PEDRAS,,,,,AL,,,,"490,41",,,,,,-,,,,,,"490,41",,,,,,,,"5.823,28",,,,,,,
PORTO REAL DO COLEGIO,,,,,AL,,,,"583,82",,,,,,-,,,,,,"583,82",,,,,,,,"6.932,47",,,,,,,
RIO LARGO,,,,,AL,,,,"4.712,03",,,,,,"2.542,19",,,,,,"7.254,22",,,,,,,,"54.312,45",,,,,,,
ROTEIRO,,,,,AL,,,,"622,15",,,,,,"100,03",,,,,,"722,18",,,,,,,,"13.130,15",,,,,,,
SANTA LUZIA DO NORTE,,,,,AL,,,,"467,06",,,,,,-,,,,,,"467,06",,,,,,,,"5.545,97",,,,,,,
SANTANA DO MUNDAU,,,,,AL,,,,"490,41",,,,,,-,,,,,,"490,41",,,,,,,,"5.823,28",,,,,,,
SAO JOSE DA LAJE,,,,,AL,,,,"607,18",,,,,,-,,,,,,"607,18",,,,,,,,"7.209,79",,,,,,,
SAO LUIS DO QUITUNDE,,,,,AL,,,,"653,88",,,,,,-,,,,,,"653,88",,,,,,,,"7.764,39",,,,,,,
SAO MIGUEL DOS CAMPOS,,,,,AL,,,,"149.042,39",,,,,,"75.657,71",,,,,,"224.700,10",,,,,,,,"2.152.365,62",,,,,,,
SAO MIGUEL DOS MILAGRES,,,,,AL,,,,"467,06",,,,,,-,,,,,,"467,06",,,,,,,,"5.545,97",,,,,,,
SATUBA,,,,,AL,,,,"75.531,25",,,,,,"48.386,28",,,,,,"123.917,53",,,,,,,,"956.981,89",,,,,,,
Superintendência de Controle das Participações Governamentais,,,,,,,,,,,,,,,,,,,,,,,,,,,,,,,,,,,,
TEOTONIO VILELA,,,,,AL,,,,"700,59",,,,,,-,,,,,,"700,59",,,,,,,,"8.318,98",,,,,,,
UNIAO DOS PALMARES,,,,,AL,,,,"770,65",,,,,,-,,,,,,"770,65",,,,,,,,"9.150,89",,,,,,,
VICOSA,,,,,AL,,,,"630,53",,,,,,-,,,,,,"630,53",,,,,,,,"7.487,09",,,,,,,
TOTAL ALAGOAS,,,,,,,,,"1.273.444,62",,,,,,"344.337,26",,,,,,"1.617.781,88",,,,,,,,"18.499.070,03",,,,,,,
LARANJAL DO JARI,,,,,AP,,,,-,,,,,,"3.846,75",,,,,,"3.846,75",,,,,,,,"58.300,00",,,,,,,
MACAPA,,,,,AP,,,,-,,,,,,"3.846,75",,,,,,"3.846,75",,,,,,,,"58.300,00",,,,,,,
MAZAGAO,,,,,AP,,,,-,,,,,,"3.846,75",,,,,,"3.846,75",,,,,,,,"58.300,00",,,,,,,
TOTAL AMAPA,,,,,,,,,-,,,,,,"11.540,25",,,,,,"11.540,25",,,,,,,,"174.900,00",,,,,,,
ANAMA,,,,,AM,,,,-,,,,,,"1.772,05",,,,,,"1.772,05",,,,,,,,"24.246,95",,,,,,,
ANORI,,,,,AM,,,,-,,,,,,"1.772,05",,,,,,"1.772,05",,,,,,,,"24.246,95",,,,,,,
AUTAZES,,,,,AM,,,,-,,,,,,"3.846,75",,,,,,"3.846,75",,,,,,,,"58.300,00",,,,,,,
BERURI,,,,,AM,,,,-,,,,,,"1.772,05",,,,,,"1.772,05",,,,,,,,"24.246,95",,,,,,,
CAREIRO,,,,,AM,,,,-,,,,,,"1.772,05",,,,,,"1.772,05",,,,,,,,"24.246,95",,,,,,,
CAREIRO DA VARZEA,,,,,AM,,,,-,,,,,,"3.846,75",,,,,,"3.846,75",,,,,,,,"58.300,00",,,,,,,
COARI,,,,,AM,,,,"1.262.719,52",,,,,,"1.171.860,18",,,,,,"2.434.579,70",,,,,,,,"26.427.628,35",,,,,,,
CODAJAS,,,,,AM,,,,-,,,,,,"1.772,05",,,,,,"1.772,05",,,,,,,,"24.246,95",,,,,,,
IRANDUBA,,,,,AM,,,,-,,,,,,"3.846,75",,,,,,"3.846,75",,,,,,,,"58.300,00",,,,,,,
ITACOATIARA,,,,,AM,,,,-,,,,,,"3.846,75",,,,,,"3.846,75",,,,,,,,"58.300,00",,,,,,,
ITAPIRANGA,,,,,AM,,,,-,,,,,,"3.846,75",,,,,,"3.846,75",,,,,,,,"58.300,00",,,,,,,
MANACAPURU,,,,,AM,,,,-,,,,,,"1.772,05",,,,,,"1.772,05",,,,,,,,"24.246,95",,,,,,,
MANAQUIRI,,,,,AM,,,,-,,,,,,"1.772,05",,,,,,"1.772,05",,,,,,,,"24.246,95",,,,,,,
MANAUS,,,,,AM,,,,"53.959,17",,,,,,"41.882,88",,,,,,"95.842,05",,,,,,,,"7.154.271,43",,,,,,,
PARINTINS,,,,,AM,,,,-,,,,,,"3.846,75",,,,,,"3.846,75",,,,,,,,"58.300,00",,,,,,,
SILVES,,,,,AM,,,,-,,,,,,"3.846,75",,,,,,"3.846,75",,,,,,,,"58.300,00",,,,,,,
URUCARA,,,,,AM,,,,-,,,,,,"3.846,75",,,,,,"3.846,75",,,,,,,,"58.300,00",,,,,,,
URUCURITUBA,,,,,AM,,,,-,,,,,,"3.846,75",,,,,,"3.846,75",,,,,,,,"58.300,00",,,,,,,
TOTAL AMAZONAS,,,,,,,,,"1.316.678,69",,,,,,"1.260.768,16",,,,,,"2.577.446,85",,,,,,,,"34.276.328,43",,,,,,,
ACAJUTIBA,,,,,BA,,,,"61,48",,,,,,-,,,,,,"61,48",,,,,,,,"863,57",,,,,,,
ADUSTINA,,,,,BA,,,,"61,48",,,,,,-,,,,,,"61,48",,,,,,,,"863,57",,,,,,,
AGUA FRIA,,,,,BA,,,,"61,48",,,,,,-,,,,,,"61,48",,,,,,,,"863,57",,,,,,,
AIQUARA,,,,,BA,,,,"53,46",,,,,,-,,,,,,"53,46",,,,,,,,"750,90",,,,,,,
ALAGOINHAS,,,,,BA,,,,"197.908,86",,,,,,"102.253,67",,,,,,"300.162,53",,,,,,,,"3.631.547,85",,,,,,,
AMARGOSA,,,,,BA,,,,"74,84",,,,,,-,,,,,,"74,84",,,,,,,,"1.051,29",,,,,,,
AMELIA RODRIGUES,,,,,BA,,,,"72,17",,,,,,-,,,,,,"72,17",,,,,,,,"1.013,75",,,,,,,
ANAGE,,,,,BA,,,,"82,86",,,,,,-,,,,,,"82,86",,,,,,,,"1.163,93",,,,,,,
ANGUERA,,,,,BA,,,,"53,46",,,,,,-,,,,,,"53,46",,,,,,,,"750,90",,,,,,,
ANTAS,,,,,BA,,,,"61,48",,,,,,-,,,,,,"61,48",,,,,,,,"863,57",,,,,,,
ANTONIO CARDOSO,,,,,BA,,,,"56,13",,,,,,-,,,,,,"56,13",,,,,,,,"788,46",,,,,,,
APORA,,,,,BA,,,,"64,15",,,,,,-,,,,,,"64,15",,,,,,,,"901,11",,,,,,,
APUAREMA,,,,,BA,,,,"53,46",,,,,,-,,,,,,"53,46",,,,,,,,"750,90",,,,,,,
ARACAS,,,,,BA,,,,"164.419,79",,,,,,"71.332,11",,,,,,"235.751,90",,,,,,,,"2.946.208,69",,,,,,,
ARACI,,,,,BA,,,,"82,86",,,,,,-,,,,,,"82,86",,,,,,,,"1.163,93",,,,,,,
ARAMARI,,,,,BA,,,,"53,46",,,,,,-,,,,,,"53,46",,,,,,,,"750,90",,,,,,,
ARATUIPE,,,,,BA,,,,"53,46",,,,,,-,,,,,,"53,46",,,,,,,,"750,90",,,,,,,
BAIXA GRANDE,,,,,BA,,,,"69,49",,,,,,-,,,,,,"69,49",,,,,,,,"976,18",,,,,,,
BANZAE,,,,,BA,,,,"56,13",,,,,,-,,,,,,"56,13",,,,,,,,"788,46",,,,,,,
BARRA DO CHOCA,,,,,BA,,,,"82,86",,,,,,-,,,,,,"82,86",,,,,,,,"1.163,93",,,,,,,
BARROCAS,,,,,BA,,,,"58,80",,,,,,-,,,,,,"58,80",,,,,,,,"825,99",,,,,,,
BELO CAMPO,,,,,BA,,,,"64,15",,,,,,-,,,,,,"64,15",,,,,,,,"901,11",,,,,,,
BIRITINGA,,,,,BA,,,,"61,48",,,,,,-,,,,,,"61,48",,,,,,,,"863,57",,,,,,,
BOA NOVA,,,,,BA,,,,"69,49",,,,,,-,,,,,,"69,49",,,,,,,,"976,18",,,,,,,
BOA VISTA DO TUPIM,,,,,BA,,,,"66,82",,,,,,-,,,,,,"66,82",,,,,,,,"938,65",,,,,,,
BOM JESUS DA SERRA,,,,,BA,,,,"56,13",,,,,,-,,,,,,"56,13",,,,,,,,"788,46",,,,,,,
Superintendência de Controle das Participações Governamentais,,,,,,,,,,,,,,,,,,,,,,,,,,,,,,,,,,,,
BREJOES,,,,,BA,,,,"61,48",,,,,,-,,,,,,"61,48",,,,,,,,"863,57",,,,,,,
CAATIBA,,,,,BA,,,,"61,48",,,,,,-,,,,,,"61,48",,,,,,,,"863,57",,,,,,,
CABACEIRAS DO PARAGUACU,,,,,BA,,,,"61,48",,,,,,-,,,,,,"61,48",,,,,,,,"863,57",,,,,,,
CACHOEIRA,,,,,BA,,,,"74,84",,,,,,-,,,,,,"74,84",,,,,,,,"1.051,29",,,,,,,
CAEM,,,,,BA,,,,"58,80",,,,,,-,,,,,,"58,80",,,,,,,,"825,99",,,,,,,
CAETANOS,,,,,BA,,,,"58,80",,,,,,-,,,,,,"58,80",,,,,,,,"825,99",,,,,,,
CAMACARI,,,,,BA,,,,"832,82",,,,,,"304,87",,,,,,"1.137,69",,,,,,,,"12.397,26",,,,,,,
CANDEAL,,,,,BA,,,,"56,13",,,,,,-,,,,,,"56,13",,,,,,,,"788,46",,,,,,,
CANDEIAS,,,,,BA,,,,"162.350,45",,,,,,"174.823,49",,,,,,"337.173,94",,,,,,,,"3.932.964,40",,,,,,,
CANDIDO SALES,,,,,BA,,,,"74,84",,,,,,-,,,,,,"74,84",,,,,,,,"1.051,29",,,,,,,
CANSANCAO,,,,,BA,,,,"74,84",,,,,,-,,,,,,"74,84",,,,,,,,"1.051,29",,,,,,,
CANUDOS,,,,,BA,,,,"58,80",,,,,,-,,,,,,"58,80",,,,,,,,"825,99",,,,,,,
CAPELA DO ALTO ALEGRE,,,,,BA,,,,"56,13",,,,,,-,,,,,,"56,13",,,,,,,,"788,46",,,,,,,
CAPIM GROSSO,,,,,BA,,,,"69,49",,,,,,-,,,,,,"69,49",,,,,,,,"976,18",,,,,,,
CARDEAL DA SILVA,,,,,BA,,,,"85.485,48",,,,,,"20.358,47",,,,,,"105.843,95",,,,,,,,"1.227.254,52",,,,,,,
CASTRO ALVES,,,,,BA,,,,"72,17",,,,,,-,,,,,,"72,17",,,,,,,,"1.013,75",,,,,,,
CATU,,,,,BA,,,,"162.046,38",,,,,,"83.197,96",,,,,,"245.244,34",,,,,,,,"2.854.920,93",,,,,,,
CICERO DANTAS,,,,,BA,,,,"74,84",,,,,,-,,,,,,"74,84",,,,,,,,"1.051,29",,,,,,,
CIPO,,,,,BA,,,,"61,48",,,,,,-,,,,,,"61,48",,,,,,,,"863,57",,,,,,,
CONCEICAO DA FEIRA,,,,,BA,,,,"64,15",,,,,,-,,,,,,"64,15",,,,,,,,"901,11",,,,,,,
CONCEICAO DO ALMEIDA,,,,,BA,,,,"66,82",,,,,,-,,,,,,"66,82",,,,,,,,"938,65",,,,,,,
CONCEICAO DO COITE,,,,,BA,,,,"88,21",,,,,,-,,,,,,"88,21",,,,,,,,"1.239,02",,,,,,,
CONCEICAO DO JACUIPE,,,,,BA,,,,"72,17",,,,,,-,,,,,,"72,17",,,,,,,,"1.013,75",,,,,,,
CONDE,,,,,BA,,,,"653,66",,,,,,"376,79",,,,,,"1.030,45",,,,,,,,"35.862,88",,,,,,,
CORACAO DE MARIA,,,,,BA,,,,"69,49",,,,,,-,,,,,,"69,49",,,,,,,,"976,18",,,,,,,
CORONEL JOAO SA,,,,,BA,,,,"66,82",,,,,,-,,,,,,"66,82",,,,,,,,"938,65",,,,,,,
CRAVOLANDIA,,,,,BA,,,,"53,46",,,,,,-,,,,,,"53,46",,,,,,,,"750,90",,,,,,,
CRISOPOLIS,,,,,BA,,,,"66,82",,,,,,-,,,,,,"66,82",,,,,,,,"938,65",,,,,,,
CRUZ DAS ALMAS,,,,,BA,,,,"85,53",,,,,,-,,,,,,"85,53",,,,,,,,"1.201,47",,,,,,,
DARIO MEIRA,,,,,BA,,,,"61,48",,,,,,-,,,,,,"61,48",,,,,,,,"863,57",,,,,,,
DIAS D'AVILA,,,,,BA,,,,"1.076,35",,,,,,"417,26",,,,,,"1.493,61",,,,,,,,"2.574,68",,,,,,,
DOM MACEDO COSTA,,,,,BA,,,,"53,46",,,,,,-,,,,,,"53,46",,,,,,,,"750,90",,,,,,,
ELISIO MEDRADO,,,,,BA,,,,"53,46",,,,,,-,,,,,,"53,46",,,,,,,,"750,90",,,,,,,
ENCRUZILHADA,,,,,BA,,,,"77,51",,,,,,-,,,,,,"77,51",,,,,,,,"1.088,83",,,,,,,
ENTRE RIOS,,,,,BA,,,,"146.846,88",,,,,,"87.651,40",,,,,,"234.498,28",,,,,,,,"3.018.260,30",,,,,,,
ESPLANADA,,,,,BA,,,,"270.062,66",,,,,,"161.460,40",,,,,,"431.523,06",,,,,,,,"5.196.718,64",,,,,,,
EUCLIDES DA CUNHA,,,,,BA,,,,"85,53",,,,,,-,,,,,,"85,53",,,,,,,,"1.201,47",,,,,,,
FATIMA,,,,,BA,,,,"66,82",,,,,,-,,,,,,"66,82",,,,,,,,"938,65",,,,,,,
FEIRA DE SANTANA,,,,,BA,,,,"106,92",,,,,,-,,,,,,"106,92",,,,,,,,"1.501,86",,,,,,,
GAVIAO,,,,,BA,,,,"53,46",,,,,,-,,,,,,"53,46",,,,,,,,"750,90",,,,,,,
GLORIA,,,,,BA,,,,"61,48",,,,,,-,,,,,,"61,48",,,,,,,,"863,57",,,,,,,
GOVERNADOR MANGABEIRA,,,,,BA,,,,"64,15",,,,,,-,,,,,,"64,15",,,,,,,,"901,11",,,,,,,
HELIOPOLIS,,,,,BA,,,,"58,80",,,,,,-,,,,,,"58,80",,,,,,,,"825,99",,,,,,,
IACU,,,,,BA,,,,"74,84",,,,,,-,,,,,,"74,84",,,,,,,,"1.051,29",,,,,,,
IBIQUERA,,,,,BA,,,,"53,46",,,,,,-,,,,,,"53,46",,,,,,,,"750,90",,,,,,,
ICHU,,,,,BA,,,,"53,46",,,,,,-,,,,,,"53,46",,,,,,,,"750,90",,,,,,,
INHAMBUPE,,,,,BA,,,,"74,84",,,,,,-,,,,,,"74,84",,,,,,,,"1.051,29",,,,,,,
IPECAETA,,,,,BA,,,,"66,82",,,,,,-,,,,,,"66,82",,,,,,,,"938,65",,,,,,,
IPIRA,,,,,BA,,,,"88,21",,,,,,-,,,,,,"88,21",,,,,,,,"1.239,02",,,,,,,
IRAJUBA,,,,,BA,,,,"53,46",,,,,,-,,,,,,"53,46",,,,,,,,"750,90",,,,,,,
IRARA,,,,,BA,,,,"72,17",,,,,,-,,,,,,"72,17",,,,,,,,"1.013,75",,,,,,,
ITABERABA,,,,,BA,,,,"88,21",,,,,,-,,,,,,"88,21",,,,,,,,"1.239,02",,,,,,,
ITAGI,,,,,BA,,,,"61,48",,,,,,-,,,,,,"61,48",,,,,,,,"863,57",,,,,,,
Superintendência de Controle das Participações Governamentais,,,,,,,,,,,,,,,,,,,,,,,,,,,,,,,,,,,,
ITAMBE,,,,,BA,,,,"74,84",,,,,,-,,,,,,"74,84",,,,,,,,"1.051,29",,,,,,,
ITANAGRA,,,,,BA,,,,"69.315,74",,,,,,"11.871,35",,,,,,"81.187,09",,,,,,,,"958.516,88",,,,,,,
ITAPARICA,,,,,BA,,,,"1.850,87",,,,,,"86.238,59",,,,,,"88.089,46",,,,,,,,"1.154.778,85",,,,,,,
ITAPETINGA,,,,,BA,,,,"88,21",,,,,,-,,,,,,"88,21",,,,,,,,"1.239,02",,,,,,,
ITAPICURU,,,,,BA,,,,"72,17",,,,,,-,,,,,,"72,17",,,,,,,,"1.013,75",,,,,,,
ITAQUARA,,,,,BA,,,,"53,46",,,,,,-,,,,,,"53,46",,,,,,,,"750,90",,,,,,,
ITARANTIM,,,,,BA,,,,"61,48",,,,,,-,,,,,,"61,48",,,,,,,,"863,57",,,,,,,
ITATIM,,,,,BA,,,,"58,80",,,,,,-,,,,,,"58,80",,,,,,,,"825,99",,,,,,,
ITIRUCU,,,,,BA,,,,"58,80",,,,,,-,,,,,,"58,80",,,,,,,,"825,99",,,,,,,
ITIUBA,,,,,BA,,,,"77,51",,,,,,-,,,,,,"77,51",,,,,,,,"1.088,83",,,,,,,
JACOBINA,,,,,BA,,,,"93,55",,,,,,-,,,,,,"93,55",,,,,,,,"1.314,11",,,,,,,
JAGUAQUARA,,,,,BA,,,,"82,86",,,,,,-,,,,,,"82,86",,,,,,,,"1.163,93",,,,,,,
JAGUARIPE,,,,,BA,,,,"58,80",,,,,,-,,,,,,"58,80",,,,,,,,"825,99",,,,,,,
JANDAIRA,,,,,BA,,,,"56,13",,,,,,-,,,,,,"56,13",,,,,,,,"788,46",,,,,,,
JEQUIE,,,,,BA,,,,"106,92",,,,,,-,,,,,,"106,92",,,,,,,,"1.501,86",,,,,,,
JEREMOABO,,,,,BA,,,,"77,51",,,,,,-,,,,,,"77,51",,,,,,,,"1.088,83",,,,,,,
JIQUIRICA,,,,,BA,,,,"58,80",,,,,,-,,,,,,"58,80",,,,,,,,"825,99",,,,,,,
JITAUNA,,,,,BA,,,,"69,49",,,,,,-,,,,,,"69,49",,,,,,,,"976,18",,,,,,,
LAFAIETE COUTINHO,,,,,BA,,,,"53,46",,,,,,-,,,,,,"53,46",,,,,,,,"750,90",,,,,,,
LAJE,,,,,BA,,,,"66,82",,,,,,-,,,,,,"66,82",,,,,,,,"938,65",,,,,,,
LAJEDINHO,,,,,BA,,,,"53,46",,,,,,-,,,,,,"53,46",,,,,,,,"750,90",,,,,,,
LAJEDO DO TABOCAL,,,,,BA,,,,"53,46",,,,,,-,,,,,,"53,46",,,,,,,,"750,90",,,,,,,
LAMARAO,,,,,BA,,,,"53,46",,,,,,-,,,,,,"53,46",,,,,,,,"750,90",,,,,,,
LAURO DE FREITAS,,,,,BA,,,,"101,57",,,,,,-,,,,,,"101,57",,,,,,,,"1.426,76",,,,,,,
MACAJUBA,,,,,BA,,,,"56,13",,,,,,-,,,,,,"56,13",,,,,,,,"788,46",,,,,,,
MACARANI,,,,,BA,,,,"61,48",,,,,,-,,,,,,"61,48",,,,,,,,"863,57",,,,,,,
MADRE DE DEUS,,,,,BA,,,,"774.195,42",,,,,,"394.749,04",,,,,,"1.168.944,46",,,,,,,,"14.804.717,36",,,,,,,
MAIQUINIQUE,,,,,BA,,,,"53,46",,,,,,-,,,,,,"53,46",,,,,,,,"750,90",,,,,,,
MAIRI,,,,,BA,,,,"69,49",,,,,,-,,,,,,"69,49",,,,,,,,"976,18",,,,,,,
MANOEL VITORINO,,,,,BA,,,,"64,15",,,,,,-,,,,,,"64,15",,,,,,,,"901,11",,,,,,,
MARACAS,,,,,BA,,,,"74,84",,,,,,-,,,,,,"74,84",,,,,,,,"1.051,29",,,,,,,
MARAGOGIPE,,,,,BA,,,,"82,86",,,,,,-,,,,,,"82,86",,,,,,,,"1.163,93",,,,,,,
MARCIONILIO SOUZA,,,,,BA,,,,"56,13",,,,,,-,,,,,,"56,13",,,,,,,,"788,46",,,,,,,
MATA DE SAO JOAO,,,,,BA,,,,"127.172,08",,,,,,"53.813,79",,,,,,"180.985,87",,,,,,,,"2.279.531,51",,,,,,,
MIGUEL CALMON,,,,,BA,,,,"74,84",,,,,,-,,,,,,"74,84",,,,,,,,"1.051,29",,,,,,,
MILAGRES,,,,,BA,,,,"58,80",,,,,,-,,,,,,"58,80",,,,,,,,"825,99",,,,,,,
MIRANTE,,,,,BA,,,,"58,80",,,,,,-,,,,,,"58,80",,,,,,,,"825,99",,,,,,,
MONTE SANTO,,,,,BA,,,,"85,53",,,,,,-,,,,,,"85,53",,,,,,,,"1.201,47",,,,,,,
MUNDO NOVO,,,,,BA,,,,"69,49",,,,,,-,,,,,,"69,49",,,,,,,,"976,18",,,,,,,
MUNIZ FERREIRA,,,,,BA,,,,"53,46",,,,,,-,,,,,,"53,46",,,,,,,,"750,90",,,,,,,
MURITIBA,,,,,BA,,,,"74,84",,,,,,-,,,,,,"74,84",,,,,,,,"1.051,29",,,,,,,
MUTUIPE,,,,,BA,,,,"69,49",,,,,,-,,,,,,"69,49",,,,,,,,"976,18",,,,,,,
NAZARE,,,,,BA,,,,"72,17",,,,,,-,,,,,,"72,17",,,,,,,,"1.013,75",,,,,,,
NORDESTINA,,,,,BA,,,,"56,13",,,,,,-,,,,,,"56,13",,,,,,,,"788,46",,,,,,,
NOVA CANAA,,,,,BA,,,,"61,48",,,,,,-,,,,,,"61,48",,,,,,,,"863,57",,,,,,,
NOVA FATIMA,,,,,BA,,,,"53,46",,,,,,-,,,,,,"53,46",,,,,,,,"750,90",,,,,,,
NOVA ITARANA,,,,,BA,,,,"53,46",,,,,,-,,,,,,"53,46",,,,,,,,"750,90",,,,,,,
NOVA SOURE,,,,,BA,,,,"72,17",,,,,,-,,,,,,"72,17",,,,,,,,"1.013,75",,,,,,,
NOVO TRIUNFO,,,,,BA,,,,"58,80",,,,,,-,,,,,,"58,80",,,,,,,,"825,99",,,,,,,
OLINDINA,,,,,BA,,,,"69,49",,,,,,-,,,,,,"69,49",,,,,,,,"976,18",,,,,,,
OURICANGAS,,,,,BA,,,,"53,46",,,,,,-,,,,,,"53,46",,,,,,,,"750,90",,,,,,,
OUROLANDIA,,,,,BA,,,,"61,48",,,,,,-,,,,,,"61,48",,,,,,,,"863,57",,,,,,,
PARIPIRANGA,,,,,BA,,,,"72,17",,,,,,-,,,,,,"72,17",,,,,,,,"1.013,75",,,,,,,
Superintendência de Controle das Participações Governamentais,,,,,,,,,,,,,,,,,,,,,,,,,,,,,,,,,,,,
PAULO AFONSO,,,,,BA,,,,"98,90",,,,,,-,,,,,,"98,90",,,,,,,,"1.389,21",,,,,,,
PE DE SERRA,,,,,BA,,,,"58,80",,,,,,-,,,,,,"58,80",,,,,,,,"825,99",,,,,,,
PEDRAO,,,,,BA,,,,"53,46",,,,,,-,,,,,,"53,46",,,,,,,,"750,90",,,,,,,
PEDRO ALEXANDRE,,,,,BA,,,,"64,15",,,,,,-,,,,,,"64,15",,,,,,,,"901,11",,,,,,,
PINTADAS,,,,,BA,,,,"56,13",,,,,,-,,,,,,"56,13",,,,,,,,"788,46",,,,,,,
PIRITIBA,,,,,BA,,,,"66,82",,,,,,-,,,,,,"66,82",,,,,,,,"938,65",,,,,,,
PLANALTINO,,,,,BA,,,,"53,46",,,,,,-,,,,,,"53,46",,,,,,,,"750,90",,,,,,,
PLANALTO,,,,,BA,,,,"69,49",,,,,,-,,,,,,"69,49",,,,,,,,"976,18",,,,,,,
POCOES,,,,,BA,,,,"82,86",,,,,,-,,,,,,"82,86",,,,,,,,"1.163,93",,,,,,,
POJUCA,,,,,BA,,,,"560.703,98",,,,,,"513.790,73",,,,,,"1.074.494,71",,,,,,,,"11.118.557,67",,,,,,,
QUEIMADAS,,,,,BA,,,,"72,17",,,,,,-,,,,,,"72,17",,,,,,,,"1.013,75",,,,,,,
QUIJINGUE,,,,,BA,,,,"72,17",,,,,,-,,,,,,"72,17",,,,,,,,"1.013,75",,,,,,,
QUIXABEIRA,,,,,BA,,,,"53,46",,,,,,-,,,,,,"53,46",,,,,,,,"750,90",,,,,,,
RAFAEL JAMBEIRO,,,,,BA,,,,"69,49",,,,,,-,,,,,,"69,49",,,,,,,,"976,18",,,,,,,
RETIROLANDIA,,,,,BA,,,,"56,13",,,,,,-,,,,,,"56,13",,,,,,,,"788,46",,,,,,,
RIACHAO DO JACUIPE,,,,,BA,,,,"74,84",,,,,,-,,,,,,"74,84",,,,,,,,"1.051,29",,,,,,,
RIBEIRA DO AMPARO,,,,,BA,,,,"58,80",,,,,,-,,,,,,"58,80",,,,,,,,"825,99",,,,,,,
RIBEIRA DO POMBAL,,,,,BA,,,,"82,86",,,,,,-,,,,,,"82,86",,,,,,,,"1.163,93",,,,,,,
RIBEIRAO DO LARGO,,,,,BA,,,,"61,48",,,,,,-,,,,,,"61,48",,,,,,,,"863,57",,,,,,,
RIO REAL,,,,,BA,,,,"77,51",,,,,,-,,,,,,"77,51",,,,,,,,"1.088,83",,,,,,,
RUY BARBOSA,,,,,BA,,,,"74,84",,,,,,-,,,,,,"74,84",,,,,,,,"1.051,29",,,,,,,
SALINAS DA MARGARIDA,,,,,BA,,,,"1.554,73",,,,,,"86.238,59",,,,,,"87.793,32",,,,,,,,"1.150.618,99",,,,,,,
SALVADOR,,,,,BA,,,,"2.961,40",,,,,,"86.238,59",,,,,,"89.199,99",,,,,,,,"1.170.378,27",,,,,,,
SANTA BARBARA,,,,,BA,,,,"64,15",,,,,,-,,,,,,"64,15",,,,,,,,"901,11",,,,,,,
SANTA BRIGIDA,,,,,BA,,,,"64,15",,,,,,-,,,,,,"64,15",,,,,,,,"901,11",,,,,,,
SANTA INES,,,,,BA,,,,"56,13",,,,,,-,,,,,,"56,13",,,,,,,,"788,46",,,,,,,
SANTA TERESINHA,,,,,BA,,,,"53,46",,,,,,-,,,,,,"53,46",,,,,,,,"750,90",,,,,,,
SANTALUZ,,,,,BA,,,,"74,84",,,,,,-,,,,,,"74,84",,,,,,,,"1.051,29",,,,,,,
SANTANOPOLIS,,,,,BA,,,,"53,46",,,,,,-,,,,,,"53,46",,,,,,,,"750,90",,,,,,,
SANTO AMARO,,,,,BA,,,,"2.443,15",,,,,,"86.238,59",,,,,,"88.681,74",,,,,,,,"1.163.098,53",,,,,,,
SANTO ANTONIO DE JESUS,,,,,BA,,,,"93,55",,,,,,-,,,,,,"93,55",,,,,,,,"1.314,11",,,,,,,
SANTO ESTEVAO,,,,,BA,,,,"82,86",,,,,,-,,,,,,"82,86",,,,,,,,"1.163,93",,,,,,,
SAO DOMINGOS,,,,,BA,,,,"53,46",,,,,,-,,,,,,"53,46",,,,,,,,"750,90",,,,,,,
SAO FELIPE,,,,,BA,,,,"69,49",,,,,,-,,,,,,"69,49",,,,,,,,"976,18",,,,,,,
SAO FELIX,,,,,BA,,,,"58,80",,,,,,-,,,,,,"58,80",,,,,,,,"825,99",,,,,,,
SAO FRANCISCO DO CONDE,,,,,BA,,,,"791.219,42",,,,,,"118.904,29",,,,,,"910.123,71",,,,,,,,"11.296.816,96",,,,,,,
SAO GONCALO DOS CAMPOS,,,,,BA,,,,"72,17",,,,,,-,,,,,,"72,17",,,,,,,,"1.013,75",,,,,,,
SAO JOSE DO JACUIPE,,,,,BA,,,,"53,46",,,,,,-,,,,,,"53,46",,,,,,,,"750,90",,,,,,,
SAO MIGUEL DAS MATAS,,,,,BA,,,,"56,13",,,,,,-,,,,,,"56,13",,,,,,,,"788,46",,,,,,,
SAO SEBASTIAO DO PASSE,,,,,BA,,,,"165.750,64",,,,,,"110.618,04",,,,,,"276.368,68",,,,,,,,"3.298.514,95",,,,,,,
SAPEACU,,,,,BA,,,,"64,15",,,,,,-,,,,,,"64,15",,,,,,,,"901,11",,,,,,,
SATIRO DIAS,,,,,BA,,,,"64,15",,,,,,-,,,,,,"64,15",,,,,,,,"901,11",,,,,,,
SAUBARA,,,,,BA,,,,"1.554,73",,,,,,"86.238,59",,,,,,"87.793,32",,,,,,,,"1.150.618,99",,,,,,,
SERRA PRETA,,,,,BA,,,,"64,15",,,,,,-,,,,,,"64,15",,,,,,,,"901,11",,,,,,,
SERRINHA,,,,,BA,,,,"96,22",,,,,,-,,,,,,"96,22",,,,,,,,"1.351,67",,,,,,,
SERROLANDIA,,,,,BA,,,,"58,80",,,,,,-,,,,,,"58,80",,,,,,,,"825,99",,,,,,,
SIMOES FILHO,,,,,BA,,,,"65.863,32",,,,,,"6.780,61",,,,,,"72.643,93",,,,,,,,"810.081,41",,,,,,,
SITIO DO QUINTO,,,,,BA,,,,"64,15",,,,,,-,,,,,,"64,15",,,,,,,,"901,11",,,,,,,
TANQUINHO,,,,,BA,,,,"53,46",,,,,,-,,,,,,"53,46",,,,,,,,"750,90",,,,,,,
TAPIRAMUTA,,,,,BA,,,,"64,15",,,,,,-,,,,,,"64,15",,,,,,,,"901,11",,,,,,,
TEODORO SAMPAIO,,,,,BA,,,,"53,46",,,,,,-,,,,,,"53,46",,,,,,,,"750,90",,,,,,,
TEOFILANDIA,,,,,BA,,,,"69,49",,,,,,-,,,,,,"69,49",,,,,,,,"976,18",,,,,,,
TERRA NOVA,,,,,BA,,,,"184,73",,,,,,"81,23",,,,,,"265,96",,,,,,,,"2.369,19",,,,,,,
Superintendência de Controle das Participações Governamentais,,,,,,,,,,,,,,,,,,,,,,,,,,,,,,,,,,,,
TUCANO,,,,,BA,,,,"85,53",,,,,,-,,,,,,"85,53",,,,,,,,"1.201,47",,,,,,,
UAUA,,,,,BA,,,,"72,17",,,,,,-,,,,,,"72,17",,,,,,,,"1.013,75",,,,,,,
UBAIRA,,,,,BA,,,,"69,49",,,,,,-,,,,,,"69,49",,,,,,,,"976,18",,,,,,,
VALENTE,,,,,BA,,,,"66,82",,,,,,-,,,,,,"66,82",,,,,,,,"938,65",,,,,,,
VARZEA DA ROCA,,,,,BA,,,,"58,80",,,,,,-,,,,,,"58,80",,,,,,,,"825,99",,,,,,,
VARZEA DO POCO,,,,,BA,,,,"53,46",,,,,,-,,,,,,"53,46",,,,,,,,"750,90",,,,,,,
VARZEA NOVA,,,,,BA,,,,"61,48",,,,,,-,,,,,,"61,48",,,,,,,,"863,57",,,,,,,
VARZEDO,,,,,BA,,,,"53,46",,,,,,-,,,,,,"53,46",,,,,,,,"750,90",,,,,,,
VERA CRUZ,,,,,BA,,,,"74,84",,,,,,-,,,,,,"74,84",,,,,,,,"1.051,29",,,,,,,
VITORIA DA CONQUISTA,,,,,BA,,,,"106,92",,,,,,-,,,,,,"106,92",,,,,,,,"1.501,86",,,,,,,
TOTAL BAHIA,,,,,,,,,"3.767.922,91",,,,,,"2.343.978,45",,,,,,"6.111.901,36",,,,,,,,"73.378.418,78",,,,,,,
ACARAU,,,,,CE,,,,"2.161,38",,,,,,-,,,,,,"2.161,38",,,,,,,,"29.482,84",,,,,,,
ALCANTARAS,,,,,CE,,,,"1.350,86",,,,,,-,,,,,,"1.350,86",,,,,,,,"18.426,76",,,,,,,
AMONTADA,,,,,CE,,,,"45.116,33",,,,,,"59.532,71",,,,,,"104.649,04",,,,,,,,"1.481.802,46",,,,,,,
APUIARES,,,,,CE,,,,"1.485,95",,,,,,-,,,,,,"1.485,95",,,,,,,,"20.269,43",,,,,,,
AQUIRAZ,,,,,CE,,,,-,,,,,,"3.752,38",,,,,,"3.752,38",,,,,,,,"28.536,08",,,,,,,
ARACATI,,,,,CE,,,,"370.156,02",,,,,,"14.148,67",,,,,,"384.304,69",,,,,,,,"4.631.304,91",,,,,,,
ARARENDA,,,,,CE,,,,"1.418,41",,,,,,-,,,,,,"1.418,41",,,,,,,,"19.348,11",,,,,,,
BARROQUINHA,,,,,CE,,,,"1.485,95",,,,,,-,,,,,,"1.485,95",,,,,,,,"20.269,43",,,,,,,
BELA CRUZ,,,,,CE,,,,"1.891,21",,,,,,-,,,,,,"1.891,21",,,,,,,,"25.797,46",,,,,,,
CAMOCIM,,,,,CE,,,,"2.161,38",,,,,,-,,,,,,"2.161,38",,,,,,,,"29.482,84",,,,,,,
CANINDE,,,,,CE,,,,"2.296,47",,,,,,-,,,,,,"2.296,47",,,,,,,,"31.325,53",,,,,,,
CARIDADE,,,,,CE,,,,"1.553,49",,,,,,-,,,,,,"1.553,49",,,,,,,,"21.190,78",,,,,,,
CARIRE,,,,,CE,,,,"1.688,58",,,,,,-,,,,,,"1.688,58",,,,,,,,"23.033,45",,,,,,,
CARNAUBAL,,,,,CE,,,,"1.553,49",,,,,,-,,,,,,"1.553,49",,,,,,,,"21.190,78",,,,,,,
CATUNDA,,,,,CE,,,,"1.350,86",,,,,,-,,,,,,"1.350,86",,,,,,,,"18.426,76",,,,,,,
CAUCAIA,,,,,CE,,,,-,,,,,,"3.752,38",,,,,,"3.752,38",,,,,,,,"28.536,08",,,,,,,
CHAVAL,,,,,CE,,,,"1.485,95",,,,,,-,,,,,,"1.485,95",,,,,,,,"20.269,43",,,,,,,
COREAU,,,,,CE,,,,"1.688,58",,,,,,-,,,,,,"1.688,58",,,,,,,,"23.033,45",,,,,,,
CRATEUS,,,,,CE,,,,"2.296,47",,,,,,-,,,,,,"2.296,47",,,,,,,,"31.325,53",,,,,,,
CROATA,,,,,CE,,,,"1.621,04",,,,,,-,,,,,,"1.621,04",,,,,,,,"22.112,11",,,,,,,
CRUZ,,,,,CE,,,,"1.688,58",,,,,,-,,,,,,"1.688,58",,,,,,,,"23.033,45",,,,,,,
FORQUILHA,,,,,CE,,,,"1.621,04",,,,,,-,,,,,,"1.621,04",,,,,,,,"22.112,11",,,,,,,
FORTALEZA,,,,,CE,,,,"811.719,32",,,,,,"5.003,17",,,,,,"816.722,49",,,,,,,,"3.208.311,25",,,,,,,
FRECHEIRINHA,,,,,CE,,,,"1.418,41",,,,,,-,,,,,,"1.418,41",,,,,,,,"19.348,11",,,,,,,
GENERAL SAMPAIO,,,,,CE,,,,"1.350,86",,,,,,-,,,,,,"1.350,86",,,,,,,,"18.426,76",,,,,,,
GRACA,,,,,CE,,,,"1.553,49",,,,,,-,,,,,,"1.553,49",,,,,,,,"21.190,78",,,,,,,
GRANJA,,,,,CE,,,,"2.161,38",,,,,,-,,,,,,"2.161,38",,,,,,,,"29.482,84",,,,,,,
GROAIRAS,,,,,CE,,,,"1.350,86",,,,,,-,,,,,,"1.350,86",,,,,,,,"18.426,76",,,,,,,
GUARACIABA DO NORTE,,,,,CE,,,,"1.958,75",,,,,,-,,,,,,"1.958,75",,,,,,,,"26.718,83",,,,,,,
HIDROLANDIA,,,,,CE,,,,"1.621,04",,,,,,-,,,,,,"1.621,04",,,,,,,,"22.112,11",,,,,,,
IBIAPINA,,,,,CE,,,,"1.756,12",,,,,,-,,,,,,"1.756,12",,,,,,,,"23.954,79",,,,,,,
ICAPUI,,,,,CE,,,,"89.092,02",,,,,,"26.332,62",,,,,,"115.424,64",,,,,,,,"1.263.584,02",,,,,,,
INDEPENDENCIA,,,,,CE,,,,"1.823,67",,,,,,-,,,,,,"1.823,67",,,,,,,,"24.876,15",,,,,,,
IPAPORANGA,,,,,CE,,,,"1.418,41",,,,,,-,,,,,,"1.418,41",,,,,,,,"19.348,11",,,,,,,
IPU,,,,,CE,,,,"2.026,30",,,,,,-,,,,,,"2.026,30",,,,,,,,"27.640,17",,,,,,,
IPUEIRAS,,,,,CE,,,,"2.026,30",,,,,,-,,,,,,"2.026,30",,,,,,,,"27.640,17",,,,,,,
IRAUCUBA,,,,,CE,,,,"1.688,58",,,,,,-,,,,,,"1.688,58",,,,,,,,"23.033,45",,,,,,,
ITAPAGE,,,,,CE,,,,"2.093,84",,,,,,-,,,,,,"2.093,84",,,,,,,,"28.561,49",,,,,,,
ITAPIPOCA,,,,,CE,,,,"56.006,47",,,,,,"52.190,76",,,,,,"108.197,23",,,,,,,,"1.467.203,02",,,,,,,
ITAREMA,,,,,CE,,,,"43.560,59",,,,,,"35.099,06",,,,,,"78.659,65",,,,,,,,"1.027.343,52",,,,,,,
JIJOCA DE JERICOACOARA,,,,,CE,,,,"1.485,95",,,,,,-,,,,,,"1.485,95",,,,,,,,"20.269,43",,,,,,,
MARCO,,,,,CE,,,,"1.756,12",,,,,,-,,,,,,"1.756,12",,,,,,,,"23.954,79",,,,,,,
Superintendência de Controle das Participações Governamentais,,,,,,,,,,,,,,,,,,,,,,,,,,,,,,,,,,,,
MARTINOPOLE,,,,,CE,,,,"1.350,86",,,,,,-,,,,,,"1.350,86",,,,,,,,"18.426,76",,,,,,,
MASSAPE,,,,,CE,,,,"1.891,21",,,,,,-,,,,,,"1.891,21",,,,,,,,"25.797,46",,,,,,,
MERUOCA,,,,,CE,,,,"1.418,41",,,,,,-,,,,,,"1.418,41",,,,,,,,"19.348,11",,,,,,,
MIRAIMA,,,,,CE,,,,"1.418,41",,,,,,-,,,,,,"1.418,41",,,,,,,,"19.348,11",,,,,,,
MONSENHOR TABOSA,,,,,CE,,,,"1.621,04",,,,,,-,,,,,,"1.621,04",,,,,,,,"22.112,11",,,,,,,
MORAUJO,,,,,CE,,,,"1.350,86",,,,,,-,,,,,,"1.350,86",,,,,,,,"18.426,76",,,,,,,
MORRINHOS,,,,,CE,,,,"1.621,04",,,,,,-,,,,,,"1.621,04",,,,,,,,"22.112,11",,,,,,,
MUCAMBO,,,,,CE,,,,"1.485,95",,,,,,-,,,,,,"1.485,95",,,,,,,,"20.269,43",,,,,,,
NOVA RUSSAS,,,,,CE,,,,"1.891,21",,,,,,-,,,,,,"1.891,21",,,,,,,,"25.797,46",,,,,,,
NOVO ORIENTE,,,,,CE,,,,"1.823,67",,,,,,-,,,,,,"1.823,67",,,,,,,,"24.876,15",,,,,,,
PACUJA,,,,,CE,,,,"1.350,86",,,,,,-,,,,,,"1.350,86",,,,,,,,"18.426,76",,,,,,,
PARACURU,,,,,CE,,,,"42.004,85",,,,,,"81.415,38",,,,,,"123.420,23",,,,,,,,"1.792.343,02",,,,,,,
PARAIPABA,,,,,CE,,,,"1.823,67",,,,,,"2.585,79",,,,,,"4.409,46",,,,,,,,"56.727,89",,,,,,,
PARAMOTI,,,,,CE,,,,"1.418,41",,,,,,-,,,,,,"1.418,41",,,,,,,,"19.348,11",,,,,,,
PENTECOSTE,,,,,CE,,,,"1.958,75",,,,,,-,,,,,,"1.958,75",,,,,,,,"26.718,83",,,,,,,
PIRES FERREIRA,,,,,CE,,,,"1.350,86",,,,,,-,,,,,,"1.350,86",,,,,,,,"18.426,76",,,,,,,
PORANGA,,,,,CE,,,,"1.418,41",,,,,,-,,,,,,"1.418,41",,,,,,,,"19.348,11",,,,,,,
QUITERIANOPOLIS,,,,,CE,,,,"1.688,58",,,,,,-,,,,,,"1.688,58",,,,,,,,"23.033,45",,,,,,,
RERIUTABA,,,,,CE,,,,"1.756,12",,,,,,-,,,,,,"1.756,12",,,,,,,,"23.954,79",,,,,,,
SANTA QUITERIA,,,,,CE,,,,"2.093,84",,,,,,-,,,,,,"2.093,84",,,,,,,,"28.561,49",,,,,,,
SANTANA DO ACARAU,,,,,CE,,,,"1.823,67",,,,,,-,,,,,,"1.823,67",,,,,,,,"24.876,15",,,,,,,
SAO BENEDITO,,,,,CE,,,,"2.026,30",,,,,,-,,,,,,"2.026,30",,,,,,,,"27.640,17",,,,,,,
SAO GONCALO DO AMARANTE,,,,,CE,,,,"1.958,75",,,,,,-,,,,,,"1.958,75",,,,,,,,"26.718,83",,,,,,,
SAO LUIS DO CURU,,,,,CE,,,,"1.418,41",,,,,,-,,,,,,"1.418,41",,,,,,,,"19.348,11",,,,,,,
SENADOR SA,,,,,CE,,,,"1.350,86",,,,,,-,,,,,,"1.350,86",,,,,,,,"18.426,76",,,,,,,
SOBRAL,,,,,CE,,,,"2.701,73",,,,,,-,,,,,,"2.701,73",,,,,,,,"36.853,58",,,,,,,
TAMBORIL,,,,,CE,,,,"1.823,67",,,,,,-,,,,,,"1.823,67",,,,,,,,"24.876,15",,,,,,,
TEJUCUOCA,,,,,CE,,,,"1.485,95",,,,,,-,,,,,,"1.485,95",,,,,,,,"20.269,43",,,,,,,
TIANGUA,,,,,CE,,,,"2.228,93",,,,,,-,,,,,,"2.228,93",,,,,,,,"30.404,19",,,,,,,
TRAIRI,,,,,CE,,,,"48.227,80",,,,,,"62.821,37",,,,,,"111.049,17",,,,,,,,"1.409.407,32",,,,,,,
TURURU,,,,,CE,,,,"1.418,41",,,,,,-,,,,,,"1.418,41",,,,,,,,"19.348,11",,,,,,,
UBAJARA,,,,,CE,,,,"1.823,67",,,,,,-,,,,,,"1.823,67",,,,,,,,"24.876,15",,,,,,,
UMIRIM,,,,,CE,,,,"1.621,04",,,,,,-,,,,,,"1.621,04",,,,,,,,"22.112,11",,,,,,,
URUBURETAMA,,,,,CE,,,,"1.621,04",,,,,,-,,,,,,"1.621,04",,,,,,,,"22.112,11",,,,,,,
URUOCA,,,,,CE,,,,"1.418,41",,,,,,-,,,,,,"1.418,41",,,,,,,,"19.348,11",,,,,,,
VARJOTA,,,,,CE,,,,"1.621,04",,,,,,-,,,,,,"1.621,04",,,,,,,,"22.112,11",,,,,,,
VICOSA DO CEARA,,,,,CE,,,,"2.093,84",,,,,,-,,,,,,"2.093,84",,,,,,,,"28.561,49",,,,,,,
TOTAL CEARA,,,,,,,,,"1.623.341,05",,,,,,"346.634,29",,,,,,"1.969.975,34",,,,,,,,"17.972.430,88",,,,,,,
AFONSO CLAUDIO,,,,,ES,,,,"4.462,54",,,,,,-,,,,,,"4.462,54",,,,,,,,"42.756,92",,,,,,,
AGUA DOCE DO NORTE,,,,,ES,,,,"3.385,38",,,,,,-,,,,,,"3.385,38",,,,,,,,"32.436,28",,,,,,,
AGUIA BRANCA,,,,,ES,,,,"3.077,61",,,,,,-,,,,,,"3.077,61",,,,,,,,"29.487,53",,,,,,,
ALEGRE,,,,,ES,,,,"4.308,66",,,,,,-,,,,,,"4.308,66",,,,,,,,"41.282,56",,,,,,,
ALFREDO CHAVES,,,,,ES,,,,"3.385,38",,,,,,-,,,,,,"3.385,38",,,,,,,,"32.436,28",,,,,,,
ALTO RIO NOVO,,,,,ES,,,,"3.077,61",,,,,,-,,,,,,"3.077,61",,,,,,,,"29.487,53",,,,,,,
ANCHIETA,,,,,ES,,,,"64.535,80",,,,,,-,,,,,,"64.535,80",,,,,,,,"226.335,24",,,,,,,
APIACA,,,,,ES,,,,"3.077,61",,,,,,-,,,,,,"3.077,61",,,,,,,,"29.487,53",,,,,,,
ARACRUZ,,,,,ES,,,,"326.078,24",,,,,,"87.910,45",,,,,,"413.988,69",,,,,,,,"3.417.945,27",,,,,,,
ATILIO VIVACQUA,,,,,ES,,,,"3.077,61",,,,,,-,,,,,,"3.077,61",,,,,,,,"29.487,53",,,,,,,
BAIXO GUANDU,,,,,ES,,,,"4.154,78",,,,,,-,,,,,,"4.154,78",,,,,,,,"39.808,17",,,,,,,
BARRA DE SAO FRANCISCO,,,,,ES,,,,"4.616,42",,,,,,-,,,,,,"4.616,42",,,,,,,,"44.231,30",,,,,,,
BOA ESPERANCA,,,,,ES,,,,"3.385,38",,,,,,-,,,,,,"3.385,38",,,,,,,,"32.436,28",,,,,,,
BOM JESUS DO NORTE,,,,,ES,,,,"3.077,61",,,,,,-,,,,,,"3.077,61",,,,,,,,"29.487,53",,,,,,,
BREJETUBA,,,,,ES,,,,"3.231,50",,,,,,-,,,,,,"3.231,50",,,,,,,,"30.961,91",,,,,,,
Superintendência de Controle das Participações Governamentais,,,,,,,,,,,,,,,,,,,,,,,,,,,,,,,,,,,,
CACHOEIRO DE ITAPEMIRIM,,,,,ES,,,,"6.155,23",,,,,,-,,,,,,"6.155,23",,,,,,,,"58.975,09",,,,,,,
CASTELO,,,,,ES,,,,"4.462,54",,,,,,-,,,,,,"4.462,54",,,,,,,,"42.756,92",,,,,,,
COLATINA,,,,,ES,,,,"5.847,47",,,,,,-,,,,,,"5.847,47",,,,,,,,"56.026,33",,,,,,,
CONCEICAO DA BARRA,,,,,ES,,,,"64.737,34",,,,,,"3.561,45",,,,,,"68.298,79",,,,,,,,"813.397,42",,,,,,,
CONCEICAO DO CASTELO,,,,,ES,,,,"3.231,50",,,,,,-,,,,,,"3.231,50",,,,,,,,"30.961,91",,,,,,,
DIVINO DE SAO LOURENCO,,,,,ES,,,,"3.077,61",,,,,,-,,,,,,"3.077,61",,,,,,,,"29.487,53",,,,,,,
DOMINGOS MARTINS,,,,,ES,,,,"4.308,66",,,,,,-,,,,,,"4.308,66",,,,,,,,"41.282,56",,,,,,,
DORES DO RIO PRETO,,,,,ES,,,,"3.077,61",,,,,,-,,,,,,"3.077,61",,,,,,,,"29.487,53",,,,,,,
ECOPORANGA,,,,,ES,,,,"4.000,90",,,,,,-,,,,,,"4.000,90",,,,,,,,"38.333,79",,,,,,,
FUNDAO,,,,,ES,,,,"3.385,38",,,,,,-,,,,,,"3.385,38",,,,,,,,"32.436,28",,,,,,,
GOVERNADOR LINDENBERG,,,,,ES,,,,"3.077,61",,,,,,-,,,,,,"3.077,61",,,,,,,,"29.487,53",,,,,,,
GUACUI,,,,,ES,,,,"4.154,78",,,,,,-,,,,,,"4.154,78",,,,,,,,"39.808,17",,,,,,,
GUARAPARI,,,,,ES,,,,"5.539,71",,,,,,-,,,,,,"5.539,71",,,,,,,,"53.077,59",,,,,,,
IBATIBA,,,,,ES,,,,"3.847,02",,,,,,-,,,,,,"3.847,02",,,,,,,,"36.859,42",,,,,,,
IBIRACU,,,,,ES,,,,"3.231,50",,,,,,-,,,,,,"3.231,50",,,,,,,,"30.961,91",,,,,,,
IBITIRAMA,,,,,ES,,,,"3.077,61",,,,,,-,,,,,,"3.077,61",,,,,,,,"29.487,53",,,,,,,
ICONHA,,,,,ES,,,,"3.231,50",,,,,,-,,,,,,"3.231,50",,,,,,,,"30.961,91",,,,,,,
IRUPI,,,,,ES,,,,"3.231,50",,,,,,-,,,,,,"3.231,50",,,,,,,,"30.961,91",,,,,,,
ITAGUACU,,,,,ES,,,,"3.539,26",,,,,,-,,,,,,"3.539,26",,,,,,,,"33.910,66",,,,,,,
ITAPEMIRIM,,,,,ES,,,,"72.280,09",,,,,,-,,,,,,"72.280,09",,,,,,,,"796.761,77",,,,,,,
ITARANA,,,,,ES,,,,"3.231,50",,,,,,-,,,,,,"3.231,50",,,,,,,,"30.961,91",,,,,,,
IUNA,,,,,ES,,,,"4.154,78",,,,,,-,,,,,,"4.154,78",,,,,,,,"39.808,17",,,,,,,
JAGUARE,,,,,ES,,,,"400.599,56",,,,,,"182.868,97",,,,,,"583.468,53",,,,,,,,"7.854.375,40",,,,,,,
JERONIMO MONTEIRO,,,,,ES,,,,"3.231,50",,,,,,-,,,,,,"3.231,50",,,,,,,,"30.961,91",,,,,,,
JOAO NEIVA,,,,,ES,,,,"3.539,26",,,,,,-,,,,,,"3.539,26",,,,,,,,"33.910,66",,,,,,,
LARANJA DA TERRA,,,,,ES,,,,"3.231,50",,,,,,-,,,,,,"3.231,50",,,,,,,,"30.961,91",,,,,,,
LINHARES,,,,,ES,,,,"1.033.738,79",,,,,,"251.467,67",,,,,,"1.285.206,46",,,,,,,,"15.819.120,35",,,,,,,
MANTENOPOLIS,,,,,ES,,,,"3.231,50",,,,,,-,,,,,,"3.231,50",,,,,,,,"30.961,91",,,,,,,
MARATAIZES,,,,,ES,,,,"4.308,66",,,,,,-,,,,,,"4.308,66",,,,,,,,"41.282,56",,,,,,,
MARECHAL FLORIANO,,,,,ES,,,,"3.385,38",,,,,,-,,,,,,"3.385,38",,,,,,,,"32.436,28",,,,,,,
MARILANDIA,,,,,ES,,,,"3.077,61",,,,,,-,,,,,,"3.077,61",,,,,,,,"29.487,53",,,,,,,
MIMOSO DO SUL,,,,,ES,,,,"4.154,78",,,,,,-,,,,,,"4.154,78",,,,,,,,"39.808,17",,,,,,,
MONTANHA,,,,,ES,,,,"3.693,14",,,,,,-,,,,,,"3.693,14",,,,,,,,"35.385,03",,,,,,,
MUCURICI,,,,,ES,,,,"3.077,61",,,,,,-,,,,,,"3.077,61",,,,,,,,"29.487,53",,,,,,,
MUNIZ FREIRE,,,,,ES,,,,"3.847,02",,,,,,-,,,,,,"3.847,02",,,,,,,,"36.859,42",,,,,,,
MUQUI,,,,,ES,,,,"3.385,38",,,,,,-,,,,,,"3.385,38",,,,,,,,"32.436,28",,,,,,,
NOVA VENECIA,,,,,ES,,,,"4.770,31",,,,,,-,,,,,,"4.770,31",,,,,,,,"45.705,67",,,,,,,
PANCAS,,,,,ES,,,,"4.000,90",,,,,,-,,,,,,"4.000,90",,,,,,,,"38.333,79",,,,,,,
PEDRO CANARIO,,,,,ES,,,,"4.000,90",,,,,,-,,,,,,"4.000,90",,,,,,,,"38.333,79",,,,,,,
PINHEIROS,,,,,ES,,,,"4.000,90",,,,,,-,,,,,,"4.000,90",,,,,,,,"38.333,79",,,,,,,
PIUMA,,,,,ES,,,,"3.539,26",,,,,,-,,,,,,"3.539,26",,,,,,,,"33.910,66",,,,,,,
PONTO BELO,,,,,ES,,,,"3.077,61",,,,,,-,,,,,,"3.077,61",,,,,,,,"29.487,53",,,,,,,
PRESIDENTE KENNEDY,,,,,ES,,,,"51.628,64",,,,,,"272.535,18",,,,,,"324.163,82",,,,,,,,"2.915.309,23",,,,,,,
RIO BANANAL,,,,,ES,,,,"3.693,14",,,,,,-,,,,,,"3.693,14",,,,,,,,"35.385,03",,,,,,,
RIO NOVO DO SUL,,,,,ES,,,,"3.231,50",,,,,,-,,,,,,"3.231,50",,,,,,,,"30.961,91",,,,,,,
SANTA LEOPOLDINA,,,,,ES,,,,"3.385,38",,,,,,-,,,,,,"3.385,38",,,,,,,,"32.436,28",,,,,,,
SANTA MARIA DE JETIBA,,,,,ES,,,,"4.308,66",,,,,,-,,,,,,"4.308,66",,,,,,,,"41.282,56",,,,,,,
SANTA TERESA,,,,,ES,,,,"4.000,90",,,,,,-,,,,,,"4.000,90",,,,,,,,"38.333,79",,,,,,,
SAO DOMINGOS DO NORTE,,,,,ES,,,,"3.077,61",,,,,,-,,,,,,"3.077,61",,,,,,,,"29.487,53",,,,,,,
SAO GABRIEL DA PALHA,,,,,ES,,,,"4.154,78",,,,,,-,,,,,,"4.154,78",,,,,,,,"39.808,17",,,,,,,
SAO JOSE DO CALCADO,,,,,ES,,,,"3.231,50",,,,,,-,,,,,,"3.231,50",,,,,,,,"30.961,91",,,,,,,
SAO MATEUS,,,,,ES,,,,"956.708,25",,,,,,"156.353,36",,,,,,"1.113.061,61",,,,,,,,"13.598.954,88",,,,,,,
SAO ROQUE DO CANAA,,,,,ES,,,,"3.231,50",,,,,,-,,,,,,"3.231,50",,,,,,,,"30.961,91",,,,,,,
Superintendência de Controle das Participações Governamentais,,,,,,,,,,,,,,,,,,,,,,,,,,,,,,,,,,,,
SOORETAMA,,,,,ES,,,,"3.847,02",,,,,,-,,,,,,"3.847,02",,,,,,,,"36.859,42",,,,,,,
VARGEM ALTA,,,,,ES,,,,"3.693,14",,,,,,-,,,,,,"3.693,14",,,,,,,,"35.385,03",,,,,,,
VENDA NOVA DO IMIGRANTE,,,,,ES,,,,"3.693,14",,,,,,-,,,,,,"3.693,14",,,,,,,,"35.385,03",,,,,,,
VILA PAVAO,,,,,ES,,,,"3.077,61",,,,,,-,,,,,,"3.077,61",,,,,,,,"29.487,53",,,,,,,
VILA VALERIO,,,,,ES,,,,"3.385,38",,,,,,-,,,,,,"3.385,38",,,,,,,,"32.436,28",,,,,,,
TOTAL ESPIRITO SANTO,,,,,,,,,"3.210.052,95",,,,,,"954.697,08",,,,,,"4.164.750,03",,,,,,,,"47.739.278,36",,,,,,,
JUIZ DE FORA,,,,,MG,,,,"287.442,99",,,,,,-,,,,,,"287.442,99",,,,,,,,"1.464.193,35",,,,,,,
TOTAL MINAS GERAIS,,,,,,,,,"287.442,99",,,,,,-,,,,,,"287.442,99",,,,,,,,"1.464.193,35",,,,,,,
AFUA,,,,,PA,,,,-,,,,,,"3.846,75",,,,,,"3.846,75",,,,,,,,"58.300,00",,,,,,,
ALENQUER,,,,,PA,,,,-,,,,,,"3.846,75",,,,,,"3.846,75",,,,,,,,"58.300,00",,,,,,,
ALMEIRIM,,,,,PA,,,,-,,,,,,"3.846,75",,,,,,"3.846,75",,,,,,,,"58.300,00",,,,,,,
ANAJAS,,,,,PA,,,,-,,,,,,"3.846,75",,,,,,"3.846,75",,,,,,,,"58.300,00",,,,,,,
BREVES,,,,,PA,,,,-,,,,,,"3.846,75",,,,,,"3.846,75",,,,,,,,"58.300,00",,,,,,,
CHAVES,,,,,PA,,,,-,,,,,,"3.846,75",,,,,,"3.846,75",,,,,,,,"58.300,00",,,,,,,
CURUA,,,,,PA,,,,-,,,,,,"3.846,75",,,,,,"3.846,75",,,,,,,,"58.300,00",,,,,,,
FARO,,,,,PA,,,,-,,,,,,"3.846,75",,,,,,"3.846,75",,,,,,,,"58.300,00",,,,,,,
GURUPA,,,,,PA,,,,-,,,,,,"3.846,75",,,,,,"3.846,75",,,,,,,,"58.300,00",,,,,,,
JURUTI,,,,,PA,,,,-,,,,,,"3.846,75",,,,,,"3.846,75",,,,,,,,"58.300,00",,,,,,,
MELGACO,,,,,PA,,,,-,,,,,,"3.846,75",,,,,,"3.846,75",,,,,,,,"58.300,00",,,,,,,
MONTE ALEGRE,,,,,PA,,,,-,,,,,,"3.846,75",,,,,,"3.846,75",,,,,,,,"58.300,00",,,,,,,
OBIDOS,,,,,PA,,,,-,,,,,,"3.846,75",,,,,,"3.846,75",,,,,,,,"58.300,00",,,,,,,
PORTO DE MOZ,,,,,PA,,,,-,,,,,,"3.846,75",,,,,,"3.846,75",,,,,,,,"58.300,00",,,,,,,
PRAINHA,,,,,PA,,,,-,,,,,,"3.846,75",,,,,,"3.846,75",,,,,,,,"58.300,00",,,,,,,
SANTAREM,,,,,PA,,,,-,,,,,,"3.846,75",,,,,,"3.846,75",,,,,,,,"58.300,00",,,,,,,
TERRA SANTA,,,,,PA,,,,-,,,,,,"3.846,75",,,,,,"3.846,75",,,,,,,,"58.300,00",,,,,,,
TOTAL PARA,,,,,,,,,-,,,,,,"65.394,75",,,,,,"65.394,75",,,,,,,,"991.100,00",,,,,,,
ADRIANOPOLIS,,,,,PR,,,,"3.583,82",,,,,,-,,,,,,"3.583,82",,,,,,,,"13.174,98",,,,,,,
AGUDOS DO SUL,,,,,PR,,,,"3.583,82",,,,,,-,,,,,,"3.583,82",,,,,,,,"13.174,98",,,,,,,
ALMIRANTE TAMANDARE,,,,,PR,,,,"6.450,89",,,,,,-,,,,,,"6.450,89",,,,,,,,"23.715,00",,,,,,,
ANTONINA,,,,,PR,,,,"4.479,78",,,,,,-,,,,,,"4.479,78",,,,,,,,"16.468,73",,,,,,,
ARAUCARIA,,,,,PR,,,,"6.450,89",,,,,,-,,,,,,"6.450,89",,,,,,,,"23.715,00",,,,,,,
BALSA NOVA,,,,,PR,,,,"3.763,01",,,,,,-,,,,,,"3.763,01",,,,,,,,"13.833,72",,,,,,,
BOCAIUVA DO SUL,,,,,PR,,,,"3.583,82",,,,,,-,,,,,,"3.583,82",,,,,,,,"13.174,98",,,,,,,
CAMPINA GRANDE DO SUL,,,,,PR,,,,"5.196,55",,,,,,-,,,,,,"5.196,55",,,,,,,,"19.103,73",,,,,,,
CAMPO DO TENENTE,,,,,PR,,,,"3.583,82",,,,,,-,,,,,,"3.583,82",,,,,,,,"13.174,98",,,,,,,
CAMPO LARGO,,,,,PR,,,,"6.450,89",,,,,,-,,,,,,"6.450,89",,,,,,,,"23.715,00",,,,,,,
CAMPO MAGRO,,,,,PR,,,,"4.658,97",,,,,,-,,,,,,"4.658,97",,,,,,,,"17.127,48",,,,,,,
CERRO AZUL,,,,,PR,,,,"4.300,59",,,,,,-,,,,,,"4.300,59",,,,,,,,"15.809,99",,,,,,,
COLOMBO,,,,,PR,,,,"7.167,65",,,,,,-,,,,,,"7.167,65",,,,,,,,"26.349,98",,,,,,,
CONTENDA,,,,,PR,,,,"3.942,21",,,,,,-,,,,,,"3.942,21",,,,,,,,"14.492,48",,,,,,,
CURITIBA,,,,,PR,,,,"7.167,65",,,,,,-,,,,,,"7.167,65",,,,,,,,"26.349,98",,,,,,,
DOUTOR ULYSSES,,,,,PR,,,,"3.583,82",,,,,,-,,,,,,"3.583,82",,,,,,,,"13.174,98",,,,,,,
FAZENDA RIO GRANDE,,,,,PR,,,,"5.913,31",,,,,,-,,,,,,"5.913,31",,,,,,,,"21.738,74",,,,,,,
GUARAQUECABA,,,,,PR,,,,"3.583,82",,,,,,-,,,,,,"3.583,82",,,,,,,,"13.174,98",,,,,,,
GUARATUBA,,,,,PR,,,,"4.838,16",,,,,,-,,,,,,"4.838,16",,,,,,,,"17.786,23",,,,,,,
ITAPERUCU,,,,,PR,,,,"4.479,78",,,,,,-,,,,,,"4.479,78",,,,,,,,"16.468,73",,,,,,,
LAPA,,,,,PR,,,,"5.554,93",,,,,,-,,,,,,"5.554,93",,,,,,,,"20.421,24",,,,,,,
MANDIRITUBA,,,,,PR,,,,"4.300,59",,,,,,-,,,,,,"4.300,59",,,,,,,,"15.809,99",,,,,,,
MATINHOS,,,,,PR,,,,"262.336,19",,,,,,-,,,,,,"262.336,19",,,,,,,,"964.410,45",,,,,,,
MORRETES,,,,,PR,,,,"4.121,40",,,,,,-,,,,,,"4.121,40",,,,,,,,"15.151,23",,,,,,,
PARANAGUA,,,,,PR,,,,"6.809,27",,,,,,-,,,,,,"6.809,27",,,,,,,,"25.032,48",,,,,,,
PIEN,,,,,PR,,,,"3.583,82",,,,,,-,,,,,,"3.583,82",,,,,,,,"13.174,98",,,,,,,
PINHAIS,,,,,PR,,,,"6.630,08",,,,,,-,,,,,,"6.630,08",,,,,,,,"24.373,75",,,,,,,
Superintendência de Controle das Participações Governamentais,,,,,,,,,,,,,,,,,,,,,,,,,,,,,,,,,,,,
PIRAQUARA,,,,,PR,,,,"6.271,69",,,,,,-,,,,,,"6.271,69",,,,,,,,"23.056,23",,,,,,,
PONTAL DO PARANA,,,,,PR,,,,"4.121,40",,,,,,-,,,,,,"4.121,40",,,,,,,,"15.151,23",,,,,,,
PORTO AMAZONAS,,,,,PR,,,,"3.583,82",,,,,,-,,,,,,"3.583,82",,,,,,,,"13.174,98",,,,,,,
QUATRO BARRAS,,,,,PR,,,,"4.300,59",,,,,,-,,,,,,"4.300,59",,,,,,,,"15.809,99",,,,,,,
QUITANDINHA,,,,,PR,,,,"4.121,40",,,,,,-,,,,,,"4.121,40",,,,,,,,"15.151,23",,,,,,,
RIO BRANCO DO SUL,,,,,PR,,,,"5.017,35",,,,,,-,,,,,,"5.017,35",,,,,,,,"18.444,98",,,,,,,
RIO NEGRO,,,,,PR,,,,"5.017,35",,,,,,-,,,,,,"5.017,35",,,,,,,,"18.444,98",,,,,,,
SAO JOSE DOS PINHAIS,,,,,PR,,,,"7.167,65",,,,,,-,,,,,,"7.167,65",,,,,,,,"26.349,98",,,,,,,
TIJUCAS DO SUL,,,,,PR,,,,"3.942,21",,,,,,-,,,,,,"3.942,21",,,,,,,,"14.492,48",,,,,,,
TUNAS DO PARANA,,,,,PR,,,,"3.583,82",,,,,,-,,,,,,"3.583,82",,,,,,,,"13.174,98",,,,,,,
TOTAL PARANA,,,,,,,,,"437.226,81",,,,,,-,,,,,,"437.226,81",,,,,,,,"1.607.349,85",,,,,,,
ANGRA DOS REIS,,,,,RJ,,,,"718.607,48",,,,,,"250.559,35",,,,,,"969.166,83",,,,,,,,"11.656.081,75",,,,,,,
APERIBE,,,,,RJ,,,,"157.943,63",,,,,,-,,,,,,"157.943,63",,,,,,,,"2.843.640,00",,,,,,,
ARARUAMA,,,,,RJ,,,,"284.298,55",,,,,,-,,,,,,"284.298,55",,,,,,,,"5.118.552,09",,,,,,,
ARMACAO DOS BUZIOS,,,,,RJ,,,,"1.300.812,87",,,,,,"789.239,08",,,,,,"2.090.051,95",,,,,,,,"30.708.683,35",,,,,,,
ARRAIAL DO CABO,,,,,RJ,,,,"205.326,73",,,,,,"31.916,67",,,,,,"237.243,40",,,,,,,,"4.178.327,07",,,,,,,
BARRA MANSA,,,,,RJ,,,,"287.442,99",,,,,,-,,,,,,"287.442,99",,,,,,,,"3.394.776,39",,,,,,,
BELFORD ROXO,,,,,RJ,,,,"315.887,27",,,,,,-,,,,,,"315.887,27",,,,,,,,"315.887,27",,,,,,,
BOM JARDIM,,,,,RJ,,,,"205.326,73",,,,,,-,,,,,,"205.326,73",,,,,,,,"3.696.732,06",,,,,,,
BOM JESUS DO ITABAPOANA,,,,,RJ,,,,"229.018,27",,,,,,-,,,,,,"229.018,27",,,,,,,,"4.123.278,04",,,,,,,
CABO FRIO,,,,,RJ,,,,"1.977.235,56",,,,,,"2.682.610,34",,,,,,"4.659.845,90",,,,,,,,"62.021.241,61",,,,,,,
CACHOEIRAS DE MACACU,,,,,RJ,,,,"701.138,13",,,,,,-,,,,,,"701.138,13",,,,,,,,"8.379.837,61",,,,,,,
CAMBUCI,,,,,RJ,,,,"181.635,18",,,,,,-,,,,,,"181.635,18",,,,,,,,"3.270.186,03",,,,,,,
CAMPOS DOS GOYTACAZES,,,,,RJ,,,,"2.081.300,59",,,,,,"15.010.452,81",,,,,,"17.091.753,40",,,,,,,,"211.393.534,22",,,,,,,
CANTAGALO,,,,,RJ,,,,"197.429,54",,,,,,-,,,,,,"197.429,54",,,,,,,,"3.554.550,03",,,,,,,
CARAPEBUS,,,,,RJ,,,,"1.040.650,29",,,,,,"359.083,90",,,,,,"1.399.734,19",,,,,,,,"21.003.700,06",,,,,,,
CARDOSO MOREIRA,,,,,RJ,,,,"173.738,00",,,,,,-,,,,,,"173.738,00",,,,,,,,"3.128.004,03",,,,,,,
CARMO,,,,,RJ,,,,"181.635,18",,,,,,-,,,,,,"181.635,18",,,,,,,,"3.270.186,03",,,,,,,
CASIMIRO DE ABREU,,,,,RJ,,,,"1.352.845,38",,,,,,"343.431,06",,,,,,"1.696.276,44",,,,,,,,"25.731.428,47",,,,,,,
CONCEICAO DE MACABU,,,,,RJ,,,,"197.429,54",,,,,,-,,,,,,"197.429,54",,,,,,,,"3.554.550,03",,,,,,,
CORDEIRO,,,,,RJ,,,,"197.429,54",,,,,,-,,,,,,"197.429,54",,,,,,,,"3.554.550,03",,,,,,,
DUAS BARRAS,,,,,RJ,,,,"165.840,82",,,,,,-,,,,,,"165.840,82",,,,,,,,"2.985.822,02",,,,,,,
DUQUE DE CAXIAS,,,,,RJ,,,,"1.001.625,91",,,,,,"23.572,17",,,,,,"1.025.198,08",,,,,,,,"12.145.451,52",,,,,,,
GUAPIMIRIM,,,,,RJ,,,,"751.219,43",,,,,,"23.572,17",,,,,,"774.791,60",,,,,,,,"9.152.652,35",,,,,,,
IGUABA GRANDE,,,,,RJ,,,,"181.635,18",,,,,,-,,,,,,"181.635,18",,,,,,,,"3.270.186,03",,,,,,,
ITABORAI,,,,,RJ,,,,"315.887,27",,,,,,"23.572,17",,,,,,"339.459,44",,,,,,,,"490.142,17",,,,,,,
ITAGUAI,,,,,RJ,,,,"284.298,55",,,,,,-,,,,,,"284.298,55",,,,,,,,"284.298,55",,,,,,,
ITALVA,,,,,RJ,,,,"173.738,00",,,,,,-,,,,,,"173.738,00",,,,,,,,"3.128.004,03",,,,,,,
ITAOCARA,,,,,RJ,,,,"205.326,73",,,,,,-,,,,,,"205.326,73",,,,,,,,"3.696.732,06",,,,,,,
ITAPERUNA,,,,,RJ,,,,"284.298,55",,,,,,-,,,,,,"284.298,55",,,,,,,,"5.118.552,09",,,,,,,
JAPERI,,,,,RJ,,,,"571.741,54",,,,,,-,,,,,,"571.741,54",,,,,,,,"3.679.074,94",,,,,,,
LAJE DO MURIAE,,,,,RJ,,,,"157.943,63",,,,,,-,,,,,,"157.943,63",,,,,,,,"2.843.640,00",,,,,,,
MACAE,,,,,RJ,,,,"8.731.614,77",,,,,,"5.602.223,34",,,,,,"14.333.838,11",,,,,,,,"172.302.527,84",,,,,,,
MACUCO,,,,,RJ,,,,"157.943,63",,,,,,-,,,,,,"157.943,63",,,,,,,,"2.843.640,00",,,,,,,
MAGE,,,,,RJ,,,,"901.463,32",,,,,,"23.572,17",,,,,,"925.035,49",,,,,,,,"10.948.331,86",,,,,,,
MANGARATIBA,,,,,RJ,,,,"213.223,91",,,,,,"187.919,51",,,,,,"401.143,42",,,,,,,,"2.896.615,85",,,,,,,
MARICA,,,,,RJ,,,,"276.401,36",,,,,,-,,,,,,"276.401,36",,,,,,,,"276.401,36",,,,,,,
MESQUITA,,,,,RJ,,,,"315.887,27",,,,,,-,,,,,,"315.887,27",,,,,,,,"315.887,27",,,,,,,
MIRACEMA,,,,,RJ,,,,"213.223,91",,,,,,-,,,,,,"213.223,91",,,,,,,,"3.838.914,06",,,,,,,
NATIVIDADE,,,,,RJ,,,,"181.635,18",,,,,,-,,,,,,"181.635,18",,,,,,,,"3.270.186,03",,,,,,,
NILOPOLIS,,,,,RJ,,,,"315.887,27",,,,,,-,,,,,,"315.887,27",,,,,,,,"315.887,27",,,,,,,
NITEROI,,,,,RJ,,,,"2.081.300,59",,,,,,"23.572,17",,,,,,"2.104.872,76",,,,,,,,"2.255.555,49",,,,,,,
NOVA FRIBURGO,,,,,RJ,,,,"315.887,27",,,,,,-,,,,,,"315.887,27",,,,,,,,"5.687.280,09",,,,,,,
Superintendência de Controle das Participações Governamentais,,,,,,,,,,,,,,,,,,,,,,,,,,,,,,,,,,,,
NOVA IGUACU,,,,,RJ,,,,"315.887,27",,,,,,-,,,,,,"315.887,27",,,,,,,,"315.887,27",,,,,,,
PARACAMBI,,,,,RJ,,,,"244.812,64",,,,,,-,,,,,,"244.812,64",,,,,,,,"244.812,64",,,,,,,
PARATI,,,,,RJ,,,,-,,,,,,"187.919,51",,,,,,"187.919,51",,,,,,,,"2.683.391,94",,,,,,,
PETROPOLIS,,,,,RJ,,,,"315.887,27",,,,,,-,,,,,,"315.887,27",,,,,,,,"5.687.280,09",,,,,,,
PIRAI,,,,,RJ,,,,"287.442,99",,,,,,-,,,,,,"287.442,99",,,,,,,,"3.394.776,39",,,,,,,
PORCIUNCULA,,,,,RJ,,,,"181.635,18",,,,,,-,,,,,,"181.635,18",,,,,,,,"3.270.186,03",,,,,,,
QUEIMADOS,,,,,RJ,,,,"300.092,91",,,,,,-,,,,,,"300.092,91",,,,,,,,"300.092,91",,,,,,,
QUISSAMA,,,,,RJ,,,,"1.144.715,32",,,,,,"2.071.548,98",,,,,,"3.216.264,30",,,,,,,,"42.562.309,27",,,,,,,
RIO BONITO,,,,,RJ,,,,"252.709,82",,,,,,-,,,,,,"252.709,82",,,,,,,,"4.549.824,07",,,,,,,
RIO DAS OSTRAS,,,,,RJ,,,,"1.560.975,44",,,,,,"4.953.290,87",,,,,,"6.514.266,31",,,,,,,,"86.498.388,21",,,,,,,
RIO DE JANEIRO,,,,,RJ,,,,"2.799.908,07",,,,,,"94.288,70",,,,,,"2.894.196,77",,,,,,,,"11.771.075,62",,,,,,,
SANTA MARIA MADALENA,,,,,RJ,,,,"165.840,82",,,,,,-,,,,,,"165.840,82",,,,,,,,"2.985.822,02",,,,,,,
SANTO ANTONIO DE PADUA,,,,,RJ,,,,"236.915,45",,,,,,-,,,,,,"236.915,45",,,,,,,,"4.265.460,05",,,,,,,
SAO FIDELIS,,,,,RJ,,,,"236.915,45",,,,,,-,,,,,,"236.915,45",,,,,,,,"4.265.460,05",,,,,,,
SAO FRANCISCO DE ITABAPOANA,,,,,RJ,,,,"244.812,64",,,,,,-,,,,,,"244.812,64",,,,,,,,"4.407.642,07",,,,,,,
SAO GONCALO,,,,,RJ,,,,"315.887,27",,,,,,"23.572,17",,,,,,"339.459,44",,,,,,,,"490.142,17",,,,,,,
SAO JOAO DA BARRA,,,,,RJ,,,,"1.404.877,90",,,,,,"572.483,85",,,,,,"1.977.361,75",,,,,,,,"25.633.614,62",,,,,,,
SAO JOAO DE MERITI,,,,,RJ,,,,"315.887,27",,,,,,-,,,,,,"315.887,27",,,,,,,,"315.887,27",,,,,,,
SAO JOSE DE UBA,,,,,RJ,,,,"157.943,63",,,,,,-,,,,,,"157.943,63",,,,,,,,"2.843.640,00",,,,,,,
SAO JOSE DO VALE DO RIO PRETO,,,,,RJ,,,,"197.429,54",,,,,,-,,,,,,"197.429,54",,,,,,,,"3.554.550,03",,,,,,,
SAO PEDRO DA ALDEIA,,,,,RJ,,,,"260.607,00",,,,,,-,,,,,,"260.607,00",,,,,,,,"4.692.006,08",,,,,,,
SAO SEBASTIAO DO ALTO,,,,,RJ,,,,"157.943,63",,,,,,-,,,,,,"157.943,63",,,,,,,,"2.843.640,00",,,,,,,
SAQUAREMA,,,,,RJ,,,,"252.709,82",,,,,,-,,,,,,"252.709,82",,,,,,,,"4.549.824,07",,,,,,,
SEROPEDICA,,,,,RJ,,,,"268.504,18",,,,,,-,,,,,,"268.504,18",,,,,,,,"268.504,18",,,,,,,
SILVA JARDIM,,,,,RJ,,,,"651.056,84",,,,,,-,,,,,,"651.056,84",,,,,,,,"7.781.277,79",,,,,,,
SUMIDOURO,,,,,RJ,,,,"181.635,18",,,,,,-,,,,,,"181.635,18",,,,,,,,"3.270.186,03",,,,,,,
TANGUA,,,,,RJ,,,,"213.223,91",,,,,,-,,,,,,"213.223,91",,,,,,,,"213.223,91",,,,,,,
TERESOPOLIS,,,,,RJ,,,,"307.990,09",,,,,,-,,,,,,"307.990,09",,,,,,,,"5.545.098,10",,,,,,,
TRAJANO DE MORAIS,,,,,RJ,,,,"165.840,82",,,,,,-,,,,,,"165.840,82",,,,,,,,"2.985.822,02",,,,,,,
VARRE-SAI,,,,,RJ,,,,"157.943,63",,,,,,-,,,,,,"157.943,63",,,,,,,,"2.843.640,00",,,,,,,
VOLTA REDONDA,,,,,RJ,,,,"287.442,99",,,,,,-,,,,,,"287.442,99",,,,,,,,"3.394.776,39",,,,,,,
TOTAL RIO DE JANEIRO,,,,,,,,,"43.370.630,51",,,,,,"33.278.400,99",,,,,,"76.649.031,50",,,,,,,,"915.071.750,34",,,,,,,
ACARI,,,,,RN,,,,"3.788,02",,,,,,-,,,,,,"3.788,02",,,,,,,,"41.552,82",,,,,,,
ACU,,,,,RN,,,,"132.696,51",,,,,,"54.804,06",,,,,,"187.500,57",,,,,,,,"2.749.913,99",,,,,,,
AFONSO BEZERRA,,,,,RN,,,,"3.788,02",,,,,,-,,,,,,"3.788,02",,,,,,,,"41.552,82",,,,,,,
AGUA NOVA,,,,,RN,,,,"3.607,64",,,,,,-,,,,,,"3.607,64",,,,,,,,"39.574,11",,,,,,,
ALEXANDRIA,,,,,RN,,,,"3.968,41",,,,,,-,,,,,,"3.968,41",,,,,,,,"43.531,53",,,,,,,
ALMINO AFONSO,,,,,RN,,,,"3.607,64",,,,,,-,,,,,,"3.607,64",,,,,,,,"39.574,11",,,,,,,
ALTO DO RODRIGUES,,,,,RN,,,,"190.844,26",,,,,,"78.348,34",,,,,,"269.192,60",,,,,,,,"3.490.115,02",,,,,,,
ANTONIO MARTINS,,,,,RN,,,,"3.607,64",,,,,,-,,,,,,"3.607,64",,,,,,,,"39.574,11",,,,,,,
APODI,,,,,RN,,,,"155.885,47",,,,,,"83.409,81",,,,,,"239.295,28",,,,,,,,"3.200.941,28",,,,,,,
AREIA BRANCA,,,,,RN,,,,"382.248,72",,,,,,"352.333,14",,,,,,"734.581,86",,,,,,,,"9.300.993,14",,,,,,,
AUGUSTO SEVERO,,,,,RN,,,,"3.607,64",,,,,,-,,,,,,"3.607,64",,,,,,,,"39.574,11",,,,,,,
BARAUNA,,,,,RN,,,,"4.509,55",,,,,,-,,,,,,"4.509,55",,,,,,,,"49.467,65",,,,,,,
CAICO,,,,,RN,,,,"5.952,61",,,,,,-,,,,,,"5.952,61",,,,,,,,"65.297,34",,,,,,,
CARAUBAS,,,,,RN,,,,"97.639,20",,,,,,"33.608,80",,,,,,"131.248,00",,,,,,,,"1.611.717,54",,,,,,,
CARNAUBA DOS DANTAS,,,,,RN,,,,"3.607,64",,,,,,-,,,,,,"3.607,64",,,,,,,,"39.574,11",,,,,,,
CARNAUBAIS,,,,,RN,,,,"96.569,98",,,,,,"18.334,39",,,,,,"114.904,37",,,,,,,,"1.533.196,92",,,,,,,
CERRO CORA,,,,,RN,,,,"3.788,02",,,,,,-,,,,,,"3.788,02",,,,,,,,"41.552,82",,,,,,,
CORONEL JOAO PESSOA,,,,,RN,,,,"3.607,64",,,,,,-,,,,,,"3.607,64",,,,,,,,"39.574,11",,,,,,,
CRUZETA,,,,,RN,,,,"3.607,64",,,,,,-,,,,,,"3.607,64",,,,,,,,"39.574,11",,,,,,,
CURRAIS NOVOS,,,,,RN,,,,"5.591,85",,,,,,-,,,,,,"5.591,85",,,,,,,,"61.339,90",,,,,,,
DOUTOR SEVERIANO,,,,,RN,,,,"3.607,64",,,,,,-,,,,,,"3.607,64",,,,,,,,"39.574,11",,,,,,,
Superintendência de Controle das Participações Governamentais,,,,,,,,,,,,,,,,,,,,,,,,,,,,,,,,,,,,
ENCANTO,,,,,RN,,,,"3.607,64",,,,,,-,,,,,,"3.607,64",,,,,,,,"39.574,11",,,,,,,
EQUADOR,,,,,RN,,,,"3.607,64",,,,,,-,,,,,,"3.607,64",,,,,,,,"39.574,11",,,,,,,
FELIPE GUERRA,,,,,RN,,,,"92.144,70",,,,,,"25.470,80",,,,,,"117.615,50",,,,,,,,"1.671.970,78",,,,,,,
FLORANIA,,,,,RN,,,,"3.607,64",,,,,,-,,,,,,"3.607,64",,,,,,,,"39.574,11",,,,,,,
FRANCISCO DANTAS,,,,,RN,,,,"3.607,64",,,,,,-,,,,,,"3.607,64",,,,,,,,"39.574,11",,,,,,,
FRUTUOSO GOMES,,,,,RN,,,,"3.607,64",,,,,,-,,,,,,"3.607,64",,,,,,,,"39.574,11",,,,,,,
GALINHOS,,,,,RN,,,,"3.607,64",,,,,,"62.344,70",,,,,,"65.952,34",,,,,,,,"930.006,24",,,,,,,
GOVERNADOR DIX-SEPT ROSADO,,,,,RN,,,,"158.566,85",,,,,,"84.299,18",,,,,,"242.866,03",,,,,,,,"2.948.155,64",,,,,,,
GROSSOS,,,,,RN,,,,"54.834,15",,,,,,"61.769,83",,,,,,"116.603,98",,,,,,,,"1.266.159,21",,,,,,,
GUAMARE,,,,,RN,,,,"831.513,29",,,,,,"481.478,32",,,,,,"1.312.991,61",,,,,,,,"14.950.116,74",,,,,,,
IELMO MARINHO,,,,,RN,,,,"320.846,29",,,,,,-,,,,,,"320.846,29",,,,,,,,"4.069.647,16",,,,,,,
IPANGUACU,,,,,RN,,,,"3.788,02",,,,,,-,,,,,,"3.788,02",,,,,,,,"41.552,82",,,,,,,
IPUEIRA,,,,,RN,,,,"3.607,64",,,,,,-,,,,,,"3.607,64",,,,,,,,"39.574,11",,,,,,,
ITAJA,,,,,RN,,,,"3.607,64",,,,,,-,,,,,,"3.607,64",,,,,,,,"39.574,11",,,,,,,
ITAU,,,,,RN,,,,"3.607,64",,,,,,-,,,,,,"3.607,64",,,,,,,,"39.574,11",,,,,,,
JANDAIRA,,,,,RN,,,,"3.607,64",,,,,,-,,,,,,"3.607,64",,,,,,,,"39.574,11",,,,,,,
JANDUIS,,,,,RN,,,,"3.607,64",,,,,,-,,,,,,"3.607,64",,,,,,,,"39.574,11",,,,,,,
JARDIM DE PIRANHAS,,,,,RN,,,,"3.788,02",,,,,,-,,,,,,"3.788,02",,,,,,,,"41.552,82",,,,,,,
JARDIM DO SERIDO,,,,,RN,,,,"3.968,41",,,,,,-,,,,,,"3.968,41",,,,,,,,"43.531,53",,,,,,,
JOAO DIAS,,,,,RN,,,,"3.607,64",,,,,,-,,,,,,"3.607,64",,,,,,,,"39.574,11",,,,,,,
JOSE DA PENHA,,,,,RN,,,,"3.607,64",,,,,,-,,,,,,"3.607,64",,,,,,,,"39.574,11",,,,,,,
JUCURUTU,,,,,RN,,,,"4.329,17",,,,,,-,,,,,,"4.329,17",,,,,,,,"47.488,95",,,,,,,
LAGOA NOVA,,,,,RN,,,,"3.968,41",,,,,,-,,,,,,"3.968,41",,,,,,,,"43.531,53",,,,,,,
LUCRECIA,,,,,RN,,,,"3.607,64",,,,,,-,,,,,,"3.607,64",,,,,,,,"39.574,11",,,,,,,
LUIS GOMES,,,,,RN,,,,"3.607,64",,,,,,-,,,,,,"3.607,64",,,,,,,,"39.574,11",,,,,,,
MACAU,,,,,RN,,,,"953.820,58",,,,,,"281.620,58",,,,,,"1.235.441,16",,,,,,,,"15.357.719,91",,,,,,,
MAJOR SALES,,,,,RN,,,,"3.607,64",,,,,,-,,,,,,"3.607,64",,,,,,,,"39.574,11",,,,,,,
MARCELINO VIEIRA,,,,,RN,,,,"3.607,64",,,,,,-,,,,,,"3.607,64",,,,,,,,"39.574,11",,,,,,,
MARTINS,,,,,RN,,,,"3.607,64",,,,,,-,,,,,,"3.607,64",,,,,,,,"39.574,11",,,,,,,
MESSIAS TARGINO,,,,,RN,,,,"3.607,64",,,,,,-,,,,,,"3.607,64",,,,,,,,"39.574,11",,,,,,,
MOSSORO,,,,,RN,,,,"695.831,99",,,,,,"555.464,35",,,,,,"1.251.296,34",,,,,,,,"14.232.813,29",,,,,,,
OLHO D'AGUA DO BORGES,,,,,RN,,,,"3.607,64",,,,,,-,,,,,,"3.607,64",,,,,,,,"39.574,11",,,,,,,
OURO BRANCO,,,,,RN,,,,"3.607,64",,,,,,-,,,,,,"3.607,64",,,,,,,,"39.574,11",,,,,,,
PARANA,,,,,RN,,,,"3.607,64",,,,,,-,,,,,,"3.607,64",,,,,,,,"39.574,11",,,,,,,
PARAU,,,,,RN,,,,"3.607,64",,,,,,-,,,,,,"3.607,64",,,,,,,,"39.574,11",,,,,,,
PARELHAS,,,,,RN,,,,"4.509,55",,,,,,-,,,,,,"4.509,55",,,,,,,,"49.467,65",,,,,,,
PATU,,,,,RN,,,,"3.788,02",,,,,,-,,,,,,"3.788,02",,,,,,,,"41.552,82",,,,,,,
PAU DOS FERROS,,,,,RN,,,,"4.870,32",,,,,,-,,,,,,"4.870,32",,,,,,,,"53.425,07",,,,,,,
PEDRO AVELINO,,,,,RN,,,,"3.784,62",,,,,,"82,30",,,,,,"3.866,92",,,,,,,,"44.885,56",,,,,,,
PENDENCIAS,,,,,RN,,,,"123.286,93",,,,,,"48.804,51",,,,,,"172.091,44",,,,,,,,"2.141.221,40",,,,,,,
PILOES,,,,,RN,,,,"3.607,64",,,,,,-,,,,,,"3.607,64",,,,,,,,"39.574,11",,,,,,,
PORTALEGRE,,,,,RN,,,,"3.607,64",,,,,,-,,,,,,"3.607,64",,,,,,,,"39.574,11",,,,,,,
PORTO DO MANGUE,,,,,RN,,,,"109.025,87",,,,,,"162.155,83",,,,,,"271.181,70",,,,,,,,"2.821.111,07",,,,,,,
RAFAEL FERNANDES,,,,,RN,,,,"3.607,64",,,,,,-,,,,,,"3.607,64",,,,,,,,"39.574,11",,,,,,,
RAFAEL GODEIRO,,,,,RN,,,,"3.607,64",,,,,,-,,,,,,"3.607,64",,,,,,,,"39.574,11",,,,,,,
RIACHO DA CRUZ,,,,,RN,,,,"3.607,64",,,,,,-,,,,,,"3.607,64",,,,,,,,"39.574,11",,,,,,,
RIACHO DE SANTANA,,,,,RN,,,,"3.607,64",,,,,,-,,,,,,"3.607,64",,,,,,,,"39.574,11",,,,,,,
RODOLFO FERNANDES,,,,,RN,,,,"3.607,64",,,,,,-,,,,,,"3.607,64",,,,,,,,"39.574,11",,,,,,,
SANTANA DO SERIDO,,,,,RN,,,,"3.607,64",,,,,,-,,,,,,"3.607,64",,,,,,,,"39.574,11",,,,,,,
SAO FERNANDO,,,,,RN,,,,"3.607,64",,,,,,-,,,,,,"3.607,64",,,,,,,,"39.574,11",,,,,,,
SAO FRANCISCO DO OESTE,,,,,RN,,,,"3.607,64",,,,,,-,,,,,,"3.607,64",,,,,,,,"39.574,11",,,,,,,
SAO JOAO DO SABUGI,,,,,RN,,,,"3.607,64",,,,,,-,,,,,,"3.607,64",,,,,,,,"39.574,11",,,,,,,
SAO JOSE DO SERIDO,,,,,RN,,,,"3.607,64",,,,,,-,,,,,,"3.607,64",,,,,,,,"39.574,11",,,,,,,
Superintendência de Controle das Participações Governamentais,,,,,,,,,,,,,,,,,,,,,,,,,,,,,,,,,,,,
SAO MIGUEL,,,,,RN,,,,"4.689,94",,,,,,-,,,,,,"4.689,94",,,,,,,,"51.446,37",,,,,,,
SAO RAFAEL,,,,,RN,,,,"3.607,64",,,,,,-,,,,,,"3.607,64",,,,,,,,"39.574,11",,,,,,,
SAO VICENTE,,,,,RN,,,,"3.607,64",,,,,,-,,,,,,"3.607,64",,,,,,,,"39.574,11",,,,,,,
SERRA DO MEL,,,,,RN,,,,"71.124,54",,,,,,"11.545,55",,,,,,"82.670,09",,,,,,,,"1.009.216,51",,,,,,,
SERRA NEGRA DO NORTE,,,,,RN,,,,"3.607,64",,,,,,-,,,,,,"3.607,64",,,,,,,,"39.574,11",,,,,,,
SERRINHA DOS PINTOS,,,,,RN,,,,"3.607,64",,,,,,-,,,,,,"3.607,64",,,,,,,,"39.574,11",,,,,,,
SEVERIANO MELO,,,,,RN,,,,"3.788,02",,,,,,-,,,,,,"3.788,02",,,,,,,,"41.552,82",,,,,,,
TABOLEIRO GRANDE,,,,,RN,,,,"3.607,64",,,,,,-,,,,,,"3.607,64",,,,,,,,"39.574,11",,,,,,,
TENENTE ANANIAS,,,,,RN,,,,"3.607,64",,,,,,-,,,,,,"3.607,64",,,,,,,,"39.574,11",,,,,,,
TENENTE LAURENTINO CRUZ,,,,,RN,,,,"3.607,64",,,,,,-,,,,,,"3.607,64",,,,,,,,"39.574,11",,,,,,,
TIBAU,,,,,RN,,,,"54.834,15",,,,,,"7.034,30",,,,,,"61.868,45",,,,,,,,"684.991,01",,,,,,,
TIMBAUBA DOS BATISTAS,,,,,RN,,,,"3.607,64",,,,,,-,,,,,,"3.607,64",,,,,,,,"39.574,11",,,,,,,
TRIUNFO POTIGUAR,,,,,RN,,,,"3.607,64",,,,,,-,,,,,,"3.607,64",,,,,,,,"39.574,11",,,,,,,
UMARIZAL,,,,,RN,,,,"3.788,02",,,,,,-,,,,,,"3.788,02",,,,,,,,"41.552,82",,,,,,,
UPANEMA,,,,,RN,,,,"101.444,94",,,,,,"50.534,65",,,,,,"151.979,59",,,,,,,,"2.075.655,05",,,,,,,
VENHA-VER,,,,,RN,,,,"3.607,64",,,,,,-,,,,,,"3.607,64",,,,,,,,"39.574,11",,,,,,,
VICOSA,,,,,RN,,,,"3.607,64",,,,,,-,,,,,,"3.607,64",,,,,,,,"39.574,11",,,,,,,
TOTAL RIO GRANDE DO NORTE,,,,,,,,,"4.898.417,98",,,,,,"2.453.443,44",,,,,,"7.351.861,42",,,,,,,,"89.028.925,37",,,,,,,
CIDREIRA,,,,,RS,,,,-,,,,,,"22.618,18",,,,,,"22.618,18",,,,,,,,"392.436,51",,,,,,,
IMBE,,,,,RS,,,,"320.846,29",,,,,,"22.618,18",,,,,,"343.464,47",,,,,,,,"4.462.083,66",,,,,,,
OSORIO,,,,,RS,,,,"320.846,29",,,,,,-,,,,,,"320.846,29",,,,,,,,"695.288,72",,,,,,,
TRAMANDAI,,,,,RS,,,,"718.607,48",,,,,,"30.157,57",,,,,,"748.765,05",,,,,,,,"9.580.326,50",,,,,,,
TOTAL RIO GRANDE DO SUL,,,,,,,,,"1.360.300,06",,,,,,"75.393,93",,,,,,"1.435.693,99",,,,,,,,"15.130.135,39",,,,,,,
ARAQUARI,,,,,SC,,,,-,,,,,,"113.189,34",,,,,,"113.189,34",,,,,,,,"1.543.131,93",,,,,,,
BALNEARIO BARRA DO SUL,,,,,SC,,,,-,,,,,,"113.189,34",,,,,,"113.189,34",,,,,,,,"768.864,76",,,,,,,
GARUVA,,,,,SC,,,,-,,,,,,"113.189,34",,,,,,"113.189,34",,,,,,,,"1.543.131,93",,,,,,,
ITAPOA,,,,,SC,,,,-,,,,,,"113.189,34",,,,,,"113.189,34",,,,,,,,"768.864,76",,,,,,,
JOINVILLE,,,,,SC,,,,-,,,,,,"113.189,34",,,,,,"113.189,34",,,,,,,,"1.543.131,93",,,,,,,
SAO FRANCISCO DO SUL,,,,,SC,,,,"718.607,48",,,,,,"377.297,80",,,,,,"1.095.905,28",,,,,,,,"13.104.172,17",,,,,,,
TOTAL SANTA CATARINA,,,,,,,,,"718.607,48",,,,,,"943.244,50",,,,,,"1.661.851,98",,,,,,,,"19.271.297,48",,,,,,,
ARUJA,,,,,SP,,,,"1.097,77",,,,,,-,,,,,,"1.097,77",,,,,,,,"12.284,72",,,,,,,
BARRA DO TURVO,,,,,SP,,,,"665,31",,,,,,-,,,,,,"665,31",,,,,,,,"7.445,24",,,,,,,
BARUERI,,,,,SP,,,,"1.330,63",,,,,,-,,,,,,"1.330,63",,,,,,,,"14.890,56",,,,,,,
BERTIOGA,,,,,SP,,,,"40.705,22",,,,,,"951.123,90",,,,,,"991.829,12",,,,,,,,"12.090.478,59",,,,,,,
BIRITIBA-MIRIM,,,,,SP,,,,"898,17",,,,,,-,,,,,,"898,17",,,,,,,,"10.051,12",,,,,,,
CAIEIRAS,,,,,SP,,,,"1.131,04",,,,,,-,,,,,,"1.131,04",,,,,,,,"12.656,96",,,,,,,
CAJAMAR,,,,,SP,,,,"1.064,50",,,,,,-,,,,,,"1.064,50",,,,,,,,"11.912,45",,,,,,,
CAJATI,,,,,SP,,,,"931,44",,,,,,-,,,,,,"931,44",,,,,,,,"10.423,38",,,,,,,
CANANEIA,,,,,SP,,,,"31.982,67",,,,,,"54.163,47",,,,,,"86.146,14",,,,,,,,"964.027,82",,,,,,,
CARAGUATATUBA,,,,,SP,,,,-,,,,,,"894.620,04",,,,,,"894.620,04",,,,,,,,"11.002.649,75",,,,,,,
CARAPICUIBA,,,,,SP,,,,"1.330,63",,,,,,-,,,,,,"1.330,63",,,,,,,,"14.890,56",,,,,,,
COTIA,,,,,SP,,,,"1.330,63",,,,,,-,,,,,,"1.330,63",,,,,,,,"14.890,56",,,,,,,
CUBATAO,,,,,SP,,,,"53.789,04",,,,,,-,,,,,,"53.789,04",,,,,,,,"601.932,19",,,,,,,
DIADEMA,,,,,SP,,,,"1.330,63",,,,,,-,,,,,,"1.330,63",,,,,,,,"14.890,56",,,,,,,
ELDORADO,,,,,SP,,,,"765,11",,,,,,-,,,,,,"765,11",,,,,,,,"8.562,06",,,,,,,
EMBU,,,,,SP,,,,"1.330,63",,,,,,-,,,,,,"1.330,63",,,,,,,,"14.890,56",,,,,,,
EMBU-GUACU,,,,,SP,,,,"1.097,77",,,,,,-,,,,,,"1.097,77",,,,,,,,"12.284,72",,,,,,,
FERRAZ DE VASCONCELOS,,,,,SP,,,,"1.297,37",,,,,,-,,,,,,"1.297,37",,,,,,,,"14.518,31",,,,,,,
FRANCISCO MORATO,,,,,SP,,,,"1.297,37",,,,,,-,,,,,,"1.297,37",,,,,,,,"14.518,31",,,,,,,
FRANCO DA ROCHA,,,,,SP,,,,"1.230,83",,,,,,-,,,,,,"1.230,83",,,,,,,,"13.773,79",,,,,,,
GUARAREMA,,,,,SP,,,,"864,91",,,,,,-,,,,,,"864,91",,,,,,,,"9.678,84",,,,,,,
GUARUJA,,,,,SP,,,,"1.330,63",,,,,,-,,,,,,"1.330,63",,,,,,,,"14.890,56",,,,,,,
GUARULHOS,,,,,SP,,,,"1.330,63",,,,,,-,,,,,,"1.330,63",,,,,,,,"14.890,56",,,,,,,
Superintendência de Controle das Participações Governamentais,,,,,,,,,,,,,,,,,,,,,,,,,,,,,,,,,,,,
IGUAPE,,,,,SP,,,,"898,17",,,,,,-,,,,,,"898,17",,,,,,,,"10.051,12",,,,,,,
ILHA COMPRIDA,,,,,SP,,,,"665,31",,,,,,-,,,,,,"665,31",,,,,,,,"7.445,24",,,,,,,
ILHABELA,,,,,SP,,,,-,,,,,,"894.620,04",,,,,,"894.620,04",,,,,,,,"11.002.649,75",,,,,,,
ITANHAEM,,,,,SP,,,,"1.131,04",,,,,,-,,,,,,"1.131,04",,,,,,,,"12.656,96",,,,,,,
ITAPECERICA DA SERRA,,,,,SP,,,,"1.297,37",,,,,,-,,,,,,"1.297,37",,,,,,,,"14.518,31",,,,,,,
ITAPEVI,,,,,SP,,,,"1.330,63",,,,,,-,,,,,,"1.330,63",,,,,,,,"14.890,56",,,,,,,
ITAQUAQUECETUBA,,,,,SP,,,,"1.330,63",,,,,,-,,,,,,"1.330,63",,,,,,,,"14.890,56",,,,,,,
ITARIRI,,,,,SP,,,,"731,84",,,,,,-,,,,,,"731,84",,,,,,,,"8.189,77",,,,,,,
JACUPIRANGA,,,,,SP,,,,"798,38",,,,,,-,,,,,,"798,38",,,,,,,,"8.934,32",,,,,,,
JANDIRA,,,,,SP,,,,"1.197,57",,,,,,-,,,,,,"1.197,57",,,,,,,,"13.401,52",,,,,,,
JUQUIA,,,,,SP,,,,"864,91",,,,,,-,,,,,,"864,91",,,,,,,,"9.678,84",,,,,,,
JUQUITIBA,,,,,SP,,,,"898,17",,,,,,-,,,,,,"898,17",,,,,,,,"10.051,12",,,,,,,
MAIRIPORA,,,,,SP,,,,"1.097,77",,,,,,-,,,,,,"1.097,77",,,,,,,,"12.284,72",,,,,,,
MAUA,,,,,SP,,,,"1.330,63",,,,,,-,,,,,,"1.330,63",,,,,,,,"14.890,56",,,,,,,
MIRACATU,,,,,SP,,,,"864,91",,,,,,-,,,,,,"864,91",,,,,,,,"9.678,84",,,,,,,
MOJI DAS CRUZES,,,,,SP,,,,"1.330,63",,,,,,-,,,,,,"1.330,63",,,,,,,,"14.890,56",,,,,,,
MONGAGUA,,,,,SP,,,,"964,71",,,,,,-,,,,,,"964,71",,,,,,,,"10.795,65",,,,,,,
OSASCO,,,,,SP,,,,"1.330,63",,,,,,-,,,,,,"1.330,63",,,,,,,,"14.890,56",,,,,,,
PARIQUERA-ACU,,,,,SP,,,,"798,38",,,,,,-,,,,,,"798,38",,,,,,,,"8.934,32",,,,,,,
PEDRO DE TOLEDO,,,,,SP,,,,"665,31",,,,,,-,,,,,,"665,31",,,,,,,,"7.445,24",,,,,,,
PERUIBE,,,,,SP,,,,"1.064,50",,,,,,-,,,,,,"1.064,50",,,,,,,,"11.912,45",,,,,,,
PIRAPORA DO BOM JESUS,,,,,SP,,,,"731,84",,,,,,-,,,,,,"731,84",,,,,,,,"8.189,77",,,,,,,
POA,,,,,SP,,,,"1.197,57",,,,,,-,,,,,,"1.197,57",,,,,,,,"13.401,52",,,,,,,
PRAIA GRANDE,,,,,SP,,,,"10.539,74",,,,,,-,,,,,,"10.539,74",,,,,,,,"117.946,12",,,,,,,
REGISTRO,,,,,SP,,,,"1.064,50",,,,,,-,,,,,,"1.064,50",,,,,,,,"11.912,45",,,,,,,
RIBEIRAO PIRES,,,,,SP,,,,"1.230,83",,,,,,-,,,,,,"1.230,83",,,,,,,,"13.773,79",,,,,,,
RIO GRANDE DA SERRA,,,,,SP,,,,"997,97",,,,,,-,,,,,,"997,97",,,,,,,,"11.167,90",,,,,,,
SALESOPOLIS,,,,,SP,,,,"765,11",,,,,,-,,,,,,"765,11",,,,,,,,"8.562,06",,,,,,,
SANTA ISABEL,,,,,SP,,,,"1.031,24",,,,,,-,,,,,,"1.031,24",,,,,,,,"11.540,17",,,,,,,
SANTANA DE PARNAIBA,,,,,SP,,,,"1.164,30",,,,,,-,,,,,,"1.164,30",,,,,,,,"13.029,25",,,,,,,
SANTO ANDRE,,,,,SP,,,,"1.330,63",,,,,,-,,,,,,"1.330,63",,,,,,,,"14.890,56",,,,,,,
SANTOS,,,,,SP,,,,"1.330,63",,,,,,-,,,,,,"1.330,63",,,,,,,,"14.890,56",,,,,,,
SAO BERNARDO DO CAMPO,,,,,SP,,,,"1.330,63",,,,,,-,,,,,,"1.330,63",,,,,,,,"14.890,56",,,,,,,
SAO CAETANO DO SUL,,,,,SP,,,,"1.297,37",,,,,,-,,,,,,"1.297,37",,,,,,,,"14.518,31",,,,,,,
SAO LOURENCO DA SERRA,,,,,SP,,,,"731,84",,,,,,-,,,,,,"731,84",,,,,,,,"8.189,77",,,,,,,
SAO PAULO,,,,,SP,,,,"1.330,63",,,,,,-,,,,,,"1.330,63",,,,,,,,"14.890,56",,,,,,,
SAO SEBASTIAO,,,,,SP,,,,"719.705,25",,,,,,"1.789.240,09",,,,,,"2.508.945,34",,,,,,,,"31.591.018,37",,,,,,,
SAO VICENTE,,,,,SP,,,,"10.539,74",,,,,,-,,,,,,"10.539,74",,,,,,,,"117.946,12",,,,,,,
SETE BARRAS,,,,,SP,,,,"731,84",,,,,,-,,,,,,"731,84",,,,,,,,"8.189,77",,,,,,,
SUZANO,,,,,SP,,,,"1.330,63",,,,,,-,,,,,,"1.330,63",,,,,,,,"14.890,56",,,,,,,
TABOAO DA SERRA,,,,,SP,,,,"1.330,63",,,,,,-,,,,,,"1.330,63",,,,,,,,"14.890,56",,,,,,,
VARGEM GRANDE PAULISTA,,,,,SP,,,,"964,71",,,,,,-,,,,,,"964,71",,,,,,,,"10.795,65",,,,,,,
TOTAL SAO PAULO,,,,,,,,,"929.402,05",,,,,,"4.583.767,54",,,,,,"5.513.169,59",,,,,,,,"68.184.037,52",,,,,,,
AMPARO DE SAO FRANCISCO,,,,,SE,,,,"2.379,62",,,,,,-,,,,,,"2.379,62",,,,,,,,"26.440,31",,,,,,,
AQUIDABA,,,,,SE,,,,"2.974,52",,,,,,-,,,,,,"2.974,52",,,,,,,,"33.050,38",,,,,,,
ARACAJU,,,,,SE,,,,"861.197,82",,,,,,"278.761,74",,,,,,"1.139.959,56",,,,,,,,"13.503.697,75",,,,,,,
ARAUA,,,,,SE,,,,"2.379,62",,,,,,-,,,,,,"2.379,62",,,,,,,,"26.440,31",,,,,,,
AREIA BRANCA,,,,,SE,,,,"4.090,37",,,,,,"873,20",,,,,,"4.963,57",,,,,,,,"61.189,26",,,,,,,
BARRA DOS COQUEIROS,,,,,SE,,,,"52.957,41",,,,,,"117.796,01",,,,,,"170.753,42",,,,,,,,"1.944.277,05",,,,,,,
BOQUIM,,,,,SE,,,,"3.212,49",,,,,,-,,,,,,"3.212,49",,,,,,,,"35.694,41",,,,,,,
BREJO GRANDE,,,,,SE,,,,"67.488,96",,,,,,"8.786,01",,,,,,"76.274,97",,,,,,,,"872.846,41",,,,,,,
CAMPO DO BRITO,,,,,SE,,,,"2.736,56",,,,,,-,,,,,,"2.736,56",,,,,,,,"30.406,34",,,,,,,
CANHOBA,,,,,SE,,,,"2.379,62",,,,,,-,,,,,,"2.379,62",,,,,,,,"26.440,31",,,,,,,
Superintendência de Controle das Participações Governamentais,,,,,,,,,,,,,,,,,,,,,,,,,,,,,,,,,,,,
CANINDE DE SAO FRANCISCO,,,,,SE,,,,"2.855,54",,,,,,-,,,,,,"2.855,54",,,,,,,,"31.728,38",,,,,,,
CAPELA,,,,,SE,,,,"4.000,58",,,,,,"508,32",,,,,,"4.508,90",,,,,,,,"51.752,88",,,,,,,
CARIRA,,,,,SE,,,,"2.855,54",,,,,,-,,,,,,"2.855,54",,,,,,,,"31.728,38",,,,,,,
CARMOPOLIS,,,,,SE,,,,"218.946,36",,,,,,"215.650,06",,,,,,"434.596,42",,,,,,,,"5.271.013,93",,,,,,,
CEDRO DE SAO JOAO,,,,,SE,,,,"2.379,62",,,,,,-,,,,,,"2.379,62",,,,,,,,"26.440,31",,,,,,,
CRISTINAPOLIS,,,,,SE,,,,"2.736,56",,,,,,-,,,,,,"2.736,56",,,,,,,,"30.406,34",,,,,,,
CUMBE,,,,,SE,,,,"2.379,62",,,,,,-,,,,,,"2.379,62",,,,,,,,"26.440,31",,,,,,,
DIVINA PASTORA,,,,,SE,,,,"140.194,45",,,,,,"70.778,67",,,,,,"210.973,12",,,,,,,,"2.381.920,79",,,,,,,
ESTANCIA,,,,,SE,,,,"3.926,37",,,,,,-,,,,,,"3.926,37",,,,,,,,"43.626,52",,,,,,,
FEIRA NOVA,,,,,SE,,,,"2.379,62",,,,,,-,,,,,,"2.379,62",,,,,,,,"26.440,31",,,,,,,
FREI PAULO,,,,,SE,,,,"2.617,58",,,,,,-,,,,,,"2.617,58",,,,,,,,"29.084,34",,,,,,,
GARARU,,,,,SE,,,,"2.498,60",,,,,,-,,,,,,"2.498,60",,,,,,,,"27.762,31",,,,,,,
GENERAL MAYNARD,,,,,SE,,,,"3.720,03",,,,,,"1.005,30",,,,,,"4.725,33",,,,,,,,"56.674,31",,,,,,,
GRACHO CARDOSO,,,,,SE,,,,"2.379,62",,,,,,-,,,,,,"2.379,62",,,,,,,,"26.440,31",,,,,,,
ILHA DAS FLORES,,,,,SE,,,,"2.379,62",,,,,,-,,,,,,"2.379,62",,,,,,,,"26.440,31",,,,,,,
INDIAROBA,,,,,SE,,,,"2.617,58",,,,,,-,,,,,,"2.617,58",,,,,,,,"29.084,34",,,,,,,
ITABAIANA,,,,,SE,,,,"4.164,33",,,,,,-,,,,,,"4.164,33",,,,,,,,"46.270,55",,,,,,,
ITABAIANINHA,,,,,SE,,,,"3.450,45",,,,,,-,,,,,,"3.450,45",,,,,,,,"38.338,45",,,,,,,
ITABI,,,,,SE,,,,"2.379,62",,,,,,-,,,,,,"2.379,62",,,,,,,,"26.440,31",,,,,,,
ITAPORANGA D'AJUDA,,,,,SE,,,,"59.577,09",,,,,,"77.742,69",,,,,,"137.319,78",,,,,,,,"1.612.629,67",,,,,,,
JAPARATUBA,,,,,SE,,,,"274.466,37",,,,,,"182.489,25",,,,,,"456.955,62",,,,,,,,"5.548.538,60",,,,,,,
JAPOATA,,,,,SE,,,,"2.617,58",,,,,,-,,,,,,"2.617,58",,,,,,,,"29.084,34",,,,,,,
LAGARTO,,,,,SE,,,,"4.283,32",,,,,,-,,,,,,"4.283,32",,,,,,,,"47.592,59",,,,,,,
LARANJEIRAS,,,,,SE,,,,"3.093,50",,,,,,-,,,,,,"3.093,50",,,,,,,,"34.372,40",,,,,,,
MACAMBIRA,,,,,SE,,,,"2.379,62",,,,,,-,,,,,,"2.379,62",,,,,,,,"26.440,31",,,,,,,
MALHADA DOS BOIS,,,,,SE,,,,"2.379,62",,,,,,-,,,,,,"2.379,62",,,,,,,,"26.440,31",,,,,,,
MALHADOR,,,,,SE,,,,"2.498,60",,,,,,-,,,,,,"2.498,60",,,,,,,,"27.762,31",,,,,,,
MARUIM,,,,,SE,,,,"67.069,53",,,,,,"8.950,07",,,,,,"76.019,60",,,,,,,,"913.488,92",,,,,,,
MOITA BONITA,,,,,SE,,,,"2.498,60",,,,,,-,,,,,,"2.498,60",,,,,,,,"27.762,31",,,,,,,
MONTE ALEGRE DE SERGIPE,,,,,SE,,,,"2.498,60",,,,,,-,,,,,,"2.498,60",,,,,,,,"27.762,31",,,,,,,
MURIBECA,,,,,SE,,,,"2.379,62",,,,,,-,,,,,,"2.379,62",,,,,,,,"26.440,31",,,,,,,
NEOPOLIS,,,,,SE,,,,"2.974,52",,,,,,-,,,,,,"2.974,52",,,,,,,,"33.050,38",,,,,,,
NOSSA SENHORA APARECIDA,,,,,SE,,,,"2.379,62",,,,,,-,,,,,,"2.379,62",,,,,,,,"26.440,31",,,,,,,
NOSSA SENHORA DA GLORIA,,,,,SE,,,,"3.212,49",,,,,,-,,,,,,"3.212,49",,,,,,,,"35.694,41",,,,,,,
NOSSA SENHORA DAS DORES,,,,,SE,,,,"3.093,50",,,,,,-,,,,,,"3.093,50",,,,,,,,"34.372,40",,,,,,,
NOSSA SENHORA DE LOURDES,,,,,SE,,,,"2.379,62",,,,,,-,,,,,,"2.379,62",,,,,,,,"26.440,31",,,,,,,
NOSSA SENHORA DO SOCORRO,,,,,SE,,,,"4.640,26",,,,,,-,,,,,,"4.640,26",,,,,,,,"51.558,64",,,,,,,
PACATUBA,,,,,SE,,,,"46.337,73",,,,,,"2.408,35",,,,,,"48.746,08",,,,,,,,"575.308,51",,,,,,,
PEDRA MOLE,,,,,SE,,,,"2.379,62",,,,,,-,,,,,,"2.379,62",,,,,,,,"26.440,31",,,,,,,
PEDRINHAS,,,,,SE,,,,"2.379,62",,,,,,-,,,,,,"2.379,62",,,,,,,,"26.440,31",,,,,,,
PINHAO,,,,,SE,,,,"2.379,62",,,,,,-,,,,,,"2.379,62",,,,,,,,"26.440,31",,,,,,,
PIRAMBU,,,,,SE,,,,"817.970,53",,,,,,"3.526,68",,,,,,"821.497,21",,,,,,,,"10.196.775,99",,,,,,,
POCO REDONDO,,,,,SE,,,,"3.212,49",,,,,,-,,,,,,"3.212,49",,,,,,,,"35.694,41",,,,,,,
POCO VERDE,,,,,SE,,,,"2.974,52",,,,,,-,,,,,,"2.974,52",,,,,,,,"33.050,38",,,,,,,
PORTO DA FOLHA,,,,,SE,,,,"3.212,49",,,,,,-,,,,,,"3.212,49",,,,,,,,"35.694,41",,,,,,,
PROPRIA,,,,,SE,,,,"3.212,49",,,,,,-,,,,,,"3.212,49",,,,,,,,"35.694,41",,,,,,,
RIACHAO DO DANTAS,,,,,SE,,,,"2.974,52",,,,,,-,,,,,,"2.974,52",,,,,,,,"33.050,38",,,,,,,
RIACHUELO,,,,,SE,,,,"19.965,42",,,,,,"11.342,84",,,,,,"31.308,26",,,,,,,,"371.256,98",,,,,,,
RIBEIROPOLIS,,,,,SE,,,,"2.736,56",,,,,,-,,,,,,"2.736,56",,,,,,,,"30.406,34",,,,,,,
ROSARIO DO CATETE,,,,,SE,,,,"87.655,64",,,,,,"26.082,59",,,,,,"113.738,23",,,,,,,,"1.376.343,29",,,,,,,
SALGADO,,,,,SE,,,,"2.974,52",,,,,,-,,,,,,"2.974,52",,,,,,,,"33.050,38",,,,,,,
SANTA LUZIA DO ITANHY,,,,,SE,,,,"2.617,58",,,,,,-,,,,,,"2.617,58",,,,,,,,"29.084,34",,,,,,,
SANTA ROSA DE LIMA,,,,,SE,,,,"2.379,62",,,,,,-,,,,,,"2.379,62",,,,,,,,"26.440,31",,,,,,,
"Superintendência de Controle das Participações Governamentais
* Valor sem a retenção de 1% (um por cento) de PASEP, conforme disposto no inciso III, do Art. 2º da Lei n.º 9.715, de 25 de novembro de 1998, combinado com o parágrafo 6º, do Art. 19, da Medida Provisória n.º 2.158, de 24 de
agosto de 2001.",,,,,,,,,,,,,,,,,,,,,,,,,,,,,,,,,,,,
SANTANA DO SAO FRANCISCO,,,,,SE,,,,"2.379,62",,,,,,-,,,,,,"2.379,62",,,,,,,,"26.440,31",,,,,,,
SANTO AMARO DAS BROTAS,,,,,SE,,,,"61.824,22",,,,,,"3.908,34",,,,,,"65.732,56",,,,,,,,"795.723,31",,,,,,,
SAO CRISTOVAO,,,,,SE,,,,"59.838,60",,,,,,"1.403,45",,,,,,"61.242,05",,,,,,,,"717.299,49",,,,,,,
SAO DOMINGOS,,,,,SE,,,,"2.379,62",,,,,,-,,,,,,"2.379,62",,,,,,,,"26.440,31",,,,,,,
SAO FRANCISCO,,,,,SE,,,,"2.379,62",,,,,,-,,,,,,"2.379,62",,,,,,,,"26.440,31",,,,,,,
SAO MIGUEL DO ALEIXO,,,,,SE,,,,"2.379,62",,,,,,-,,,,,,"2.379,62",,,,,,,,"26.440,31",,,,,,,
SIMAO DIAS,,,,,SE,,,,"3.569,43",,,,,,-,,,,,,"3.569,43",,,,,,,,"39.660,48",,,,,,,
SIRIRI,,,,,SE,,,,"106.742,84",,,,,,"34.298,80",,,,,,"141.041,64",,,,,,,,"1.604.813,74",,,,,,,
TELHA,,,,,SE,,,,"2.379,62",,,,,,-,,,,,,"2.379,62",,,,,,,,"26.440,31",,,,,,,
TOBIAS BARRETO,,,,,SE,,,,"3.688,41",,,,,,-,,,,,,"3.688,41",,,,,,,,"40.982,49",,,,,,,
TOMAR DO GERU,,,,,SE,,,,"2.617,58",,,,,,-,,,,,,"2.617,58",,,,,,,,"29.084,34",,,,,,,
UMBAUBA,,,,,SE,,,,"2.974,52",,,,,,-,,,,,,"2.974,52",,,,,,,,"33.050,38",,,,,,,
TOTAL SERGIPE,,,,,,,,,"3.113.597,41",,,,,,"1.046.312,37",,,,,,"4.159.909,78",,,,,,,,"49.628.373,59",,,,,,,
