ANADIA-AL,,,,,,,,AL,,,"826,38",,,,,,,,-,,,,,,,"826,38",,,,,,,,,,"2.596,05",,,,,,,,,,
ATALAIA-AL,,,,,,,,AL,,,"1.101,84",,,,,,,,-,,,,,,,"1.101,84",,,,,,,,,,"3.461,40",,,,,,,,,,
BARRA DE SANTO ANTONIO-AL,,,,,,,,AL,,,"757,51",,,,,,,,-,,,,,,,"757,51",,,,,,,,,,"2.379,71",,,,,,,,,,
BARRA DE SAO MIGUEL-AL,,,,,,,,AL,,,"688,65",,,,,,,,-,,,,,,,"688,65",,,,,,,,,,"2.163,38",,,,,,,,,,
BOCA DA MATA-AL,,,,,,,,AL,,,"929,68",,,,,,,,-,,,,,,,"929,68",,,,,,,,,,"2.920,56",,,,,,,,,,
BRANQUINHA-AL,,,,,,,,AL,,,"723,08",,,,,,,,-,,,,,,,"723,08",,,,,,,,,,"2.271,54",,,,,,,,,,
CAJUEIRO-AL,,,,,,,,AL,,,"895,24",,,,,,,,-,,,,,,,"895,24",,,,,,,,,,"2.812,38",,,,,,,,,,
CAMPESTRE-AL,,,,,,,,AL,,,"688,65",,,,,,,,-,,,,,,,"688,65",,,,,,,,,,"2.163,38",,,,,,,,,,
CAMPO ALEGRE-AL,,,,,,,,AL,,,"1.067,41",,,,,,,,-,,,,,,,"1.067,41",,,,,,,,,,"3.353,24",,,,,,,,,,
CAPELA-AL,,,,,,,,AL,,,"826,38",,,,,,,,-,,,,,,,"826,38",,,,,,,,,,"2.596,05",,,,,,,,,,
CHA PRETA-AL,,,,,,,,AL,,,"688,65",,,,,,,,-,,,,,,,"688,65",,,,,,,,,,"2.163,38",,,,,,,,,,
COLONIA LEOPOLDINA-AL,,,,,,,,AL,,,"860,81",,,,,,,,-,,,,,,,"860,81",,,,,,,,,,"2.704,22",,,,,,,,,,
COQUEIRO SECO-AL,,,,,,,,AL,,,"792,41",,,,,,,,"66,93",,,,,,,"859,34",,,,,,,,,,"3.259,73",,,,,,,,,,
CORURIPE-AL,,,,,,,,AL,,,"645.467,83",,,,,,,,"54.276,81",,,,,,,"699.744,64",,,,,,,,,,"2.167.280,89",,,,,,,,,,
FELIZ DESERTO-AL,,,,,,,,AL,,,"24.751,76",,,,,,,,"34.590,59",,,,,,,"59.342,35",,,,,,,,,,"186.422,65",,,,,,,,,,
FLEXEIRAS-AL,,,,,,,,AL,,,"723,08",,,,,,,,-,,,,,,,"723,08",,,,,,,,,,"2.271,54",,,,,,,,,,
IBATEGUARA-AL,,,,,,,,AL,,,"791,95",,,,,,,,-,,,,,,,"791,95",,,,,,,,,,"2.487,88",,,,,,,,,,
IGREJA NOVA-AL,,,,,,,,AL,,,"895,24",,,,,,,,-,,,,,,,"895,24",,,,,,,,,,"2.812,38",,,,,,,,,,
JACUIPE-AL,,,,,,,,AL,,,"688,65",,,,,,,,-,,,,,,,"688,65",,,,,,,,,,"2.163,38",,,,,,,,,,
JAPARATINGA-AL,,,,,,,,AL,,,"688,65",,,,,,,,-,,,,,,,"688,65",,,,,,,,,,"2.163,38",,,,,,,,,,
JEQUIA DA PRAIA-AL,,,,,,,,AL,,,"7.176,58",,,,,,,,"2.710,47",,,,,,,"9.887,05",,,,,,,,,,"51.018,76",,,,,,,,,,
JOAQUIM GOMES-AL,,,,,,,,AL,,,"895,24",,,,,,,,-,,,,,,,"895,24",,,,,,,,,,"2.812,38",,,,,,,,,,
JUNDIA-AL,,,,,,,,AL,,,"688,99",,,,,,,,-,,,,,,,"688,99",,,,,,,,,,"2.167,93",,,,,,,,,,
JUNQUEIRO-AL,,,,,,,,AL,,,"929,68",,,,,,,,-,,,,,,,"929,68",,,,,,,,,,"2.920,56",,,,,,,,,,
MACEIO-AL,,,,,,,,AL,,,"56.789,32",,,,,,,,"14.599,51",,,,,,,"71.388,83",,,,,,,,,,"219.058,19",,,,,,,,,,
MARAGOGI-AL,,,,,,,,AL,,,"929,68",,,,,,,,-,,,,,,,"929,68",,,,,,,,,,"2.920,56",,,,,,,,,,
MARECHAL DEODORO-AL,,,,,,,,AL,,,"67.674,11",,,,,,,,"56.660,14",,,,,,,"124.334,25",,,,,,,,,,"379.914,14",,,,,,,,,,
MATRIZ DE CAMARAGIBE-AL,,,,,,,,AL,,,"929,68",,,,,,,,-,,,,,,,"929,68",,,,,,,,,,"2.920,56",,,,,,,,,,
MESSIAS-AL,,,,,,,,AL,,,"791,95",,,,,,,,-,,,,,,,"791,95",,,,,,,,,,"2.487,88",,,,,,,,,,
MURICI-AL,,,,,,,,AL,,,"929,68",,,,,,,,-,,,,,,,"929,68",,,,,,,,,,"2.920,56",,,,,,,,,,
NOVO LINO-AL,,,,,,,,AL,,,"723,08",,,,,,,,-,,,,,,,"723,08",,,,,,,,,,"2.271,54",,,,,,,,,,
PARIPUEIRA-AL,,,,,,,,AL,,,"688,65",,,,,,,,"5.858,99",,,,,,,"6.547,64",,,,,,,,,,"20.339,01",,,,,,,,,,
PASSO DE CAMARAGIBE-AL,,,,,,,,AL,,,"757,51",,,,,,,,-,,,,,,,"757,51",,,,,,,,,,"2.379,71",,,,,,,,,,
PENEDO-AL,,,,,,,,AL,,,"388.171,47",,,,,,,,-,,,,,,,"388.171,47",,,,,,,,,,"1.195.531,32",,,,,,,,,,
PIACABUCU-AL,,,,,,,,AL,,,"826,38",,,,,,,,-,,,,,,,"826,38",,,,,,,,,,"2.596,05",,,,,,,,,,
PILAR-AL,,,,,,,,AL,,,"77.012,63",,,,,,,,"49.051,29",,,,,,,"126.063,92",,,,,,,,,,"428.275,00",,,,,,,,,,
PINDOBA-AL,,,,,,,,AL,,,"688,65",,,,,,,,-,,,,,,,"688,65",,,,,,,,,,"2.163,38",,,,,,,,,,
PORTO CALVO-AL,,,,,,,,AL,,,"929,68",,,,,,,,-,,,,,,,"929,68",,,,,,,,,,"2.920,56",,,,,,,,,,
PORTO DE PEDRAS-AL,,,,,,,,AL,,,"723,08",,,,,,,,-,,,,,,,"723,08",,,,,,,,,,"2.271,54",,,,,,,,,,
PORTO REAL DO COLEGIO-AL,,,,,,,,AL,,,"826,38",,,,,,,,-,,,,,,,"826,38",,,,,,,,,,"2.596,05",,,,,,,,,,
RIO LARGO-AL,,,,,,,,AL,,,"12.733,10",,,,,,,,"7.457,76",,,,,,,"20.190,86",,,,,,,,,,"62.796,56",,,,,,,,,,
ROTEIRO-AL,,,,,,,,AL,,,"688,65",,,,,,,,-,,,,,,,"688,65",,,,,,,,,,"2.588,15",,,,,,,,,,
SANTA LUZIA DO NORTE-AL,,,,,,,,AL,,,"32.160,51",,,,,,,,"275,15",,,,,,,"32.435,66",,,,,,,,,,"96.935,37",,,,,,,,,,
SANTANA DO MUNDAU-AL,,,,,,,,AL,,,"723,08",,,,,,,,-,,,,,,,"723,08",,,,,,,,,,"2.271,54",,,,,,,,,,
SAO JOSE DA LAJE-AL,,,,,,,,AL,,,"895,24",,,,,,,,-,,,,,,,"895,24",,,,,,,,,,"2.812,38",,,,,,,,,,
SAO LUIS DO QUITUNDE-AL,,,,,,,,AL,,,"964,11",,,,,,,,-,,,,,,,"964,11",,,,,,,,,,"3.028,73",,,,,,,,,,
SAO MIGUEL DOS CAMPOS-AL,,,,,,,,AL,,,"260.303,47",,,,,,,,"172.734,72",,,,,,,"433.038,19",,,,,,,,,,"1.374.698,04",,,,,,,,,,
SAO MIGUEL DOS MILAGRES-AL,,,,,,,,AL,,,"688,65",,,,,,,,-,,,,,,,"688,65",,,,,,,,,,"2.163,38",,,,,,,,,,
SATUBA-AL,,,,,,,,AL,,,"404.986,86",,,,,,,,"11.062,80",,,,,,,"416.049,66",,,,,,,,,,"1.283.688,47",,,,,,,,,,
Superintendência de Controle das Participações Governamentais,,,,,,,,,,,,,,,,,,,,,,,,,,,,,,,,,,,,,,,,,,,,,,
TEOTONIO VILELA-AL,,,,,,,,AL,,,"1.067,41",,,,,,,,-,,,,,,,"1.067,41",,,,,,,,,,"3.353,24",,,,,,,,,,
UNIAO DOS PALMARES-AL,,,,,,,,AL,,,"1.136,27",,,,,,,,-,,,,,,,"1.136,27",,,,,,,,,,"3.569,58",,,,,,,,,,
VICOSA-AL,,,,,,,,AL,,,"929,68",,,,,,,,-,,,,,,,"929,68",,,,,,,,,,"2.920,56",,,,,,,,,,
ALAGOAS  TOTAL,,,,,,,,,,,"2.011.213,30",,,,,,,,"409.345,16",,,,,,,"2.420.558,46",,,,,,,,,,"7.571.758,80",,,,,,,,,,
ANAMA-AM,,,,,,,,AM,,,-,,,,,,,,"1.668,22",,,,,,,"1.668,22",,,,,,,,,,"5.232,31",,,,,,,,,,
ANORI-AM,,,,,,,,AM,,,-,,,,,,,,"1.668,22",,,,,,,"1.668,22",,,,,,,,,,"5.232,31",,,,,,,,,,
AUTAZES-AM,,,,,,,,AM,,,-,,,,,,,,"4.993,78",,,,,,,"4.993,78",,,,,,,,,,"14.465,49",,,,,,,,,,
BERURI-AM,,,,,,,,AM,,,-,,,,,,,,"1.668,22",,,,,,,"1.668,22",,,,,,,,,,"5.232,31",,,,,,,,,,
CAREIRO DA VARZEA-AM,,,,,,,,AM,,,-,,,,,,,,"4.993,78",,,,,,,"4.993,78",,,,,,,,,,"14.466,07",,,,,,,,,,
CAREIRO-AM,,,,,,,,AM,,,-,,,,,,,,"1.668,22",,,,,,,"1.668,22",,,,,,,,,,"5.232,31",,,,,,,,,,
COARI-AM,,,,,,,,AM,,,"1.542.865,88",,,,,,,,"1.458.889,33",,,,,,,"3.001.755,21",,,,,,,,,,"8.775.801,83",,,,,,,,,,
CODAJAS-AM,,,,,,,,AM,,,-,,,,,,,,"1.668,22",,,,,,,"1.668,22",,,,,,,,,,"5.232,31",,,,,,,,,,
IRANDUBA-AM,,,,,,,,AM,,,-,,,,,,,,"4.993,78",,,,,,,"4.993,78",,,,,,,,,,"14.466,07",,,,,,,,,,
ITACOATIARA-AM,,,,,,,,AM,,,-,,,,,,,,"4.993,78",,,,,,,"4.993,78",,,,,,,,,,"14.465,49",,,,,,,,,,
ITAPIRANGA-AM,,,,,,,,AM,,,-,,,,,,,,"4.993,78",,,,,,,"4.993,78",,,,,,,,,,"14.465,49",,,,,,,,,,
MANACAPURU-AM,,,,,,,,AM,,,-,,,,,,,,"1.668,22",,,,,,,"1.668,22",,,,,,,,,,"5.232,31",,,,,,,,,,
MANAQUIRI-AM,,,,,,,,AM,,,-,,,,,,,,"1.668,22",,,,,,,"1.668,22",,,,,,,,,,"5.232,31",,,,,,,,,,
MANAUS-AM,,,,,,,,AM,,,"650.078,72",,,,,,,,"65.962,47",,,,,,,"716.041,19",,,,,,,,,,"2.185.679,15",,,,,,,,,,
PARINTINS-AM,,,,,,,,AM,,,-,,,,,,,,"4.993,78",,,,,,,"4.993,78",,,,,,,,,,"14.465,49",,,,,,,,,,
SILVES-AM,,,,,,,,AM,,,-,,,,,,,,"4.993,78",,,,,,,"4.993,78",,,,,,,,,,"14.465,49",,,,,,,,,,
URUCARA-AM,,,,,,,,AM,,,-,,,,,,,,"4.993,78",,,,,,,"4.993,78",,,,,,,,,,"14.465,49",,,,,,,,,,
URUCURITUBA-AM,,,,,,,,AM,,,-,,,,,,,,"4.993,78",,,,,,,"4.993,78",,,,,,,,,,"14.465,49",,,,,,,,,,
AMAZONAS  TOTAL,,,,,,,,,,,"2.192.944,60",,,,,,,,"1.581.473,36",,,,,,,"3.774.417,96",,,,,,,,,,"11.128.297,72",,,,,,,,,,
LARANJAL DO JARI-AP,,,,,,,,AP,,,-,,,,,,,,"4.993,78",,,,,,,"4.993,78",,,,,,,,,,"14.465,49",,,,,,,,,,
MACAPA-AP,,,,,,,,AP,,,-,,,,,,,,"4.993,78",,,,,,,"4.993,78",,,,,,,,,,"14.465,49",,,,,,,,,,
MAZAGAO-AP,,,,,,,,AP,,,-,,,,,,,,"4.993,78",,,,,,,"4.993,78",,,,,,,,,,"14.465,49",,,,,,,,,,
AMAPA  TOTAL,,,,,,,,,,,-,,,,,,,,"14.981,34",,,,,,,"14.981,34",,,,,,,,,,"43.396,47",,,,,,,,,,
ACAJUTIBA-BA,,,,,,,,BA,,,"789,79",,,,,,,,-,,,,,,,"789,79",,,,,,,,,,"2.994,42",,,,,,,,,,
ADUSTINA-BA,,,,,,,,BA,,,"789,79",,,,,,,,-,,,,,,,"789,79",,,,,,,,,,"2.994,42",,,,,,,,,,
AGUA FRIA-BA,,,,,,,,BA,,,"789,79",,,,,,,,-,,,,,,,"789,79",,,,,,,,,,"2.994,42",,,,,,,,,,
AIQUARA-BA,,,,,,,,BA,,,"686,77",,,,,,,,-,,,,,,,"686,77",,,,,,,,,,"2.603,84",,,,,,,,,,
ALAGOINHAS-BA,,,,,,,,BA,,,"194.719,05",,,,,,,,"106.087,46",,,,,,,"300.806,51",,,,,,,,,,"967.857,57",,,,,,,,,,
ALCOBACA-BA,,,,,,,,BA,,,"858,46",,,,,,,,-,,,,,,,"858,46",,,,,,,,,,"3.254,81",,,,,,,,,,
ALMADINA-BA,,,,,,,,BA,,,"686,77",,,,,,,,-,,,,,,,"686,77",,,,,,,,,,"2.603,84",,,,,,,,,,
AMARGOSA-BA,,,,,,,,BA,,,"995,82",,,,,,,,-,,,,,,,"995,82",,,,,,,,,,"3.775,58",,,,,,,,,,
AMELIA RODRIGUES-BA,,,,,,,,BA,,,"892,80",,,,,,,,-,,,,,,,"892,80",,,,,,,,,,"3.385,00",,,,,,,,,,
ANAGE-BA,,,,,,,,BA,,,"927,14",,,,,,,,-,,,,,,,"927,14",,,,,,,,,,"3.515,19",,,,,,,,,,
ANGUERA-BA,,,,,,,,BA,,,"686,77",,,,,,,,-,,,,,,,"686,77",,,,,,,,,,"2.603,84",,,,,,,,,,
ANTAS-BA,,,,,,,,BA,,,"824,13",,,,,,,,-,,,,,,,"824,13",,,,,,,,,,"3.124,62",,,,,,,,,,
ANTONIO CARDOSO-BA,,,,,,,,BA,,,"755,45",,,,,,,,-,,,,,,,"755,45",,,,,,,,,,"2.864,23",,,,,,,,,,
APORA-BA,,,,,,,,BA,,,"824,13",,,,,,,,-,,,,,,,"824,13",,,,,,,,,,"3.124,62",,,,,,,,,,
APUAREMA-BA,,,,,,,,BA,,,"686,77",,,,,,,,-,,,,,,,"686,77",,,,,,,,,,"2.603,84",,,,,,,,,,
ARACAS-BA,,,,,,,,BA,,,"176.894,31",,,,,,,,"87.811,62",,,,,,,"264.705,93",,,,,,,,,,"840.168,43",,,,,,,,,,
ARACI-BA,,,,,,,,BA,,,"1.098,84",,,,,,,,-,,,,,,,"1.098,84",,,,,,,,,,"4.166,17",,,,,,,,,,
ARAMARI-BA,,,,,,,,BA,,,"1.760,42",,,,,,,,"450,93",,,,,,,"2.211,35",,,,,,,,,,"8.090,32",,,,,,,,,,
ARATACA-BA,,,,,,,,BA,,,"721,11",,,,,,,,-,,,,,,,"721,11",,,,,,,,,,"2.734,03",,,,,,,,,,
ARATUIPE-BA,,,,,,,,BA,,,"686,77",,,,,,,,-,,,,,,,"686,77",,,,,,,,,,"2.603,84",,,,,,,,,,
AURELINO LEAL-BA,,,,,,,,BA,,,"789,79",,,,,,,,-,,,,,,,"789,79",,,,,,,,,,"2.994,42",,,,,,,,,,
BAIXA GRANDE-BA,,,,,,,,BA,,,"892,80",,,,,,,,-,,,,,,,"892,80",,,,,,,,,,"3.385,00",,,,,,,,,,
BANZAE-BA,,,,,,,,BA,,,"721,11",,,,,,,,-,,,,,,,"721,11",,,,,,,,,,"2.734,03",,,,,,,,,,
BARRA DO CHOCA-BA,,,,,,,,BA,,,"995,82",,,,,,,,-,,,,,,,"995,82",,,,,,,,,,"3.775,58",,,,,,,,,,
BARRA DO ROCHA-BA,,,,,,,,BA,,,"686,77",,,,,,,,-,,,,,,,"686,77",,,,,,,,,,"2.603,84",,,,,,,,,,
BARRO PRETO-BA,,,,,,,,BA,,,"686,77",,,,,,,,-,,,,,,,"686,77",,,,,,,,,,"2.603,84",,,,,,,,,,
BARROCAS-BA,,,,,,,,BA,,,"755,45",,,,,,,,-,,,,,,,"755,45",,,,,,,,,,"2.864,23",,,,,,,,,,
BELMONTE-BA,,,,,,,,BA,,,"892,80",,,,,,,,-,,,,,,,"892,80",,,,,,,,,,"3.385,00",,,,,,,,,,
BELO CAMPO-BA,,,,,,,,BA,,,"789,79",,,,,,,,-,,,,,,,"789,79",,,,,,,,,,"2.994,42",,,,,,,,,,
Superintendência de Controle das Participações Governamentais,,,,,,,,,,,,,,,,,,,,,,,,,,,,,,,,,,,,,,,,,,,,,,
BIRITINGA-BA,,,,,,,,BA,,,"755,45",,,,,,,,-,,,,,,,"755,45",,,,,,,,,,"2.864,23",,,,,,,,,,
BOA NOVA-BA,,,,,,,,BA,,,"824,13",,,,,,,,-,,,,,,,"824,13",,,,,,,,,,"3.124,62",,,,,,,,,,
BOA VISTA DO TUPIM-BA,,,,,,,,BA,,,"824,13",,,,,,,,-,,,,,,,"824,13",,,,,,,,,,"3.124,62",,,,,,,,,,
BOM JESUS DA SERRA-BA,,,,,,,,BA,,,"721,11",,,,,,,,-,,,,,,,"721,11",,,,,,,,,,"2.734,03",,,,,,,,,,
BREJOES-BA,,,,,,,,BA,,,"755,45",,,,,,,,-,,,,,,,"755,45",,,,,,,,,,"2.864,23",,,,,,,,,,
BUERAREMA-BA,,,,,,,,BA,,,"858,46",,,,,,,,-,,,,,,,"858,46",,,,,,,,,,"3.254,81",,,,,,,,,,
CAATIBA-BA,,,,,,,,BA,,,"721,11",,,,,,,,-,,,,,,,"721,11",,,,,,,,,,"2.734,03",,,,,,,,,,
CABACEIRAS DO PARAGUACU-BA,,,,,,,,BA,,,"824,13",,,,,,,,-,,,,,,,"824,13",,,,,,,,,,"3.124,62",,,,,,,,,,
CACHOEIRA-BA,,,,,,,,BA,,,"995,82",,,,,,,,-,,,,,,,"995,82",,,,,,,,,,"3.775,58",,,,,,,,,,
CAEM-BA,,,,,,,,BA,,,"721,11",,,,,,,,-,,,,,,,"721,11",,,,,,,,,,"2.734,03",,,,,,,,,,
CAETANOS-BA,,,,,,,,BA,,,"755,45",,,,,,,,-,,,,,,,"755,45",,,,,,,,,,"2.864,23",,,,,,,,,,
CAIRU-BA,,,,,,,,BA,,,"25.801,31",,,,,,,,"270.834,09",,,,,,,"296.635,40",,,,,,,,,,"1.140.645,09",,,,,,,,,,
CAMACAN-BA,,,,,,,,BA,,,"961,48",,,,,,,,-,,,,,,,"961,48",,,,,,,,,,"3.645,39",,,,,,,,,,
CAMACARI-BA,,,,,,,,BA,,,"2.310,03",,,,,,,,"393,32",,,,,,,"2.703,35",,,,,,,,,,"9.230,92",,,,,,,,,,
CAMAMU-BA,,,,,,,,BA,,,"995,82",,,,,,,,-,,,,,,,"995,82",,,,,,,,,,"3.775,58",,,,,,,,,,
CANAVIEIRAS-BA,,,,,,,,BA,,,"995,82",,,,,,,,-,,,,,,,"995,82",,,,,,,,,,"3.775,58",,,,,,,,,,
CANDEAL-BA,,,,,,,,BA,,,"686,77",,,,,,,,-,,,,,,,"686,77",,,,,,,,,,"2.603,84",,,,,,,,,,
CANDEIAS-BA,,,,,,,,BA,,,"165.762,73",,,,,,,,"186.312,30",,,,,,,"352.075,03",,,,,,,,,,"1.060.446,07",,,,,,,,,,
CANDIDO SALES-BA,,,,,,,,BA,,,"927,14",,,,,,,,-,,,,,,,"927,14",,,,,,,,,,"3.515,19",,,,,,,,,,
CANSANCAO-BA,,,,,,,,BA,,,"995,82",,,,,,,,-,,,,,,,"995,82",,,,,,,,,,"3.775,58",,,,,,,,,,
CANUDOS-BA,,,,,,,,BA,,,"789,79",,,,,,,,-,,,,,,,"789,79",,,,,,,,,,"2.994,42",,,,,,,,,,
CAPELA DO ALTO ALEGRE-BA,,,,,,,,BA,,,"755,45",,,,,,,,-,,,,,,,"755,45",,,,,,,,,,"2.864,23",,,,,,,,,,
CAPIM GROSSO-BA,,,,,,,,BA,,,"927,14",,,,,,,,-,,,,,,,"927,14",,,,,,,,,,"3.515,19",,,,,,,,,,
CARAVELAS-BA,,,,,,,,BA,,,"892,80",,,,,,,,-,,,,,,,"892,80",,,,,,,,,,"3.399,29",,,,,,,,,,
CARDEAL DA SILVA-BA,,,,,,,,BA,,,"88.149,33",,,,,,,,"27.661,77",,,,,,,"115.811,10",,,,,,,,,,"360.261,50",,,,,,,,,,
CASTRO ALVES-BA,,,,,,,,BA,,,"927,14",,,,,,,,-,,,,,,,"927,14",,,,,,,,,,"3.515,19",,,,,,,,,,
CATU-BA,,,,,,,,BA,,,"135.981,63",,,,,,,,"77.804,94",,,,,,,"213.786,57",,,,,,,,,,"668.122,61",,,,,,,,,,
CICERO DANTAS-BA,,,,,,,,BA,,,"961,48",,,,,,,,-,,,,,,,"961,48",,,,,,,,,,"3.645,39",,,,,,,,,,
CIPO-BA,,,,,,,,BA,,,"789,79",,,,,,,,-,,,,,,,"789,79",,,,,,,,,,"2.994,42",,,,,,,,,,
COARACI-BA,,,,,,,,BA,,,"892,80",,,,,,,,-,,,,,,,"892,80",,,,,,,,,,"3.385,00",,,,,,,,,,
CONCEICAO DA FEIRA-BA,,,,,,,,BA,,,"858,46",,,,,,,,-,,,,,,,"858,46",,,,,,,,,,"3.254,81",,,,,,,,,,
CONCEICAO DO ALMEIDA-BA,,,,,,,,BA,,,"824,13",,,,,,,,-,,,,,,,"824,13",,,,,,,,,,"3.124,62",,,,,,,,,,
CONCEICAO DO COITE-BA,,,,,,,,BA,,,"1.133,17",,,,,,,,-,,,,,,,"1.133,17",,,,,,,,,,"4.296,35",,,,,,,,,,
CONCEICAO DO JACUIPE-BA,,,,,,,,BA,,,"927,14",,,,,,,,-,,,,,,,"927,14",,,,,,,,,,"3.515,19",,,,,,,,,,
CONDE-BA,,,,,,,,BA,,,"2.033,61",,,,,,,,"735,82",,,,,,,"2.769,43",,,,,,,,,,"9.042,25",,,,,,,,,,
CORACAO DE MARIA-BA,,,,,,,,BA,,,"892,80",,,,,,,,-,,,,,,,"892,80",,,,,,,,,,"3.385,00",,,,,,,,,,
CORONEL JOAO SA-BA,,,,,,,,BA,,,"858,46",,,,,,,,-,,,,,,,"858,46",,,,,,,,,,"3.254,81",,,,,,,,,,
CRAVOLANDIA-BA,,,,,,,,BA,,,"686,77",,,,,,,,-,,,,,,,"686,77",,,,,,,,,,"2.603,84",,,,,,,,,,
CRISOPOLIS-BA,,,,,,,,BA,,,"858,46",,,,,,,,-,,,,,,,"858,46",,,,,,,,,,"3.254,81",,,,,,,,,,
CRUZ DAS ALMAS-BA,,,,,,,,BA,,,"1.098,84",,,,,,,,-,,,,,,,"1.098,84",,,,,,,,,,"4.166,17",,,,,,,,,,
DARIO MEIRA-BA,,,,,,,,BA,,,"755,45",,,,,,,,-,,,,,,,"755,45",,,,,,,,,,"2.864,23",,,,,,,,,,
DIAS D'AVILA-BA,,,,,,,,BA,,,"1.098,84",,,,,,,,-,,,,,,,"1.098,84",,,,,,,,,,"4.166,17",,,,,,,,,,
DOM MACEDO COSTA-BA,,,,,,,,BA,,,"686,77",,,,,,,,-,,,,,,,"686,77",,,,,,,,,,"2.603,84",,,,,,,,,,
ELISIO MEDRADO-BA,,,,,,,,BA,,,"686,77",,,,,,,,-,,,,,,,"686,77",,,,,,,,,,"2.603,84",,,,,,,,,,
ENCRUZILHADA-BA,,,,,,,,BA,,,"892,80",,,,,,,,-,,,,,,,"892,80",,,,,,,,,,"3.385,00",,,,,,,,,,
ENTRE RIOS-BA,,,,,,,,BA,,,"157.330,18",,,,,,,,"112.604,98",,,,,,,"269.935,16",,,,,,,,,,"828.328,68",,,,,,,,,,
ESPLANADA-BA,,,,,,,,BA,,,"782.582,26",,,,,,,,"285.775,82",,,,,,,"1.068.358,08",,,,,,,,,,"3.443.475,36",,,,,,,,,,
EUCLIDES DA CUNHA-BA,,,,,,,,BA,,,"1.133,17",,,,,,,,-,,,,,,,"1.133,17",,,,,,,,,,"4.296,35",,,,,,,,,,
EUNAPOLIS-BA,,,,,,,,BA,,,"1.236,19",,,,,,,,-,,,,,,,"1.236,19",,,,,,,,,,"4.686,94",,,,,,,,,,
FATIMA-BA,,,,,,,,BA,,,"858,46",,,,,,,,-,,,,,,,"858,46",,,,,,,,,,"3.254,81",,,,,,,,,,
FEIRA DE SANTANA-BA,,,,,,,,BA,,,"1.373,55",,,,,,,,-,,,,,,,"1.373,55",,,,,,,,,,"5.207,71",,,,,,,,,,
FIRMINO ALVES-BA,,,,,,,,BA,,,"686,77",,,,,,,,-,,,,,,,"686,77",,,,,,,,,,"2.603,84",,,,,,,,,,
FLORESTA AZUL-BA,,,,,,,,BA,,,"721,11",,,,,,,,-,,,,,,,"721,11",,,,,,,,,,"2.734,03",,,,,,,,,,
GANDU-BA,,,,,,,,BA,,,"961,48",,,,,,,,-,,,,,,,"961,48",,,,,,,,,,"3.645,39",,,,,,,,,,
GAVIAO-BA,,,,,,,,BA,,,"686,77",,,,,,,,-,,,,,,,"686,77",,,,,,,,,,"2.603,84",,,,,,,,,,
GLORIA-BA,,,,,,,,BA,,,"755,45",,,,,,,,-,,,,,,,"755,45",,,,,,,,,,"2.864,23",,,,,,,,,,
GONGOGI-BA,,,,,,,,BA,,,"686,77",,,,,,,,-,,,,,,,"686,77",,,,,,,,,,"2.603,84",,,,,,,,,,
Superintendência de Controle das Participações Governamentais,,,,,,,,,,,,,,,,,,,,,,,,,,,,,,,,,,,,,,,,,,,,,,
GOVERNADOR MANGABEIRA-BA,,,,,,,,BA,,,"858,46",,,,,,,,-,,,,,,,"858,46",,,,,,,,,,"3.254,81",,,,,,,,,,
GUARATINGA-BA,,,,,,,,BA,,,"892,80",,,,,,,,-,,,,,,,"892,80",,,,,,,,,,"3.385,00",,,,,,,,,,
HELIOPOLIS-BA,,,,,,,,BA,,,"789,79",,,,,,,,-,,,,,,,"789,79",,,,,,,,,,"2.994,42",,,,,,,,,,
IACU-BA,,,,,,,,BA,,,"927,14",,,,,,,,-,,,,,,,"927,14",,,,,,,,,,"3.515,19",,,,,,,,,,
IBICARAI-BA,,,,,,,,BA,,,"927,14",,,,,,,,-,,,,,,,"927,14",,,,,,,,,,"3.515,19",,,,,,,,,,
IBICUI-BA,,,,,,,,BA,,,"789,79",,,,,,,,-,,,,,,,"789,79",,,,,,,,,,"2.994,42",,,,,,,,,,
IBIQUERA-BA,,,,,,,,BA,,,"686,77",,,,,,,,-,,,,,,,"686,77",,,,,,,,,,"2.603,84",,,,,,,,,,
IBIRAPITANGA-BA,,,,,,,,BA,,,"892,80",,,,,,,,-,,,,,,,"892,80",,,,,,,,,,"3.385,00",,,,,,,,,,
IBIRAPUA-BA,,,,,,,,BA,,,"686,77",,,,,,,,-,,,,,,,"686,77",,,,,,,,,,"2.603,84",,,,,,,,,,
IBIRATAIA-BA,,,,,,,,BA,,,"892,80",,,,,,,,-,,,,,,,"892,80",,,,,,,,,,"3.385,00",,,,,,,,,,
ICHU-BA,,,,,,,,BA,,,"686,77",,,,,,,,-,,,,,,,"686,77",,,,,,,,,,"2.603,84",,,,,,,,,,
IGRAPIUNA-BA,,,,,,,,BA,,,"755,45",,,,,,,,-,,,,,,,"755,45",,,,,,,,,,"2.864,23",,,,,,,,,,
IGUAI-BA,,,,,,,,BA,,,"927,14",,,,,,,,-,,,,,,,"927,14",,,,,,,,,,"3.515,19",,,,,,,,,,
ILHEUS-BA,,,,,,,,BA,,,"1.373,55",,,,,,,,-,,,,,,,"1.373,55",,,,,,,,,,"5.207,71",,,,,,,,,,
INHAMBUPE-BA,,,,,,,,BA,,,"1.526,75",,,,,,,,"270,77",,,,,,,"1.797,52",,,,,,,,,,"8.108,64",,,,,,,,,,
IPECAETA-BA,,,,,,,,BA,,,"824,13",,,,,,,,-,,,,,,,"824,13",,,,,,,,,,"3.124,62",,,,,,,,,,
IPIAU-BA,,,,,,,,BA,,,"1.064,50",,,,,,,,-,,,,,,,"1.064,50",,,,,,,,,,"4.035,97",,,,,,,,,,
IPIRA-BA,,,,,,,,BA,,,"1.133,17",,,,,,,,-,,,,,,,"1.133,17",,,,,,,,,,"4.296,35",,,,,,,,,,
IRAJUBA-BA,,,,,,,,BA,,,"686,77",,,,,,,,-,,,,,,,"686,77",,,,,,,,,,"2.603,84",,,,,,,,,,
IRARA-BA,,,,,,,,BA,,,"927,14",,,,,,,,-,,,,,,,"927,14",,,,,,,,,,"3.515,19",,,,,,,,,,
ITABELA-BA,,,,,,,,BA,,,"927,14",,,,,,,,-,,,,,,,"927,14",,,,,,,,,,"3.515,19",,,,,,,,,,
ITABERABA-BA,,,,,,,,BA,,,"1.133,17",,,,,,,,-,,,,,,,"1.133,17",,,,,,,,,,"4.296,35",,,,,,,,,,
ITABUNA-BA,,,,,,,,BA,,,"1.373,55",,,,,,,,-,,,,,,,"1.373,55",,,,,,,,,,"5.207,71",,,,,,,,,,
ITACARE-BA,,,,,,,,BA,,,"927,14",,,,,,,,-,,,,,,,"927,14",,,,,,,,,,"3.515,19",,,,,,,,,,
ITAGI-BA,,,,,,,,BA,,,"755,45",,,,,,,,-,,,,,,,"755,45",,,,,,,,,,"2.864,23",,,,,,,,,,
ITAGIBA-BA,,,,,,,,BA,,,"824,13",,,,,,,,-,,,,,,,"824,13",,,,,,,,,,"3.124,62",,,,,,,,,,
ITAGIMIRIM-BA,,,,,,,,BA,,,"686,77",,,,,,,,-,,,,,,,"686,77",,,,,,,,,,"2.603,84",,,,,,,,,,
ITAJU DO COLONIA-BA,,,,,,,,BA,,,"686,77",,,,,,,,-,,,,,,,"686,77",,,,,,,,,,"2.603,84",,,,,,,,,,
ITAJUIPE-BA,,,,,,,,BA,,,"892,80",,,,,,,,-,,,,,,,"892,80",,,,,,,,,,"3.385,00",,,,,,,,,,
ITAMARAJU-BA,,,,,,,,BA,,,"1.167,51",,,,,,,,-,,,,,,,"1.167,51",,,,,,,,,,"4.426,54",,,,,,,,,,
ITAMARI-BA,,,,,,,,BA,,,"686,77",,,,,,,,-,,,,,,,"686,77",,,,,,,,,,"2.603,84",,,,,,,,,,
ITAMBE-BA,,,,,,,,BA,,,"995,82",,,,,,,,-,,,,,,,"995,82",,,,,,,,,,"3.775,58",,,,,,,,,,
ITANAGRA-BA,,,,,,,,BA,,,"59.264,49",,,,,,,,"10.362,40",,,,,,,"69.626,89",,,,,,,,,,"209.612,22",,,,,,,,,,
ITANHEM-BA,,,,,,,,BA,,,"892,80",,,,,,,,-,,,,,,,"892,80",,,,,,,,,,"3.385,00",,,,,,,,,,
ITAPARICA-BA,,,,,,,,BA,,,"29.985,57",,,,,,,,"114.843,95",,,,,,,"144.829,52",,,,,,,,,,"459.149,38",,,,,,,,,,
ITAPE-BA,,,,,,,,BA,,,"721,11",,,,,,,,-,,,,,,,"721,11",,,,,,,,,,"2.734,03",,,,,,,,,,
ITAPEBI-BA,,,,,,,,BA,,,"721,11",,,,,,,,-,,,,,,,"721,11",,,,,,,,,,"2.734,03",,,,,,,,,,
ITAPETINGA-BA,,,,,,,,BA,,,"1.133,17",,,,,,,,-,,,,,,,"1.133,17",,,,,,,,,,"4.296,35",,,,,,,,,,
ITAPICURU-BA,,,,,,,,BA,,,"961,48",,,,,,,,-,,,,,,,"961,48",,,,,,,,,,"3.645,39",,,,,,,,,,
ITAPITANGA-BA,,,,,,,,BA,,,"721,11",,,,,,,,-,,,,,,,"721,11",,,,,,,,,,"2.734,03",,,,,,,,,,
ITAQUARA-BA,,,,,,,,BA,,,"686,77",,,,,,,,-,,,,,,,"686,77",,,,,,,,,,"2.603,84",,,,,,,,,,
ITARANTIM-BA,,,,,,,,BA,,,"824,13",,,,,,,,-,,,,,,,"824,13",,,,,,,,,,"3.124,62",,,,,,,,,,
ITATIM-BA,,,,,,,,BA,,,"789,79",,,,,,,,-,,,,,,,"789,79",,,,,,,,,,"2.994,42",,,,,,,,,,
ITIRUCU-BA,,,,,,,,BA,,,"789,79",,,,,,,,-,,,,,,,"789,79",,,,,,,,,,"2.994,42",,,,,,,,,,
ITIUBA-BA,,,,,,,,BA,,,"995,82",,,,,,,,-,,,,,,,"995,82",,,,,,,,,,"3.775,58",,,,,,,,,,
ITORORO-BA,,,,,,,,BA,,,"892,80",,,,,,,,-,,,,,,,"892,80",,,,,,,,,,"3.385,00",,,,,,,,,,
ITUBERA-BA,,,,,,,,BA,,,"892,80",,,,,,,,-,,,,,,,"892,80",,,,,,,,,,"3.385,00",,,,,,,,,,
JACOBINA-BA,,,,,,,,BA,,,"1.201,85",,,,,,,,-,,,,,,,"1.201,85",,,,,,,,,,"4.556,74",,,,,,,,,,
JAGUAQUARA-BA,,,,,,,,BA,,,"1.064,50",,,,,,,,-,,,,,,,"1.064,50",,,,,,,,,,"4.035,97",,,,,,,,,,
JAGUARIPE-BA,,,,,,,,BA,,,"24.628,52",,,,,,,,-,,,,,,,"24.628,52",,,,,,,,,,"93.377,31",,,,,,,,,,
JANDAIRA-BA,,,,,,,,BA,,,"686,77",,,,,,,,-,,,,,,,"686,77",,,,,,,,,,"2.603,84",,,,,,,,,,
JEQUIE-BA,,,,,,,,BA,,,"1.373,55",,,,,,,,-,,,,,,,"1.373,55",,,,,,,,,,"5.207,71",,,,,,,,,,
JEREMOABO-BA,,,,,,,,BA,,,"1.030,16",,,,,,,,-,,,,,,,"1.030,16",,,,,,,,,,"3.905,77",,,,,,,,,,
JIQUIRICA-BA,,,,,,,,BA,,,"755,45",,,,,,,,-,,,,,,,"755,45",,,,,,,,,,"2.864,23",,,,,,,,,,
JITAUNA-BA,,,,,,,,BA,,,"824,13",,,,,,,,-,,,,,,,"824,13",,,,,,,,,,"3.124,62",,,,,,,,,,
JUCURUCU-BA,,,,,,,,BA,,,"721,11",,,,,,,,-,,,,,,,"721,11",,,,,,,,,,"2.734,03",,,,,,,,,,
JUSSARI-BA,,,,,,,,BA,,,"686,77",,,,,,,,-,,,,,,,"686,77",,,,,,,,,,"2.603,84",,,,,,,,,,
Superintendência de Controle das Participações Governamentais,,,,,,,,,,,,,,,,,,,,,,,,,,,,,,,,,,,,,,,,,,,,,,
LAFAIETE COUTINHO-BA,,,,,,,,BA,,,"686,77",,,,,,,,-,,,,,,,"686,77",,,,,,,,,,"2.603,84",,,,,,,,,,
LAJE-BA,,,,,,,,BA,,,"892,80",,,,,,,,-,,,,,,,"892,80",,,,,,,,,,"3.385,00",,,,,,,,,,
LAJEDAO-BA,,,,,,,,BA,,,"686,77",,,,,,,,-,,,,,,,"686,77",,,,,,,,,,"2.603,84",,,,,,,,,,
LAJEDINHO-BA,,,,,,,,BA,,,"686,77",,,,,,,,-,,,,,,,"686,77",,,,,,,,,,"2.603,84",,,,,,,,,,
LAJEDO DO TABOCAL-BA,,,,,,,,BA,,,"686,77",,,,,,,,-,,,,,,,"686,77",,,,,,,,,,"2.603,84",,,,,,,,,,
LAMARAO-BA,,,,,,,,BA,,,"721,11",,,,,,,,-,,,,,,,"721,11",,,,,,,,,,"2.734,03",,,,,,,,,,
LAURO DE FREITAS-BA,,,,,,,,BA,,,"1.373,55",,,,,,,,-,,,,,,,"1.373,55",,,,,,,,,,"5.207,71",,,,,,,,,,
MACAJUBA-BA,,,,,,,,BA,,,"721,11",,,,,,,,-,,,,,,,"721,11",,,,,,,,,,"2.734,03",,,,,,,,,,
MACARANI-BA,,,,,,,,BA,,,"824,13",,,,,,,,-,,,,,,,"824,13",,,,,,,,,,"3.124,62",,,,,,,,,,
MADRE DE DEUS-BA,,,,,,,,BA,,,"677.052,82",,,,,,,,"530.765,65",,,,,,,"1.207.818,47",,,,,,,,,,"3.703.444,13",,,,,,,,,,
MAIQUINIQUE-BA,,,,,,,,BA,,,"686,77",,,,,,,,-,,,,,,,"686,77",,,,,,,,,,"2.603,84",,,,,,,,,,
MAIRI-BA,,,,,,,,BA,,,"858,46",,,,,,,,-,,,,,,,"858,46",,,,,,,,,,"3.254,81",,,,,,,,,,
MANOEL VITORINO-BA,,,,,,,,BA,,,"789,79",,,,,,,,-,,,,,,,"789,79",,,,,,,,,,"2.994,42",,,,,,,,,,
MARACAS-BA,,,,,,,,BA,,,"995,82",,,,,,,,-,,,,,,,"995,82",,,,,,,,,,"3.775,58",,,,,,,,,,
MARAGOGIPE-BA,,,,,,,,BA,,,"24.628,52",,,,,,,,-,,,,,,,"24.628,52",,,,,,,,,,"93.377,31",,,,,,,,,,
MARAU-BA,,,,,,,,BA,,,"824,13",,,,,,,,-,,,,,,,"824,13",,,,,,,,,,"3.124,62",,,,,,,,,,
MARCIONILIO SOUZA-BA,,,,,,,,BA,,,"721,11",,,,,,,,-,,,,,,,"721,11",,,,,,,,,,"2.734,03",,,,,,,,,,
MASCOTE-BA,,,,,,,,BA,,,"824,13",,,,,,,,-,,,,,,,"824,13",,,,,,,,,,"3.124,62",,,,,,,,,,
MATA DE SAO JOAO-BA,,,,,,,,BA,,,"127.819,72",,,,,,,,"59.634,56",,,,,,,"187.454,28",,,,,,,,,,"560.671,81",,,,,,,,,,
MEDEIROS NETO-BA,,,,,,,,BA,,,"892,80",,,,,,,,-,,,,,,,"892,80",,,,,,,,,,"3.385,00",,,,,,,,,,
MIGUEL CALMON-BA,,,,,,,,BA,,,"927,14",,,,,,,,-,,,,,,,"927,14",,,,,,,,,,"3.515,19",,,,,,,,,,
MILAGRES-BA,,,,,,,,BA,,,"721,11",,,,,,,,-,,,,,,,"721,11",,,,,,,,,,"2.734,03",,,,,,,,,,
MIRANTE-BA,,,,,,,,BA,,,"686,77",,,,,,,,-,,,,,,,"686,77",,,,,,,,,,"2.603,84",,,,,,,,,,
MONTE SANTO-BA,,,,,,,,BA,,,"1.098,84",,,,,,,,-,,,,,,,"1.098,84",,,,,,,,,,"4.166,17",,,,,,,,,,
MUCURI-BA,,,,,,,,BA,,,"995,82",,,,,,,,-,,,,,,,"995,82",,,,,,,,,,"3.775,58",,,,,,,,,,
MUNDO NOVO-BA,,,,,,,,BA,,,"892,80",,,,,,,,-,,,,,,,"892,80",,,,,,,,,,"3.385,00",,,,,,,,,,
MUNIZ FERREIRA-BA,,,,,,,,BA,,,"686,77",,,,,,,,-,,,,,,,"686,77",,,,,,,,,,"2.603,84",,,,,,,,,,
MURITIBA-BA,,,,,,,,BA,,,"927,14",,,,,,,,-,,,,,,,"927,14",,,,,,,,,,"3.515,19",,,,,,,,,,
MUTUIPE-BA,,,,,,,,BA,,,"892,80",,,,,,,,-,,,,,,,"892,80",,,,,,,,,,"3.385,00",,,,,,,,,,
NAZARE-BA,,,,,,,,BA,,,"927,14",,,,,,,,-,,,,,,,"927,14",,,,,,,,,,"3.515,19",,,,,,,,,,
NILO PECANHA-BA,,,,,,,,BA,,,"755,45",,,,,,,,-,,,,,,,"755,45",,,,,,,,,,"2.864,23",,,,,,,,,,
NORDESTINA-BA,,,,,,,,BA,,,"755,45",,,,,,,,-,,,,,,,"755,45",,,,,,,,,,"2.864,23",,,,,,,,,,
NOVA CANAA-BA,,,,,,,,BA,,,"858,46",,,,,,,,-,,,,,,,"858,46",,,,,,,,,,"3.254,81",,,,,,,,,,
NOVA FATIMA-BA,,,,,,,,BA,,,"686,77",,,,,,,,-,,,,,,,"686,77",,,,,,,,,,"2.603,84",,,,,,,,,,
NOVA IBIA-BA,,,,,,,,BA,,,"686,77",,,,,,,,-,,,,,,,"686,77",,,,,,,,,,"2.603,84",,,,,,,,,,
NOVA ITARANA-BA,,,,,,,,BA,,,"686,77",,,,,,,,-,,,,,,,"686,77",,,,,,,,,,"2.603,84",,,,,,,,,,
NOVA SOURE-BA,,,,,,,,BA,,,"927,14",,,,,,,,-,,,,,,,"927,14",,,,,,,,,,"3.515,19",,,,,,,,,,
NOVA VICOSA-BA,,,,,,,,BA,,,"995,82",,,,,,,,-,,,,,,,"995,82",,,,,,,,,,"3.775,58",,,,,,,,,,
NOVO TRIUNFO-BA,,,,,,,,BA,,,"789,79",,,,,,,,-,,,,,,,"789,79",,,,,,,,,,"2.994,42",,,,,,,,,,
OLINDINA-BA,,,,,,,,BA,,,"892,80",,,,,,,,-,,,,,,,"892,80",,,,,,,,,,"3.385,00",,,,,,,,,,
OURICANGAS-BA,,,,,,,,BA,,,"686,77",,,,,,,,-,,,,,,,"686,77",,,,,,,,,,"2.603,84",,,,,,,,,,
OUROLANDIA-BA,,,,,,,,BA,,,"824,13",,,,,,,,-,,,,,,,"824,13",,,,,,,,,,"3.124,62",,,,,,,,,,
PARIPIRANGA-BA,,,,,,,,BA,,,"961,48",,,,,,,,-,,,,,,,"961,48",,,,,,,,,,"3.645,39",,,,,,,,,,
PAU BRASIL-BA,,,,,,,,BA,,,"755,45",,,,,,,,-,,,,,,,"755,45",,,,,,,,,,"2.864,23",,,,,,,,,,
PAULO AFONSO-BA,,,,,,,,BA,,,"1.270,53",,,,,,,,-,,,,,,,"1.270,53",,,,,,,,,,"4.817,13",,,,,,,,,,
PE DE SERRA-BA,,,,,,,,BA,,,"789,79",,,,,,,,-,,,,,,,"789,79",,,,,,,,,,"2.994,42",,,,,,,,,,
PEDRAO-BA,,,,,,,,BA,,,"686,77",,,,,,,,-,,,,,,,"686,77",,,,,,,,,,"2.603,84",,,,,,,,,,
PEDRO ALEXANDRE-BA,,,,,,,,BA,,,"824,13",,,,,,,,-,,,,,,,"824,13",,,,,,,,,,"3.124,62",,,,,,,,,,
PINTADAS-BA,,,,,,,,BA,,,"721,11",,,,,,,,-,,,,,,,"721,11",,,,,,,,,,"2.734,03",,,,,,,,,,
PIRAI DO NORTE-BA,,,,,,,,BA,,,"686,77",,,,,,,,-,,,,,,,"686,77",,,,,,,,,,"2.603,84",,,,,,,,,,
PIRITIBA-BA,,,,,,,,BA,,,"927,14",,,,,,,,-,,,,,,,"927,14",,,,,,,,,,"3.515,19",,,,,,,,,,
PLANALTINO-BA,,,,,,,,BA,,,"686,77",,,,,,,,-,,,,,,,"686,77",,,,,,,,,,"2.603,84",,,,,,,,,,
PLANALTO-BA,,,,,,,,BA,,,"892,80",,,,,,,,-,,,,,,,"892,80",,,,,,,,,,"3.385,00",,,,,,,,,,
POCOES-BA,,,,,,,,BA,,,"1.064,50",,,,,,,,-,,,,,,,"1.064,50",,,,,,,,,,"4.035,97",,,,,,,,,,
POJUCA-BA,,,,,,,,BA,,,"442.430,39",,,,,,,,"363.740,81",,,,,,,"806.171,20",,,,,,,,,,"2.528.532,31",,,,,,,,,,
PORTO SEGURO-BA,,,,,,,,BA,,,"1.304,87",,,,,,,,-,,,,,,,"1.304,87",,,,,,,,,,"4.947,33",,,,,,,,,,
POTIRAGUA-BA,,,,,,,,BA,,,"721,11",,,,,,,,-,,,,,,,"721,11",,,,,,,,,,"2.734,03",,,,,,,,,,
Superintendência de Controle das Participações Governamentais,,,,,,,,,,,,,,,,,,,,,,,,,,,,,,,,,,,,,,,,,,,,,,
PRADO-BA,,,,,,,,BA,,,"927,14",,,,,,,,-,,,,,,,"927,14",,,,,,,,,,"3.515,19",,,,,,,,,,
PRESIDENTE TANCREDO NEVES-BA,,,,,,,,BA,,,"892,80",,,,,,,,-,,,,,,,"892,80",,,,,,,,,,"3.385,00",,,,,,,,,,
QUEIMADAS-BA,,,,,,,,BA,,,"927,14",,,,,,,,-,,,,,,,"927,14",,,,,,,,,,"3.515,19",,,,,,,,,,
QUIJINGUE-BA,,,,,,,,BA,,,"927,14",,,,,,,,-,,,,,,,"927,14",,,,,,,,,,"3.515,19",,,,,,,,,,
QUIXABEIRA-BA,,,,,,,,BA,,,"686,77",,,,,,,,-,,,,,,,"686,77",,,,,,,,,,"2.603,84",,,,,,,,,,
RAFAEL JAMBEIRO-BA,,,,,,,,BA,,,"892,80",,,,,,,,-,,,,,,,"892,80",,,,,,,,,,"3.385,00",,,,,,,,,,
RETIROLANDIA-BA,,,,,,,,BA,,,"721,11",,,,,,,,-,,,,,,,"721,11",,,,,,,,,,"2.734,03",,,,,,,,,,
RIACHAO DO JACUIPE-BA,,,,,,,,BA,,,"995,82",,,,,,,,-,,,,,,,"995,82",,,,,,,,,,"3.775,58",,,,,,,,,,
RIBEIRA DO AMPARO-BA,,,,,,,,BA,,,"789,79",,,,,,,,-,,,,,,,"789,79",,,,,,,,,,"2.994,42",,,,,,,,,,
RIBEIRA DO POMBAL-BA,,,,,,,,BA,,,"1.064,50",,,,,,,,-,,,,,,,"1.064,50",,,,,,,,,,"4.035,97",,,,,,,,,,
RIBEIRAO DO LARGO-BA,,,,,,,,BA,,,"789,79",,,,,,,,-,,,,,,,"789,79",,,,,,,,,,"2.994,42",,,,,,,,,,
RIO REAL-BA,,,,,,,,BA,,,"1.030,16",,,,,,,,-,,,,,,,"1.030,16",,,,,,,,,,"3.905,77",,,,,,,,,,
RUY BARBOSA-BA,,,,,,,,BA,,,"961,48",,,,,,,,-,,,,,,,"961,48",,,,,,,,,,"3.645,39",,,,,,,,,,
SALINAS DA MARGARIDA-BA,,,,,,,,BA,,,"25.801,31",,,,,,,,"114.664,16",,,,,,,"140.465,47",,,,,,,,,,"443.345,59",,,,,,,,,,
SALVADOR-BA,,,,,,,,BA,,,"46.911,48",,,,,,,,"114.664,16",,,,,,,"161.575,64",,,,,,,,,,"523.385,70",,,,,,,,,,
SANTA BARBARA-BA,,,,,,,,BA,,,"858,46",,,,,,,,-,,,,,,,"858,46",,,,,,,,,,"3.254,81",,,,,,,,,,
SANTA BRIGIDA-BA,,,,,,,,BA,,,"789,79",,,,,,,,-,,,,,,,"789,79",,,,,,,,,,"2.994,42",,,,,,,,,,
SANTA CRUZ CABRALIA-BA,,,,,,,,BA,,,"927,14",,,,,,,,-,,,,,,,"927,14",,,,,,,,,,"3.515,19",,,,,,,,,,
SANTA CRUZ DA VITORIA-BA,,,,,,,,BA,,,"686,77",,,,,,,,-,,,,,,,"686,77",,,,,,,,,,"2.603,84",,,,,,,,,,
SANTA INES-BA,,,,,,,,BA,,,"721,11",,,,,,,,-,,,,,,,"721,11",,,,,,,,,,"2.734,03",,,,,,,,,,
SANTA LUZIA-BA,,,,,,,,BA,,,"789,79",,,,,,,,-,,,,,,,"789,79",,,,,,,,,,"2.994,42",,,,,,,,,,
SANTA TERESINHA-BA,,,,,,,,BA,,,"686,77",,,,,,,,-,,,,,,,"686,77",,,,,,,,,,"2.603,84",,,,,,,,,,
SANTALUZ-BA,,,,,,,,BA,,,"995,82",,,,,,,,-,,,,,,,"995,82",,,,,,,,,,"3.775,58",,,,,,,,,,
SANTANOPOLIS-BA,,,,,,,,BA,,,"686,77",,,,,,,,-,,,,,,,"686,77",,,,,,,,,,"2.603,84",,,,,,,,,,
SANTO AMARO-BA,,,,,,,,BA,,,"38.701,97",,,,,,,,"114.664,16",,,,,,,"153.366,13",,,,,,,,,,"492.257,53",,,,,,,,,,
SANTO ANTONIO DE JESUS-BA,,,,,,,,BA,,,"1.236,19",,,,,,,,-,,,,,,,"1.236,19",,,,,,,,,,"4.686,94",,,,,,,,,,
SANTO ESTEVAO-BA,,,,,,,,BA,,,"1.064,50",,,,,,,,-,,,,,,,"1.064,50",,,,,,,,,,"4.035,97",,,,,,,,,,
SAO DOMINGOS-BA,,,,,,,,BA,,,"686,77",,,,,,,,-,,,,,,,"686,77",,,,,,,,,,"2.603,84",,,,,,,,,,
SAO FELIPE-BA,,,,,,,,BA,,,"892,80",,,,,,,,-,,,,,,,"892,80",,,,,,,,,,"3.385,00",,,,,,,,,,
SAO FELIX-BA,,,,,,,,BA,,,"789,79",,,,,,,,-,,,,,,,"789,79",,,,,,,,,,"2.994,42",,,,,,,,,,
SAO FRANCISCO DO CONDE-BA,,,,,,,,BA,,,"818.428,07",,,,,,,,"309.878,34",,,,,,,"1.128.306,41",,,,,,,,,,"3.710.187,65",,,,,,,,,,
SAO GONCALO DOS CAMPOS-BA,,,,,,,,BA,,,"961,48",,,,,,,,-,,,,,,,"961,48",,,,,,,,,,"3.645,39",,,,,,,,,,
SAO JOSE DA VITORIA-BA,,,,,,,,BA,,,"686,77",,,,,,,,-,,,,,,,"686,77",,,,,,,,,,"2.603,84",,,,,,,,,,
SAO JOSE DO JACUIPE-BA,,,,,,,,BA,,,"721,11",,,,,,,,-,,,,,,,"721,11",,,,,,,,,,"2.734,03",,,,,,,,,,
SAO MIGUEL DAS MATAS-BA,,,,,,,,BA,,,"721,11",,,,,,,,-,,,,,,,"721,11",,,,,,,,,,"2.734,03",,,,,,,,,,
SAO SEBASTIAO DO PASSE-BA,,,,,,,,BA,,,"244.124,80",,,,,,,,"131.728,64",,,,,,,"375.853,44",,,,,,,,,,"1.209.228,15",,,,,,,,,,
SAPEACU-BA,,,,,,,,BA,,,"824,13",,,,,,,,-,,,,,,,"824,13",,,,,,,,,,"3.124,62",,,,,,,,,,
SATIRO DIAS-BA,,,,,,,,BA,,,"62.771,60",,,,,,,,"10.807,81",,,,,,,"73.579,41",,,,,,,,,,"182.118,52",,,,,,,,,,
SAUBARA-BA,,,,,,,,BA,,,"24.628,52",,,,,,,,"114.664,16",,,,,,,"139.292,68",,,,,,,,,,"438.899,06",,,,,,,,,,
SERRA PRETA-BA,,,,,,,,BA,,,"789,79",,,,,,,,-,,,,,,,"789,79",,,,,,,,,,"2.994,42",,,,,,,,,,
SERRINHA-BA,,,,,,,,BA,,,"1.167,51",,,,,,,,-,,,,,,,"1.167,51",,,,,,,,,,"4.426,54",,,,,,,,,,
SERROLANDIA-BA,,,,,,,,BA,,,"755,45",,,,,,,,-,,,,,,,"755,45",,,,,,,,,,"2.864,23",,,,,,,,,,
SIMOES FILHO-BA,,,,,,,,BA,,,"1.312,84",,,,,,,,"0,90",,,,,,,"1.313,74",,,,,,,,,,"4.955,32",,,,,,,,,,
SITIO DO QUINTO-BA,,,,,,,,BA,,,"789,79",,,,,,,,-,,,,,,,"789,79",,,,,,,,,,"2.994,42",,,,,,,,,,
TANQUINHO-BA,,,,,,,,BA,,,"686,77",,,,,,,,-,,,,,,,"686,77",,,,,,,,,,"2.603,84",,,,,,,,,,
TAPEROA-BA,,,,,,,,BA,,,"858,46",,,,,,,,-,,,,,,,"858,46",,,,,,,,,,"3.254,81",,,,,,,,,,
TAPIRAMUTA-BA,,,,,,,,BA,,,"824,13",,,,,,,,-,,,,,,,"824,13",,,,,,,,,,"3.124,62",,,,,,,,,,
TEIXEIRA DE FREITAS-BA,,,,,,,,BA,,,"1.304,87",,,,,,,,-,,,,,,,"1.304,87",,,,,,,,,,"4.947,33",,,,,,,,,,
TEODORO SAMPAIO-BA,,,,,,,,BA,,,"686,77",,,,,,,,-,,,,,,,"686,77",,,,,,,,,,"2.603,84",,,,,,,,,,
TEOFILANDIA-BA,,,,,,,,BA,,,"892,80",,,,,,,,-,,,,,,,"892,80",,,,,,,,,,"3.385,00",,,,,,,,,,
TEOLANDIA-BA,,,,,,,,BA,,,"755,45",,,,,,,,-,,,,,,,"755,45",,,,,,,,,,"2.864,23",,,,,,,,,,
TERRA NOVA-BA,,,,,,,,BA,,,"1.021,19",,,,,,,,"171,40",,,,,,,"1.192,59",,,,,,,,,,"4.266,30",,,,,,,,,,
TUCANO-BA,,,,,,,,BA,,,"1.098,84",,,,,,,,-,,,,,,,"1.098,84",,,,,,,,,,"4.166,17",,,,,,,,,,
UAUA-BA,,,,,,,,BA,,,"927,14",,,,,,,,-,,,,,,,"927,14",,,,,,,,,,"3.515,19",,,,,,,,,,
UBAIRA-BA,,,,,,,,BA,,,"892,80",,,,,,,,-,,,,,,,"892,80",,,,,,,,,,"3.385,00",,,,,,,,,,
UBAITABA-BA,,,,,,,,BA,,,"892,80",,,,,,,,-,,,,,,,"892,80",,,,,,,,,,"3.385,00",,,,,,,,,,
UBATA-BA,,,,,,,,BA,,,"927,14",,,,,,,,-,,,,,,,"927,14",,,,,,,,,,"3.515,19",,,,,,,,,,
Superintendência de Controle das Participações Governamentais,,,,,,,,,,,,,,,,,,,,,,,,,,,,,,,,,,,,,,,,,,,,,,
UNA-BA,,,,,,,,BA,,,"927,14",,,,,,,,-,,,,,,,"927,14",,,,,,,,,,"3.515,19",,,,,,,,,,
URUCUCA-BA,,,,,,,,BA,,,"892,80",,,,,,,,-,,,,,,,"892,80",,,,,,,,,,"3.385,00",,,,,,,,,,
VALENCA-BA,,,,,,,,BA,,,"24.628,52",,,,,,,,-,,,,,,,"24.628,52",,,,,,,,,,"93.377,31",,,,,,,,,,
VALENTE-BA,,,,,,,,BA,,,"892,80",,,,,,,,-,,,,,,,"892,80",,,,,,,,,,"3.385,00",,,,,,,,,,
VARZEA DA ROCA-BA,,,,,,,,BA,,,"789,79",,,,,,,,-,,,,,,,"789,79",,,,,,,,,,"2.994,42",,,,,,,,,,
VARZEA DO POCO-BA,,,,,,,,BA,,,"686,77",,,,,,,,-,,,,,,,"686,77",,,,,,,,,,"2.603,84",,,,,,,,,,
VARZEA NOVA-BA,,,,,,,,BA,,,"755,45",,,,,,,,-,,,,,,,"755,45",,,,,,,,,,"2.864,23",,,,,,,,,,
VARZEDO-BA,,,,,,,,BA,,,"686,77",,,,,,,,-,,,,,,,"686,77",,,,,,,,,,"2.603,84",,,,,,,,,,
VERA CRUZ-BA,,,,,,,,BA,,,"1.692,97",,,,,,,,-,,,,,,,"1.692,97",,,,,,,,,,"5.006,94",,,,,,,,,,
VEREDA-BA,,,,,,,,BA,,,"686,77",,,,,,,,-,,,,,,,"686,77",,,,,,,,,,"2.603,84",,,,,,,,,,
VITORIA DA CONQUISTA-BA,,,,,,,,BA,,,"1.373,55",,,,,,,,-,,,,,,,"1.373,55",,,,,,,,,,"5.207,71",,,,,,,,,,
WENCESLAU GUIMARAES-BA,,,,,,,,BA,,,"892,80",,,,,,,,-,,,,,,,"892,80",,,,,,,,,,"3.385,00",,,,,,,,,,
BAHIA  TOTAL,,,,,,,,,,,"4.615.995,27",,,,,,,,"3.147.334,92",,,,,,,"7.763.330,19",,,,,,,,,,"24.877.404,01",,,,,,,,,,
ACARAU-CE,,,,,,,,CE,,,"1.837,96",,,,,,,,-,,,,,,,"1.837,96",,,,,,,,,,"5.327,48",,,,,,,,,,
ALCANTARAS-CE,,,,,,,,CE,,,"1.206,16",,,,,,,,-,,,,,,,"1.206,16",,,,,,,,,,"3.496,16",,,,,,,,,,
AMONTADA-CE,,,,,,,,CE,,,"39.255,65",,,,,,,,"45.043,70",,,,,,,"84.299,35",,,,,,,,,,"246.226,50",,,,,,,,,,
APUIARES-CE,,,,,,,,CE,,,"1.263,60",,,,,,,,-,,,,,,,"1.263,60",,,,,,,,,,"3.662,65",,,,,,,,,,
AQUIRAZ-CE,,,,,,,,CE,,,-,,,,,,,,"5.746,10",,,,,,,"5.746,10",,,,,,,,,,"19.706,85",,,,,,,,,,
ARACATI-CE,,,,,,,,CE,,,"430.953,07",,,,,,,,"13.862,47",,,,,,,"444.815,54",,,,,,,,,,"1.361.423,84",,,,,,,,,,
ARARENDA-CE,,,,,,,,CE,,,"1.206,16",,,,,,,,-,,,,,,,"1.206,16",,,,,,,,,,"3.496,16",,,,,,,,,,
BARROQUINHA-CE,,,,,,,,CE,,,"1.321,03",,,,,,,,-,,,,,,,"1.321,03",,,,,,,,,,"3.829,13",,,,,,,,,,
BELA CRUZ-CE,,,,,,,,CE,,,"1.608,22",,,,,,,,-,,,,,,,"1.608,22",,,,,,,,,,"4.661,55",,,,,,,,,,
CAMOCIM-CE,,,,,,,,CE,,,"1.895,40",,,,,,,,-,,,,,,,"1.895,40",,,,,,,,,,"5.493,97",,,,,,,,,,
CANINDE-CE,,,,,,,,CE,,,"2.010,27",,,,,,,,-,,,,,,,"2.010,27",,,,,,,,,,"5.826,94",,,,,,,,,,
CARIDADE-CE,,,,,,,,CE,,,"1.378,47",,,,,,,,-,,,,,,,"1.378,47",,,,,,,,,,"3.995,61",,,,,,,,,,
CARIRE-CE,,,,,,,,CE,,,"1.435,91",,,,,,,,-,,,,,,,"1.435,91",,,,,,,,,,"4.162,10",,,,,,,,,,
CARNAUBAL-CE,,,,,,,,CE,,,"1.378,47",,,,,,,,-,,,,,,,"1.378,47",,,,,,,,,,"3.995,61",,,,,,,,,,
CATUNDA-CE,,,,,,,,CE,,,"1.206,16",,,,,,,,-,,,,,,,"1.206,16",,,,,,,,,,"3.496,16",,,,,,,,,,
CAUCAIA-CE,,,,,,,,CE,,,"0,33",,,,,,,,"5.746,10",,,,,,,"5.746,43",,,,,,,,,,"19.708,42",,,,,,,,,,
CHAVAL-CE,,,,,,,,CE,,,"1.263,60",,,,,,,,-,,,,,,,"1.263,60",,,,,,,,,,"3.662,65",,,,,,,,,,
COREAU-CE,,,,,,,,CE,,,"1.493,34",,,,,,,,-,,,,,,,"1.493,34",,,,,,,,,,"4.328,58",,,,,,,,,,
CRATEUS-CE,,,,,,,,CE,,,"2.010,27",,,,,,,,-,,,,,,,"2.010,27",,,,,,,,,,"5.826,94",,,,,,,,,,
CROATA-CE,,,,,,,,CE,,,"1.378,47",,,,,,,,-,,,,,,,"1.378,47",,,,,,,,,,"3.995,61",,,,,,,,,,
CRUZ-CE,,,,,,,,CE,,,"1.493,34",,,,,,,,-,,,,,,,"1.493,34",,,,,,,,,,"4.328,58",,,,,,,,,,
FORQUILHA-CE,,,,,,,,CE,,,"1.493,34",,,,,,,,-,,,,,,,"1.493,34",,,,,,,,,,"4.328,58",,,,,,,,,,
FORTALEZA-CE,,,,,,,,CE,,,"78.904,01",,,,,,,,"7.661,47",,,,,,,"86.565,48",,,,,,,,,,"259.131,05",,,,,,,,,,
FRECHEIRINHA-CE,,,,,,,,CE,,,"1.263,60",,,,,,,,-,,,,,,,"1.263,60",,,,,,,,,,"3.662,65",,,,,,,,,,
GENERAL SAMPAIO-CE,,,,,,,,CE,,,"1.148,73",,,,,,,,-,,,,,,,"1.148,73",,,,,,,,,,"3.329,68",,,,,,,,,,
GRACA-CE,,,,,,,,CE,,,"1.321,03",,,,,,,,-,,,,,,,"1.321,03",,,,,,,,,,"3.829,13",,,,,,,,,,
GRANJA-CE,,,,,,,,CE,,,"1.837,96",,,,,,,,-,,,,,,,"1.837,96",,,,,,,,,,"5.327,48",,,,,,,,,,
GROAIRAS-CE,,,,,,,,CE,,,"1.148,73",,,,,,,,-,,,,,,,"1.148,73",,,,,,,,,,"3.329,68",,,,,,,,,,
GUARACIABA DO NORTE-CE,,,,,,,,CE,,,"1.723,09",,,,,,,,-,,,,,,,"1.723,09",,,,,,,,,,"4.994,51",,,,,,,,,,
HIDROLANDIA-CE,,,,,,,,CE,,,"1.435,91",,,,,,,,-,,,,,,,"1.435,91",,,,,,,,,,"4.162,10",,,,,,,,,,
HORIZONTE-CE,,,,,,,,CE,,,"387.079,11",,,,,,,,-,,,,,,,"387.079,11",,,,,,,,,,"1.192.281,18",,,,,,,,,,
IBIAPINA-CE,,,,,,,,CE,,,"1.493,34",,,,,,,,-,,,,,,,"1.493,34",,,,,,,,,,"4.328,58",,,,,,,,,,
ICAPUI-CE,,,,,,,,CE,,,"60.591,32",,,,,,,,"14.957,42",,,,,,,"75.548,74",,,,,,,,,,"225.584,84",,,,,,,,,,
INDEPENDENCIA-CE,,,,,,,,CE,,,"1.550,78",,,,,,,,-,,,,,,,"1.550,78",,,,,,,,,,"4.495,07",,,,,,,,,,
IPAPORANGA-CE,,,,,,,,CE,,,"1.206,16",,,,,,,,-,,,,,,,"1.206,16",,,,,,,,,,"3.496,16",,,,,,,,,,
IPU-CE,,,,,,,,CE,,,"1.723,09",,,,,,,,-,,,,,,,"1.723,09",,,,,,,,,,"4.994,51",,,,,,,,,,
IPUEIRAS-CE,,,,,,,,CE,,,"1.723,09",,,,,,,,-,,,,,,,"1.723,09",,,,,,,,,,"4.994,51",,,,,,,,,,
IRAUCUBA-CE,,,,,,,,CE,,,"1.493,34",,,,,,,,-,,,,,,,"1.493,34",,,,,,,,,,"4.328,58",,,,,,,,,,
ITAPAGE-CE,,,,,,,,CE,,,"1.780,53",,,,,,,,-,,,,,,,"1.780,53",,,,,,,,,,"5.161,00",,,,,,,,,,
ITAPIPOCA-CE,,,,,,,,CE,,,"48.415,30",,,,,,,,"44.148,23",,,,,,,"92.563,53",,,,,,,,,,"264.210,93",,,,,,,,,,
ITAREMA-CE,,,,,,,,CE,,,"37.947,12",,,,,,,,"38.388,92",,,,,,,"76.336,04",,,,,,,,,,"223.480,45",,,,,,,,,,
JAGUARUANA-CE,,,,,,,,CE,,,"55,53",,,,,,,,"23,32",,,,,,,"78,85",,,,,,,,,,"267,23",,,,,,,,,,
JIJOCA DE JERICOACOARA-CE,,,,,,,,CE,,,"1.321,03",,,,,,,,-,,,,,,,"1.321,03",,,,,,,,,,"3.829,13",,,,,,,,,,
Superintendência de Controle das Participações Governamentais,,,,,,,,,,,,,,,,,,,,,,,,,,,,,,,,,,,,,,,,,,,,,,
MARACANAU-CE,,,,,,,,CE,,,"387.056,86",,,,,,,,-,,,,,,,"387.056,86",,,,,,,,,,"1.192.012,07",,,,,,,,,,
MARCO-CE,,,,,,,,CE,,,"1.493,34",,,,,,,,-,,,,,,,"1.493,34",,,,,,,,,,"4.328,58",,,,,,,,,,
MARTINOPOLE-CE,,,,,,,,CE,,,"1.206,16",,,,,,,,-,,,,,,,"1.206,16",,,,,,,,,,"3.496,16",,,,,,,,,,
MASSAPE-CE,,,,,,,,CE,,,"1.665,65",,,,,,,,-,,,,,,,"1.665,65",,,,,,,,,,"4.828,03",,,,,,,,,,
MERUOCA-CE,,,,,,,,CE,,,"1.263,60",,,,,,,,-,,,,,,,"1.263,60",,,,,,,,,,"3.662,65",,,,,,,,,,
MIRAIMA-CE,,,,,,,,CE,,,"1.263,60",,,,,,,,-,,,,,,,"1.263,60",,,,,,,,,,"3.662,65",,,,,,,,,,
MONSENHOR TABOSA-CE,,,,,,,,CE,,,"1.378,47",,,,,,,,-,,,,,,,"1.378,47",,,,,,,,,,"3.995,61",,,,,,,,,,
MORAUJO-CE,,,,,,,,CE,,,"1.148,73",,,,,,,,-,,,,,,,"1.148,73",,,,,,,,,,"3.329,68",,,,,,,,,,
MORRINHOS-CE,,,,,,,,CE,,,"1.493,34",,,,,,,,-,,,,,,,"1.493,34",,,,,,,,,,"4.328,58",,,,,,,,,,
MUCAMBO-CE,,,,,,,,CE,,,"1.321,03",,,,,,,,-,,,,,,,"1.321,03",,,,,,,,,,"3.829,13",,,,,,,,,,
NOVA RUSSAS-CE,,,,,,,,CE,,,"1.608,22",,,,,,,,-,,,,,,,"1.608,22",,,,,,,,,,"4.661,55",,,,,,,,,,
NOVO ORIENTE-CE,,,,,,,,CE,,,"1.550,78",,,,,,,,-,,,,,,,"1.550,78",,,,,,,,,,"4.495,07",,,,,,,,,,
PACAJUS-CE,,,,,,,,CE,,,-,,,,,,,,-,,,,,,,-,,,,,,,,,,"6,33",,,,,,,,,,
PACUJA-CE,,,,,,,,CE,,,"1.148,73",,,,,,,,-,,,,,,,"1.148,73",,,,,,,,,,"3.329,68",,,,,,,,,,
PARACURU-CE,,,,,,,,CE,,,"36.638,60",,,,,,,,"55.922,62",,,,,,,"92.561,22",,,,,,,,,,"271.535,84",,,,,,,,,,
PARAIPABA-CE,,,,,,,,CE,,,"1.608,22",,,,,,,,"2.828,45",,,,,,,"4.436,67",,,,,,,,,,"13.005,01",,,,,,,,,,
PARAMOTI-CE,,,,,,,,CE,,,"1.206,16",,,,,,,,-,,,,,,,"1.206,16",,,,,,,,,,"3.496,16",,,,,,,,,,
PENTECOSTE-CE,,,,,,,,CE,,,"1.665,65",,,,,,,,-,,,,,,,"1.665,65",,,,,,,,,,"4.828,03",,,,,,,,,,
PIRES FERREIRA-CE,,,,,,,,CE,,,"1.148,73",,,,,,,,-,,,,,,,"1.148,73",,,,,,,,,,"3.329,68",,,,,,,,,,
PORANGA-CE,,,,,,,,CE,,,"1.206,16",,,,,,,,-,,,,,,,"1.206,16",,,,,,,,,,"3.496,16",,,,,,,,,,
QUITERIANOPOLIS-CE,,,,,,,,CE,,,"1.493,34",,,,,,,,-,,,,,,,"1.493,34",,,,,,,,,,"4.328,58",,,,,,,,,,
RERIUTABA-CE,,,,,,,,CE,,,"1.435,91",,,,,,,,-,,,,,,,"1.435,91",,,,,,,,,,"4.162,10",,,,,,,,,,
SANTA QUITERIA-CE,,,,,,,,CE,,,"1.780,53",,,,,,,,-,,,,,,,"1.780,53",,,,,,,,,,"5.161,00",,,,,,,,,,
SANTANA DO ACARAU-CE,,,,,,,,CE,,,"1.608,22",,,,,,,,-,,,,,,,"1.608,22",,,,,,,,,,"4.661,55",,,,,,,,,,
SAO BENEDITO-CE,,,,,,,,CE,,,"1.780,53",,,,,,,,-,,,,,,,"1.780,53",,,,,,,,,,"5.161,00",,,,,,,,,,
SAO GONCALO DO AMARANTE-CE,,,,,,,,CE,,,"388.825,70",,,,,,,,-,,,,,,,"388.825,70",,,,,,,,,,"1.197.146,32",,,,,,,,,,
SAO LUIS DO CURU-CE,,,,,,,,CE,,,"1.263,60",,,,,,,,-,,,,,,,"1.263,60",,,,,,,,,,"3.662,65",,,,,,,,,,
SENADOR SA-CE,,,,,,,,CE,,,"1.148,73",,,,,,,,-,,,,,,,"1.148,73",,,,,,,,,,"3.329,68",,,,,,,,,,
SOBRAL-CE,,,,,,,,CE,,,"2.297,46",,,,,,,,-,,,,,,,"2.297,46",,,,,,,,,,"6.659,37",,,,,,,,,,
TAMBORIL-CE,,,,,,,,CE,,,"1.550,78",,,,,,,,-,,,,,,,"1.550,78",,,,,,,,,,"4.495,07",,,,,,,,,,
TEJUCUOCA-CE,,,,,,,,CE,,,"1.321,03",,,,,,,,-,,,,,,,"1.321,03",,,,,,,,,,"3.829,13",,,,,,,,,,
TIANGUA-CE,,,,,,,,CE,,,"1.952,84",,,,,,,,-,,,,,,,"1.952,84",,,,,,,,,,"5.660,46",,,,,,,,,,
TRAIRI-CE,,,,,,,,CE,,,"41.872,69",,,,,,,,"68.829,78",,,,,,,"110.702,47",,,,,,,,,,"317.495,73",,,,,,,,,,
TURURU-CE,,,,,,,,CE,,,"1.263,60",,,,,,,,-,,,,,,,"1.263,60",,,,,,,,,,"3.662,65",,,,,,,,,,
UBAJARA-CE,,,,,,,,CE,,,"1.608,22",,,,,,,,-,,,,,,,"1.608,22",,,,,,,,,,"4.661,55",,,,,,,,,,
UMIRIM-CE,,,,,,,,CE,,,"1.435,91",,,,,,,,-,,,,,,,"1.435,91",,,,,,,,,,"4.162,10",,,,,,,,,,
URUBURETAMA-CE,,,,,,,,CE,,,"1.435,91",,,,,,,,-,,,,,,,"1.435,91",,,,,,,,,,"4.162,10",,,,,,,,,,
URUOCA-CE,,,,,,,,CE,,,"1.263,60",,,,,,,,-,,,,,,,"1.263,60",,,,,,,,,,"3.662,65",,,,,,,,,,
VARJOTA-CE,,,,,,,,CE,,,"1.378,47",,,,,,,,-,,,,,,,"1.378,47",,,,,,,,,,"3.995,61",,,,,,,,,,
VICOSA DO CEARA-CE,,,,,,,,CE,,,"1.837,96",,,,,,,,-,,,,,,,"1.837,96",,,,,,,,,,"5.327,48",,,,,,,,,,
CEARA  TOTAL,,,,,,,,,,,"2.037.879,08",,,,,,,,"303.158,58",,,,,,,"2.341.037,66",,,,,,,,,,"7.089.241,95",,,,,,,,,,
AFONSO CLAUDIO-ES,,,,,,,,ES,,,"23.841,23",,,,,,,,-,,,,,,,"23.841,23",,,,,,,,,,"102.718,09",,,,,,,,,,
AGUA DOCE DO NORTE-ES,,,,,,,,ES,,,"17.880,92",,,,,,,,-,,,,,,,"17.880,92",,,,,,,,,,"77.038,56",,,,,,,,,,
AGUIA BRANCA-ES,,,,,,,,ES,,,"17.029,45",,,,,,,,-,,,,,,,"17.029,45",,,,,,,,,,"73.370,06",,,,,,,,,,
ALEGRE-ES,,,,,,,,ES,,,"23.841,23",,,,,,,,-,,,,,,,"23.841,23",,,,,,,,,,"102.718,09",,,,,,,,,,
ALFREDO CHAVES-ES,,,,,,,,ES,,,"18.732,40",,,,,,,,-,,,,,,,"18.732,40",,,,,,,,,,"80.707,07",,,,,,,,,,
ALTO RIO NOVO-ES,,,,,,,,ES,,,"17.029,45",,,,,,,,-,,,,,,,"17.029,45",,,,,,,,,,"73.370,06",,,,,,,,,,
ANCHIETA-ES,,,,,,,,ES,,,"122.564,93",,,,,,,,-,,,,,,,"122.564,93",,,,,,,,,,"528.061,43",,,,,,,,,,
APIACA-ES,,,,,,,,ES,,,"17.029,45",,,,,,,,-,,,,,,,"17.029,45",,,,,,,,,,"73.370,06",,,,,,,,,,
ARACRUZ-ES,,,,,,,,ES,,,"171.590,90",,,,,,,,"746.361,84",,,,,,,"917.952,74",,,,,,,,,,"3.916.467,90",,,,,,,,,,
ATILIO VIVACQUA-ES,,,,,,,,ES,,,"17.029,45",,,,,,,,-,,,,,,,"17.029,45",,,,,,,,,,"73.370,06",,,,,,,,,,
BAIXO GUANDU-ES,,,,,,,,ES,,,"23.841,23",,,,,,,,-,,,,,,,"23.841,23",,,,,,,,,,"102.718,09",,,,,,,,,,
BARRA DE SAO FRANCISCO-ES,,,,,,,,ES,,,"25.544,18",,,,,,,,-,,,,,,,"25.544,18",,,,,,,,,,"110.055,10",,,,,,,,,,
BOA ESPERANCA-ES,,,,,,,,ES,,,"18.732,40",,,,,,,,-,,,,,,,"18.732,40",,,,,,,,,,"80.707,07",,,,,,,,,,
BOM JESUS DO NORTE-ES,,,,,,,,ES,,,"17.029,45",,,,,,,,-,,,,,,,"17.029,45",,,,,,,,,,"73.370,06",,,,,,,,,,
BREJETUBA-ES,,,,,,,,ES,,,"17.880,92",,,,,,,,-,,,,,,,"17.880,92",,,,,,,,,,"77.038,56",,,,,,,,,,
Superintendência de Controle das Participações Governamentais,,,,,,,,,,,,,,,,,,,,,,,,,,,,,,,,,,,,,,,,,,,,,,
CACHOEIRO DE ITAPEMIRIM-ES,,,,,,,,ES,,,"34.058,90",,,,,,,,-,,,,,,,"34.058,90",,,,,,,,,,"146.740,13",,,,,,,,,,
CARIACICA-ES,,,,,,,,ES,,,"34.058,90",,,,,,,,-,,,,,,,"34.058,90",,,,,,,,,,"146.740,13",,,,,,,,,,
CASTELO-ES,,,,,,,,ES,,,"24.692,70",,,,,,,,-,,,,,,,"24.692,70",,,,,,,,,,"106.386,59",,,,,,,,,,
COLATINA-ES,,,,,,,,ES,,,"31.504,49",,,,,,,,-,,,,,,,"31.504,49",,,,,,,,,,"135.734,63",,,,,,,,,,
CONCEICAO DA BARRA-ES,,,,,,,,ES,,,"74.013,53",,,,,,,,"15.390,26",,,,,,,"89.403,79",,,,,,,,,,"302.559,19",,,,,,,,,,
CONCEICAO DO CASTELO-ES,,,,,,,,ES,,,"17.880,92",,,,,,,,-,,,,,,,"17.880,92",,,,,,,,,,"77.038,56",,,,,,,,,,
DIVINO DE SAO LOURENCO-ES,,,,,,,,ES,,,"17.029,45",,,,,,,,-,,,,,,,"17.029,45",,,,,,,,,,"73.370,06",,,,,,,,,,
DOMINGOS MARTINS-ES,,,,,,,,ES,,,"23.841,23",,,,,,,,-,,,,,,,"23.841,23",,,,,,,,,,"102.718,09",,,,,,,,,,
DORES DO RIO PRETO-ES,,,,,,,,ES,,,"17.029,45",,,,,,,,-,,,,,,,"17.029,45",,,,,,,,,,"73.370,06",,,,,,,,,,
ECOPORANGA-ES,,,,,,,,ES,,,"22.138,29",,,,,,,,-,,,,,,,"22.138,29",,,,,,,,,,"95.381,08",,,,,,,,,,
FUNDAO-ES,,,,,,,,ES,,,"112.759,74",,,,,,,,"123.666,49",,,,,,,"236.426,23",,,,,,,,,,"1.012.247,68",,,,,,,,,,
GOVERNADOR LINDENBERG-ES,,,,,,,,ES,,,"17.029,45",,,,,,,,-,,,,,,,"17.029,45",,,,,,,,,,"73.370,06",,,,,,,,,,
GUACUI-ES,,,,,,,,ES,,,"22.989,76",,,,,,,,-,,,,,,,"22.989,76",,,,,,,,,,"99.049,59",,,,,,,,,,
GUARAPARI-ES,,,,,,,,ES,,,"31.504,49",,,,,,,,-,,,,,,,"31.504,49",,,,,,,,,,"135.734,63",,,,,,,,,,
IBATIBA-ES,,,,,,,,ES,,,"21.286,81",,,,,,,,-,,,,,,,"21.286,81",,,,,,,,,,"91.712,58",,,,,,,,,,
IBIRACU-ES,,,,,,,,ES,,,"17.880,92",,,,,,,,-,,,,,,,"17.880,92",,,,,,,,,,"77.038,56",,,,,,,,,,
IBITIRAMA-ES,,,,,,,,ES,,,"17.029,45",,,,,,,,-,,,,,,,"17.029,45",,,,,,,,,,"73.370,06",,,,,,,,,,
ICONHA-ES,,,,,,,,ES,,,"17.880,92",,,,,,,,-,,,,,,,"17.880,92",,,,,,,,,,"77.038,56",,,,,,,,,,
IRUPI-ES,,,,,,,,ES,,,"17.880,92",,,,,,,,-,,,,,,,"17.880,92",,,,,,,,,,"77.038,56",,,,,,,,,,
ITAGUACU-ES,,,,,,,,ES,,,"18.732,40",,,,,,,,-,,,,,,,"18.732,40",,,,,,,,,,"80.707,07",,,,,,,,,,
ITAPEMIRIM-ES,,,,,,,,ES,,,"137.272,72",,,,,,,,"479.491,17",,,,,,,"616.763,89",,,,,,,,,,"2.063.021,30",,,,,,,,,,
ITARANA-ES,,,,,,,,ES,,,"17.880,92",,,,,,,,-,,,,,,,"17.880,92",,,,,,,,,,"77.038,56",,,,,,,,,,
IUNA-ES,,,,,,,,ES,,,"22.989,76",,,,,,,,-,,,,,,,"22.989,76",,,,,,,,,,"99.049,59",,,,,,,,,,
JAGUARE-ES,,,,,,,,ES,,,"271.138,48",,,,,,,,"113.518,46",,,,,,,"384.656,94",,,,,,,,,,"1.229.172,25",,,,,,,,,,
JERONIMO MONTEIRO-ES,,,,,,,,ES,,,"17.880,92",,,,,,,,-,,,,,,,"17.880,92",,,,,,,,,,"77.038,56",,,,,,,,,,
JOAO NEIVA-ES,,,,,,,,ES,,,"19.583,87",,,,,,,,-,,,,,,,"19.583,87",,,,,,,,,,"84.375,57",,,,,,,,,,
LARANJA DA TERRA-ES,,,,,,,,ES,,,"17.880,92",,,,,,,,-,,,,,,,"17.880,92",,,,,,,,,,"77.038,56",,,,,,,,,,
LINHARES-ES,,,,,,,,ES,,,"1.442.093,94",,,,,,,,"453.326,89",,,,,,,"1.895.420,83",,,,,,,,,,"8.676.486,87",,,,,,,,,,
MANTENOPOLIS-ES,,,,,,,,ES,,,"17.880,92",,,,,,,,-,,,,,,,"17.880,92",,,,,,,,,,"77.038,56",,,,,,,,,,
MARATAIZES-ES,,,,,,,,ES,,,"23.841,23",,,,,,,,"175.476,17",,,,,,,"199.317,40",,,,,,,,,,"493.832,54",,,,,,,,,,
MARECHAL FLORIANO-ES,,,,,,,,ES,,,"18.732,40",,,,,,,,-,,,,,,,"18.732,40",,,,,,,,,,"80.707,07",,,,,,,,,,
MARILANDIA-ES,,,,,,,,ES,,,"17.880,92",,,,,,,,-,,,,,,,"17.880,92",,,,,,,,,,"77.038,56",,,,,,,,,,
MIMOSO DO SUL-ES,,,,,,,,ES,,,"22.989,76",,,,,,,,-,,,,,,,"22.989,76",,,,,,,,,,"99.049,59",,,,,,,,,,
MONTANHA-ES,,,,,,,,ES,,,"20.435,34",,,,,,,,-,,,,,,,"20.435,34",,,,,,,,,,"88.044,07",,,,,,,,,,
MUCURICI-ES,,,,,,,,ES,,,"17.029,45",,,,,,,,-,,,,,,,"17.029,45",,,,,,,,,,"73.370,06",,,,,,,,,,
MUNIZ FREIRE-ES,,,,,,,,ES,,,"21.286,81",,,,,,,,-,,,,,,,"21.286,81",,,,,,,,,,"91.712,58",,,,,,,,,,
MUQUI-ES,,,,,,,,ES,,,"18.732,40",,,,,,,,-,,,,,,,"18.732,40",,,,,,,,,,"80.707,07",,,,,,,,,,
NOVA VENECIA-ES,,,,,,,,ES,,,"26.395,65",,,,,,,,-,,,,,,,"26.395,65",,,,,,,,,,"113.723,61",,,,,,,,,,
PANCAS-ES,,,,,,,,ES,,,"21.286,81",,,,,,,,-,,,,,,,"21.286,81",,,,,,,,,,"91.712,58",,,,,,,,,,
PEDRO CANARIO-ES,,,,,,,,ES,,,"22.138,29",,,,,,,,-,,,,,,,"22.138,29",,,,,,,,,,"95.381,08",,,,,,,,,,
PINHEIROS-ES,,,,,,,,ES,,,"22.138,29",,,,,,,,-,,,,,,,"22.138,29",,,,,,,,,,"95.381,08",,,,,,,,,,
PIUMA-ES,,,,,,,,ES,,,"20.435,34",,,,,,,,"14.873,74",,,,,,,"35.309,08",,,,,,,,,,"113.203,81",,,,,,,,,,
PONTO BELO-ES,,,,,,,,ES,,,"17.029,45",,,,,,,,-,,,,,,,"17.029,45",,,,,,,,,,"73.370,06",,,,,,,,,,
PRESIDENTE KENNEDY-ES,,,,,,,,ES,,,"102.954,54",,,,,,,,"1.986.981,68",,,,,,,"2.089.936,22",,,,,,,,,,"6.895.158,80",,,,,,,,,,
RIO BANANAL-ES,,,,,,,,ES,,,"20.435,34",,,,,,,,-,,,,,,,"20.435,34",,,,,,,,,,"88.044,07",,,,,,,,,,
RIO NOVO DO SUL-ES,,,,,,,,ES,,,"17.880,92",,,,,,,,-,,,,,,,"17.880,92",,,,,,,,,,"77.038,56",,,,,,,,,,
SANTA LEOPOLDINA-ES,,,,,,,,ES,,,"18.732,40",,,,,,,,-,,,,,,,"18.732,40",,,,,,,,,,"80.707,07",,,,,,,,,,
SANTA MARIA DE JETIBA-ES,,,,,,,,ES,,,"23.841,23",,,,,,,,-,,,,,,,"23.841,23",,,,,,,,,,"102.718,09",,,,,,,,,,
SANTA TERESA-ES,,,,,,,,ES,,,"22.138,29",,,,,,,,-,,,,,,,"22.138,29",,,,,,,,,,"95.381,08",,,,,,,,,,
SAO DOMINGOS DO NORTE-ES,,,,,,,,ES,,,"17.029,45",,,,,,,,-,,,,,,,"17.029,45",,,,,,,,,,"73.370,06",,,,,,,,,,
SAO GABRIEL DA PALHA-ES,,,,,,,,ES,,,"23.841,23",,,,,,,,-,,,,,,,"23.841,23",,,,,,,,,,"102.718,09",,,,,,,,,,
SAO JOSE DO CALCADO-ES,,,,,,,,ES,,,"17.880,92",,,,,,,,-,,,,,,,"17.880,92",,,,,,,,,,"77.038,56",,,,,,,,,,
SAO MATEUS-ES,,,,,,,,ES,,,"892.711,89",,,,,,,,"65.293,99",,,,,,,"958.005,88",,,,,,,,,,"3.211.585,98",,,,,,,,,,
SAO ROQUE DO CANAA-ES,,,,,,,,ES,,,"17.880,92",,,,,,,,-,,,,,,,"17.880,92",,,,,,,,,,"77.038,56",,,,,,,,,,
SERRA-ES,,,,,,,,ES,,,"196.103,89",,,,,,,,"314.779,62",,,,,,,"510.883,51",,,,,,,,,,"2.184.875,43",,,,,,,,,,
SOORETAMA-ES,,,,,,,,ES,,,"22.138,29",,,,,,,,-,,,,,,,"22.138,29",,,,,,,,,,"95.381,08",,,,,,,,,,
VARGEM ALTA-ES,,,,,,,,ES,,,"20.435,34",,,,,,,,-,,,,,,,"20.435,34",,,,,,,,,,"88.044,07",,,,,,,,,,
Superintendência de Controle das Participações Governamentais,,,,,,,,,,,,,,,,,,,,,,,,,,,,,,,,,,,,,,,,,,,,,,
VENDA NOVA DO IMIGRANTE-ES,,,,,,,,ES,,,"21.286,81",,,,,,,,-,,,,,,,"21.286,81",,,,,,,,,,"91.712,58",,,,,,,,,,
VIANA-ES,,,,,,,,ES,,,"28.098,60",,,,,,,,-,,,,,,,"28.098,60",,,,,,,,,,"121.060,61",,,,,,,,,,
VILA PAVAO-ES,,,,,,,,ES,,,"17.029,45",,,,,,,,-,,,,,,,"17.029,45",,,,,,,,,,"73.370,06",,,,,,,,,,
VILA VALERIO-ES,,,,,,,,ES,,,"18.732,40",,,,,,,,-,,,,,,,"18.732,40",,,,,,,,,,"80.707,07",,,,,,,,,,
VILA VELHA-ES,,,,,,,,ES,,,"196.103,89",,,,,,,,-,,,,,,,"196.103,89",,,,,,,,,,"844.898,30",,,,,,,,,,
VITORIA-ES,,,,,,,,ES,,,"196.103,89",,,,,,,,"27.196,08",,,,,,,"223.299,97",,,,,,,,,,"960.672,05",,,,,,,,,,
ESPIRITO SANTO  TOTAL,,,,,,,,,,,"5.287.134,59",,,,,,,,"4.516.356,39",,,,,,,"9.803.490,98",,,,,,,,,,"38.151.439,88",,,,,,,,,,
BETIM-MG,,,,,,,,MG,,,"31.041,22",,,,,,,,-,,,,,,,"31.041,22",,,,,,,,,,"92.790,32",,,,,,,,,,
JUIZ DE FORA-MG,,,,,,,,MG,,,-,,,,,,,,-,,,,,,,-,,,,,,,,,,-,,,,,,,,,,
MINAS GERAIS  TOTAL,,,,,,,,,,,"31.041,22",,,,,,,,-,,,,,,,"31.041,22",,,,,,,,,,"92.790,32",,,,,,,,,,
AFUA-PA,,,,,,,,PA,,,-,,,,,,,,"4.993,78",,,,,,,"4.993,78",,,,,,,,,,"14.465,49",,,,,,,,,,
ALENQUER-PA,,,,,,,,PA,,,-,,,,,,,,"4.993,78",,,,,,,"4.993,78",,,,,,,,,,"14.465,49",,,,,,,,,,
ALMEIRIM-PA,,,,,,,,PA,,,-,,,,,,,,"4.992,47",,,,,,,"4.992,47",,,,,,,,,,"14.464,18",,,,,,,,,,
ANAJAS-PA,,,,,,,,PA,,,-,,,,,,,,"4.992,47",,,,,,,"4.992,47",,,,,,,,,,"14.464,18",,,,,,,,,,
BREVES-PA,,,,,,,,PA,,,-,,,,,,,,"4.992,47",,,,,,,"4.992,47",,,,,,,,,,"14.464,18",,,,,,,,,,
CHAVES-PA,,,,,,,,PA,,,-,,,,,,,,"4.992,47",,,,,,,"4.992,47",,,,,,,,,,"14.464,18",,,,,,,,,,
CURUA-PA,,,,,,,,PA,,,-,,,,,,,,"4.993,78",,,,,,,"4.993,78",,,,,,,,,,"14.465,49",,,,,,,,,,
FARO-PA,,,,,,,,PA,,,-,,,,,,,,"4.993,78",,,,,,,"4.993,78",,,,,,,,,,"14.465,49",,,,,,,,,,
GURUPA-PA,,,,,,,,PA,,,-,,,,,,,,"4.993,78",,,,,,,"4.993,78",,,,,,,,,,"14.465,49",,,,,,,,,,
JURUTI-PA,,,,,,,,PA,,,-,,,,,,,,"4.993,78",,,,,,,"4.993,78",,,,,,,,,,"14.465,49",,,,,,,,,,
MELGACO-PA,,,,,,,,PA,,,-,,,,,,,,"4.993,78",,,,,,,"4.993,78",,,,,,,,,,"14.465,49",,,,,,,,,,
MONTE ALEGRE-PA,,,,,,,,PA,,,-,,,,,,,,"4.993,78",,,,,,,"4.993,78",,,,,,,,,,"14.465,49",,,,,,,,,,
OBIDOS-PA,,,,,,,,PA,,,-,,,,,,,,"4.993,78",,,,,,,"4.993,78",,,,,,,,,,"14.465,49",,,,,,,,,,
PORTO DE MOZ-PA,,,,,,,,PA,,,-,,,,,,,,"4.993,78",,,,,,,"4.993,78",,,,,,,,,,"14.465,49",,,,,,,,,,
PRAINHA-PA,,,,,,,,PA,,,-,,,,,,,,"4.993,78",,,,,,,"4.993,78",,,,,,,,,,"14.465,49",,,,,,,,,,
SANTAREM-PA,,,,,,,,PA,,,-,,,,,,,,"4.993,78",,,,,,,"4.993,78",,,,,,,,,,"14.465,49",,,,,,,,,,
TERRA SANTA-PA,,,,,,,,PA,,,-,,,,,,,,"4.993,78",,,,,,,"4.993,78",,,,,,,,,,"14.465,49",,,,,,,,,,
PARA  TOTAL,,,,,,,,,,,-,,,,,,,,"84.889,02",,,,,,,"84.889,02",,,,,,,,,,"245.908,09",,,,,,,,,,
BAYEUX-PB,,,,,,,,PB,,,"1,88",,,,,,,,-,,,,,,,"1,88",,,,,,,,,,"6,70",,,,,,,,,,
CALDAS BRANDAO-PB,,,,,,,,PB,,,"31.041,22",,,,,,,,-,,,,,,,"31.041,22",,,,,,,,,,"92.786,53",,,,,,,,,,
PEDRAS DE FOGO-PB,,,,,,,,PB,,,-,,,,,,,,-,,,,,,,-,,,,,,,,,,-,,,,,,,,,,
SANTA RITA-PB,,,,,,,,PB,,,-,,,,,,,,-,,,,,,,-,,,,,,,,,,"3,79",,,,,,,,,,
PARAIBA  TOTAL,,,,,,,,,,,"31.043,10",,,,,,,,-,,,,,,,"31.043,10",,,,,,,,,,"92.797,02",,,,,,,,,,
CABO DE SANTO AGOSTINHO-PE,,,,,,,,PE,,,"387.068,62",,,,,,,,-,,,,,,,"387.068,62",,,,,,,,,,"1.192.044,45",,,,,,,,,,
CAMARAGIBE-PE,,,,,,,,PE,,,"355.994,12",,,,,,,,-,,,,,,,"355.994,12",,,,,,,,,,"1.099.178,19",,,,,,,,,,
GOIANA-PE,,,,,,,,PE,,,"387.056,86",,,,,,,,-,,,,,,,"387.056,86",,,,,,,,,,"1.192.011,02",,,,,,,,,,
IGARASSU-PE,,,,,,,,PE,,,-,,,,,,,,-,,,,,,,-,,,,,,,,,,"3,79",,,,,,,,,,
IPOJUCA-PE,,,,,,,,PE,,,"41,69",,,,,,,,-,,,,,,,"41,69",,,,,,,,,,"61.784,16",,,,,,,,,,
ITAMBE-PE,,,,,,,,PE,,,"387.015,30",,,,,,,,-,,,,,,,"387.015,30",,,,,,,,,,"387.039,12",,,,,,,,,,
ITAQUITINGA-PE,,,,,,,,PE,,,"387.042,63",,,,,,,,-,,,,,,,"387.042,63",,,,,,,,,,"1.191.978,93",,,,,,,,,,
JABOATAO DOS GUARARAPES-PE,,,,,,,,PE,,,"24,32",,,,,,,,-,,,,,,,"24,32",,,,,,,,,,"92,54",,,,,,,,,,
MORENO-PE,,,,,,,,PE,,,"12,84",,,,,,,,-,,,,,,,"12,84",,,,,,,,,,"23,95",,,,,,,,,,
PAULISTA-PE,,,,,,,,PE,,,"355.994,12",,,,,,,,-,,,,,,,"355.994,12",,,,,,,,,,"1.099.181,98",,,,,,,,,,
RECIFE-PE,,,,,,,,PE,,,"31.062,74",,,,,,,,-,,,,,,,"31.062,74",,,,,,,,,,"92.839,15",,,,,,,,,,
SAO LOURENCO DA MATA-PE,,,,,,,,PE,,,"17,44",,,,,,,,-,,,,,,,"17,44",,,,,,,,,,"38,96",,,,,,,,,,
VITORIA DE SANTO ANTAO-PE,,,,,,,,PE,,,"355.994,12",,,,,,,,-,,,,,,,"355.994,12",,,,,,,,,,"1.099.178,19",,,,,,,,,,
PERNAMBUCO  TOTAL,,,,,,,,,,,"2.647.324,80",,,,,,,,-,,,,,,,"2.647.324,80",,,,,,,,,,"7.415.394,43",,,,,,,,,,
ADRIANOPOLIS-PR,,,,,,,,PR,,,-,,,,,,,,-,,,,,,,-,,,,,,,,,,"447,82",,,,,,,,,,
AGUDOS DO SUL-PR,,,,,,,,PR,,,-,,,,,,,,-,,,,,,,-,,,,,,,,,,"447,82",,,,,,,,,,
ALMIRANTE TAMANDARE-PR,,,,,,,,PR,,,-,,,,,,,,-,,,,,,,-,,,,,,,,,,"806,08",,,,,,,,,,
ANTONINA-PR,,,,,,,,PR,,,-,,,,,,,,-,,,,,,,-,,,,,,,,,,"537,39",,,,,,,,,,
ARAUCARIA-PR,,,,,,,,PR,,,-,,,,,,,,-,,,,,,,-,,,,,,,,,,"832,27",,,,,,,,,,
BALSA NOVA-PR,,,,,,,,PR,,,-,,,,,,,,-,,,,,,,-,,,,,,,,,,"470,21",,,,,,,,,,
BOCAIUVA DO SUL-PR,,,,,,,,PR,,,-,,,,,,,,-,,,,,,,-,,,,,,,,,,"447,82",,,,,,,,,,
CAMPINA GRANDE DO SUL-PR,,,,,,,,PR,,,-,,,,,,,,-,,,,,,,-,,,,,,,,,,"649,34",,,,,,,,,,
CAMPO DO TENENTE-PR,,,,,,,,PR,,,-,,,,,,,,-,,,,,,,-,,,,,,,,,,"447,82",,,,,,,,,,
Superintendência de Controle das Participações Governamentais,,,,,,,,,,,,,,,,,,,,,,,,,,,,,,,,,,,,,,,,,,,,,,
CAMPO LARGO-PR,,,,,,,,PR,,,-,,,,,,,,-,,,,,,,-,,,,,,,,,,"828,48",,,,,,,,,,
CAMPO MAGRO-PR,,,,,,,,PR,,,-,,,,,,,,-,,,,,,,-,,,,,,,,,,"582,16",,,,,,,,,,
CERRO AZUL-PR,,,,,,,,PR,,,-,,,,,,,,-,,,,,,,-,,,,,,,,,,"537,39",,,,,,,,,,
COLOMBO-PR,,,,,,,,PR,,,-,,,,,,,,-,,,,,,,-,,,,,,,,,,"895,64",,,,,,,,,,
CONTENDA-PR,,,,,,,,PR,,,-,,,,,,,,-,,,,,,,-,,,,,,,,,,"515,00",,,,,,,,,,
CURITIBA-PR,,,,,,,,PR,,,-,,,,,,,,-,,,,,,,-,,,,,,,,,,"895,64",,,,,,,,,,
DOUTOR ULYSSES-PR,,,,,,,,PR,,,-,,,,,,,,-,,,,,,,-,,,,,,,,,,"447,82",,,,,,,,,,
FAZENDA RIO GRANDE-PR,,,,,,,,PR,,,-,,,,,,,,-,,,,,,,-,,,,,,,,,,"783,69",,,,,,,,,,
GUARAQUECABA-PR,,,,,,,,PR,,,-,,,,,,,,-,,,,,,,-,,,,,,,,,,"447,82",,,,,,,,,,
GUARATUBA-PR,,,,,,,,PR,,,-,,,,,,,,-,,,,,,,-,,,,,,,,,,"626,95",,,,,,,,,,
ITAPERUCU-PR,,,,,,,,PR,,,-,,,,,,,,-,,,,,,,-,,,,,,,,,,"582,16",,,,,,,,,,
LAPA-PR,,,,,,,,PR,,,-,,,,,,,,-,,,,,,,-,,,,,,,,,,"694,13",,,,,,,,,,
MANDIRITUBA-PR,,,,,,,,PR,,,-,,,,,,,,-,,,,,,,-,,,,,,,,,,"582,16",,,,,,,,,,
MATINHOS-PR,,,,,,,,PR,,,-,,,,,,,,-,,,,,,,-,,,,,,,,,,"57.302,41",,,,,,,,,,
MORRETES-PR,,,,,,,,PR,,,-,,,,,,,,-,,,,,,,-,,,,,,,,,,"537,39",,,,,,,,,,
PARANAGUA-PR,,,,,,,,PR,,,-,,,,,,,,-,,,,,,,-,,,,,,,,,,"970,73",,,,,,,,,,
PIEN-PR,,,,,,,,PR,,,-,,,,,,,,-,,,,,,,-,,,,,,,,,,"470,21",,,,,,,,,,
PINHAIS-PR,,,,,,,,PR,,,-,,,,,,,,-,,,,,,,-,,,,,,,,,,"850,87",,,,,,,,,,
PIRAQUARA-PR,,,,,,,,PR,,,-,,,,,,,,-,,,,,,,-,,,,,,,,,,"806,08",,,,,,,,,,
PONTAL DO PARANA-PR,,,,,,,,PR,,,-,,,,,,,,-,,,,,,,-,,,,,,,,,,"5.725,11",,,,,,,,,,
PORTO AMAZONAS-PR,,,,,,,,PR,,,-,,,,,,,,-,,,,,,,-,,,,,,,,,,"447,82",,,,,,,,,,
QUATRO BARRAS-PR,,,,,,,,PR,,,-,,,,,,,,-,,,,,,,-,,,,,,,,,,"559,78",,,,,,,,,,
QUITANDINHA-PR,,,,,,,,PR,,,-,,,,,,,,-,,,,,,,-,,,,,,,,,,"515,00",,,,,,,,,,
RIO BRANCO DO SUL-PR,,,,,,,,PR,,,-,,,,,,,,-,,,,,,,-,,,,,,,,,,"626,95",,,,,,,,,,
RIO NEGRO-PR,,,,,,,,PR,,,-,,,,,,,,-,,,,,,,-,,,,,,,,,,"626,95",,,,,,,,,,
SAO JOSE DOS PINHAIS-PR,,,,,,,,PR,,,-,,,,,,,,-,,,,,,,-,,,,,,,,,,"895,64",,,,,,,,,,
TIJUCAS DO SUL-PR,,,,,,,,PR,,,-,,,,,,,,-,,,,,,,-,,,,,,,,,,"492,60",,,,,,,,,,
TUNAS DO PARANA-PR,,,,,,,,PR,,,-,,,,,,,,-,,,,,,,-,,,,,,,,,,"447,82",,,,,,,,,,
PARANA  TOTAL,,,,,,,,,,,-,,,,,,,,-,,,,,,,-,,,,,,,,,,"84.780,97",,,,,,,,,,
ANGRA DOS REIS-RJ,,,,,,,,RJ,,,"2.760.262,16",,,,,,,,"1.104.700,63",,,,,,,"3.864.962,79",,,,,,,,,,"12.700.923,85",,,,,,,,,,
APERIBE-RJ,,,,,,,,RJ,,,"196.716,51",,,,,,,,-,,,,,,,"196.716,51",,,,,,,,,,"605.555,34",,,,,,,,,,
ARARUAMA-RJ,,,,,,,,RJ,,,"363.878,15",,,,,,,,-,,,,,,,"363.878,15",,,,,,,,,,"1.120.135,19",,,,,,,,,,
ARMACAO DOS BUZIOS-RJ,,,,,,,,RJ,,,"1.455.685,88",,,,,,,,"938.804,06",,,,,,,"2.394.489,94",,,,,,,,,,"7.182.191,60",,,,,,,,,,
ARRAIAL DO CABO-RJ,,,,,,,,RJ,,,"265.519,89",,,,,,,,"69.375,23",,,,,,,"334.895,12",,,,,,,,,,"1.019.056,77",,,,,,,,,,
BARRA DO PIRAI-RJ,,,,,,,,RJ,,,"363.878,15",,,,,,,,-,,,,,,,"363.878,15",,,,,,,,,,"1.120.135,19",,,,,,,,,,
BARRA MANSA-RJ,,,,,,,,RJ,,,"749.427,14",,,,,,,,-,,,,,,,"749.427,14",,,,,,,,,,"2.310.288,88",,,,,,,,,,
BELFORD ROXO-RJ,,,,,,,,RJ,,,"393.433,02",,,,,,,,-,,,,,,,"393.433,02",,,,,,,,,,"1.211.110,69",,,,,,,,,,
BOM JARDIM-RJ,,,,,,,,RJ,,,"265.519,89",,,,,,,,-,,,,,,,"265.519,89",,,,,,,,,,"817.357,51",,,,,,,,,,
BOM JESUS DO ITABAPOANA-RJ,,,,,,,,RJ,,,"285.238,93",,,,,,,,-,,,,,,,"285.238,93",,,,,,,,,,"878.055,23",,,,,,,,,,
CABO FRIO-RJ,,,,,,,,RJ,,,"2.155.072,15",,,,,,,,"4.156.673,64",,,,,,,"6.311.745,79",,,,,,,,,,"18.440.220,67",,,,,,,,,,
CACHOEIRAS DE MACACU-RJ,,,,,,,,RJ,,,"1.546.878,13",,,,,,,,-,,,,,,,"1.546.878,13",,,,,,,,,,"4.764.350,24",,,,,,,,,,
CAMBUCI-RJ,,,,,,,,RJ,,,"226.223,98",,,,,,,,-,,,,,,,"226.223,98",,,,,,,,,,"696.388,63",,,,,,,,,,
CAMPOS DOS GOYTACAZES-RJ,,,,,,,,RJ,,,"2.151.957,78",,,,,,,,"25.387.007,45",,,,,,,"27.538.965,23",,,,,,,,,,"85.259.003,74",,,,,,,,,,
CANTAGALO-RJ,,,,,,,,RJ,,,"245.895,64",,,,,,,,-,,,,,,,"245.895,64",,,,,,,,,,"756.944,18",,,,,,,,,,
CARAPEBUS-RJ,,,,,,,,RJ,,,"1.131.335,02",,,,,,,,"301.150,64",,,,,,,"1.432.485,66",,,,,,,,,,"4.280.486,42",,,,,,,,,,
CARDOSO MOREIRA-RJ,,,,,,,,RJ,,,"216.388,16",,,,,,,,-,,,,,,,"216.388,16",,,,,,,,,,"666.110,87",,,,,,,,,,
CARMO-RJ,,,,,,,,RJ,,,"236.012,41",,,,,,,,-,,,,,,,"236.012,41",,,,,,,,,,"726.524,22",,,,,,,,,,
CASIMIRO DE ABREU-RJ,,,,,,,,RJ,,,"1.454.128,69",,,,,,,,"1.091.472,14",,,,,,,"2.545.600,83",,,,,,,,,,"7.561.943,05",,,,,,,,,,
CONCEICAO DE MACABU-RJ,,,,,,,,RJ,,,"245.895,64",,,,,,,,-,,,,,,,"245.895,64",,,,,,,,,,"756.944,18",,,,,,,,,,
CORDEIRO-RJ,,,,,,,,RJ,,,"245.895,64",,,,,,,,-,,,,,,,"245.895,64",,,,,,,,,,"756.944,18",,,,,,,,,,
DUAS BARRAS-RJ,,,,,,,,RJ,,,"206.552,33",,,,,,,,-,,,,,,,"206.552,33",,,,,,,,,,"635.833,09",,,,,,,,,,
DUQUE DE CAXIAS-RJ,,,,,,,,RJ,,,"2.151.957,78",,,,,,,,"36.264,92",,,,,,,"2.188.222,70",,,,,,,,,,"6.791.178,43",,,,,,,,,,
ENGENHEIRO PAULO DE FRONTIN-RJ,,,,,,,,RJ,,,"216.388,16",,,,,,,,-,,,,,,,"216.388,16",,,,,,,,,,"666.110,87",,,,,,,,,,
GUAPIMIRIM-RJ,,,,,,,,RJ,,,"1.653.559,38",,,,,,,,"36.264,92",,,,,,,"1.689.824,30",,,,,,,,,,"5.235.003,97",,,,,,,,,,
IGUABA GRANDE-RJ,,,,,,,,RJ,,,"245.800,85",,,,,,,,-,,,,,,,"245.800,85",,,,,,,,,,"756.659,81",,,,,,,,,,
ITABORAI-RJ,,,,,,,,RJ,,,"393.433,02",,,,,,,,"36.264,92",,,,,,,"429.697,94",,,,,,,,,,"1.353.188,54",,,,,,,,,,
Superintendência de Controle das Participações Governamentais,,,,,,,,,,,,,,,,,,,,,,,,,,,,,,,,,,,,,,,,,,,,,,
ITAGUAI-RJ,,,,,,,,RJ,,,"354.089,71",,,,,,,,"500,54",,,,,,,"354.590,25",,,,,,,,,,"1.091.543,26",,,,,,,,,,
ITALVA-RJ,,,,,,,,RJ,,,"216.388,16",,,,,,,,-,,,,,,,"216.388,16",,,,,,,,,,"666.110,87",,,,,,,,,,
ITAOCARA-RJ,,,,,,,,RJ,,,"255.731,46",,,,,,,,-,,,,,,,"255.731,46",,,,,,,,,,"787.221,93",,,,,,,,,,
ITAPERUNA-RJ,,,,,,,,RJ,,,"354.089,71",,,,,,,,-,,,,,,,"354.089,71",,,,,,,,,,"1.089.999,61",,,,,,,,,,
ITATIAIA-RJ,,,,,,,,RJ,,,"275.355,72",,,,,,,,-,,,,,,,"275.355,72",,,,,,,,,,"847.635,30",,,,,,,,,,
JAPERI-RJ,,,,,,,,RJ,,,"710.083,83",,,,,,,,-,,,,,,,"710.083,83",,,,,,,,,,"2.189.177,80",,,,,,,,,,
LAJE DO MURIAE-RJ,,,,,,,,RJ,,,"196.716,51",,,,,,,,-,,,,,,,"196.716,51",,,,,,,,,,"605.555,34",,,,,,,,,,
MACAE-RJ,,,,,,,,RJ,,,"13.620.302,46",,,,,,,,"6.103.706,39",,,,,,,"19.724.008,85",,,,,,,,,,"60.970.189,46",,,,,,,,,,
MACUCO-RJ,,,,,,,,RJ,,,"196.716,51",,,,,,,,-,,,,,,,"196.716,51",,,,,,,,,,"605.555,34",,,,,,,,,,
MAGE-RJ,,,,,,,,RJ,,,"1.920.262,47",,,,,,,,"36.264,92",,,,,,,"1.956.527,39",,,,,,,,,,"6.056.444,12",,,,,,,,,,
MANGARATIBA-RJ,,,,,,,,RJ,,,"275.355,72",,,,,,,,"828.525,47",,,,,,,"1.103.881,19",,,,,,,,,,"3.978.749,31",,,,,,,,,,
MARICA-RJ,,,,,,,,RJ,,,"363.830,76",,,,,,,,-,,,,,,,"363.830,76",,,,,,,,,,"1.119.993,02",,,,,,,,,,
MENDES-RJ,,,,,,,,RJ,,,"236.059,80",,,,,,,,-,,,,,,,"236.059,80",,,,,,,,,,"726.666,39",,,,,,,,,,
MESQUITA-RJ,,,,,,,,RJ,,,"393.433,02",,,,,,,,-,,,,,,,"393.433,02",,,,,,,,,,"1.211.110,69",,,,,,,,,,
MIGUEL PEREIRA-RJ,,,,,,,,RJ,,,"264.695,76",,,,,,,,-,,,,,,,"264.695,76",,,,,,,,,,"814.885,12",,,,,,,,,,
MIRACEMA-RJ,,,,,,,,RJ,,,"265.567,29",,,,,,,,-,,,,,,,"265.567,29",,,,,,,,,,"817.499,71",,,,,,,,,,
NATIVIDADE-RJ,,,,,,,,RJ,,,"226.223,98",,,,,,,,-,,,,,,,"226.223,98",,,,,,,,,,"696.388,63",,,,,,,,,,
NILOPOLIS-RJ,,,,,,,,RJ,,,"393.433,02",,,,,,,,-,,,,,,,"393.433,02",,,,,,,,,,"1.211.110,69",,,,,,,,,,
NITEROI-RJ,,,,,,,,RJ,,,"2.151.957,78",,,,,,,,"36.264,92",,,,,,,"2.188.222,70",,,,,,,,,,"6.791.161,89",,,,,,,,,,
NOVA FRIBURGO-RJ,,,,,,,,RJ,,,"393.433,02",,,,,,,,-,,,,,,,"393.433,02",,,,,,,,,,"1.211.110,69",,,,,,,,,,
NOVA IGUACU-RJ,,,,,,,,RJ,,,"393.433,02",,,,,,,,-,,,,,,,"393.433,02",,,,,,,,,,"1.211.110,69",,,,,,,,,,
PARACAMBI-RJ,,,,,,,,RJ,,,"304.910,59",,,,,,,,-,,,,,,,"304.910,59",,,,,,,,,,"938.610,78",,,,,,,,,,
PARATI-RJ,,,,,,,,RJ,,,"3.966.274,75",,,,,,,,"1.027.257,01",,,,,,,"4.993.531,76",,,,,,,,,,"15.782.889,99",,,,,,,,,,
PATY DO ALFERES-RJ,,,,,,,,RJ,,,"265.567,29",,,,,,,,-,,,,,,,"265.567,29",,,,,,,,,,"817.499,71",,,,,,,,,,
PETROPOLIS-RJ,,,,,,,,RJ,,,"393.433,02",,,,,,,,-,,,,,,,"393.433,02",,,,,,,,,,"1.211.110,69",,,,,,,,,,
PINHEIRAL-RJ,,,,,,,,RJ,,,"255.684,07",,,,,,,,-,,,,,,,"255.684,07",,,,,,,,,,"787.079,76",,,,,,,,,,
PIRAI-RJ,,,,,,,,RJ,,,"621.514,01",,,,,,,,-,,,,,,,"621.514,01",,,,,,,,,,"1.916.535,70",,,,,,,,,,
PORCIUNCULA-RJ,,,,,,,,RJ,,,"236.012,41",,,,,,,,-,,,,,,,"236.012,41",,,,,,,,,,"726.524,22",,,,,,,,,,
PORTO REAL-RJ,,,,,,,,RJ,,,"226.176,59",,,,,,,,-,,,,,,,"226.176,59",,,,,,,,,,"696.246,46",,,,,,,,,,
QUATIS-RJ,,,,,,,,RJ,,,"216.340,76",,,,,,,,-,,,,,,,"216.340,76",,,,,,,,,,"665.968,67",,,,,,,,,,
QUEIMADOS-RJ,,,,,,,,RJ,,,"383.549,80",,,,,,,,-,,,,,,,"383.549,80",,,,,,,,,,"1.180.690,73",,,,,,,,,,
QUISSAMA-RJ,,,,,,,,RJ,,,"1.294.289,04",,,,,,,,"3.093.836,61",,,,,,,"4.388.125,65",,,,,,,,,,"13.322.758,80",,,,,,,,,,
RESENDE-RJ,,,,,,,,RJ,,,"373.713,98",,,,,,,,-,,,,,,,"373.713,98",,,,,,,,,,"1.150.412,98",,,,,,,,,,
RIO BONITO-RJ,,,,,,,,RJ,,,"314.746,41",,,,,,,,-,,,,,,,"314.746,41",,,,,,,,,,"968.888,52",,,,,,,,,,
RIO CLARO-RJ,,,,,,,,RJ,,,"236.059,80",,,,,,,,-,,,,,,,"236.059,80",,,,,,,,,,"726.666,39",,,,,,,,,,
RIO DAS FLORES-RJ,,,,,,,,RJ,,,"196.082,56",,,,,,,,-,,,,,,,"196.082,56",,,,,,,,,,"603.653,49",,,,,,,,,,
RIO DAS OSTRAS-RJ,,,,,,,,RJ,,,"1.890.748,98",,,,,,,,"5.457.666,40",,,,,,,"7.348.415,38",,,,,,,,,,"23.122.480,35",,,,,,,,,,
RIO DE JANEIRO-RJ,,,,,,,,RJ,,,"2.802.008,26",,,,,,,,"149.966,58",,,,,,,"2.951.974,84",,,,,,,,,,"9.187.370,32",,,,,,,,,,
SANTA MARIA MADALENA-RJ,,,,,,,,RJ,,,"206.552,33",,,,,,,,-,,,,,,,"206.552,33",,,,,,,,,,"635.833,09",,,,,,,,,,
SANTO ANTONIO DE PADUA-RJ,,,,,,,,RJ,,,"304.863,20",,,,,,,,-,,,,,,,"304.863,20",,,,,,,,,,"938.468,61",,,,,,,,,,
SAO FIDELIS-RJ,,,,,,,,RJ,,,"295.074,76",,,,,,,,-,,,,,,,"295.074,76",,,,,,,,,,"908.333,01",,,,,,,,,,
SAO FRANCISCO DE ITABAPOANA-RJ,,,,,,,,RJ,,,"304.910,59",,,,,,,,-,,,,,,,"304.910,59",,,,,,,,,,"938.610,78",,,,,,,,,,
SAO GONCALO-RJ,,,,,,,,RJ,,,"393.433,02",,,,,,,,"36.264,92",,,,,,,"429.697,94",,,,,,,,,,"1.353.189,12",,,,,,,,,,
SAO JOAO DA BARRA-RJ,,,,,,,,RJ,,,"1.507.927,63",,,,,,,,"3.329.987,95",,,,,,,"4.837.915,58",,,,,,,,,,"15.251.809,45",,,,,,,,,,
SAO JOAO DE MERITI-RJ,,,,,,,,RJ,,,"393.433,02",,,,,,,,-,,,,,,,"393.433,02",,,,,,,,,,"1.211.110,69",,,,,,,,,,
SAO JOSE DE UBA-RJ,,,,,,,,RJ,,,"196.716,51",,,,,,,,-,,,,,,,"196.716,51",,,,,,,,,,"605.555,34",,,,,,,,,,
SAO JOSE DO VALE DO RIO PRETO-RJ,,,,,,,,RJ,,,"245.895,64",,,,,,,,-,,,,,,,"245.895,64",,,,,,,,,,"756.944,18",,,,,,,,,,
SAO PEDRO DA ALDEIA-RJ,,,,,,,,RJ,,,"344.159,10",,,,,,,,-,,,,,,,"344.159,10",,,,,,,,,,"1.059.437,48",,,,,,,,,,
SAO SEBASTIAO DO ALTO-RJ,,,,,,,,RJ,,,"196.716,51",,,,,,,,-,,,,,,,"196.716,51",,,,,,,,,,"605.555,34",,,,,,,,,,
SAQUAREMA-RJ,,,,,,,,RJ,,,"324.534,85",,,,,,,,-,,,,,,,"324.534,85",,,,,,,,,,"999.024,14",,,,,,,,,,
SEROPEDICA-RJ,,,,,,,,RJ,,,"344.206,49",,,,,,,,-,,,,,,,"344.206,49",,,,,,,,,,"1.059.579,65",,,,,,,,,,
SILVA JARDIM-RJ,,,,,,,,RJ,,,"1.386.856,23",,,,,,,,-,,,,,,,"1.386.856,23",,,,,,,,,,"4.271.486,35",,,,,,,,,,
SUMIDOURO-RJ,,,,,,,,RJ,,,"226.223,98",,,,,,,,-,,,,,,,"226.223,98",,,,,,,,,,"696.388,63",,,,,,,,,,
TANGUA-RJ,,,,,,,,RJ,,,"275.355,72",,,,,,,,-,,,,,,,"275.355,72",,,,,,,,,,"847.635,30",,,,,,,,,,
TERESOPOLIS-RJ,,,,,,,,RJ,,,"393.385,62",,,,,,,,-,,,,,,,"393.385,62",,,,,,,,,,"1.210.968,49",,,,,,,,,,
TRAJANO DE MORAIS-RJ,,,,,,,,RJ,,,"196.763,90",,,,,,,,-,,,,,,,"196.763,90",,,,,,,,,,"605.697,51",,,,,,,,,,
VALENCA-RJ,,,,,,,,RJ,,,"334.418,06",,,,,,,,-,,,,,,,"334.418,06",,,,,,,,,,"1.029.444,07",,,,,,,,,,
Superintendência de Controle das Participações Governamentais,,,,,,,,,,,,,,,,,,,,,,,,,,,,,,,,,,,,,,,,,,,,,,
VARRE-SAI-RJ,,,,,,,,RJ,,,"196.716,51",,,,,,,,-,,,,,,,"196.716,51",,,,,,,,,,"605.555,34",,,,,,,,,,
VASSOURAS-RJ,,,,,,,,RJ,,,"285.191,54",,,,,,,,-,,,,,,,"285.191,54",,,,,,,,,,"877.913,06",,,,,,,,,,
VOLTA REDONDA-RJ,,,,,,,,RJ,,,"749.427,14",,,,,,,,-,,,,,,,"749.427,14",,,,,,,,,,"2.310.288,88",,,,,,,,,,
RIO DE JANEIRO  TOTAL,,,,,,,,,,,"68.359.968,86",,,,,,,,"53.258.220,26",,,,,,,"121.618.189,12",,,,,,,,,,"376.352.081,27",,,,,,,,,,
ACARI-RN,,,,,,,,RN,,,"3.661,32",,,,,,,,-,,,,,,,"3.661,32",,,,,,,,,,"11.257,33",,,,,,,,,,
ACU-RN,,,,,,,,RN,,,"141.533,10",,,,,,,,"67.122,22",,,,,,,"208.655,32",,,,,,,,,,"610.477,09",,,,,,,,,,
AFONSO BEZERRA-RN,,,,,,,,RN,,,"3.975,61",,,,,,,,"235,71",,,,,,,"4.211,32",,,,,,,,,,"13.022,41",,,,,,,,,,
AGUA NOVA-RN,,,,,,,,RN,,,"3.486,97",,,,,,,,-,,,,,,,"3.486,97",,,,,,,,,,"10.721,26",,,,,,,,,,
ALEXANDRIA-RN,,,,,,,,RN,,,"3.835,67",,,,,,,,-,,,,,,,"3.835,67",,,,,,,,,,"11.793,39",,,,,,,,,,
ALMINO AFONSO-RN,,,,,,,,RN,,,"3.486,97",,,,,,,,-,,,,,,,"3.486,97",,,,,,,,,,"10.721,26",,,,,,,,,,
ALTO DO RODRIGUES-RN,,,,,,,,RN,,,"140.848,70",,,,,,,,"57.988,06",,,,,,,"198.836,76",,,,,,,,,,"616.990,70",,,,,,,,,,
ANTONIO MARTINS-RN,,,,,,,,RN,,,"3.486,97",,,,,,,,-,,,,,,,"3.486,97",,,,,,,,,,"10.721,26",,,,,,,,,,
APODI-RN,,,,,,,,RN,,,"150.722,92",,,,,,,,"84.194,60",,,,,,,"234.917,52",,,,,,,,,,"728.319,38",,,,,,,,,,
AREIA BRANCA-RN,,,,,,,,RN,,,"279.769,11",,,,,,,,"215.863,25",,,,,,,"495.632,36",,,,,,,,,,"1.552.919,27",,,,,,,,,,
AUGUSTO SEVERO-RN,,,,,,,,RN,,,"3.486,97",,,,,,,,-,,,,,,,"3.486,97",,,,,,,,,,"10.721,26",,,,,,,,,,
BARAUNA-RN,,,,,,,,RN,,,"4.533,41",,,,,,,,-,,,,,,,"4.533,41",,,,,,,,,,"13.942,21",,,,,,,,,,
CAICO-RN,,,,,,,,RN,,,"5.753,51",,,,,,,,-,,,,,,,"5.753,51",,,,,,,,,,"17.690,10",,,,,,,,,,
CARAUBAS-RN,,,,,,,,RN,,,"139.177,95",,,,,,,,"73.254,76",,,,,,,"212.432,71",,,,,,,,,,"583.711,86",,,,,,,,,,
CARNAUBA DOS DANTAS-RN,,,,,,,,RN,,,"3.486,97",,,,,,,,-,,,,,,,"3.486,97",,,,,,,,,,"10.721,26",,,,,,,,,,
CARNAUBAIS-RN,,,,,,,,RN,,,"77.200,84",,,,,,,,"13.862,59",,,,,,,"91.063,43",,,,,,,,,,"277.875,25",,,,,,,,,,
CERRO CORA-RN,,,,,,,,RN,,,"3.661,32",,,,,,,,-,,,,,,,"3.661,32",,,,,,,,,,"11.257,33",,,,,,,,,,
CORONEL JOAO PESSOA-RN,,,,,,,,RN,,,"3.486,97",,,,,,,,-,,,,,,,"3.486,97",,,,,,,,,,"10.721,26",,,,,,,,,,
CRUZETA-RN,,,,,,,,RN,,,"3.486,97",,,,,,,,-,,,,,,,"3.486,97",,,,,,,,,,"10.721,26",,,,,,,,,,
CURRAIS NOVOS-RN,,,,,,,,RN,,,"5.404,81",,,,,,,,-,,,,,,,"5.404,81",,,,,,,,,,"16.617,96",,,,,,,,,,
DOUTOR SEVERIANO-RN,,,,,,,,RN,,,"3.486,97",,,,,,,,-,,,,,,,"3.486,97",,,,,,,,,,"10.721,26",,,,,,,,,,
ENCANTO-RN,,,,,,,,RN,,,"3.486,97",,,,,,,,-,,,,,,,"3.486,97",,,,,,,,,,"10.721,26",,,,,,,,,,
EQUADOR-RN,,,,,,,,RN,,,"3.486,97",,,,,,,,-,,,,,,,"3.486,97",,,,,,,,,,"10.721,26",,,,,,,,,,
FELIPE GUERRA-RN,,,,,,,,RN,,,"86.752,11",,,,,,,,"29.703,07",,,,,,,"116.455,18",,,,,,,,,,"353.874,79",,,,,,,,,,
FLORANIA-RN,,,,,,,,RN,,,"3.486,97",,,,,,,,-,,,,,,,"3.486,97",,,,,,,,,,"10.721,26",,,,,,,,,,
FRANCISCO DANTAS-RN,,,,,,,,RN,,,"3.486,97",,,,,,,,-,,,,,,,"3.486,97",,,,,,,,,,"10.721,26",,,,,,,,,,
FRUTUOSO GOMES-RN,,,,,,,,RN,,,"3.486,97",,,,,,,,-,,,,,,,"3.486,97",,,,,,,,,,"10.721,26",,,,,,,,,,
GALINHOS-RN,,,,,,,,RN,,,"3.487,50",,,,,,,,"67.529,71",,,,,,,"71.017,21",,,,,,,,,,"203.950,04",,,,,,,,,,
GOIANINHA-RN,,,,,,,,RN,,,"387.071,17",,,,,,,,-,,,,,,,"387.071,17",,,,,,,,,,"1.192.048,54",,,,,,,,,,
GOVERNADOR DIX-SEPT ROSADO-RN,,,,,,,,RN,,,"142.888,09",,,,,,,,"79.355,30",,,,,,,"222.243,39",,,,,,,,,,"656.512,67",,,,,,,,,,
GROSSOS-RN,,,,,,,,RN,,,"52.603,57",,,,,,,,"60.362,36",,,,,,,"112.965,93",,,,,,,,,,"343.164,09",,,,,,,,,,
GUAMARE-RN,,,,,,,,RN,,,"709.187,95",,,,,,,,"489.275,01",,,,,,,"1.198.462,96",,,,,,,,,,"3.644.589,68",,,,,,,,,,
IELMO MARINHO-RN,,,,,,,,RN,,,"387.071,17",,,,,,,,-,,,,,,,"387.071,17",,,,,,,,,,"1.192.068,10",,,,,,,,,,
IPANGUACU-RN,,,,,,,,RN,,,"3.835,67",,,,,,,,-,,,,,,,"3.835,67",,,,,,,,,,"11.793,39",,,,,,,,,,
IPUEIRA-RN,,,,,,,,RN,,,"3.486,97",,,,,,,,-,,,,,,,"3.486,97",,,,,,,,,,"10.721,26",,,,,,,,,,
ITAJA-RN,,,,,,,,RN,,,"3.486,97",,,,,,,,-,,,,,,,"3.486,97",,,,,,,,,,"10.721,26",,,,,,,,,,
ITAU-RN,,,,,,,,RN,,,"3.486,97",,,,,,,,-,,,,,,,"3.486,97",,,,,,,,,,"10.721,26",,,,,,,,,,
JANDAIRA-RN,,,,,,,,RN,,,"3.486,97",,,,,,,,-,,,,,,,"3.486,97",,,,,,,,,,"10.721,26",,,,,,,,,,
JANDUIS-RN,,,,,,,,RN,,,"3.486,97",,,,,,,,-,,,,,,,"3.486,97",,,,,,,,,,"10.721,26",,,,,,,,,,
JARDIM DE PIRANHAS-RN,,,,,,,,RN,,,"3.835,67",,,,,,,,-,,,,,,,"3.835,67",,,,,,,,,,"11.793,39",,,,,,,,,,
JARDIM DO SERIDO-RN,,,,,,,,RN,,,"3.835,67",,,,,,,,-,,,,,,,"3.835,67",,,,,,,,,,"11.793,39",,,,,,,,,,
JOAO DIAS-RN,,,,,,,,RN,,,"3.486,97",,,,,,,,-,,,,,,,"3.486,97",,,,,,,,,,"10.721,26",,,,,,,,,,
JOSE DA PENHA-RN,,,,,,,,RN,,,"3.486,97",,,,,,,,-,,,,,,,"3.486,97",,,,,,,,,,"10.721,26",,,,,,,,,,
JUCURUTU-RN,,,,,,,,RN,,,"4.184,37",,,,,,,,-,,,,,,,"4.184,37",,,,,,,,,,"12.865,52",,,,,,,,,,
LAGOA NOVA-RN,,,,,,,,RN,,,"3.835,67",,,,,,,,-,,,,,,,"3.835,67",,,,,,,,,,"11.793,39",,,,,,,,,,
LUCRECIA-RN,,,,,,,,RN,,,"3.486,97",,,,,,,,-,,,,,,,"3.486,97",,,,,,,,,,"10.721,26",,,,,,,,,,
LUIS GOMES-RN,,,,,,,,RN,,,"3.486,97",,,,,,,,-,,,,,,,"3.486,97",,,,,,,,,,"10.721,26",,,,,,,,,,
MACAIBA-RN,,,,,,,,RN,,,"387.071,17",,,,,,,,-,,,,,,,"387.071,17",,,,,,,,,,"1.192.058,49",,,,,,,,,,
MACAU-RN,,,,,,,,RN,,,"860.939,89",,,,,,,,"379.014,01",,,,,,,"1.239.953,90",,,,,,,,,,"3.828.913,49",,,,,,,,,,
MAJOR SALES-RN,,,,,,,,RN,,,"3.486,97",,,,,,,,-,,,,,,,"3.486,97",,,,,,,,,,"10.721,26",,,,,,,,,,
MARCELINO VIEIRA-RN,,,,,,,,RN,,,"3.486,97",,,,,,,,-,,,,,,,"3.486,97",,,,,,,,,,"10.721,26",,,,,,,,,,
MARTINS-RN,,,,,,,,RN,,,"3.486,97",,,,,,,,-,,,,,,,"3.486,97",,,,,,,,,,"10.721,26",,,,,,,,,,
Superintendência de Controle das Participações Governamentais,,,,,,,,,,,,,,,,,,,,,,,,,,,,,,,,,,,,,,,,,,,,,,
MESSIAS TARGINO-RN,,,,,,,,RN,,,"3.486,97",,,,,,,,-,,,,,,,"3.486,97",,,,,,,,,,"10.721,26",,,,,,,,,,
MOSSORO-RN,,,,,,,,RN,,,"732.063,39",,,,,,,,"586.741,25",,,,,,,"1.318.804,64",,,,,,,,,,"4.108.894,06",,,,,,,,,,
OLHO D'AGUA DO BORGES-RN,,,,,,,,RN,,,"3.486,97",,,,,,,,-,,,,,,,"3.486,97",,,,,,,,,,"10.721,26",,,,,,,,,,
OURO BRANCO-RN,,,,,,,,RN,,,"3.486,97",,,,,,,,-,,,,,,,"3.486,97",,,,,,,,,,"10.721,26",,,,,,,,,,
PARANA-RN,,,,,,,,RN,,,"3.486,97",,,,,,,,-,,,,,,,"3.486,97",,,,,,,,,,"10.721,26",,,,,,,,,,
PARAU-RN,,,,,,,,RN,,,"3.486,97",,,,,,,,-,,,,,,,"3.486,97",,,,,,,,,,"10.721,26",,,,,,,,,,
PARELHAS-RN,,,,,,,,RN,,,"4.358,72",,,,,,,,-,,,,,,,"4.358,72",,,,,,,,,,"13.401,59",,,,,,,,,,
PATU-RN,,,,,,,,RN,,,"3.661,32",,,,,,,,-,,,,,,,"3.661,32",,,,,,,,,,"11.257,33",,,,,,,,,,
PAU DOS FERROS-RN,,,,,,,,RN,,,"4.707,42",,,,,,,,-,,,,,,,"4.707,42",,,,,,,,,,"14.473,72",,,,,,,,,,
PEDRO AVELINO-RN,,,,,,,,RN,,,"3.504,56",,,,,,,,"8,18",,,,,,,"3.512,74",,,,,,,,,,"10.827,40",,,,,,,,,,
PENDENCIAS-RN,,,,,,,,RN,,,"126.714,51",,,,,,,,"64.457,03",,,,,,,"191.171,54",,,,,,,,,,"600.301,55",,,,,,,,,,
PILOES-RN,,,,,,,,RN,,,"3.486,97",,,,,,,,-,,,,,,,"3.486,97",,,,,,,,,,"10.721,26",,,,,,,,,,
PORTALEGRE-RN,,,,,,,,RN,,,"3.486,97",,,,,,,,-,,,,,,,"3.486,97",,,,,,,,,,"10.721,26",,,,,,,,,,
PORTO DO MANGUE-RN,,,,,,,,RN,,,"52.715,54",,,,,,,,"145.188,55",,,,,,,"197.904,09",,,,,,,,,,"714.477,73",,,,,,,,,,
RAFAEL FERNANDES-RN,,,,,,,,RN,,,"3.486,97",,,,,,,,-,,,,,,,"3.486,97",,,,,,,,,,"10.721,26",,,,,,,,,,
RAFAEL GODEIRO-RN,,,,,,,,RN,,,"3.486,97",,,,,,,,-,,,,,,,"3.486,97",,,,,,,,,,"10.721,26",,,,,,,,,,
RIACHO DA CRUZ-RN,,,,,,,,RN,,,"3.486,97",,,,,,,,-,,,,,,,"3.486,97",,,,,,,,,,"10.721,26",,,,,,,,,,
RIACHO DE SANTANA-RN,,,,,,,,RN,,,"3.486,97",,,,,,,,-,,,,,,,"3.486,97",,,,,,,,,,"10.721,26",,,,,,,,,,
RODOLFO FERNANDES-RN,,,,,,,,RN,,,"3.486,97",,,,,,,,-,,,,,,,"3.486,97",,,,,,,,,,"10.721,26",,,,,,,,,,
SANTANA DO SERIDO-RN,,,,,,,,RN,,,"3.486,97",,,,,,,,-,,,,,,,"3.486,97",,,,,,,,,,"10.721,26",,,,,,,,,,
SAO FERNANDO-RN,,,,,,,,RN,,,"3.486,97",,,,,,,,-,,,,,,,"3.486,97",,,,,,,,,,"10.721,26",,,,,,,,,,
SAO FRANCISCO DO OESTE-RN,,,,,,,,RN,,,"3.486,97",,,,,,,,-,,,,,,,"3.486,97",,,,,,,,,,"10.721,26",,,,,,,,,,
SAO GONCALO DO AMARANTE-RN,,,,,,,,RN,,,"650.032,80",,,,,,,,-,,,,,,,"650.032,80",,,,,,,,,,"2.001.791,06",,,,,,,,,,
SAO JOAO DO SABUGI-RN,,,,,,,,RN,,,"3.486,97",,,,,,,,-,,,,,,,"3.486,97",,,,,,,,,,"10.721,26",,,,,,,,,,
SAO JOSE DE MIPIBU-RN,,,,,,,,RN,,,"0,53",,,,,,,,-,,,,,,,"0,53",,,,,,,,,,"12,49",,,,,,,,,,
SAO JOSE DO SERIDO-RN,,,,,,,,RN,,,"3.486,97",,,,,,,,-,,,,,,,"3.486,97",,,,,,,,,,"10.721,26",,,,,,,,,,
SAO MIGUEL-RN,,,,,,,,RN,,,"4.533,07",,,,,,,,-,,,,,,,"4.533,07",,,,,,,,,,"13.937,66",,,,,,,,,,
SAO RAFAEL-RN,,,,,,,,RN,,,"3.486,97",,,,,,,,-,,,,,,,"3.486,97",,,,,,,,,,"10.721,26",,,,,,,,,,
SAO VICENTE-RN,,,,,,,,RN,,,"3.486,97",,,,,,,,-,,,,,,,"3.486,97",,,,,,,,,,"10.721,26",,,,,,,,,,
SERRA DO MEL-RN,,,,,,,,RN,,,"456.358,31",,,,,,,,"40.874,97",,,,,,,"497.233,28",,,,,,,,,,"1.419.642,61",,,,,,,,,,
SERRA NEGRA DO NORTE-RN,,,,,,,,RN,,,"3.486,97",,,,,,,,-,,,,,,,"3.486,97",,,,,,,,,,"10.721,26",,,,,,,,,,
SERRINHA DOS PINTOS-RN,,,,,,,,RN,,,"3.486,97",,,,,,,,-,,,,,,,"3.486,97",,,,,,,,,,"10.721,26",,,,,,,,,,
SEVERIANO MELO-RN,,,,,,,,RN,,,"3.486,97",,,,,,,,-,,,,,,,"3.486,97",,,,,,,,,,"10.721,26",,,,,,,,,,
TABOLEIRO GRANDE-RN,,,,,,,,RN,,,"3.486,97",,,,,,,,-,,,,,,,"3.486,97",,,,,,,,,,"10.721,26",,,,,,,,,,
TENENTE ANANIAS-RN,,,,,,,,RN,,,"3.486,97",,,,,,,,-,,,,,,,"3.486,97",,,,,,,,,,"10.721,26",,,,,,,,,,
TENENTE LAURENTINO CRUZ-RN,,,,,,,,RN,,,"3.486,97",,,,,,,,-,,,,,,,"3.486,97",,,,,,,,,,"10.721,26",,,,,,,,,,
TIBAU-RN,,,,,,,,RN,,,"52.603,57",,,,,,,,"24.524,54",,,,,,,"77.128,11",,,,,,,,,,"230.613,76",,,,,,,,,,
TIMBAUBA DOS BATISTAS-RN,,,,,,,,RN,,,"3.486,97",,,,,,,,-,,,,,,,"3.486,97",,,,,,,,,,"10.721,26",,,,,,,,,,
TRIUNFO POTIGUAR-RN,,,,,,,,RN,,,"3.486,97",,,,,,,,-,,,,,,,"3.486,97",,,,,,,,,,"10.721,26",,,,,,,,,,
UMARIZAL-RN,,,,,,,,RN,,,"3.661,32",,,,,,,,-,,,,,,,"3.661,32",,,,,,,,,,"11.257,33",,,,,,,,,,
UPANEMA-RN,,,,,,,,RN,,,"80.844,83",,,,,,,,"55.583,74",,,,,,,"136.428,57",,,,,,,,,,"407.474,25",,,,,,,,,,
VENHA-VER-RN,,,,,,,,RN,,,"3.486,97",,,,,,,,-,,,,,,,"3.486,97",,,,,,,,,,"10.721,26",,,,,,,,,,
VICOSA-RN,,,,,,,,RN,,,"3.486,97",,,,,,,,-,,,,,,,"3.486,97",,,,,,,,,,"10.721,26",,,,,,,,,,
RIO GRANDE DO NORTE  TOTAL,,,,,,,,,,,"6.360.734,21",,,,,,,,"2.535.138,91",,,,,,,"8.895.873,12",,,,,,,,,,"27.270.403,83",,,,,,,,,,
ARAMBARE-RS,,,,,,,,RS,,,-,,,,,,,,"3.567,96",,,,,,,"3.567,96",,,,,,,,,,"9.783,63",,,,,,,,,,
BARRA DO RIBEIRO-RS,,,,,,,,RS,,,-,,,,,,,,"3.567,96",,,,,,,"3.567,96",,,,,,,,,,"9.783,63",,,,,,,,,,
CAMAQUA-RS,,,,,,,,RS,,,-,,,,,,,,"3.567,96",,,,,,,"3.567,96",,,,,,,,,,"9.783,63",,,,,,,,,,
CANOAS-RS,,,,,,,,RS,,,"355.994,19",,,,,,,,-,,,,,,,"355.994,19",,,,,,,,,,"1.099.182,05",,,,,,,,,,
CAPIVARI DO SUL-RS,,,,,,,,RS,,,-,,,,,,,,"3.567,96",,,,,,,"3.567,96",,,,,,,,,,"9.783,63",,,,,,,,,,
CIDREIRA-RS,,,,,,,,RS,,,-,,,,,,,,"212.442,64",,,,,,,"212.442,64",,,,,,,,,,"482.575,91",,,,,,,,,,
ELDORADO DO SUL-RS,,,,,,,,RS,,,-,,,,,,,,"3.567,96",,,,,,,"3.567,96",,,,,,,,,,"9.783,63",,,,,,,,,,
GUAIBA-RS,,,,,,,,RS,,,-,,,,,,,,"3.567,96",,,,,,,"3.567,96",,,,,,,,,,"9.783,63",,,,,,,,,,
IMBE-RS,,,,,,,,RS,,,"387.050,99",,,,,,,,"212.442,64",,,,,,,"599.493,63",,,,,,,,,,"1.674.581,23",,,,,,,,,,
MOSTARDAS-RS,,,,,,,,RS,,,-,,,,,,,,"3.567,96",,,,,,,"3.567,96",,,,,,,,,,"9.783,62",,,,,,,,,,
OSORIO-RS,,,,,,,,RS,,,"387.071,17",,,,,,,,-,,,,,,,"387.071,17",,,,,,,,,,"1.192.551,41",,,,,,,,,,
PALMARES DO SUL-RS,,,,,,,,RS,,,-,,,,,,,,"3.567,96",,,,,,,"3.567,96",,,,,,,,,,"9.783,62",,,,,,,,,,
Superintendência de Controle das Participações Governamentais,,,,,,,,,,,,,,,,,,,,,,,,,,,,,,,,,,,,,,,,,,,,,,
PELOTAS-RS,,,,,,,,RS,,,-,,,,,,,,"3.567,96",,,,,,,"3.567,96",,,,,,,,,,"9.783,62",,,,,,,,,,
PORTO ALEGRE-RS,,,,,,,,RS,,,-,,,,,,,,"3.567,96",,,,,,,"3.567,96",,,,,,,,,,"9.783,62",,,,,,,,,,
RIO GRANDE-RS,,,,,,,,RS,,,"650.025,69",,,,,,,,"38.058,23",,,,,,,"688.083,92",,,,,,,,,,"2.156.361,26",,,,,,,,,,
SAO FRANCISCO DE PAULA-RS,,,,,,,,RS,,,"31.045,51",,,,,,,,-,,,,,,,"31.045,51",,,,,,,,,,"92.795,72",,,,,,,,,,
SAO JOSE DO NORTE-RS,,,,,,,,RS,,,-,,,,,,,,"3.567,96",,,,,,,"3.567,96",,,,,,,,,,"9.783,62",,,,,,,,,,
TAPES-RS,,,,,,,,RS,,,-,,,,,,,,"3.567,96",,,,,,,"3.567,96",,,,,,,,,,"9.783,62",,,,,,,,,,
TAVARES-RS,,,,,,,,RS,,,-,,,,,,,,"3.567,96",,,,,,,"3.567,96",,,,,,,,,,"9.783,62",,,,,,,,,,
TRAMANDAI-RS,,,,,,,,RS,,,"605.190,01",,,,,,,,"283.256,86",,,,,,,"888.446,87",,,,,,,,,,"2.511.117,21",,,,,,,,,,
TURUCU-RS,,,,,,,,RS,,,-,,,,,,,,"3.567,96",,,,,,,"3.567,96",,,,,,,,,,"9.783,62",,,,,,,,,,
VIAMAO-RS,,,,,,,,RS,,,-,,,,,,,,"3.567,96",,,,,,,"3.567,96",,,,,,,,,,"9.783,62",,,,,,,,,,
RIO GRANDE DO SUL  TOTAL,,,,,,,,,,,"2.416.377,56",,,,,,,,"799.719,77",,,,,,,"3.216.097,33",,,,,,,,,,"9.355.919,15",,,,,,,,,,
ARAQUARI-SC,,,,,,,,SC,,,-,,,,,,,,"108.093,07",,,,,,,"108.093,07",,,,,,,,,,"348.965,91",,,,,,,,,,
BALNEARIO BARRA DO SUL-SC,,,,,,,,SC,,,-,,,,,,,,"108.093,07",,,,,,,"108.093,07",,,,,,,,,,"348.965,91",,,,,,,,,,
GARUVA-SC,,,,,,,,SC,,,-,,,,,,,,"108.093,07",,,,,,,"108.093,07",,,,,,,,,,"348.965,91",,,,,,,,,,
GASPAR-SC,,,,,,,,SC,,,-,,,,,,,,-,,,,,,,-,,,,,,,,,,-,,,,,,,,,,
ITAPOA-SC,,,,,,,,SC,,,-,,,,,,,,"108.093,07",,,,,,,"108.093,07",,,,,,,,,,"348.965,91",,,,,,,,,,
JOINVILLE-SC,,,,,,,,SC,,,-,,,,,,,,"108.093,07",,,,,,,"108.093,07",,,,,,,,,,"348.965,91",,,,,,,,,,
SAO FRANCISCO DO SUL-SC,,,,,,,,SC,,,"605.191,11",,,,,,,,"360.310,26",,,,,,,"965.501,37",,,,,,,,,,"3.030.919,71",,,,,,,,,,
SANTA CATARINA  TOTAL,,,,,,,,,,,"605.191,11",,,,,,,,"900.775,61",,,,,,,"1.505.966,72",,,,,,,,,,"4.775.749,26",,,,,,,,,,
AMPARO DE SAO FRANCISCO-SE,,,,,,,,SE,,,"3.821,90",,,,,,,,-,,,,,,,"3.821,90",,,,,,,,,,"12.819,08",,,,,,,,,,
AQUIDABA-SE,,,,,,,,SE,,,"4.777,38",,,,,,,,-,,,,,,,"4.777,38",,,,,,,,,,"16.023,86",,,,,,,,,,
ARACAJU-SE,,,,,,,,SE,,,"763.687,00",,,,,,,,"410.209,34",,,,,,,"1.173.896,34",,,,,,,,,,"3.680.201,13",,,,,,,,,,
ARAUA-SE,,,,,,,,SE,,,"4.013,00",,,,,,,,-,,,,,,,"4.013,00",,,,,,,,,,"13.460,04",,,,,,,,,,
AREIA BRANCA-SE,,,,,,,,SE,,,"5.532,38",,,,,,,,"610,23",,,,,,,"6.142,61",,,,,,,,,,"19.538,61",,,,,,,,,,
BARRA DOS COQUEIROS-SE,,,,,,,,SE,,,"68.973,49",,,,,,,,"148.013,97",,,,,,,"216.987,46",,,,,,,,,,"691.209,31",,,,,,,,,,
BOQUIM-SE,,,,,,,,SE,,,"5.159,57",,,,,,,,-,,,,,,,"5.159,57",,,,,,,,,,"17.305,77",,,,,,,,,,
BREJO GRANDE-SE,,,,,,,,SE,,,"55.544,75",,,,,,,,"5.940,90",,,,,,,"61.485,65",,,,,,,,,,"179.211,81",,,,,,,,,,
CAMPO DO BRITO-SE,,,,,,,,SE,,,"4.586,28",,,,,,,,-,,,,,,,"4.586,28",,,,,,,,,,"15.382,91",,,,,,,,,,
CANHOBA-SE,,,,,,,,SE,,,"3.821,90",,,,,,,,-,,,,,,,"3.821,90",,,,,,,,,,"12.819,08",,,,,,,,,,
CANINDE DE SAO FRANCISCO-SE,,,,,,,,SE,,,"4.968,48",,,,,,,,-,,,,,,,"4.968,48",,,,,,,,,,"16.664,82",,,,,,,,,,
CAPELA-SE,,,,,,,,SE,,,"394.178,56",,,,,,,,"1.276,69",,,,,,,"395.455,25",,,,,,,,,,"1.219.907,28",,,,,,,,,,
CARIRA-SE,,,,,,,,SE,,,"4.777,38",,,,,,,,-,,,,,,,"4.777,38",,,,,,,,,,"16.023,86",,,,,,,,,,
CARMOPOLIS-SE,,,,,,,,SE,,,"908.933,24",,,,,,,,"334.793,14",,,,,,,"1.243.726,38",,,,,,,,,,"3.663.570,52",,,,,,,,,,
CEDRO DE SAO JOAO-SE,,,,,,,,SE,,,"3.821,90",,,,,,,,-,,,,,,,"3.821,90",,,,,,,,,,"12.819,08",,,,,,,,,,
CRISTINAPOLIS-SE,,,,,,,,SE,,,"4.395,19",,,,,,,,-,,,,,,,"4.395,19",,,,,,,,,,"14.741,95",,,,,,,,,,
CUMBE-SE,,,,,,,,SE,,,"3.821,90",,,,,,,,-,,,,,,,"3.821,90",,,,,,,,,,"12.819,08",,,,,,,,,,
DIVINA PASTORA-SE,,,,,,,,SE,,,"158.015,10",,,,,,,,"95.387,45",,,,,,,"253.402,55",,,,,,,,,,"722.921,89",,,,,,,,,,
ESTANCIA-SE,,,,,,,,SE,,,"91.051,85",,,,,,,,"95.853,31",,,,,,,"186.905,16",,,,,,,,,,"679.591,75",,,,,,,,,,
FEIRA NOVA-SE,,,,,,,,SE,,,"3.821,90",,,,,,,,-,,,,,,,"3.821,90",,,,,,,,,,"12.819,08",,,,,,,,,,
FREI PAULO-SE,,,,,,,,SE,,,"4.204,09",,,,,,,,-,,,,,,,"4.204,09",,,,,,,,,,"14.100,99",,,,,,,,,,
GARARU-SE,,,,,,,,SE,,,"4.013,00",,,,,,,,-,,,,,,,"4.013,00",,,,,,,,,,"13.460,04",,,,,,,,,,
GENERAL MAYNARD-SE,,,,,,,,SE,,,"4.865,63",,,,,,,,"782,79",,,,,,,"5.648,42",,,,,,,,,,"18.459,64",,,,,,,,,,
GRACHO CARDOSO-SE,,,,,,,,SE,,,"3.821,90",,,,,,,,-,,,,,,,"3.821,90",,,,,,,,,,"12.819,08",,,,,,,,,,
ILHA DAS FLORES-SE,,,,,,,,SE,,,"3.821,90",,,,,,,,-,,,,,,,"3.821,90",,,,,,,,,,"12.819,08",,,,,,,,,,
INDIAROBA-SE,,,,,,,,SE,,,"4.594,59",,,,,,,,-,,,,,,,"4.594,59",,,,,,,,,,"15.405,34",,,,,,,,,,
ITABAIANA-SE,,,,,,,,SE,,,"6.879,43",,,,,,,,-,,,,,,,"6.879,43",,,,,,,,,,"23.074,37",,,,,,,,,,
ITABAIANINHA-SE,,,,,,,,SE,,,"5.732,86",,,,,,,,-,,,,,,,"5.732,86",,,,,,,,,,"19.228,64",,,,,,,,,,
ITABI-SE,,,,,,,,SE,,,"3.821,90",,,,,,,,-,,,,,,,"3.821,90",,,,,,,,,,"12.819,08",,,,,,,,,,
ITAPORANGA D'AJUDA-SE,,,,,,,,SE,,,"464.296,64",,,,,,,,"142.131,77",,,,,,,"606.428,41",,,,,,,,,,"3.922.424,91",,,,,,,,,,
JAPARATUBA-SE,,,,,,,,SE,,,"308.614,14",,,,,,,,"218.589,87",,,,,,,"527.204,01",,,,,,,,,,"1.441.211,34",,,,,,,,,,
JAPOATA-SE,,,,,,,,SE,,,"4.204,09",,,,,,,,-,,,,,,,"4.204,09",,,,,,,,,,"14.100,99",,,,,,,,,,
LAGARTO-SE,,,,,,,,SE,,,"6.879,43",,,,,,,,-,,,,,,,"6.879,43",,,,,,,,,,"23.074,37",,,,,,,,,,
LARANJEIRAS-SE,,,,,,,,SE,,,"4.973,87",,,,,,,,-,,,,,,,"4.973,87",,,,,,,,,,"16.682,02",,,,,,,,,,
MACAMBIRA-SE,,,,,,,,SE,,,"3.821,90",,,,,,,,-,,,,,,,"3.821,90",,,,,,,,,,"12.819,08",,,,,,,,,,
MALHADA DOS BOIS-SE,,,,,,,,SE,,,"3.821,90",,,,,,,,-,,,,,,,"3.821,90",,,,,,,,,,"12.819,08",,,,,,,,,,
MALHADOR-SE,,,,,,,,SE,,,"4.013,00",,,,,,,,-,,,,,,,"4.013,00",,,,,,,,,,"13.460,04",,,,,,,,,,
Superintendência de Controle das Participações Governamentais,,,,,,,,,,,,,,,,,,,,,,,,,,,,,,,,,,,,,,,,,,,,,,
MARUIM-SE,,,,,,,,SE,,,"64.968,34",,,,,,,,"14.815,91",,,,,,,"79.784,25",,,,,,,,,,"232.418,62",,,,,,,,,,
MOITA BONITA-SE,,,,,,,,SE,,,"4.013,00",,,,,,,,-,,,,,,,"4.013,00",,,,,,,,,,"13.460,04",,,,,,,,,,
MONTE ALEGRE DE SERGIPE-SE,,,,,,,,SE,,,"4.204,09",,,,,,,,-,,,,,,,"4.204,09",,,,,,,,,,"14.100,99",,,,,,,,,,
MURIBECA-SE,,,,,,,,SE,,,"3.821,90",,,,,,,,-,,,,,,,"3.821,90",,,,,,,,,,"12.819,08",,,,,,,,,,
NEOPOLIS-SE,,,,,,,,SE,,,"4.777,38",,,,,,,,-,,,,,,,"4.777,38",,,,,,,,,,"16.023,86",,,,,,,,,,
NOSSA SENHORA APARECIDA-SE,,,,,,,,SE,,,"3.821,90",,,,,,,,-,,,,,,,"3.821,90",,,,,,,,,,"12.819,08",,,,,,,,,,
NOSSA SENHORA DA GLORIA-SE,,,,,,,,SE,,,"5.350,67",,,,,,,,-,,,,,,,"5.350,67",,,,,,,,,,"17.946,73",,,,,,,,,,
NOSSA SENHORA DAS DORES-SE,,,,,,,,SE,,,"4.968,48",,,,,,,,-,,,,,,,"4.968,48",,,,,,,,,,"16.664,82",,,,,,,,,,
NOSSA SENHORA DE LOURDES-SE,,,,,,,,SE,,,"3.821,90",,,,,,,,-,,,,,,,"3.821,90",,,,,,,,,,"12.819,08",,,,,,,,,,
NOSSA SENHORA DO SOCORRO-SE,,,,,,,,SE,,,"38.691,07",,,,,,,,-,,,,,,,"38.691,07",,,,,,,,,,"515.605,35",,,,,,,,,,
PACATUBA-SE,,,,,,,,SE,,,"63.780,78",,,,,,,,"4.849,55",,,,,,,"68.630,33",,,,,,,,,,"230.014,44",,,,,,,,,,
PEDRA MOLE-SE,,,,,,,,SE,,,"3.821,90",,,,,,,,-,,,,,,,"3.821,90",,,,,,,,,,"12.819,08",,,,,,,,,,
PEDRINHAS-SE,,,,,,,,SE,,,"3.821,90",,,,,,,,-,,,,,,,"3.821,90",,,,,,,,,,"12.819,08",,,,,,,,,,
PINHAO-SE,,,,,,,,SE,,,"3.821,90",,,,,,,,-,,,,,,,"3.821,90",,,,,,,,,,"12.819,08",,,,,,,,,,
PIRAMBU-SE,,,,,,,,SE,,,"106.290,05",,,,,,,,"10.098,05",,,,,,,"116.388,10",,,,,,,,,,"354.830,72",,,,,,,,,,
POCO REDONDO-SE,,,,,,,,SE,,,"5.350,67",,,,,,,,-,,,,,,,"5.350,67",,,,,,,,,,"17.946,73",,,,,,,,,,
POCO VERDE-SE,,,,,,,,SE,,,"4.968,48",,,,,,,,-,,,,,,,"4.968,48",,,,,,,,,,"16.664,82",,,,,,,,,,
PORTO DA FOLHA-SE,,,,,,,,SE,,,"5.159,57",,,,,,,,-,,,,,,,"5.159,57",,,,,,,,,,"17.305,77",,,,,,,,,,
PROPRIA-SE,,,,,,,,SE,,,"5.159,57",,,,,,,,-,,,,,,,"5.159,57",,,,,,,,,,"17.305,77",,,,,,,,,,
RIACHAO DO DANTAS-SE,,,,,,,,SE,,,"4.777,38",,,,,,,,-,,,,,,,"4.777,38",,,,,,,,,,"16.023,86",,,,,,,,,,
RIACHUELO-SE,,,,,,,,SE,,,"20.440,70",,,,,,,,"10.719,13",,,,,,,"31.159,83",,,,,,,,,,"89.157,48",,,,,,,,,,
RIBEIROPOLIS-SE,,,,,,,,SE,,,"4.395,19",,,,,,,,-,,,,,,,"4.395,19",,,,,,,,,,"14.741,95",,,,,,,,,,
ROSARIO DO CATETE-SE,,,,,,,,SE,,,"466.142,95",,,,,,,,"52.962,97",,,,,,,"519.105,92",,,,,,,,,,"1.541.054,04",,,,,,,,,,
SALGADO-SE,,,,,,,,SE,,,"4.777,38",,,,,,,,-,,,,,,,"4.777,38",,,,,,,,,,"16.023,86",,,,,,,,,,
SANTA LUZIA DO ITANHY-SE,,,,,,,,SE,,,"4.212,40",,,,,,,,-,,,,,,,"4.212,40",,,,,,,,,,"14.123,42",,,,,,,,,,
SANTA ROSA DE LIMA-SE,,,,,,,,SE,,,"3.821,90",,,,,,,,-,,,,,,,"3.821,90",,,,,,,,,,"12.819,08",,,,,,,,,,
SANTANA DO SAO FRANCISCO-SE,,,,,,,,SE,,,"3.821,90",,,,,,,,-,,,,,,,"3.821,90",,,,,,,,,,"12.819,08",,,,,,,,,,
SANTO AMARO DAS BROTAS-SE,,,,,,,,SE,,,"412.110,57",,,,,,,,"5.193,74",,,,,,,"417.304,31",,,,,,,,,,"1.283.625,02",,,,,,,,,,
SAO CRISTOVAO-SE,,,,,,,,SE,,,"53.769,51",,,,,,,,"1.573,18",,,,,,,"55.342,69",,,,,,,,,,"170.936,80",,,,,,,,,,
SAO DOMINGOS-SE,,,,,,,,SE,,,"4.013,00",,,,,,,,-,,,,,,,"4.013,00",,,,,,,,,,"13.460,04",,,,,,,,,,
SAO FRANCISCO-SE,,,,,,,,SE,,,"3.821,90",,,,,,,,-,,,,,,,"3.821,90",,,,,,,,,,"12.819,08",,,,,,,,,,
SAO MIGUEL DO ALEIXO-SE,,,,,,,,SE,,,"3.821,90",,,,,,,,-,,,,,,,"3.821,90",,,,,,,,,,"12.819,08",,,,,,,,,,
SIMAO DIAS-SE,,,,,,,,SE,,,"5.732,86",,,,,,,,-,,,,,,,"5.732,86",,,,,,,,,,"19.228,64",,,,,,,,,,
SIRIRI-SE,,,,,,,,SE,,,"109.745,10",,,,,,,,"43.257,55",,,,,,,"153.002,65",,,,,,,,,,"441.991,37",,,,,,,,,,
TELHA-SE,,,,,,,,SE,,,"3.821,90",,,,,,,,-,,,,,,,"3.821,90",,,,,,,,,,"12.819,08",,,,,,,,,,
TOBIAS BARRETO-SE,,,,,,,,SE,,,"5.923,95",,,,,,,,-,,,,,,,"5.923,95",,,,,,,,,,"19.869,59",,,,,,,,,,
TOMAR DO GERU-SE,,,,,,,,SE,,,"4.204,09",,,,,,,,-,,,,,,,"4.204,09",,,,,,,,,,"14.100,99",,,,,,,,,,
UMBAUBA-SE,,,,,,,,SE,,,"4.968,48",,,,,,,,-,,,,,,,"4.968,48",,,,,,,,,,"16.664,82",,,,,,,,,,
SERGIPE  TOTAL,,,,,,,,,,,"4.805.020,03",,,,,,,,"1.597.059,54",,,,,,,"6.402.079,57",,,,,,,,,,"21.920.929,42",,,,,,,,,,
ARUJA-SP,,,,,,,,SP,,,"1.149,40",,,,,,,,-,,,,,,,"1.149,40",,,,,,,,,,"3.574,08",,,,,,,,,,
BARRA DO TURVO-SP,,,,,,,,SP,,,"656,80",,,,,,,,-,,,,,,,"656,80",,,,,,,,,,"2.042,33",,,,,,,,,,
BARUERI-SP,,,,,,,,SP,,,"1.313,60",,,,,,,,-,,,,,,,"1.313,60",,,,,,,,,,"4.084,67",,,,,,,,,,
BERTIOGA-SP,,,,,,,,SP,,,"42.232,49",,,,,,,,"1.082.872,22",,,,,,,"1.125.104,71",,,,,,,,,,"3.277.332,98",,,,,,,,,,
BILAC-SP,,,,,,,,SP,,,"3,81",,,,,,,,-,,,,,,,"3,81",,,,,,,,,,"8,21",,,,,,,,,,
BIRITIBA-MIRIM-SP,,,,,,,,SP,,,"886,68",,,,,,,,-,,,,,,,"886,68",,,,,,,,,,"2.757,14",,,,,,,,,,
CAIEIRAS-SP,,,,,,,,SP,,,"1.182,24",,,,,,,,-,,,,,,,"1.182,24",,,,,,,,,,"3.676,20",,,,,,,,,,
CAJAMAR-SP,,,,,,,,SP,,,"1.083,72",,,,,,,,-,,,,,,,"1.083,72",,,,,,,,,,"3.369,85",,,,,,,,,,
CAJATI-SP,,,,,,,,SP,,,"919,52",,,,,,,,-,,,,,,,"919,52",,,,,,,,,,"2.859,27",,,,,,,,,,
CANANEIA-SP,,,,,,,,SP,,,"30.970,49",,,,,,,,"54.257,91",,,,,,,"85.228,40",,,,,,,,,,"265.019,09",,,,,,,,,,
CARAGUATATUBA-SP,,,,,,,,SP,,,-,,,,,,,,"1.026.269,77",,,,,,,"1.026.269,77",,,,,,,,,,"2.970.004,29",,,,,,,,,,
CARAPICUIBA-SP,,,,,,,,SP,,,"1.313,60",,,,,,,,-,,,,,,,"1.313,60",,,,,,,,,,"4.084,67",,,,,,,,,,
COTIA-SP,,,,,,,,SP,,,"1.313,60",,,,,,,,-,,,,,,,"1.313,60",,,,,,,,,,"4.084,67",,,,,,,,,,
CUBATAO-SP,,,,,,,,SP,,,"658.684,49",,,,,,,,"31.274,59",,,,,,,"689.959,08",,,,,,,,,,"2.128.446,81",,,,,,,,,,
DIADEMA-SP,,,,,,,,SP,,,"1.313,60",,,,,,,,-,,,,,,,"1.313,60",,,,,,,,,,"4.084,67",,,,,,,,,,
ELDORADO-SP,,,,,,,,SP,,,"755,32",,,,,,,,-,,,,,,,"755,32",,,,,,,,,,"2.348,68",,,,,,,,,,
EMBU-GUACU-SP,,,,,,,,SP,,,"1.083,72",,,,,,,,-,,,,,,,"1.083,72",,,,,,,,,,"3.369,85",,,,,,,,,,
Superintendência de Controle das Participações Governamentais,,,,,,,,,,,,,,,,,,,,,,,,,,,,,,,,,,,,,,,,,,,,,,
EMBU-SP,,,,,,,,SP,,,"1.313,60",,,,,,,,-,,,,,,,"1.313,60",,,,,,,,,,"4.084,67",,,,,,,,,,
FERRAZ DE VASCONCELOS-SP,,,,,,,,SP,,,"1.313,60",,,,,,,,-,,,,,,,"1.313,60",,,,,,,,,,"4.084,67",,,,,,,,,,
FRANCISCO MORATO-SP,,,,,,,,SP,,,"1.313,60",,,,,,,,-,,,,,,,"1.313,60",,,,,,,,,,"4.084,67",,,,,,,,,,
FRANCO DA ROCHA-SP,,,,,,,,SP,,,"1.247,92",,,,,,,,-,,,,,,,"1.247,92",,,,,,,,,,"3.880,43",,,,,,,,,,
GUARAREMA-SP,,,,,,,,SP,,,"356.880,98",,,,,,,,"1.979.408,46",,,,,,,"2.336.289,44",,,,,,,,,,"7.682.357,75",,,,,,,,,,
GUARUJA-SP,,,,,,,,SP,,,"1.313,60",,,,,,,,-,,,,,,,"1.313,60",,,,,,,,,,"4.085,55",,,,,,,,,,
GUARULHOS-SP,,,,,,,,SP,,,"1.313,60",,,,,,,,-,,,,,,,"1.313,60",,,,,,,,,,"4.084,67",,,,,,,,,,
IGUAPE-SP,,,,,,,,SP,,,"919,52",,,,,,,,-,,,,,,,"919,52",,,,,,,,,,"2.859,27",,,,,,,,,,
ILHA COMPRIDA-SP,,,,,,,,SP,,,"656,80",,,,,,,,-,,,,,,,"656,80",,,,,,,,,,"2.042,33",,,,,,,,,,
ILHABELA-SP,,,,,,,,SP,,,-,,,,,,,,"1.026.269,77",,,,,,,"1.026.269,77",,,,,,,,,,"2.970.030,19",,,,,,,,,,
ITANHAEM-SP,,,,,,,,SP,,,"1.182,24",,,,,,,,-,,,,,,,"1.182,24",,,,,,,,,,"3.676,20",,,,,,,,,,
ITAPECERICA DA SERRA-SP,,,,,,,,SP,,,"1.313,60",,,,,,,,-,,,,,,,"1.313,60",,,,,,,,,,"4.084,67",,,,,,,,,,
ITAPEVI-SP,,,,,,,,SP,,,"1.313,60",,,,,,,,-,,,,,,,"1.313,60",,,,,,,,,,"4.084,67",,,,,,,,,,
ITAQUAQUECETUBA-SP,,,,,,,,SP,,,"1.313,60",,,,,,,,-,,,,,,,"1.313,60",,,,,,,,,,"4.084,67",,,,,,,,,,
ITARIRI-SP,,,,,,,,SP,,,"755,32",,,,,,,,-,,,,,,,"755,32",,,,,,,,,,"2.348,68",,,,,,,,,,
JACUPIRANGA-SP,,,,,,,,SP,,,"788,16",,,,,,,,-,,,,,,,"788,16",,,,,,,,,,"2.450,80",,,,,,,,,,
JANDIRA-SP,,,,,,,,SP,,,"1.215,08",,,,,,,,-,,,,,,,"1.215,08",,,,,,,,,,"3.778,32",,,,,,,,,,
JUQUIA-SP,,,,,,,,SP,,,"821,00",,,,,,,,-,,,,,,,"821,00",,,,,,,,,,"2.552,91",,,,,,,,,,
JUQUITIBA-SP,,,,,,,,SP,,,"886,68",,,,,,,,-,,,,,,,"886,68",,,,,,,,,,"2.757,14",,,,,,,,,,
MAIRIPORA-SP,,,,,,,,SP,,,"1.116,56",,,,,,,,-,,,,,,,"1.116,56",,,,,,,,,,"3.471,96",,,,,,,,,,
MAUA-SP,,,,,,,,SP,,,"1.313,60",,,,,,,,-,,,,,,,"1.313,60",,,,,,,,,,"4.088,46",,,,,,,,,,
MIRACATU-SP,,,,,,,,SP,,,"853,84",,,,,,,,-,,,,,,,"853,84",,,,,,,,,,"2.655,03",,,,,,,,,,
MOJI DAS CRUZES-SP,,,,,,,,SP,,,"1.313,60",,,,,,,,-,,,,,,,"1.313,60",,,,,,,,,,"4.084,67",,,,,,,,,,
MONGAGUA-SP,,,,,,,,SP,,,"1.018,04",,,,,,,,-,,,,,,,"1.018,04",,,,,,,,,,"3.165,61",,,,,,,,,,
OSASCO-SP,,,,,,,,SP,,,"1.313,60",,,,,,,,-,,,,,,,"1.313,60",,,,,,,,,,"4.084,67",,,,,,,,,,
PARIQUERA-ACU-SP,,,,,,,,SP,,,"821,00",,,,,,,,-,,,,,,,"821,00",,,,,,,,,,"2.552,91",,,,,,,,,,
PAULINIA-SP,,,,,,,,SP,,,-,,,,,,,,-,,,,,,,-,,,,,,,,,,"3,79",,,,,,,,,,
PEDRO DE TOLEDO-SP,,,,,,,,SP,,,"656,80",,,,,,,,-,,,,,,,"656,80",,,,,,,,,,"2.042,33",,,,,,,,,,
PERUIBE-SP,,,,,,,,SP,,,"1.050,88",,,,,,,,-,,,,,,,"1.050,88",,,,,,,,,,"3.267,74",,,,,,,,,,
PINDAMONHANGABA-SP,,,,,,,,SP,,,"355.994,12",,,,,,,,-,,,,,,,"355.994,12",,,,,,,,,,"1.099.178,19",,,,,,,,,,
PIRAPORA DO BOM JESUS-SP,,,,,,,,SP,,,"755,32",,,,,,,,-,,,,,,,"755,32",,,,,,,,,,"2.348,68",,,,,,,,,,
POA-SP,,,,,,,,SP,,,"1.215,08",,,,,,,,-,,,,,,,"1.215,08",,,,,,,,,,"3.778,32",,,,,,,,,,
PRAIA GRANDE-SP,,,,,,,,SP,,,"10.558,12",,,,,,,,-,,,,,,,"10.558,12",,,,,,,,,,"32.831,52",,,,,,,,,,
REGISTRO-SP,,,,,,,,SP,,,"1.050,88",,,,,,,,-,,,,,,,"1.050,88",,,,,,,,,,"3.267,74",,,,,,,,,,
RIBEIRAO PIRES-SP,,,,,,,,SP,,,"1.215,08",,,,,,,,-,,,,,,,"1.215,08",,,,,,,,,,"3.778,32",,,,,,,,,,
RIO GRANDE DA SERRA-SP,,,,,,,,SP,,,"985,20",,,,,,,,-,,,,,,,"985,20",,,,,,,,,,"3.063,50",,,,,,,,,,
SALESOPOLIS-SP,,,,,,,,SP,,,"755,32",,,,,,,,-,,,,,,,"755,32",,,,,,,,,,"2.348,68",,,,,,,,,,
SANTA ISABEL-SP,,,,,,,,SP,,,"1.018,04",,,,,,,,-,,,,,,,"1.018,04",,,,,,,,,,"3.165,61",,,,,,,,,,
SANTANA DE PARNAIBA-SP,,,,,,,,SP,,,"1.215,08",,,,,,,,-,,,,,,,"1.215,08",,,,,,,,,,"3.778,32",,,,,,,,,,
SANTO ANDRE-SP,,,,,,,,SP,,,"1.313,60",,,,,,,,-,,,,,,,"1.313,60",,,,,,,,,,"4.084,67",,,,,,,,,,
SANTOS-SP,,,,,,,,SP,,,"1.313,60",,,,,,,,-,,,,,,,"1.313,60",,,,,,,,,,"4.089,95",,,,,,,,,,
SAO BERNARDO DO CAMPO-SP,,,,,,,,SP,,,"1.313,60",,,,,,,,-,,,,,,,"1.313,60",,,,,,,,,,"4.084,67",,,,,,,,,,
SAO CAETANO DO SUL-SP,,,,,,,,SP,,,"1.313,60",,,,,,,,-,,,,,,,"1.313,60",,,,,,,,,,"4.087,08",,,,,,,,,,
SAO JOSE DOS CAMPOS-SP,,,,,,,,SP,,,-,,,,,,,,-,,,,,,,-,,,,,,,,,,"3,79",,,,,,,,,,
SAO LOURENCO DA SERRA-SP,,,,,,,,SP,,,"788,16",,,,,,,,-,,,,,,,"788,16",,,,,,,,,,"2.450,80",,,,,,,,,,
SAO PAULO-SP,,,,,,,,SP,,,"1.313,60",,,,,,,,-,,,,,,,"1.313,60",,,,,,,,,,"4.084,67",,,,,,,,,,
SAO SEBASTIAO-SP,,,,,,,,SP,,,"606.356,95",,,,,,,,"2.052.539,55",,,,,,,"2.658.896,50",,,,,,,,,,"7.811.357,50",,,,,,,,,,
SAO VICENTE-SP,,,,,,,,SP,,,"10.558,12",,,,,,,,-,,,,,,,"10.558,12",,,,,,,,,,"32.831,52",,,,,,,,,,
SETE BARRAS-SP,,,,,,,,SP,,,"722,48",,,,,,,,-,,,,,,,"722,48",,,,,,,,,,"2.246,56",,,,,,,,,,
SILVEIRAS-SP,,,,,,,,SP,,,"4,24",,,,,,,,-,,,,,,,"4,24",,,,,,,,,,"11,21",,,,,,,,,,
SUZANO-SP,,,,,,,,SP,,,"1.313,60",,,,,,,,-,,,,,,,"1.313,60",,,,,,,,,,"4.084,67",,,,,,,,,,
TABOAO DA SERRA-SP,,,,,,,,SP,,,"1.313,60",,,,,,,,-,,,,,,,"1.313,60",,,,,,,,,,"4.084,67",,,,,,,,,,
VARGEM GRANDE PAULISTA-SP,,,,,,,,SP,,,"1.018,04",,,,,,,,-,,,,,,,"1.018,04",,,,,,,,,,"3.165,61",,,,,,,,,,
SAO PAULO  TOTAL,,,,,,,,,,,"2.133.588,93",,,,,,,,"7.252.892,27",,,,,,,"9.386.481,20",,,,,,,,,,"28.460.183,14",,,,,,,,,,
