ANADIA-AL,,,,,,,,AL,,,"535,39",,,,,,,,-,,,,,,,,"535,39",,,,,,,"9.596,80",,,,,,,,
ATALAIA-AL,,,,,,,,AL,,,"713,85",,,,,,,,-,,,,,,,,"713,85",,,,,,,"12.795,73",,,,,,,,
BARRA DE SANTO ANTONIO-AL,,,,,,,,AL,,,"490,77",,,,,,,,-,,,,,,,,"490,77",,,,,,,"8.797,03",,,,,,,,
BARRA DE SAO MIGUEL-AL,,,,,,,,AL,,,"446,16",,,,,,,,-,,,,,,,,"446,16",,,,,,,"7.997,31",,,,,,,,
BOCA DA MATA-AL,,,,,,,,AL,,,"602,31",,,,,,,,-,,,,,,,,"602,31",,,,,,,"10.796,41",,,,,,,,
BRANQUINHA-AL,,,,,,,,AL,,,"468,46",,,,,,,,-,,,,,,,,"468,46",,,,,,,"8.397,18",,,,,,,,
CAJUEIRO-AL,,,,,,,,AL,,,"580,00",,,,,,,,-,,,,,,,,"580,00",,,,,,,"10.396,51",,,,,,,,
CAMPESTRE-AL,,,,,,,,AL,,,"446,16",,,,,,,,-,,,,,,,,"446,16",,,,,,,"7.997,31",,,,,,,,
CAMPO ALEGRE-AL,,,,,,,,AL,,,"691,54",,,,,,,,-,,,,,,,,"691,54",,,,,,,"12.395,87",,,,,,,,
CAPELA-AL,,,,,,,,AL,,,"535,39",,,,,,,,-,,,,,,,,"535,39",,,,,,,"9.596,80",,,,,,,,
CHA PRETA-AL,,,,,,,,AL,,,"446,16",,,,,,,,-,,,,,,,,"446,16",,,,,,,"7.997,31",,,,,,,,
COLONIA LEOPOLDINA-AL,,,,,,,,AL,,,"557,70",,,,,,,,-,,,,,,,,"557,70",,,,,,,"9.996,67",,,,,,,,
COQUEIRO SECO-AL,,,,,,,,AL,,,"611,27",,,,,,,,"106,49",,,,,,,,"717,76",,,,,,,"21.531,83",,,,,,,,
CORURIPE-AL,,,,,,,,AL,,,"1.069.987,48",,,,,,,,"40.460,78",,,,,,,,"1.110.448,26",,,,,,,"13.232.578,67",,,,,,,,
FELIZ DESERTO-AL,,,,,,,,AL,,,"16.036,02",,,,,,,,"22.410,34",,,,,,,,"38.446,36",,,,,,,"689.119,41",,,,,,,,
FLEXEIRAS-AL,,,,,,,,AL,,,"468,46",,,,,,,,-,,,,,,,,"468,46",,,,,,,"8.397,18",,,,,,,,
IBATEGUARA-AL,,,,,,,,AL,,,"513,08",,,,,,,,-,,,,,,,,"513,08",,,,,,,"9.196,92",,,,,,,,
IGREJA NOVA-AL,,,,,,,,AL,,,"580,00",,,,,,,,-,,,,,,,,"580,00",,,,,,,"10.396,51",,,,,,,,
JACUIPE-AL,,,,,,,,AL,,,"446,16",,,,,,,,-,,,,,,,,"446,16",,,,,,,"7.997,31",,,,,,,,
JAPARATINGA-AL,,,,,,,,AL,,,"446,16",,,,,,,,-,,,,,,,,"446,16",,,,,,,"7.997,31",,,,,,,,
JEQUIA DA PRAIA-AL,,,,,,,,AL,,,"11.774,66",,,,,,,,"4.748,60",,,,,,,,"16.523,26",,,,,,,"165.494,35",,,,,,,,
JOAQUIM GOMES-AL,,,,,,,,AL,,,"580,00",,,,,,,,-,,,,,,,,"580,00",,,,,,,"10.396,51",,,,,,,,
JUNDIA-AL,,,,,,,,AL,,,"448,50",,,,,,,,-,,,,,,,,"448,50",,,,,,,"294.073,14",,,,,,,,
JUNQUEIRO-AL,,,,,,,,AL,,,"602,31",,,,,,,,-,,,,,,,,"602,31",,,,,,,"10.796,41",,,,,,,,
MACEIO-AL,,,,,,,,AL,,,"83.462,70",,,,,,,,"14.457,23",,,,,,,,"97.919,93",,,,,,,"1.488.560,91",,,,,,,,
MARAGOGI-AL,,,,,,,,AL,,,"602,31",,,,,,,,-,,,,,,,,"602,31",,,,,,,"10.796,41",,,,,,,,
MARECHAL DEODORO-AL,,,,,,,,AL,,,"99.408,27",,,,,,,,"78.152,32",,,,,,,,"177.560,59",,,,,,,"2.638.693,19",,,,,,,,
MATRIZ DE CAMARAGIBE-AL,,,,,,,,AL,,,"602,31",,,,,,,,-,,,,,,,,"602,31",,,,,,,"10.796,41",,,,,,,,
MESSIAS-AL,,,,,,,,AL,,,"513,08",,,,,,,,-,,,,,,,,"513,08",,,,,,,"9.196,92",,,,,,,,
MURICI-AL,,,,,,,,AL,,,"602,31",,,,,,,,-,,,,,,,,"602,31",,,,,,,"10.796,41",,,,,,,,
NOVO LINO-AL,,,,,,,,AL,,,"468,46",,,,,,,,-,,,,,,,,"468,46",,,,,,,"8.397,18",,,,,,,,
PARIPUEIRA-AL,,,,,,,,AL,,,"446,16",,,,,,,,"3.860,04",,,,,,,,"4.306,20",,,,,,,"128.170,07",,,,,,,,
PASSO DE CAMARAGIBE-AL,,,,,,,,AL,,,"490,77",,,,,,,,-,,,,,,,,"490,77",,,,,,,"8.797,03",,,,,,,,
PENEDO-AL,,,,,,,,AL,,,"628.209,51",,,,,,,,-,,,,,,,,"628.209,51",,,,,,,"4.200.222,92",,,,,,,,
PIACABUCU-AL,,,,,,,,AL,,,"535,39",,,,,,,,-,,,,,,,,"535,39",,,,,,,"9.596,80",,,,,,,,
PILAR-AL,,,,,,,,AL,,,"187.389,22",,,,,,,,"120.463,17",,,,,,,,"307.852,39",,,,,,,"3.747.048,48",,,,,,,,
PINDOBA-AL,,,,,,,,AL,,,"446,16",,,,,,,,-,,,,,,,,"446,16",,,,,,,"7.997,31",,,,,,,,
PORTO CALVO-AL,,,,,,,,AL,,,"602,31",,,,,,,,-,,,,,,,,"602,31",,,,,,,"10.796,41",,,,,,,,
PORTO DE PEDRAS-AL,,,,,,,,AL,,,"468,46",,,,,,,,-,,,,,,,,"468,46",,,,,,,"8.397,18",,,,,,,,
PORTO REAL DO COLEGIO-AL,,,,,,,,AL,,,"535,39",,,,,,,,-,,,,,,,,"535,39",,,,,,,"9.596,80",,,,,,,,
RIO LARGO-AL,,,,,,,,AL,,,"20.846,99",,,,,,,,"12.955,58",,,,,,,,"33.802,57",,,,,,,"434.620,66",,,,,,,,
ROTEIRO-AL,,,,,,,,AL,,,"446,16",,,,,,,,-,,,,,,,,"446,16",,,,,,,"18.910,02",,,,,,,,
SANTA LUZIA DO NORTE-AL,,,,,,,,AL,,,"46.184,33",,,,,,,,"577,62",,,,,,,,"46.761,95",,,,,,,"562.220,14",,,,,,,,
SANTANA DO MUNDAU-AL,,,,,,,,AL,,,"468,46",,,,,,,,-,,,,,,,,"468,46",,,,,,,"8.397,18",,,,,,,,
SAO JOSE DA LAJE-AL,,,,,,,,AL,,,"580,00",,,,,,,,-,,,,,,,,"580,00",,,,,,,"10.396,51",,,,,,,,
SAO LUIS DO QUITUNDE-AL,,,,,,,,AL,,,"624,62",,,,,,,,-,,,,,,,,"624,62",,,,,,,"11.196,26",,,,,,,,
SAO MIGUEL DOS CAMPOS-AL,,,,,,,,AL,,,"161.630,21",,,,,,,,"80.687,62",,,,,,,,"242.317,83",,,,,,,"6.845.326,85",,,,,,,,
SAO MIGUEL DOS MILAGRES-AL,,,,,,,,AL,,,"446,16",,,,,,,,-,,,,,,,,"446,16",,,,,,,"7.997,31",,,,,,,,
SATUBA-AL,,,,,,,,AL,,,"671.525,83",,,,,,,,"28.081,10",,,,,,,,"699.606,93",,,,,,,"8.122.226,24",,,,,,,,
TEOTONIO VILELA-AL,,,,,,,,AL,,,"691,54",,,,,,,,-,,,,,,,,"691,54",,,,,,,"12.395,87",,,,,,,,
Superintendência de Controle das Participações Governamentais,,,,,,,,,,,,,,,,,,,,,,,,,,,,,,,,,,,,,,,,,,
UNIAO DOS PALMARES-AL,,,,,,,,AL,,,"736,16",,,,,,,,-,,,,,,,,"736,16",,,,,,,"13.195,60",,,,,,,,
VICOSA-AL,,,,,,,,AL,,,"602,31",,,,,,,,-,,,,,,,,"602,31",,,,,,,"10.796,41",,,,,,,,
ALAGOAS  TOTAL,,,,,,,,,,,"3.018.573,57",,,,,,,,"406.960,89",,,,,,,,"3.425.534,46",,,,,,,"42.950.275,96",,,,,,,,
ANAMA-AM,,,,,,,,AM,,,-,,,,,,,,"2.477,13",,,,,,,,"2.477,13",,,,,,,"34.080,91",,,,,,,,
ANORI-AM,,,,,,,,AM,,,-,,,,,,,,"2.477,13",,,,,,,,"2.477,13",,,,,,,"34.080,91",,,,,,,,
AUTAZES-AM,,,,,,,,AM,,,-,,,,,,,,"7.046,03",,,,,,,,"7.046,03",,,,,,,"95.180,07",,,,,,,,
BERURI-AM,,,,,,,,AM,,,-,,,,,,,,"2.477,13",,,,,,,,"2.477,13",,,,,,,"34.080,91",,,,,,,,
CAREIRO DA VARZEA-AM,,,,,,,,AM,,,-,,,,,,,,"7.046,03",,,,,,,,"7.046,03",,,,,,,"95.180,07",,,,,,,,
CAREIRO-AM,,,,,,,,AM,,,-,,,,,,,,"2.477,13",,,,,,,,"2.477,13",,,,,,,"34.080,91",,,,,,,,
COARI-AM,,,,,,,,AM,,,"1.958.442,10",,,,,,,,"1.876.198,97",,,,,,,,"3.834.641,07",,,,,,,"51.445.180,39",,,,,,,,
CODAJAS-AM,,,,,,,,AM,,,-,,,,,,,,"2.477,13",,,,,,,,"2.477,13",,,,,,,"34.080,91",,,,,,,,
IRANDUBA-AM,,,,,,,,AM,,,-,,,,,,,,"7.046,03",,,,,,,,"7.046,03",,,,,,,"95.180,07",,,,,,,,
ITACOATIARA-AM,,,,,,,,AM,,,-,,,,,,,,"7.046,03",,,,,,,,"7.046,03",,,,,,,"95.180,07",,,,,,,,
ITAPIRANGA-AM,,,,,,,,AM,,,-,,,,,,,,"7.046,03",,,,,,,,"7.046,03",,,,,,,"95.180,07",,,,,,,,
MANACAPURU-AM,,,,,,,,AM,,,-,,,,,,,,"2.477,13",,,,,,,,"2.477,13",,,,,,,"34.080,91",,,,,,,,
MANAQUIRI-AM,,,,,,,,AM,,,-,,,,,,,,"2.477,13",,,,,,,,"2.477,13",,,,,,,"34.080,91",,,,,,,,
MANAUS-AM,,,,,,,,AM,,,"1.110.743,17",,,,,,,,"90.809,24",,,,,,,,"1.201.552,41",,,,,,,"13.008.363,01",,,,,,,,
PARINTINS-AM,,,,,,,,AM,,,-,,,,,,,,"7.046,03",,,,,,,,"7.046,03",,,,,,,"95.180,07",,,,,,,,
SILVES-AM,,,,,,,,AM,,,-,,,,,,,,"7.046,03",,,,,,,,"7.046,03",,,,,,,"95.180,07",,,,,,,,
URUCARA-AM,,,,,,,,AM,,,-,,,,,,,,"7.046,03",,,,,,,,"7.046,03",,,,,,,"95.180,07",,,,,,,,
URUCURITUBA-AM,,,,,,,,AM,,,-,,,,,,,,"7.046,03",,,,,,,,"7.046,03",,,,,,,"95.180,07",,,,,,,,
AMAZONAS  TOTAL,,,,,,,,,,,"3.069.185,27",,,,,,,,"2.047.762,39",,,,,,,,"5.116.947,66",,,,,,,"65.548.730,40",,,,,,,,
LARANJAL DO JARI-AP,,,,,,,,AP,,,-,,,,,,,,"7.046,03",,,,,,,,"7.046,03",,,,,,,"95.180,07",,,,,,,,
MACAPA-AP,,,,,,,,AP,,,-,,,,,,,,"7.046,03",,,,,,,,"7.046,03",,,,,,,"95.180,07",,,,,,,,
MAZAGAO-AP,,,,,,,,AP,,,-,,,,,,,,"7.046,03",,,,,,,,"7.046,03",,,,,,,"95.180,07",,,,,,,,
AMAPA  TOTAL,,,,,,,,,,,-,,,,,,,,"21.138,09",,,,,,,,"21.138,09",,,,,,,"285.540,21",,,,,,,,
ACAJUTIBA-BA,,,,,,,,BA,,,"1.452,57",,,,,,,,-,,,,,,,,"1.452,57",,,,,,,"12.822,96",,,,,,,,
ADUSTINA-BA,,,,,,,,BA,,,"1.452,57",,,,,,,,-,,,,,,,,"1.452,57",,,,,,,"12.822,96",,,,,,,,
AGUA FRIA-BA,,,,,,,,BA,,,"1.452,57",,,,,,,,-,,,,,,,,"1.452,57",,,,,,,"12.822,96",,,,,,,,
AIQUARA-BA,,,,,,,,BA,,,"1.263,10",,,,,,,,-,,,,,,,,"1.263,10",,,,,,,"11.150,40",,,,,,,,
ALAGOINHAS-BA,,,,,,,,BA,,,"305.976,97",,,,,,,,"165.025,16",,,,,,,,"471.002,13",,,,,,,"6.265.723,05",,,,,,,,
ALCOBACA-BA,,,,,,,,BA,,,"1.578,88",,,,,,,,-,,,,,,,,"1.578,88",,,,,,,"13.897,02",,,,,,,,
ALMADINA-BA,,,,,,,,BA,,,"1.263,10",,,,,,,,-,,,,,,,,"1.263,10",,,,,,,"11.150,40",,,,,,,,
AMARGOSA-BA,,,,,,,,BA,,,"1.831,50",,,,,,,,-,,,,,,,,"1.831,50",,,,,,,"16.209,10",,,,,,,,
AMELIA RODRIGUES-BA,,,,,,,,BA,,,"1.642,04",,,,,,,,-,,,,,,,,"1.642,04",,,,,,,"14.454,61",,,,,,,,
ANAGE-BA,,,,,,,,BA,,,"1.705,19",,,,,,,,-,,,,,,,,"1.705,19",,,,,,,"15.012,10",,,,,,,,
ANGUERA-BA,,,,,,,,BA,,,"1.263,10",,,,,,,,-,,,,,,,,"1.263,10",,,,,,,"11.150,40",,,,,,,,
ANTAS-BA,,,,,,,,BA,,,"1.515,73",,,,,,,,-,,,,,,,,"1.515,73",,,,,,,"13.421,46",,,,,,,,
ANTONIO CARDOSO-BA,,,,,,,,BA,,,"1.389,42",,,,,,,,-,,,,,,,,"1.389,42",,,,,,,"12.306,46",,,,,,,,
APORA-BA,,,,,,,,BA,,,"1.515,73",,,,,,,,-,,,,,,,,"1.515,73",,,,,,,"13.380,53",,,,,,,,
APUAREMA-BA,,,,,,,,BA,,,"1.263,10",,,,,,,,-,,,,,,,,"1.263,10",,,,,,,"11.150,40",,,,,,,,
ARACAS-BA,,,,,,,,BA,,,"291.172,07",,,,,,,,"150.074,59",,,,,,,,"441.246,66",,,,,,,"5.553.063,31",,,,,,,,
ARACI-BA,,,,,,,,BA,,,"2.020,97",,,,,,,,-,,,,,,,,"2.020,97",,,,,,,"17.881,66",,,,,,,,
ARAMARI-BA,,,,,,,,BA,,,"2.998,23",,,,,,,,"728,75",,,,,,,,"3.726,98",,,,,,,"42.392,61",,,,,,,,
ARATACA-BA,,,,,,,,BA,,,"1.326,26",,,,,,,,-,,,,,,,,"1.326,26",,,,,,,"11.707,98",,,,,,,,
ARATUIPE-BA,,,,,,,,BA,,,"1.263,10",,,,,,,,-,,,,,,,,"1.263,10",,,,,,,"11.150,40",,,,,,,,
AURELINO LEAL-BA,,,,,,,,BA,,,"1.452,57",,,,,,,,-,,,,,,,,"1.452,57",,,,,,,"12.782,04",,,,,,,,
BAIXA GRANDE-BA,,,,,,,,BA,,,"1.642,04",,,,,,,,-,,,,,,,,"1.642,04",,,,,,,"14.495,54",,,,,,,,
BANZAE-BA,,,,,,,,BA,,,"1.326,26",,,,,,,,-,,,,,,,,"1.326,26",,,,,,,"11.707,98",,,,,,,,
BARRA DO CHOCA-BA,,,,,,,,BA,,,"1.831,50",,,,,,,,-,,,,,,,,"1.831,50",,,,,,,"16.086,17",,,,,,,,
BARRA DO ROCHA-BA,,,,,,,,BA,,,"1.263,10",,,,,,,,-,,,,,,,,"1.263,10",,,,,,,"11.150,40",,,,,,,,
BARRO PRETO-BA,,,,,,,,BA,,,"1.263,10",,,,,,,,-,,,,,,,,"1.263,10",,,,,,,"11.150,40",,,,,,,,
BARROCAS-BA,,,,,,,,BA,,,"1.389,42",,,,,,,,-,,,,,,,,"1.389,42",,,,,,,"12.265,46",,,,,,,,
BELMONTE-BA,,,,,,,,BA,,,"1.642,04",,,,,,,,-,,,,,,,,"1.642,04",,,,,,,"14.495,54",,,,,,,,
BELO CAMPO-BA,,,,,,,,BA,,,"1.452,57",,,,,,,,-,,,,,,,,"1.452,57",,,,,,,"12.782,04",,,,,,,,
BIRITINGA-BA,,,,,,,,BA,,,"1.389,42",,,,,,,,-,,,,,,,,"1.389,42",,,,,,,"12.224,46",,,,,,,,
Superintendência de Controle das Participações Governamentais,,,,,,,,,,,,,,,,,,,,,,,,,,,,,,,,,,,,,,,,,,
BOA NOVA-BA,,,,,,,,BA,,,"1.515,73",,,,,,,,-,,,,,,,,"1.515,73",,,,,,,"13.298,53",,,,,,,,
BOA VISTA DO TUPIM-BA,,,,,,,,BA,,,"1.515,73",,,,,,,,-,,,,,,,,"1.515,73",,,,,,,"13.339,52",,,,,,,,
BOM JESUS DA SERRA-BA,,,,,,,,BA,,,"1.326,26",,,,,,,,-,,,,,,,,"1.326,26",,,,,,,"11.707,98",,,,,,,,
BREJOES-BA,,,,,,,,BA,,,"1.389,42",,,,,,,,-,,,,,,,,"1.389,42",,,,,,,"12.224,46",,,,,,,,
BUERAREMA-BA,,,,,,,,BA,,,"1.578,88",,,,,,,,-,,,,,,,,"1.578,88",,,,,,,"13.938,02",,,,,,,,
CAATIBA-BA,,,,,,,,BA,,,"1.326,26",,,,,,,,-,,,,,,,,"1.326,26",,,,,,,"11.625,97",,,,,,,,
CABACEIRAS DO PARAGUACU-BA,,,,,,,,BA,,,"1.515,73",,,,,,,,-,,,,,,,,"1.515,73",,,,,,,"13.421,46",,,,,,,,
CACHOEIRA-BA,,,,,,,,BA,,,"1.831,50",,,,,,,,-,,,,,,,,"1.831,50",,,,,,,"16.209,10",,,,,,,,
CAEM-BA,,,,,,,,BA,,,"1.326,26",,,,,,,,-,,,,,,,,"1.326,26",,,,,,,"11.666,98",,,,,,,,
CAETANOS-BA,,,,,,,,BA,,,"1.389,42",,,,,,,,-,,,,,,,,"1.389,42",,,,,,,"12.265,46",,,,,,,,
CAIRU-BA,,,,,,,,BA,,,"47.453,48",,,,,,,,"499.386,69",,,,,,,,"546.840,17",,,,,,,"5.159.982,72",,,,,,,,
CAMACAN-BA,,,,,,,,BA,,,"1.768,35",,,,,,,,-,,,,,,,,"1.768,35",,,,,,,"15.610,59",,,,,,,,
CAMACARI-BA,,,,,,,,BA,,,"3.311,22",,,,,,,,"351,87",,,,,,,,"3.663,09",,,,,,,"34.220,38",,,,,,,,
CAMAMU-BA,,,,,,,,BA,,,"1.831,50",,,,,,,,-,,,,,,,,"1.831,50",,,,,,,"16.168,10",,,,,,,,
CANAVIEIRAS-BA,,,,,,,,BA,,,"1.831,50",,,,,,,,-,,,,,,,,"1.831,50",,,,,,,"16.168,10",,,,,,,,
CANDEAL-BA,,,,,,,,BA,,,"1.263,10",,,,,,,,-,,,,,,,,"1.263,10",,,,,,,"11.109,47",,,,,,,,
CANDEIAS-BA,,,,,,,,BA,,,"267.730,37",,,,,,,,"280.849,05",,,,,,,,"548.579,42",,,,,,,"6.596.882,89",,,,,,,,
CANDIDO SALES-BA,,,,,,,,BA,,,"1.705,19",,,,,,,,-,,,,,,,,"1.705,19",,,,,,,"15.012,10",,,,,,,,
CANSANCAO-BA,,,,,,,,BA,,,"1.831,50",,,,,,,,-,,,,,,,,"1.831,50",,,,,,,"16.209,10",,,,,,,,
CANUDOS-BA,,,,,,,,BA,,,"1.452,57",,,,,,,,-,,,,,,,,"1.452,57",,,,,,,"12.863,97",,,,,,,,
CAPELA DO ALTO ALEGRE-BA,,,,,,,,BA,,,"1.389,42",,,,,,,,-,,,,,,,,"1.389,42",,,,,,,"12.306,46",,,,,,,,
CAPIM GROSSO-BA,,,,,,,,BA,,,"1.705,19",,,,,,,,-,,,,,,,,"1.705,19",,,,,,,"15.094,03",,,,,,,,
CARAVELAS-BA,,,,,,,,BA,,,"1.642,04",,,,,,,,-,,,,,,,,"1.642,04",,,,,,,"14.495,54",,,,,,,,
CARDEAL DA SILVA-BA,,,,,,,,BA,,,"131.570,11",,,,,,,,"40.315,79",,,,,,,,"171.885,90",,,,,,,"2.095.848,37",,,,,,,,
CASTRO ALVES-BA,,,,,,,,BA,,,"1.705,19",,,,,,,,-,,,,,,,,"1.705,19",,,,,,,"15.053,10",,,,,,,,
CATU-BA,,,,,,,,BA,,,"208.730,85",,,,,,,,"116.884,82",,,,,,,,"325.615,67",,,,,,,"4.298.599,77",,,,,,,,
CICERO DANTAS-BA,,,,,,,,BA,,,"1.768,35",,,,,,,,-,,,,,,,,"1.768,35",,,,,,,"15.610,59",,,,,,,,
CIPO-BA,,,,,,,,BA,,,"1.452,57",,,,,,,,-,,,,,,,,"1.452,57",,,,,,,"12.822,96",,,,,,,,
COARACI-BA,,,,,,,,BA,,,"1.642,04",,,,,,,,-,,,,,,,,"1.642,04",,,,,,,"14.454,61",,,,,,,,
CONCEICAO DA FEIRA-BA,,,,,,,,BA,,,"1.578,88",,,,,,,,-,,,,,,,,"1.578,88",,,,,,,"13.979,02",,,,,,,,
CONCEICAO DO ALMEIDA-BA,,,,,,,,BA,,,"1.515,73",,,,,,,,-,,,,,,,,"1.515,73",,,,,,,"13.339,52",,,,,,,,
CONCEICAO DO COITE-BA,,,,,,,,BA,,,"2.084,13",,,,,,,,-,,,,,,,,"2.084,13",,,,,,,"18.398,23",,,,,,,,
CONCEICAO DO JACUIPE-BA,,,,,,,,BA,,,"1.705,19",,,,,,,,-,,,,,,,,"1.705,19",,,,,,,"15.053,10",,,,,,,,
CONDE-BA,,,,,,,,BA,,,"2.900,70",,,,,,,,"811,83",,,,,,,,"3.712,53",,,,,,,"58.619,25",,,,,,,,
CORACAO DE MARIA-BA,,,,,,,,BA,,,"1.642,04",,,,,,,,-,,,,,,,,"1.642,04",,,,,,,"14.495,54",,,,,,,,
CORONEL JOAO SA-BA,,,,,,,,BA,,,"1.578,88",,,,,,,,-,,,,,,,,"1.578,88",,,,,,,"13.938,02",,,,,,,,
CRAVOLANDIA-BA,,,,,,,,BA,,,"1.263,10",,,,,,,,-,,,,,,,,"1.263,10",,,,,,,"11.150,40",,,,,,,,
CRISOPOLIS-BA,,,,,,,,BA,,,"1.578,88",,,,,,,,-,,,,,,,,"1.578,88",,,,,,,"13.938,02",,,,,,,,
CRUZ DAS ALMAS-BA,,,,,,,,BA,,,"2.020,97",,,,,,,,-,,,,,,,,"2.020,97",,,,,,,"17.840,66",,,,,,,,
DARIO MEIRA-BA,,,,,,,,BA,,,"1.389,42",,,,,,,,-,,,,,,,,"1.389,42",,,,,,,"12.224,46",,,,,,,,
DIAS D'AVILA-BA,,,,,,,,BA,,,"2.020,97",,,,,,,,-,,,,,,,,"2.020,97",,,,,,,"17.881,66",,,,,,,,
DOM MACEDO COSTA-BA,,,,,,,,BA,,,"1.263,10",,,,,,,,-,,,,,,,,"1.263,10",,,,,,,"11.150,40",,,,,,,,
ELISIO MEDRADO-BA,,,,,,,,BA,,,"1.263,10",,,,,,,,-,,,,,,,,"1.263,10",,,,,,,"11.150,40",,,,,,,,
ENCRUZILHADA-BA,,,,,,,,BA,,,"1.642,04",,,,,,,,-,,,,,,,,"1.642,04",,,,,,,"14.372,61",,,,,,,,
ENTRE RIOS-BA,,,,,,,,BA,,,"239.822,48",,,,,,,,"166.653,78",,,,,,,,"406.476,26",,,,,,,"5.083.348,37",,,,,,,,
ESPLANADA-BA,,,,,,,,BA,,,"1.283.304,83",,,,,,,,"468.629,53",,,,,,,,"1.751.934,36",,,,,,,"20.563.476,77",,,,,,,,
EUCLIDES DA CUNHA-BA,,,,,,,,BA,,,"2.084,13",,,,,,,,-,,,,,,,,"2.084,13",,,,,,,"18.439,17",,,,,,,,
EUNAPOLIS-BA,,,,,,,,BA,,,"2.273,59",,,,,,,,-,,,,,,,,"2.273,59",,,,,,,"20.070,72",,,,,,,,
FATIMA-BA,,,,,,,,BA,,,"1.578,88",,,,,,,,-,,,,,,,,"1.578,88",,,,,,,"13.938,02",,,,,,,,
FEIRA DE SANTANA-BA,,,,,,,,BA,,,"2.526,21",,,,,,,,-,,,,,,,,"2.526,21",,,,,,,"22.300,87",,,,,,,,
FIRMINO ALVES-BA,,,,,,,,BA,,,"1.263,10",,,,,,,,-,,,,,,,,"1.263,10",,,,,,,"11.150,40",,,,,,,,
FLORESTA AZUL-BA,,,,,,,,BA,,,"1.326,26",,,,,,,,-,,,,,,,,"1.326,26",,,,,,,"11.707,98",,,,,,,,
GANDU-BA,,,,,,,,BA,,,"1.768,35",,,,,,,,-,,,,,,,,"1.768,35",,,,,,,"15.651,60",,,,,,,,
GAVIAO-BA,,,,,,,,BA,,,"1.263,10",,,,,,,,-,,,,,,,,"1.263,10",,,,,,,"11.150,40",,,,,,,,
GLORIA-BA,,,,,,,,BA,,,"1.389,42",,,,,,,,-,,,,,,,,"1.389,42",,,,,,,"12.224,46",,,,,,,,
GONGOGI-BA,,,,,,,,BA,,,"1.263,10",,,,,,,,-,,,,,,,,"1.263,10",,,,,,,"11.109,47",,,,,,,,
GOVERNADOR MANGABEIRA-BA,,,,,,,,BA,,,"1.578,88",,,,,,,,-,,,,,,,,"1.578,88",,,,,,,"13.979,02",,,,,,,,
Superintendência de Controle das Participações Governamentais,,,,,,,,,,,,,,,,,,,,,,,,,,,,,,,,,,,,,,,,,,
GUARATINGA-BA,,,,,,,,BA,,,"1.642,04",,,,,,,,-,,,,,,,,"1.642,04",,,,,,,"14.454,61",,,,,,,,
HELIOPOLIS-BA,,,,,,,,BA,,,"1.452,57",,,,,,,,-,,,,,,,,"1.452,57",,,,,,,"12.863,97",,,,,,,,
IACU-BA,,,,,,,,BA,,,"1.705,19",,,,,,,,-,,,,,,,,"1.705,19",,,,,,,"15.012,10",,,,,,,,
IBICARAI-BA,,,,,,,,BA,,,"1.705,19",,,,,,,,-,,,,,,,,"1.705,19",,,,,,,"15.012,10",,,,,,,,
IBICUI-BA,,,,,,,,BA,,,"1.452,57",,,,,,,,-,,,,,,,,"1.452,57",,,,,,,"12.822,96",,,,,,,,
IBIQUERA-BA,,,,,,,,BA,,,"1.263,10",,,,,,,,-,,,,,,,,"1.263,10",,,,,,,"11.150,40",,,,,,,,
IBIRAPITANGA-BA,,,,,,,,BA,,,"1.642,04",,,,,,,,-,,,,,,,,"1.642,04",,,,,,,"14.495,54",,,,,,,,
IBIRAPUA-BA,,,,,,,,BA,,,"1.263,10",,,,,,,,-,,,,,,,,"1.263,10",,,,,,,"11.150,40",,,,,,,,
IBIRATAIA-BA,,,,,,,,BA,,,"1.642,04",,,,,,,,-,,,,,,,,"1.642,04",,,,,,,"14.454,61",,,,,,,,
ICHU-BA,,,,,,,,BA,,,"1.263,10",,,,,,,,-,,,,,,,,"1.263,10",,,,,,,"11.150,40",,,,,,,,
IGRAPIUNA-BA,,,,,,,,BA,,,"1.389,42",,,,,,,,-,,,,,,,,"1.389,42",,,,,,,"12.224,46",,,,,,,,
IGUAI-BA,,,,,,,,BA,,,"1.705,19",,,,,,,,-,,,,,,,,"1.705,19",,,,,,,"15.053,10",,,,,,,,
ILHEUS-BA,,,,,,,,BA,,,"2.526,21",,,,,,,,-,,,,,,,,"2.526,21",,,,,,,"22.300,87",,,,,,,,
INHAMBUPE-BA,,,,,,,,BA,,,"3.651,57",,,,,,,,"928,23",,,,,,,,"4.579,80",,,,,,,"42.369,21",,,,,,,,
IPECAETA-BA,,,,,,,,BA,,,"1.515,73",,,,,,,,-,,,,,,,,"1.515,73",,,,,,,"13.339,52",,,,,,,,
IPIAU-BA,,,,,,,,BA,,,"1.957,81",,,,,,,,-,,,,,,,,"1.957,81",,,,,,,"17.283,16",,,,,,,,
IPIRA-BA,,,,,,,,BA,,,"2.084,13",,,,,,,,-,,,,,,,,"2.084,13",,,,,,,"18.398,23",,,,,,,,
IRAJUBA-BA,,,,,,,,BA,,,"1.263,10",,,,,,,,-,,,,,,,,"1.263,10",,,,,,,"11.150,40",,,,,,,,
IRARA-BA,,,,,,,,BA,,,"1.705,19",,,,,,,,-,,,,,,,,"1.705,19",,,,,,,"15.053,10",,,,,,,,
ITABELA-BA,,,,,,,,BA,,,"1.705,19",,,,,,,,-,,,,,,,,"1.705,19",,,,,,,"15.053,10",,,,,,,,
ITABERABA-BA,,,,,,,,BA,,,"2.084,13",,,,,,,,-,,,,,,,,"2.084,13",,,,,,,"18.398,23",,,,,,,,
ITABUNA-BA,,,,,,,,BA,,,"2.526,21",,,,,,,,-,,,,,,,,"2.526,21",,,,,,,"22.300,87",,,,,,,,
ITACARE-BA,,,,,,,,BA,,,"1.705,19",,,,,,,,-,,,,,,,,"1.705,19",,,,,,,"15.135,03",,,,,,,,
ITAGI-BA,,,,,,,,BA,,,"1.389,42",,,,,,,,-,,,,,,,,"1.389,42",,,,,,,"12.224,46",,,,,,,,
ITAGIBA-BA,,,,,,,,BA,,,"1.515,73",,,,,,,,-,,,,,,,,"1.515,73",,,,,,,"13.380,53",,,,,,,,
ITAGIMIRIM-BA,,,,,,,,BA,,,"1.263,10",,,,,,,,-,,,,,,,,"1.263,10",,,,,,,"11.150,40",,,,,,,,
ITAJU DO COLONIA-BA,,,,,,,,BA,,,"1.263,10",,,,,,,,-,,,,,,,,"1.263,10",,,,,,,"11.150,40",,,,,,,,
ITAJUIPE-BA,,,,,,,,BA,,,"1.642,04",,,,,,,,-,,,,,,,,"1.642,04",,,,,,,"14.495,54",,,,,,,,
ITAMARAJU-BA,,,,,,,,BA,,,"2.147,28",,,,,,,,-,,,,,,,,"2.147,28",,,,,,,"18.955,74",,,,,,,,
ITAMARI-BA,,,,,,,,BA,,,"1.263,10",,,,,,,,-,,,,,,,,"1.263,10",,,,,,,"11.150,40",,,,,,,,
ITAMBE-BA,,,,,,,,BA,,,"1.831,50",,,,,,,,-,,,,,,,,"1.831,50",,,,,,,"16.209,10",,,,,,,,
ITANAGRA-BA,,,,,,,,BA,,,"90.283,84",,,,,,,,"15.622,20",,,,,,,,"105.906,04",,,,,,,"1.322.922,59",,,,,,,,
ITANHEM-BA,,,,,,,,BA,,,"1.642,04",,,,,,,,-,,,,,,,,"1.642,04",,,,,,,"14.495,54",,,,,,,,
ITAPARICA-BA,,,,,,,,BA,,,"54.860,11",,,,,,,,"172.524,53",,,,,,,,"227.384,64",,,,,,,"2.950.565,85",,,,,,,,
ITAPE-BA,,,,,,,,BA,,,"1.326,26",,,,,,,,-,,,,,,,,"1.326,26",,,,,,,"11.625,97",,,,,,,,
ITAPEBI-BA,,,,,,,,BA,,,"1.326,26",,,,,,,,-,,,,,,,,"1.326,26",,,,,,,"11.707,98",,,,,,,,
ITAPETINGA-BA,,,,,,,,BA,,,"2.084,13",,,,,,,,-,,,,,,,,"2.084,13",,,,,,,"18.398,23",,,,,,,,
ITAPICURU-BA,,,,,,,,BA,,,"1.768,35",,,,,,,,-,,,,,,,,"1.768,35",,,,,,,"15.651,60",,,,,,,,
ITAPITANGA-BA,,,,,,,,BA,,,"1.326,26",,,,,,,,-,,,,,,,,"1.326,26",,,,,,,"11.707,98",,,,,,,,
ITAQUARA-BA,,,,,,,,BA,,,"1.263,10",,,,,,,,-,,,,,,,,"1.263,10",,,,,,,"11.150,40",,,,,,,,
ITARANTIM-BA,,,,,,,,BA,,,"1.515,73",,,,,,,,-,,,,,,,,"1.515,73",,,,,,,"13.380,53",,,,,,,,
ITATIM-BA,,,,,,,,BA,,,"1.452,57",,,,,,,,-,,,,,,,,"1.452,57",,,,,,,"12.863,97",,,,,,,,
ITIRUCU-BA,,,,,,,,BA,,,"1.452,57",,,,,,,,-,,,,,,,,"1.452,57",,,,,,,"12.863,97",,,,,,,,
ITIUBA-BA,,,,,,,,BA,,,"1.831,50",,,,,,,,-,,,,,,,,"1.831,50",,,,,,,"16.168,10",,,,,,,,
ITORORO-BA,,,,,,,,BA,,,"1.642,04",,,,,,,,-,,,,,,,,"1.642,04",,,,,,,"14.536,53",,,,,,,,
ITUBERA-BA,,,,,,,,BA,,,"1.642,04",,,,,,,,-,,,,,,,,"1.642,04",,,,,,,"14.454,61",,,,,,,,
JACOBINA-BA,,,,,,,,BA,,,"2.210,44",,,,,,,,-,,,,,,,,"2.210,44",,,,,,,"19.513,23",,,,,,,,
JAGUAQUARA-BA,,,,,,,,BA,,,"1.957,81",,,,,,,,-,,,,,,,,"1.957,81",,,,,,,"17.283,16",,,,,,,,
JAGUARIPE-BA,,,,,,,,BA,,,"45.296,50",,,,,,,,-,,,,,,,,"45.296,50",,,,,,,"525.546,28",,,,,,,,
JANDAIRA-BA,,,,,,,,BA,,,"1.263,10",,,,,,,,-,,,,,,,,"1.263,10",,,,,,,"11.109,47",,,,,,,,
JEQUIE-BA,,,,,,,,BA,,,"2.526,21",,,,,,,,-,,,,,,,,"2.526,21",,,,,,,"22.300,87",,,,,,,,
JEREMOABO-BA,,,,,,,,BA,,,"1.894,66",,,,,,,,-,,,,,,,,"1.894,66",,,,,,,"16.766,58",,,,,,,,
JIQUIRICA-BA,,,,,,,,BA,,,"1.389,42",,,,,,,,-,,,,,,,,"1.389,42",,,,,,,"12.265,46",,,,,,,,
JITAUNA-BA,,,,,,,,BA,,,"1.515,73",,,,,,,,-,,,,,,,,"1.515,73",,,,,,,"13.298,53",,,,,,,,
JUCURUCU-BA,,,,,,,,BA,,,"1.326,26",,,,,,,,-,,,,,,,,"1.326,26",,,,,,,"11.666,98",,,,,,,,
JUSSARI-BA,,,,,,,,BA,,,"1.263,10",,,,,,,,-,,,,,,,,"1.263,10",,,,,,,"11.150,40",,,,,,,,
LAFAIETE COUTINHO-BA,,,,,,,,BA,,,"1.263,10",,,,,,,,-,,,,,,,,"1.263,10",,,,,,,"11.150,40",,,,,,,,
Superintendência de Controle das Participações Governamentais,,,,,,,,,,,,,,,,,,,,,,,,,,,,,,,,,,,,,,,,,,
LAJE-BA,,,,,,,,BA,,,"1.642,04",,,,,,,,-,,,,,,,,"1.642,04",,,,,,,"14.536,53",,,,,,,,
LAJEDAO-BA,,,,,,,,BA,,,"1.263,10",,,,,,,,-,,,,,,,,"1.263,10",,,,,,,"11.150,40",,,,,,,,
LAJEDINHO-BA,,,,,,,,BA,,,"1.263,10",,,,,,,,-,,,,,,,,"1.263,10",,,,,,,"11.150,40",,,,,,,,
LAJEDO DO TABOCAL-BA,,,,,,,,BA,,,"1.263,10",,,,,,,,-,,,,,,,,"1.263,10",,,,,,,"11.150,40",,,,,,,,
LAMARAO-BA,,,,,,,,BA,,,"1.326,26",,,,,,,,-,,,,,,,,"1.326,26",,,,,,,"11.748,90",,,,,,,,
LAURO DE FREITAS-BA,,,,,,,,BA,,,"2.526,21",,,,,,,,-,,,,,,,,"2.526,21",,,,,,,"22.382,79",,,,,,,,
MACAJUBA-BA,,,,,,,,BA,,,"1.326,26",,,,,,,,-,,,,,,,,"1.326,26",,,,,,,"11.707,98",,,,,,,,
MACARANI-BA,,,,,,,,BA,,,"1.515,73",,,,,,,,-,,,,,,,,"1.515,73",,,,,,,"13.421,46",,,,,,,,
MADRE DE DEUS-BA,,,,,,,,BA,,,"1.160.353,63",,,,,,,,"796.456,86",,,,,,,,"1.956.810,49",,,,,,,"24.411.865,82",,,,,,,,
MAIQUINIQUE-BA,,,,,,,,BA,,,"1.263,10",,,,,,,,-,,,,,,,,"1.263,10",,,,,,,"11.150,40",,,,,,,,
MAIRI-BA,,,,,,,,BA,,,"1.578,88",,,,,,,,-,,,,,,,,"1.578,88",,,,,,,"13.897,02",,,,,,,,
MANOEL VITORINO-BA,,,,,,,,BA,,,"1.452,57",,,,,,,,-,,,,,,,,"1.452,57",,,,,,,"12.782,04",,,,,,,,
MARACAS-BA,,,,,,,,BA,,,"1.831,50",,,,,,,,-,,,,,,,,"1.831,50",,,,,,,"16.209,10",,,,,,,,
MARAGOGIPE-BA,,,,,,,,BA,,,"45.296,50",,,,,,,,-,,,,,,,,"45.296,50",,,,,,,"523.925,35",,,,,,,,
MARAU-BA,,,,,,,,BA,,,"1.515,73",,,,,,,,-,,,,,,,,"1.515,73",,,,,,,"13.339,52",,,,,,,,
MARCIONILIO SOUZA-BA,,,,,,,,BA,,,"1.326,26",,,,,,,,-,,,,,,,,"1.326,26",,,,,,,"11.707,98",,,,,,,,
MASCOTE-BA,,,,,,,,BA,,,"1.515,73",,,,,,,,-,,,,,,,,"1.515,73",,,,,,,"13.380,53",,,,,,,,
MATA DE SAO JOAO-BA,,,,,,,,BA,,,"172.581,48",,,,,,,,"74.687,05",,,,,,,,"247.268,53",,,,,,,"2.968.144,24",,,,,,,,
MEDEIROS NETO-BA,,,,,,,,BA,,,"1.642,04",,,,,,,,-,,,,,,,,"1.642,04",,,,,,,"14.495,54",,,,,,,,
MIGUEL CALMON-BA,,,,,,,,BA,,,"1.705,19",,,,,,,,-,,,,,,,,"1.705,19",,,,,,,"15.012,10",,,,,,,,
MILAGRES-BA,,,,,,,,BA,,,"1.326,26",,,,,,,,-,,,,,,,,"1.326,26",,,,,,,"11.666,98",,,,,,,,
MIRANTE-BA,,,,,,,,BA,,,"1.263,10",,,,,,,,-,,,,,,,,"1.263,10",,,,,,,"11.068,48",,,,,,,,
MONTE SANTO-BA,,,,,,,,BA,,,"2.020,97",,,,,,,,-,,,,,,,,"2.020,97",,,,,,,"17.840,66",,,,,,,,
MUCURI-BA,,,,,,,,BA,,,"1.831,50",,,,,,,,-,,,,,,,,"1.831,50",,,,,,,"16.209,10",,,,,,,,
MUNDO NOVO-BA,,,,,,,,BA,,,"1.642,04",,,,,,,,-,,,,,,,,"1.642,04",,,,,,,"14.495,54",,,,,,,,
MUNIZ FERREIRA-BA,,,,,,,,BA,,,"1.263,10",,,,,,,,-,,,,,,,,"1.263,10",,,,,,,"11.150,40",,,,,,,,
MURITIBA-BA,,,,,,,,BA,,,"1.705,19",,,,,,,,-,,,,,,,,"1.705,19",,,,,,,"15.012,10",,,,,,,,
MUTUIPE-BA,,,,,,,,BA,,,"1.642,04",,,,,,,,-,,,,,,,,"1.642,04",,,,,,,"14.495,54",,,,,,,,
NAZARE-BA,,,,,,,,BA,,,"1.705,19",,,,,,,,-,,,,,,,,"1.705,19",,,,,,,"15.053,10",,,,,,,,
NILO PECANHA-BA,,,,,,,,BA,,,"1.389,42",,,,,,,,-,,,,,,,,"1.389,42",,,,,,,"12.306,46",,,,,,,,
NORDESTINA-BA,,,,,,,,BA,,,"1.389,42",,,,,,,,-,,,,,,,,"1.389,42",,,,,,,"12.306,46",,,,,,,,
NOVA CANAA-BA,,,,,,,,BA,,,"1.578,88",,,,,,,,-,,,,,,,,"1.578,88",,,,,,,"14.019,95",,,,,,,,
NOVA FATIMA-BA,,,,,,,,BA,,,"1.263,10",,,,,,,,-,,,,,,,,"1.263,10",,,,,,,"11.150,40",,,,,,,,
NOVA IBIA-BA,,,,,,,,BA,,,"1.263,10",,,,,,,,-,,,,,,,,"1.263,10",,,,,,,"11.150,40",,,,,,,,
NOVA ITARANA-BA,,,,,,,,BA,,,"1.263,10",,,,,,,,-,,,,,,,,"1.263,10",,,,,,,"11.150,40",,,,,,,,
NOVA SOURE-BA,,,,,,,,BA,,,"1.705,19",,,,,,,,-,,,,,,,,"1.705,19",,,,,,,"15.053,10",,,,,,,,
NOVA VICOSA-BA,,,,,,,,BA,,,"1.831,50",,,,,,,,-,,,,,,,,"1.831,50",,,,,,,"16.168,10",,,,,,,,
NOVO TRIUNFO-BA,,,,,,,,BA,,,"1.452,57",,,,,,,,-,,,,,,,,"1.452,57",,,,,,,"12.863,97",,,,,,,,
OLINDINA-BA,,,,,,,,BA,,,"1.642,04",,,,,,,,-,,,,,,,,"1.642,04",,,,,,,"14.495,54",,,,,,,,
OURICANGAS-BA,,,,,,,,BA,,,"1.263,10",,,,,,,,-,,,,,,,,"1.263,10",,,,,,,"11.150,40",,,,,,,,
OUROLANDIA-BA,,,,,,,,BA,,,"1.515,73",,,,,,,,-,,,,,,,,"1.515,73",,,,,,,"13.421,46",,,,,,,,
PARIPIRANGA-BA,,,,,,,,BA,,,"1.768,35",,,,,,,,-,,,,,,,,"1.768,35",,,,,,,"15.651,60",,,,,,,,
PAU BRASIL-BA,,,,,,,,BA,,,"1.389,42",,,,,,,,-,,,,,,,,"1.389,42",,,,,,,"12.265,46",,,,,,,,
PAULO AFONSO-BA,,,,,,,,BA,,,"2.336,75",,,,,,,,-,,,,,,,,"2.336,75",,,,,,,"20.628,31",,,,,,,,
PE DE SERRA-BA,,,,,,,,BA,,,"1.452,57",,,,,,,,-,,,,,,,,"1.452,57",,,,,,,"12.863,97",,,,,,,,
PEDRAO-BA,,,,,,,,BA,,,"1.263,10",,,,,,,,-,,,,,,,,"1.263,10",,,,,,,"11.150,40",,,,,,,,
PEDRO ALEXANDRE-BA,,,,,,,,BA,,,"1.515,73",,,,,,,,-,,,,,,,,"1.515,73",,,,,,,"13.380,53",,,,,,,,
PINTADAS-BA,,,,,,,,BA,,,"1.326,26",,,,,,,,-,,,,,,,,"1.326,26",,,,,,,"11.707,98",,,,,,,,
PIRAI DO NORTE-BA,,,,,,,,BA,,,"1.263,10",,,,,,,,-,,,,,,,,"1.263,10",,,,,,,"11.109,47",,,,,,,,
PIRITIBA-BA,,,,,,,,BA,,,"1.705,19",,,,,,,,-,,,,,,,,"1.705,19",,,,,,,"15.135,03",,,,,,,,
PLANALTINO-BA,,,,,,,,BA,,,"1.263,10",,,,,,,,-,,,,,,,,"1.263,10",,,,,,,"11.150,40",,,,,,,,
PLANALTO-BA,,,,,,,,BA,,,"1.642,04",,,,,,,,-,,,,,,,,"1.642,04",,,,,,,"14.495,54",,,,,,,,
POCOES-BA,,,,,,,,BA,,,"1.957,81",,,,,,,,-,,,,,,,,"1.957,81",,,,,,,"17.283,16",,,,,,,,
POJUCA-BA,,,,,,,,BA,,,"628.254,08",,,,,,,,"514.896,23",,,,,,,,"1.143.150,31",,,,,,,"13.302.666,00",,,,,,,,
PORTO SEGURO-BA,,,,,,,,BA,,,"2.399,90",,,,,,,,-,,,,,,,,"2.399,90",,,,,,,"21.267,72",,,,,,,,
POTIRAGUA-BA,,,,,,,,BA,,,"1.326,26",,,,,,,,-,,,,,,,,"1.326,26",,,,,,,"11.625,97",,,,,,,,
PRADO-BA,,,,,,,,BA,,,"1.705,19",,,,,,,,-,,,,,,,,"1.705,19",,,,,,,"15.053,10",,,,,,,,
Superintendência de Controle das Participações Governamentais,,,,,,,,,,,,,,,,,,,,,,,,,,,,,,,,,,,,,,,,,,
PRESIDENTE TANCREDO NEVES-BA,,,,,,,,BA,,,"1.642,04",,,,,,,,-,,,,,,,,"1.642,04",,,,,,,"14.536,53",,,,,,,,
QUEIMADAS-BA,,,,,,,,BA,,,"1.705,19",,,,,,,,-,,,,,,,,"1.705,19",,,,,,,"15.053,10",,,,,,,,
QUIJINGUE-BA,,,,,,,,BA,,,"1.705,19",,,,,,,,-,,,,,,,,"1.705,19",,,,,,,"15.053,10",,,,,,,,
QUIXABEIRA-BA,,,,,,,,BA,,,"1.263,10",,,,,,,,-,,,,,,,,"1.263,10",,,,,,,"11.150,40",,,,,,,,
RAFAEL JAMBEIRO-BA,,,,,,,,BA,,,"1.642,04",,,,,,,,-,,,,,,,,"1.642,04",,,,,,,"14.495,54",,,,,,,,
RETIROLANDIA-BA,,,,,,,,BA,,,"1.326,26",,,,,,,,-,,,,,,,,"1.326,26",,,,,,,"11.707,98",,,,,,,,
RIACHAO DO JACUIPE-BA,,,,,,,,BA,,,"1.831,50",,,,,,,,-,,,,,,,,"1.831,50",,,,,,,"16.209,10",,,,,,,,
RIBEIRA DO AMPARO-BA,,,,,,,,BA,,,"1.452,57",,,,,,,,-,,,,,,,,"1.452,57",,,,,,,"12.863,97",,,,,,,,
RIBEIRA DO POMBAL-BA,,,,,,,,BA,,,"1.957,81",,,,,,,,-,,,,,,,,"1.957,81",,,,,,,"17.283,16",,,,,,,,
RIBEIRAO DO LARGO-BA,,,,,,,,BA,,,"1.452,57",,,,,,,,-,,,,,,,,"1.452,57",,,,,,,"12.822,96",,,,,,,,
RIO REAL-BA,,,,,,,,BA,,,"1.894,66",,,,,,,,-,,,,,,,,"1.894,66",,,,,,,"16.766,58",,,,,,,,
RUY BARBOSA-BA,,,,,,,,BA,,,"1.768,35",,,,,,,,-,,,,,,,,"1.768,35",,,,,,,"15.610,59",,,,,,,,
SALINAS DA MARGARIDA-BA,,,,,,,,BA,,,"47.453,48",,,,,,,,"172.271,89",,,,,,,,"219.725,37",,,,,,,"2.873.737,46",,,,,,,,
SALVADOR-BA,,,,,,,,BA,,,"86.279,06",,,,,,,,"172.271,89",,,,,,,,"258.550,95",,,,,,,"3.243.814,95",,,,,,,,
SANTA BARBARA-BA,,,,,,,,BA,,,"1.578,88",,,,,,,,-,,,,,,,,"1.578,88",,,,,,,"13.979,02",,,,,,,,
SANTA BRIGIDA-BA,,,,,,,,BA,,,"1.452,57",,,,,,,,-,,,,,,,,"1.452,57",,,,,,,"12.782,04",,,,,,,,
SANTA CRUZ CABRALIA-BA,,,,,,,,BA,,,"1.705,19",,,,,,,,-,,,,,,,,"1.705,19",,,,,,,"15.094,03",,,,,,,,
SANTA CRUZ DA VITORIA-BA,,,,,,,,BA,,,"1.263,10",,,,,,,,-,,,,,,,,"1.263,10",,,,,,,"11.150,40",,,,,,,,
SANTA INES-BA,,,,,,,,BA,,,"1.326,26",,,,,,,,-,,,,,,,,"1.326,26",,,,,,,"11.707,98",,,,,,,,
SANTA LUZIA-BA,,,,,,,,BA,,,"1.452,57",,,,,,,,-,,,,,,,,"1.452,57",,,,,,,"12.822,96",,,,,,,,
SANTA TERESINHA-BA,,,,,,,,BA,,,"1.263,10",,,,,,,,-,,,,,,,,"1.263,10",,,,,,,"11.150,40",,,,,,,,
SANTALUZ-BA,,,,,,,,BA,,,"1.831,50",,,,,,,,-,,,,,,,,"1.831,50",,,,,,,"16.209,10",,,,,,,,
SANTANOPOLIS-BA,,,,,,,,BA,,,"1.263,10",,,,,,,,-,,,,,,,,"1.263,10",,,,,,,"11.150,40",,,,,,,,
SANTO AMARO-BA,,,,,,,,BA,,,"71.180,22",,,,,,,,"172.271,89",,,,,,,,"243.452,11",,,,,,,"3.099.939,78",,,,,,,,
SANTO ANTONIO DE JESUS-BA,,,,,,,,BA,,,"2.273,59",,,,,,,,-,,,,,,,,"2.273,59",,,,,,,"20.111,72",,,,,,,,
SANTO ESTEVAO-BA,,,,,,,,BA,,,"1.957,81",,,,,,,,-,,,,,,,,"1.957,81",,,,,,,"17.283,16",,,,,,,,
SAO DOMINGOS-BA,,,,,,,,BA,,,"1.263,10",,,,,,,,-,,,,,,,,"1.263,10",,,,,,,"11.150,40",,,,,,,,
SAO FELIPE-BA,,,,,,,,BA,,,"1.642,04",,,,,,,,-,,,,,,,,"1.642,04",,,,,,,"14.495,54",,,,,,,,
SAO FELIX-BA,,,,,,,,BA,,,"1.452,57",,,,,,,,-,,,,,,,,"1.452,57",,,,,,,"12.863,97",,,,,,,,
SAO FRANCISCO DO CONDE-BA,,,,,,,,BA,,,"1.417.910,81",,,,,,,,"685.806,26",,,,,,,,"2.103.717,07",,,,,,,"24.131.094,18",,,,,,,,
SAO GONCALO DOS CAMPOS-BA,,,,,,,,BA,,,"1.768,35",,,,,,,,-,,,,,,,,"1.768,35",,,,,,,"15.651,60",,,,,,,,
SAO JOSE DA VITORIA-BA,,,,,,,,BA,,,"1.263,10",,,,,,,,-,,,,,,,,"1.263,10",,,,,,,"11.150,40",,,,,,,,
SAO JOSE DO JACUIPE-BA,,,,,,,,BA,,,"1.326,26",,,,,,,,-,,,,,,,,"1.326,26",,,,,,,"11.748,90",,,,,,,,
SAO MIGUEL DAS MATAS-BA,,,,,,,,BA,,,"1.326,26",,,,,,,,-,,,,,,,,"1.326,26",,,,,,,"11.707,98",,,,,,,,
SAO SEBASTIAO DO PASSE-BA,,,,,,,,BA,,,"359.368,99",,,,,,,,"182.361,17",,,,,,,,"541.730,16",,,,,,,"6.898.176,75",,,,,,,,
SAPEACU-BA,,,,,,,,BA,,,"1.515,73",,,,,,,,-,,,,,,,,"1.515,73",,,,,,,"13.380,53",,,,,,,,
SATIRO DIAS-BA,,,,,,,,BA,,,"23.163,66",,,,,,,,"11.008,23",,,,,,,,"34.171,89",,,,,,,"361.208,37",,,,,,,,
SAUBARA-BA,,,,,,,,BA,,,"45.296,50",,,,,,,,"172.271,89",,,,,,,,"217.568,39",,,,,,,"2.853.296,68",,,,,,,,
SERRA PRETA-BA,,,,,,,,BA,,,"1.452,57",,,,,,,,-,,,,,,,,"1.452,57",,,,,,,"12.782,04",,,,,,,,
SERRINHA-BA,,,,,,,,BA,,,"2.147,28",,,,,,,,-,,,,,,,,"2.147,28",,,,,,,"18.955,74",,,,,,,,
SERROLANDIA-BA,,,,,,,,BA,,,"1.389,42",,,,,,,,-,,,,,,,,"1.389,42",,,,,,,"12.265,46",,,,,,,,
SIMOES FILHO-BA,,,,,,,,BA,,,"2.336,75",,,,,,,,-,,,,,,,,"2.336,75",,,,,,,"20.675,54",,,,,,,,
SITIO DO QUINTO-BA,,,,,,,,BA,,,"1.452,57",,,,,,,,-,,,,,,,,"1.452,57",,,,,,,"12.782,04",,,,,,,,
TANQUINHO-BA,,,,,,,,BA,,,"1.263,10",,,,,,,,-,,,,,,,,"1.263,10",,,,,,,"11.150,40",,,,,,,,
TAPEROA-BA,,,,,,,,BA,,,"1.578,88",,,,,,,,-,,,,,,,,"1.578,88",,,,,,,"14.019,95",,,,,,,,
TAPIRAMUTA-BA,,,,,,,,BA,,,"1.515,73",,,,,,,,-,,,,,,,,"1.515,73",,,,,,,"13.380,53",,,,,,,,
TEIXEIRA DE FREITAS-BA,,,,,,,,BA,,,"2.399,90",,,,,,,,-,,,,,,,,"2.399,90",,,,,,,"21.226,79",,,,,,,,
TEODORO SAMPAIO-BA,,,,,,,,BA,,,"1.263,10",,,,,,,,-,,,,,,,,"1.263,10",,,,,,,"11.150,40",,,,,,,,
TEOFILANDIA-BA,,,,,,,,BA,,,"1.642,04",,,,,,,,-,,,,,,,,"1.642,04",,,,,,,"14.495,54",,,,,,,,
TEOLANDIA-BA,,,,,,,,BA,,,"1.389,42",,,,,,,,-,,,,,,,,"1.389,42",,,,,,,"12.265,46",,,,,,,,
TERRA NOVA-BA,,,,,,,,BA,,,"1.801,34",,,,,,,,"265,69",,,,,,,,"2.067,03",,,,,,,"13.504,39",,,,,,,,
TUCANO-BA,,,,,,,,BA,,,"2.020,97",,,,,,,,-,,,,,,,,"2.020,97",,,,,,,"17.840,66",,,,,,,,
UAUA-BA,,,,,,,,BA,,,"1.705,19",,,,,,,,-,,,,,,,,"1.705,19",,,,,,,"15.053,10",,,,,,,,
UBAIRA-BA,,,,,,,,BA,,,"1.642,04",,,,,,,,-,,,,,,,,"1.642,04",,,,,,,"14.495,54",,,,,,,,
UBAITABA-BA,,,,,,,,BA,,,"1.642,04",,,,,,,,-,,,,,,,,"1.642,04",,,,,,,"14.495,54",,,,,,,,
UBATA-BA,,,,,,,,BA,,,"1.705,19",,,,,,,,-,,,,,,,,"1.705,19",,,,,,,"15.094,03",,,,,,,,
UNA-BA,,,,,,,,BA,,,"1.705,19",,,,,,,,-,,,,,,,,"1.705,19",,,,,,,"15.012,10",,,,,,,,
Superintendência de Controle das Participações Governamentais,,,,,,,,,,,,,,,,,,,,,,,,,,,,,,,,,,,,,,,,,,
URUCUCA-BA,,,,,,,,BA,,,"1.642,04",,,,,,,,-,,,,,,,,"1.642,04",,,,,,,"14.495,54",,,,,,,,
VALENCA-BA,,,,,,,,BA,,,"45.296,50",,,,,,,,-,,,,,,,,"45.296,50",,,,,,,"523.201,03",,,,,,,,
VALENTE-BA,,,,,,,,BA,,,"1.642,04",,,,,,,,-,,,,,,,,"1.642,04",,,,,,,"14.536,53",,,,,,,,
VARZEA DA ROCA-BA,,,,,,,,BA,,,"1.452,57",,,,,,,,-,,,,,,,,"1.452,57",,,,,,,"12.863,97",,,,,,,,
VARZEA DO POCO-BA,,,,,,,,BA,,,"1.263,10",,,,,,,,-,,,,,,,,"1.263,10",,,,,,,"11.150,40",,,,,,,,
VARZEA NOVA-BA,,,,,,,,BA,,,"1.389,42",,,,,,,,-,,,,,,,,"1.389,42",,,,,,,"12.224,46",,,,,,,,
VARZEDO-BA,,,,,,,,BA,,,"1.263,10",,,,,,,,-,,,,,,,,"1.263,10",,,,,,,"11.150,40",,,,,,,,
VERA CRUZ-BA,,,,,,,,BA,,,"3.192,81",,,,,,,,-,,,,,,,,"3.192,81",,,,,,,"18.109,64",,,,,,,,
VEREDA-BA,,,,,,,,BA,,,"1.263,10",,,,,,,,-,,,,,,,,"1.263,10",,,,,,,"11.150,40",,,,,,,,
VITORIA DA CONQUISTA-BA,,,,,,,,BA,,,"2.526,21",,,,,,,,-,,,,,,,,"2.526,21",,,,,,,"22.300,87",,,,,,,,
WENCESLAU GUIMARAES-BA,,,,,,,,BA,,,"1.642,04",,,,,,,,-,,,,,,,,"1.642,04",,,,,,,"14.495,54",,,,,,,,
BAHIA  TOTAL,,,,,,,,,,,"7.466.434,35",,,,,,,,"5.033.355,87",,,,,,,,"12.499.790,22",,,,,,,"149.170.545,24",,,,,,,,
ACARAU-CE,,,,,,,,CE,,,"2.811,82",,,,,,,,-,,,,,,,,"2.811,82",,,,,,,"38.758,46",,,,,,,,
ALCANTARAS-CE,,,,,,,,CE,,,"1.845,26",,,,,,,,-,,,,,,,,"1.845,26",,,,,,,"25.435,22",,,,,,,,
AMONTADA-CE,,,,,,,,CE,,,"60.055,44",,,,,,,,"68.140,95",,,,,,,,"128.196,39",,,,,,,"1.836.681,95",,,,,,,,
APUIARES-CE,,,,,,,,CE,,,"1.933,12",,,,,,,,-,,,,,,,,"1.933,12",,,,,,,"26.646,42",,,,,,,,
AQUIRAZ-CE,,,,,,,,CE,,,-,,,,,,,,"8.474,13",,,,,,,,"8.474,13",,,,,,,"80.881,84",,,,,,,,
ARACATI-CE,,,,,,,,CE,,,"697.780,44",,,,,,,,"21.644,31",,,,,,,,"719.424,75",,,,,,,"8.628.955,61",,,,,,,,
ARARENDA-CE,,,,,,,,CE,,,"1.845,26",,,,,,,,-,,,,,,,,"1.845,26",,,,,,,"25.435,22",,,,,,,,
BARROQUINHA-CE,,,,,,,,CE,,,"2.020,99",,,,,,,,-,,,,,,,,"2.020,99",,,,,,,"27.857,63",,,,,,,,
BELA CRUZ-CE,,,,,,,,CE,,,"2.460,34",,,,,,,,-,,,,,,,,"2.460,34",,,,,,,"33.913,65",,,,,,,,
CAMOCIM-CE,,,,,,,,CE,,,"2.899,69",,,,,,,,-,,,,,,,,"2.899,69",,,,,,,"39.969,65",,,,,,,,
CANINDE-CE,,,,,,,,CE,,,"3.075,43",,,,,,,,-,,,,,,,,"3.075,43",,,,,,,"42.392,08",,,,,,,,
CARIDADE-CE,,,,,,,,CE,,,"2.108,86",,,,,,,,-,,,,,,,,"2.108,86",,,,,,,"29.068,82",,,,,,,,
CARIRE-CE,,,,,,,,CE,,,"2.196,73",,,,,,,,-,,,,,,,,"2.196,73",,,,,,,"30.280,03",,,,,,,,
CARNAUBAL-CE,,,,,,,,CE,,,"2.108,86",,,,,,,,-,,,,,,,,"2.108,86",,,,,,,"29.068,82",,,,,,,,
CATUNDA-CE,,,,,,,,CE,,,"1.845,26",,,,,,,,-,,,,,,,,"1.845,26",,,,,,,"25.435,22",,,,,,,,
CAUCAIA-CE,,,,,,,,CE,,,"2,34",,,,,,,,"8.474,13",,,,,,,,"8.476,47",,,,,,,"3.503.209,39",,,,,,,,
CHAVAL-CE,,,,,,,,CE,,,"1.933,12",,,,,,,,-,,,,,,,,"1.933,12",,,,,,,"26.646,42",,,,,,,,
COREAU-CE,,,,,,,,CE,,,"2.284,60",,,,,,,,-,,,,,,,,"2.284,60",,,,,,,"31.491,23",,,,,,,,
CRATEUS-CE,,,,,,,,CE,,,"3.075,43",,,,,,,,-,,,,,,,,"3.075,43",,,,,,,"42.392,08",,,,,,,,
CROATA-CE,,,,,,,,CE,,,"2.108,86",,,,,,,,-,,,,,,,,"2.108,86",,,,,,,"29.068,82",,,,,,,,
CRUZ-CE,,,,,,,,CE,,,"2.284,60",,,,,,,,-,,,,,,,,"2.284,60",,,,,,,"31.491,23",,,,,,,,
FORQUILHA-CE,,,,,,,,CE,,,"2.284,60",,,,,,,,-,,,,,,,,"2.284,60",,,,,,,"31.491,23",,,,,,,,
FORTALEZA-CE,,,,,,,,CE,,,"120.183,52",,,,,,,,"11.298,84",,,,,,,,"131.482,36",,,,,,,"1.640.311,63",,,,,,,,
FRECHEIRINHA-CE,,,,,,,,CE,,,"1.933,12",,,,,,,,-,,,,,,,,"1.933,12",,,,,,,"26.646,42",,,,,,,,
GENERAL SAMPAIO-CE,,,,,,,,CE,,,"1.757,39",,,,,,,,-,,,,,,,,"1.757,39",,,,,,,"24.224,03",,,,,,,,
GRACA-CE,,,,,,,,CE,,,"2.020,99",,,,,,,,-,,,,,,,,"2.020,99",,,,,,,"27.857,63",,,,,,,,
GRANJA-CE,,,,,,,,CE,,,"2.811,82",,,,,,,,-,,,,,,,,"2.811,82",,,,,,,"38.758,46",,,,,,,,
GROAIRAS-CE,,,,,,,,CE,,,"1.757,39",,,,,,,,-,,,,,,,,"1.757,39",,,,,,,"24.224,03",,,,,,,,
GUARACIABA DO NORTE-CE,,,,,,,,CE,,,"2.636,08",,,,,,,,-,,,,,,,,"2.636,08",,,,,,,"36.336,04",,,,,,,,
HIDROLANDIA-CE,,,,,,,,CE,,,"2.196,73",,,,,,,,-,,,,,,,,"2.196,73",,,,,,,"30.280,03",,,,,,,,
HORIZONTE-CE,,,,,,,,CE,,,"627.476,16",,,,,,,,-,,,,,,,,"627.476,16",,,,,,,"7.501.840,25",,,,,,,,
IBIAPINA-CE,,,,,,,,CE,,,"2.284,60",,,,,,,,-,,,,,,,,"2.284,60",,,,,,,"31.491,23",,,,,,,,
ICAPUI-CE,,,,,,,,CE,,,"96.860,69",,,,,,,,"24.199,97",,,,,,,,"121.060,66",,,,,,,"1.330.962,41",,,,,,,,
INDEPENDENCIA-CE,,,,,,,,CE,,,"2.372,47",,,,,,,,-,,,,,,,,"2.372,47",,,,,,,"32.702,44",,,,,,,,
IPAPORANGA-CE,,,,,,,,CE,,,"1.845,26",,,,,,,,-,,,,,,,,"1.845,26",,,,,,,"25.435,22",,,,,,,,
IPU-CE,,,,,,,,CE,,,"2.636,08",,,,,,,,-,,,,,,,,"2.636,08",,,,,,,"36.336,04",,,,,,,,
IPUEIRAS-CE,,,,,,,,CE,,,"2.636,08",,,,,,,,-,,,,,,,,"2.636,08",,,,,,,"36.336,04",,,,,,,,
IRAUCUBA-CE,,,,,,,,CE,,,"2.284,60",,,,,,,,-,,,,,,,,"2.284,60",,,,,,,"31.491,23",,,,,,,,
ITAPAGE-CE,,,,,,,,CE,,,"2.723,95",,,,,,,,-,,,,,,,,"2.723,95",,,,,,,"37.547,25",,,,,,,,
ITAPIPOCA-CE,,,,,,,,CE,,,"74.068,38",,,,,,,,"65.029,63",,,,,,,,"139.098,01",,,,,,,"1.894.464,84",,,,,,,,
ITAREMA-CE,,,,,,,,CE,,,"58.053,60",,,,,,,,"62.009,61",,,,,,,,"120.063,21",,,,,,,"1.608.060,61",,,,,,,,
JAGUARUANA-CE,,,,,,,,CE,,,"192,76",,,,,,,,"80,96",,,,,,,,"273,72",,,,,,,"3.988,78",,,,,,,,
JIJOCA DE JERICOACOARA-CE,,,,,,,,CE,,,"2.020,99",,,,,,,,-,,,,,,,,"2.020,99",,,,,,,"27.857,63",,,,,,,,
MARACANAU-CE,,,,,,,,CE,,,"627.476,16",,,,,,,,-,,,,,,,,"627.476,16",,,,,,,"7.493.783,16",,,,,,,,
Superintendência de Controle das Participações Governamentais,,,,,,,,,,,,,,,,,,,,,,,,,,,,,,,,,,,,,,,,,,
MARCO-CE,,,,,,,,CE,,,"2.284,60",,,,,,,,-,,,,,,,,"2.284,60",,,,,,,"31.491,23",,,,,,,,
MARTINOPOLE-CE,,,,,,,,CE,,,"1.845,26",,,,,,,,-,,,,,,,,"1.845,26",,,,,,,"25.435,22",,,,,,,,
MASSAPE-CE,,,,,,,,CE,,,"2.548,21",,,,,,,,-,,,,,,,,"2.548,21",,,,,,,"35.124,84",,,,,,,,
MERUOCA-CE,,,,,,,,CE,,,"1.933,12",,,,,,,,-,,,,,,,,"1.933,12",,,,,,,"26.646,42",,,,,,,,
MIRAIMA-CE,,,,,,,,CE,,,"1.933,12",,,,,,,,-,,,,,,,,"1.933,12",,,,,,,"26.646,42",,,,,,,,
MONSENHOR TABOSA-CE,,,,,,,,CE,,,"2.108,86",,,,,,,,-,,,,,,,,"2.108,86",,,,,,,"29.068,82",,,,,,,,
MORAUJO-CE,,,,,,,,CE,,,"1.757,39",,,,,,,,-,,,,,,,,"1.757,39",,,,,,,"24.224,03",,,,,,,,
MORRINHOS-CE,,,,,,,,CE,,,"2.284,60",,,,,,,,-,,,,,,,,"2.284,60",,,,,,,"31.491,23",,,,,,,,
MUCAMBO-CE,,,,,,,,CE,,,"2.020,99",,,,,,,,-,,,,,,,,"2.020,99",,,,,,,"27.857,63",,,,,,,,
NOVA RUSSAS-CE,,,,,,,,CE,,,"2.460,34",,,,,,,,-,,,,,,,,"2.460,34",,,,,,,"33.913,65",,,,,,,,
NOVO ORIENTE-CE,,,,,,,,CE,,,"2.372,47",,,,,,,,-,,,,,,,,"2.372,47",,,,,,,"32.702,44",,,,,,,,
PACUJA-CE,,,,,,,,CE,,,"1.757,39",,,,,,,,-,,,,,,,,"1.757,39",,,,,,,"24.224,03",,,,,,,,
PARACURU-CE,,,,,,,,CE,,,"56.051,75",,,,,,,,"81.915,64",,,,,,,,"137.967,39",,,,,,,"1.977.489,56",,,,,,,,
PARAIPABA-CE,,,,,,,,CE,,,"2.460,34",,,,,,,,"4.562,67",,,,,,,,"7.023,01",,,,,,,"93.378,92",,,,,,,,
PARAMOTI-CE,,,,,,,,CE,,,"1.845,26",,,,,,,,-,,,,,,,,"1.845,26",,,,,,,"25.435,22",,,,,,,,
PENTECOSTE-CE,,,,,,,,CE,,,"2.548,21",,,,,,,,-,,,,,,,,"2.548,21",,,,,,,"35.124,84",,,,,,,,
PIRES FERREIRA-CE,,,,,,,,CE,,,"1.757,39",,,,,,,,-,,,,,,,,"1.757,39",,,,,,,"24.224,03",,,,,,,,
PORANGA-CE,,,,,,,,CE,,,"1.845,26",,,,,,,,-,,,,,,,,"1.845,26",,,,,,,"25.435,22",,,,,,,,
QUITERIANOPOLIS-CE,,,,,,,,CE,,,"2.284,60",,,,,,,,-,,,,,,,,"2.284,60",,,,,,,"31.491,23",,,,,,,,
RERIUTABA-CE,,,,,,,,CE,,,"2.196,73",,,,,,,,-,,,,,,,,"2.196,73",,,,,,,"30.280,03",,,,,,,,
SANTA QUITERIA-CE,,,,,,,,CE,,,"2.723,95",,,,,,,,-,,,,,,,,"2.723,95",,,,,,,"37.547,25",,,,,,,,
SANTANA DO ACARAU-CE,,,,,,,,CE,,,"2.460,34",,,,,,,,-,,,,,,,,"2.460,34",,,,,,,"33.913,65",,,,,,,,
SAO BENEDITO-CE,,,,,,,,CE,,,"2.723,95",,,,,,,,-,,,,,,,,"2.723,95",,,,,,,"37.547,25",,,,,,,,
SAO GONCALO DO AMARANTE-CE,,,,,,,,CE,,,"630.200,11",,,,,,,,-,,,,,,,,"630.200,11",,,,,,,"7.527.331,83",,,,,,,,
SAO LUIS DO CURU-CE,,,,,,,,CE,,,"1.933,12",,,,,,,,-,,,,,,,,"1.933,12",,,,,,,"26.646,42",,,,,,,,
SENADOR SA-CE,,,,,,,,CE,,,"1.757,39",,,,,,,,-,,,,,,,,"1.757,39",,,,,,,"24.224,03",,,,,,,,
SOBRAL-CE,,,,,,,,CE,,,"3.514,78",,,,,,,,-,,,,,,,,"3.514,78",,,,,,,"48.448,10",,,,,,,,
TAMBORIL-CE,,,,,,,,CE,,,"2.372,47",,,,,,,,-,,,,,,,,"2.372,47",,,,,,,"32.702,44",,,,,,,,
TEJUCUOCA-CE,,,,,,,,CE,,,"2.020,99",,,,,,,,-,,,,,,,,"2.020,99",,,,,,,"27.857,63",,,,,,,,
TIANGUA-CE,,,,,,,,CE,,,"2.987,56",,,,,,,,-,,,,,,,,"2.987,56",,,,,,,"41.180,86",,,,,,,,
TRAIRI-CE,,,,,,,,CE,,,"64.059,14",,,,,,,,"108.701,89",,,,,,,,"172.761,03",,,,,,,"2.308.879,18",,,,,,,,
TURURU-CE,,,,,,,,CE,,,"1.933,12",,,,,,,,-,,,,,,,,"1.933,12",,,,,,,"26.646,42",,,,,,,,
UBAJARA-CE,,,,,,,,CE,,,"2.460,34",,,,,,,,-,,,,,,,,"2.460,34",,,,,,,"33.913,65",,,,,,,,
UMIRIM-CE,,,,,,,,CE,,,"2.196,73",,,,,,,,-,,,,,,,,"2.196,73",,,,,,,"30.280,03",,,,,,,,
URUBURETAMA-CE,,,,,,,,CE,,,"2.196,73",,,,,,,,-,,,,,,,,"2.196,73",,,,,,,"30.280,03",,,,,,,,
URUOCA-CE,,,,,,,,CE,,,"1.933,12",,,,,,,,-,,,,,,,,"1.933,12",,,,,,,"26.646,42",,,,,,,,
VARJOTA-CE,,,,,,,,CE,,,"2.108,86",,,,,,,,-,,,,,,,,"2.108,86",,,,,,,"29.068,82",,,,,,,,
VICOSA DO CEARA-CE,,,,,,,,CE,,,"2.811,82",,,,,,,,-,,,,,,,,"2.811,82",,,,,,,"38.758,46",,,,,,,,
CEARA  TOTAL,,,,,,,,,,,"3.265.880,28",,,,,,,,"464.532,73",,,,,,,,"3.730.413,01",,,,,,,"49.511.063,90",,,,,,,,
AFONSO CLAUDIO-ES,,,,,,,,ES,,,"52.515,51",,,,,,,,-,,,,,,,,"52.515,51",,,,,,,"746.591,33",,,,,,,,
AGUA DOCE DO NORTE-ES,,,,,,,,ES,,,"39.386,63",,,,,,,,-,,,,,,,,"39.386,63",,,,,,,"560.046,42",,,,,,,,
AGUIA BRANCA-ES,,,,,,,,ES,,,"37.511,08",,,,,,,,-,,,,,,,,"37.511,08",,,,,,,"532.985,50",,,,,,,,
ALEGRE-ES,,,,,,,,ES,,,"52.515,51",,,,,,,,-,,,,,,,,"52.515,51",,,,,,,"746.179,73",,,,,,,,
ALFREDO CHAVES-ES,,,,,,,,ES,,,"41.262,18",,,,,,,,-,,,,,,,,"41.262,18",,,,,,,"586.284,08",,,,,,,,
ALTO RIO NOVO-ES,,,,,,,,ES,,,"37.511,08",,,,,,,,-,,,,,,,,"37.511,08",,,,,,,"532.985,50",,,,,,,,
ANCHIETA-ES,,,,,,,,ES,,,"269.975,94",,,,,,,,-,,,,,,,,"269.975,94",,,,,,,"3.743.449,14",,,,,,,,
APIACA-ES,,,,,,,,ES,,,"37.511,08",,,,,,,,-,,,,,,,,"37.511,08",,,,,,,"532.985,50",,,,,,,,
ARACRUZ-ES,,,,,,,,ES,,,"377.966,31",,,,,,,,"1.479.961,53",,,,,,,,"1.857.927,84",,,,,,,"32.329.168,78",,,,,,,,
ATILIO VIVACQUA-ES,,,,,,,,ES,,,"37.511,08",,,,,,,,-,,,,,,,,"37.511,08",,,,,,,"532.985,50",,,,,,,,
BAIXO GUANDU-ES,,,,,,,,ES,,,"52.515,51",,,,,,,,-,,,,,,,,"52.515,51",,,,,,,"745.768,12",,,,,,,,
BARRA DE SAO FRANCISCO-ES,,,,,,,,ES,,,"56.266,62",,,,,,,,-,,,,,,,,"56.266,62",,,,,,,"799.478,32",,,,,,,,
BOA ESPERANCA-ES,,,,,,,,ES,,,"41.262,18",,,,,,,,-,,,,,,,,"41.262,18",,,,,,,"586.284,08",,,,,,,,
BOM JESUS DO NORTE-ES,,,,,,,,ES,,,"37.511,08",,,,,,,,-,,,,,,,,"37.511,08",,,,,,,"532.985,50",,,,,,,,
BREJETUBA-ES,,,,,,,,ES,,,"39.386,63",,,,,,,,-,,,,,,,,"39.386,63",,,,,,,"559.634,81",,,,,,,,
CACHOEIRO DE ITAPEMIRIM-ES,,,,,,,,ES,,,"75.022,16",,,,,,,,-,,,,,,,,"75.022,16",,,,,,,"1.065.971,09",,,,,,,,
CARIACICA-ES,,,,,,,,ES,,,"75.022,16",,,,,,,,-,,,,,,,,"75.022,16",,,,,,,"1.065.971,09",,,,,,,,
Superintendência de Controle das Participações Governamentais,,,,,,,,,,,,,,,,,,,,,,,,,,,,,,,,,,,,,,,,,,
CASTELO-ES,,,,,,,,ES,,,"54.391,06",,,,,,,,-,,,,,,,,"54.391,06",,,,,,,"772.829,01",,,,,,,,
COLATINA-ES,,,,,,,,ES,,,"69.395,49",,,,,,,,-,,,,,,,,"69.395,49",,,,,,,"986.023,28",,,,,,,,
CONCEICAO DA BARRA-ES,,,,,,,,ES,,,"127.226,20",,,,,,,,"27.766,32",,,,,,,,"154.992,52",,,,,,,"2.058.924,45",,,,,,,,
CONCEICAO DO CASTELO-ES,,,,,,,,ES,,,"39.386,63",,,,,,,,-,,,,,,,,"39.386,63",,,,,,,"559.634,81",,,,,,,,
DIVINO DE SAO LOURENCO-ES,,,,,,,,ES,,,"37.511,08",,,,,,,,-,,,,,,,,"37.511,08",,,,,,,"532.985,50",,,,,,,,
DOMINGOS MARTINS-ES,,,,,,,,ES,,,"52.515,51",,,,,,,,-,,,,,,,,"52.515,51",,,,,,,"746.179,73",,,,,,,,
DORES DO RIO PRETO-ES,,,,,,,,ES,,,"37.511,08",,,,,,,,-,,,,,,,,"37.511,08",,,,,,,"532.985,50",,,,,,,,
ECOPORANGA-ES,,,,,,,,ES,,,"48.764,40",,,,,,,,-,,,,,,,,"48.764,40",,,,,,,"692.881,18",,,,,,,,
FUNDAO-ES,,,,,,,,ES,,,"248.377,86",,,,,,,,"245.219,48",,,,,,,,"493.597,34",,,,,,,"8.190.383,92",,,,,,,,
GOVERNADOR LINDENBERG-ES,,,,,,,,ES,,,"37.511,08",,,,,,,,-,,,,,,,,"37.511,08",,,,,,,"532.985,50",,,,,,,,
GUACUI-ES,,,,,,,,ES,,,"50.639,95",,,,,,,,-,,,,,,,,"50.639,95",,,,,,,"719.530,49",,,,,,,,
GUARAPARI-ES,,,,,,,,ES,,,"69.395,49",,,,,,,,-,,,,,,,,"69.395,49",,,,,,,"985.611,62",,,,,,,,
IBATIBA-ES,,,,,,,,ES,,,"46.888,85",,,,,,,,-,,,,,,,,"46.888,85",,,,,,,"666.231,93",,,,,,,,
IBIRACU-ES,,,,,,,,ES,,,"39.386,63",,,,,,,,-,,,,,,,,"39.386,63",,,,,,,"559.634,81",,,,,,,,
IBITIRAMA-ES,,,,,,,,ES,,,"37.511,08",,,,,,,,-,,,,,,,,"37.511,08",,,,,,,"532.985,50",,,,,,,,
ICONHA-ES,,,,,,,,ES,,,"39.386,63",,,,,,,,-,,,,,,,,"39.386,63",,,,,,,"559.634,81",,,,,,,,
IRUPI-ES,,,,,,,,ES,,,"39.386,63",,,,,,,,-,,,,,,,,"39.386,63",,,,,,,"559.634,81",,,,,,,,
ITAGUACU-ES,,,,,,,,ES,,,"41.262,18",,,,,,,,-,,,,,,,,"41.262,18",,,,,,,"586.695,69",,,,,,,,
ITAPEMIRIM-ES,,,,,,,,ES,,,"302.373,05",,,,,,,,"842.634,91",,,,,,,,"1.145.007,96",,,,,,,"16.228.542,99",,,,,,,,
ITARANA-ES,,,,,,,,ES,,,"39.386,63",,,,,,,,-,,,,,,,,"39.386,63",,,,,,,"559.634,81",,,,,,,,
IUNA-ES,,,,,,,,ES,,,"50.639,95",,,,,,,,-,,,,,,,,"50.639,95",,,,,,,"719.530,49",,,,,,,,
JAGUARE-ES,,,,,,,,ES,,,"460.665,96",,,,,,,,"185.170,41",,,,,,,,"645.836,37",,,,,,,"8.575.833,71",,,,,,,,
JERONIMO MONTEIRO-ES,,,,,,,,ES,,,"39.386,63",,,,,,,,-,,,,,,,,"39.386,63",,,,,,,"559.634,81",,,,,,,,
JOAO NEIVA-ES,,,,,,,,ES,,,"43.137,74",,,,,,,,-,,,,,,,,"43.137,74",,,,,,,"612.933,35",,,,,,,,
LARANJA DA TERRA-ES,,,,,,,,ES,,,"39.386,63",,,,,,,,-,,,,,,,,"39.386,63",,,,,,,"559.634,81",,,,,,,,
LINHARES-ES,,,,,,,,ES,,,"2.865.220,92",,,,,,,,"1.971.545,74",,,,,,,,"4.836.766,66",,,,,,,"54.893.730,68",,,,,,,,
MANTENOPOLIS-ES,,,,,,,,ES,,,"39.386,63",,,,,,,,-,,,,,,,,"39.386,63",,,,,,,"560.046,42",,,,,,,,
MARATAIZES-ES,,,,,,,,ES,,,"52.515,51",,,,,,,,"120.285,57",,,,,,,,"172.801,08",,,,,,,"2.464.300,88",,,,,,,,
MARECHAL FLORIANO-ES,,,,,,,,ES,,,"41.262,18",,,,,,,,-,,,,,,,,"41.262,18",,,,,,,"586.284,08",,,,,,,,
MARILANDIA-ES,,,,,,,,ES,,,"39.386,63",,,,,,,,-,,,,,,,,"39.386,63",,,,,,,"559.223,15",,,,,,,,
MIMOSO DO SUL-ES,,,,,,,,ES,,,"50.639,95",,,,,,,,-,,,,,,,,"50.639,95",,,,,,,"719.530,49",,,,,,,,
MONTANHA-ES,,,,,,,,ES,,,"45.013,29",,,,,,,,-,,,,,,,,"45.013,29",,,,,,,"639.582,64",,,,,,,,
MUCURICI-ES,,,,,,,,ES,,,"37.511,08",,,,,,,,-,,,,,,,,"37.511,08",,,,,,,"532.985,50",,,,,,,,
MUNIZ FREIRE-ES,,,,,,,,ES,,,"46.888,85",,,,,,,,-,,,,,,,,"46.888,85",,,,,,,"666.231,93",,,,,,,,
MUQUI-ES,,,,,,,,ES,,,"41.262,18",,,,,,,,-,,,,,,,,"41.262,18",,,,,,,"586.284,08",,,,,,,,
NOVA VENECIA-ES,,,,,,,,ES,,,"58.142,17",,,,,,,,-,,,,,,,,"58.142,17",,,,,,,"826.127,57",,,,,,,,
PANCAS-ES,,,,,,,,ES,,,"46.888,85",,,,,,,,-,,,,,,,,"46.888,85",,,,,,,"666.643,54",,,,,,,,
PEDRO CANARIO-ES,,,,,,,,ES,,,"48.764,40",,,,,,,,-,,,,,,,,"48.764,40",,,,,,,"692.881,18",,,,,,,,
PINHEIROS-ES,,,,,,,,ES,,,"48.764,40",,,,,,,,-,,,,,,,,"48.764,40",,,,,,,"692.881,18",,,,,,,,
PIUMA-ES,,,,,,,,ES,,,"45.013,29",,,,,,,,-,,,,,,,,"45.013,29",,,,,,,"639.170,98",,,,,,,,
PONTO BELO-ES,,,,,,,,ES,,,"37.511,08",,,,,,,,-,,,,,,,,"37.511,08",,,,,,,"532.985,50",,,,,,,,
PRESIDENTE KENNEDY-ES,,,,,,,,ES,,,"226.779,79",,,,,,,,"3.105.966,17",,,,,,,,"3.332.745,96",,,,,,,"37.830.467,30",,,,,,,,
RIO BANANAL-ES,,,,,,,,ES,,,"45.013,29",,,,,,,,-,,,,,,,,"45.013,29",,,,,,,"639.582,64",,,,,,,,
RIO NOVO DO SUL-ES,,,,,,,,ES,,,"39.386,63",,,,,,,,-,,,,,,,,"39.386,63",,,,,,,"559.634,81",,,,,,,,
SANTA LEOPOLDINA-ES,,,,,,,,ES,,,"41.262,18",,,,,,,,-,,,,,,,,"41.262,18",,,,,,,"586.284,08",,,,,,,,
SANTA MARIA DE JETIBA-ES,,,,,,,,ES,,,"52.515,51",,,,,,,,-,,,,,,,,"52.515,51",,,,,,,"746.179,73",,,,,,,,
SANTA TERESA-ES,,,,,,,,ES,,,"48.764,40",,,,,,,,-,,,,,,,,"48.764,40",,,,,,,"692.881,18",,,,,,,,
SAO DOMINGOS DO NORTE-ES,,,,,,,,ES,,,"37.511,08",,,,,,,,-,,,,,,,,"37.511,08",,,,,,,"532.985,50",,,,,,,,
SAO GABRIEL DA PALHA-ES,,,,,,,,ES,,,"52.515,51",,,,,,,,-,,,,,,,,"52.515,51",,,,,,,"745.768,12",,,,,,,,
SAO JOSE DO CALCADO-ES,,,,,,,,ES,,,"39.386,63",,,,,,,,-,,,,,,,,"39.386,63",,,,,,,"559.634,81",,,,,,,,
SAO MATEUS-ES,,,,,,,,ES,,,"1.606.137,86",,,,,,,,"104.758,83",,,,,,,,"1.710.896,69",,,,,,,"19.703.385,57",,,,,,,,
SAO ROQUE DO CANAA-ES,,,,,,,,ES,,,"39.386,63",,,,,,,,-,,,,,,,,"39.386,63",,,,,,,"559.634,81",,,,,,,,
SERRA-ES,,,,,,,,ES,,,"431.961,50",,,,,,,,"624.179,54",,,,,,,,"1.056.141,04",,,,,,,"17.349.683,57",,,,,,,,
SOORETAMA-ES,,,,,,,,ES,,,"48.764,40",,,,,,,,-,,,,,,,,"48.764,40",,,,,,,"692.469,57",,,,,,,,
VARGEM ALTA-ES,,,,,,,,ES,,,"45.013,29",,,,,,,,-,,,,,,,,"45.013,29",,,,,,,"639.582,64",,,,,,,,
VENDA NOVA DO IMIGRANTE-ES,,,,,,,,ES,,,"46.888,85",,,,,,,,-,,,,,,,,"46.888,85",,,,,,,"665.820,32",,,,,,,,
VIANA-ES,,,,,,,,ES,,,"61.893,28",,,,,,,,-,,,,,,,,"61.893,28",,,,,,,"879.014,52",,,,,,,,
Superintendência de Controle das Participações Governamentais,,,,,,,,,,,,,,,,,,,,,,,,,,,,,,,,,,,,,,,,,,
VILA PAVAO-ES,,,,,,,,ES,,,"37.511,08",,,,,,,,-,,,,,,,,"37.511,08",,,,,,,"532.985,50",,,,,,,,
VILA VALERIO-ES,,,,,,,,ES,,,"41.262,18",,,,,,,,-,,,,,,,,"41.262,18",,,,,,,"586.284,08",,,,,,,,
VILA VELHA-ES,,,,,,,,ES,,,"431.961,50",,,,,,,,-,,,,,,,,"431.961,50",,,,,,,"5.989.518,66",,,,,,,,
VITORIA-ES,,,,,,,,ES,,,"431.961,50",,,,,,,,"53.927,37",,,,,,,,"485.888,87",,,,,,,"7.072.156,68",,,,,,,,
ESPIRITO SANTO  TOTAL,,,,,,,,,,,"10.802.125,66",,,,,,,,"8.761.415,87",,,,,,,,"19.563.541,53",,,,,,,"258.614.115,89",,,,,,,,
BETIM-MG,,,,,,,,MG,,,"44.842,64",,,,,,,,-,,,,,,,,"44.842,64",,,,,,,"389.784,15",,,,,,,,
JUIZ DE FORA-MG,,,,,,,,MG,,,"2,81",,,,,,,,-,,,,,,,,"2,81",,,,,,,"5.015.538,28",,,,,,,,
MINAS GERAIS  TOTAL,,,,,,,,,,,"44.845,45",,,,,,,,-,,,,,,,,"44.845,45",,,,,,,"5.405.322,43",,,,,,,,
AFUA-PA,,,,,,,,PA,,,-,,,,,,,,"7.046,03",,,,,,,,"7.046,03",,,,,,,"95.180,07",,,,,,,,
ALENQUER-PA,,,,,,,,PA,,,-,,,,,,,,"7.046,03",,,,,,,,"7.046,03",,,,,,,"95.180,07",,,,,,,,
ALMEIRIM-PA,,,,,,,,PA,,,-,,,,,,,,"7.046,03",,,,,,,,"7.046,03",,,,,,,"95.180,07",,,,,,,,
ANAJAS-PA,,,,,,,,PA,,,-,,,,,,,,"7.046,03",,,,,,,,"7.046,03",,,,,,,"95.180,07",,,,,,,,
BREVES-PA,,,,,,,,PA,,,-,,,,,,,,"7.046,03",,,,,,,,"7.046,03",,,,,,,"95.180,07",,,,,,,,
CHAVES-PA,,,,,,,,PA,,,-,,,,,,,,"7.046,03",,,,,,,,"7.046,03",,,,,,,"95.180,07",,,,,,,,
CURUA-PA,,,,,,,,PA,,,-,,,,,,,,"7.046,03",,,,,,,,"7.046,03",,,,,,,"95.180,07",,,,,,,,
FARO-PA,,,,,,,,PA,,,-,,,,,,,,"7.046,03",,,,,,,,"7.046,03",,,,,,,"95.180,07",,,,,,,,
GURUPA-PA,,,,,,,,PA,,,-,,,,,,,,"7.046,03",,,,,,,,"7.046,03",,,,,,,"95.180,07",,,,,,,,
JURUTI-PA,,,,,,,,PA,,,-,,,,,,,,"7.046,03",,,,,,,,"7.046,03",,,,,,,"95.180,07",,,,,,,,
MELGACO-PA,,,,,,,,PA,,,-,,,,,,,,"7.046,03",,,,,,,,"7.046,03",,,,,,,"95.180,07",,,,,,,,
MONTE ALEGRE-PA,,,,,,,,PA,,,-,,,,,,,,"7.046,03",,,,,,,,"7.046,03",,,,,,,"95.180,07",,,,,,,,
OBIDOS-PA,,,,,,,,PA,,,-,,,,,,,,"7.046,03",,,,,,,,"7.046,03",,,,,,,"95.180,07",,,,,,,,
PORTO DE MOZ-PA,,,,,,,,PA,,,-,,,,,,,,"7.046,03",,,,,,,,"7.046,03",,,,,,,"95.180,07",,,,,,,,
PRAINHA-PA,,,,,,,,PA,,,-,,,,,,,,"7.046,03",,,,,,,,"7.046,03",,,,,,,"95.180,07",,,,,,,,
SANTAREM-PA,,,,,,,,PA,,,-,,,,,,,,"7.046,03",,,,,,,,"7.046,03",,,,,,,"95.180,07",,,,,,,,
TERRA SANTA-PA,,,,,,,,PA,,,-,,,,,,,,"7.046,03",,,,,,,,"7.046,03",,,,,,,"95.180,07",,,,,,,,
PARA  TOTAL,,,,,,,,,,,-,,,,,,,,"119.782,51",,,,,,,,"119.782,51",,,,,,,"1.618.061,19",,,,,,,,
BAYEUX-PB,,,,,,,,PB,,,-,,,,,,,,-,,,,,,,,-,,,,,,,"1.450,50",,,,,,,,
CALDAS BRANDAO-PB,,,,,,,,PB,,,"44.842,60",,,,,,,,-,,,,,,,,"44.842,60",,,,,,,"339.997,89",,,,,,,,
PEDRAS DE FOGO-PB,,,,,,,,PB,,,"2,81",,,,,,,,-,,,,,,,,"2,81",,,,,,,"5.670.984,86",,,,,,,,
SANTA RITA-PB,,,,,,,,PB,,,-,,,,,,,,-,,,,,,,,-,,,,,,,"1.006.342,86",,,,,,,,
PARAIBA  TOTAL,,,,,,,,,,,"44.845,41",,,,,,,,-,,,,,,,,"44.845,41",,,,,,,"7.018.776,11",,,,,,,,
CABO DE SANTO AGOSTINHO-PE,,,,,,,,PE,,,"627.476,16",,,,,,,,-,,,,,,,,"627.476,16",,,,,,,"7.497.719,54",,,,,,,,
CAMARAGIBE-PE,,,,,,,,PE,,,"582.633,52",,,,,,,,-,,,,,,,,"582.633,52",,,,,,,"6.924.493,04",,,,,,,,
GOIANA-PE,,,,,,,,PE,,,"627.476,16",,,,,,,,-,,,,,,,,"627.476,16",,,,,,,"7.492.512,86",,,,,,,,
IPOJUCA-PE,,,,,,,,PE,,,"44.840,30",,,,,,,,-,,,,,,,,"44.840,30",,,,,,,"389.106,08",,,,,,,,
ITAMBE-PE,,,,,,,,PE,,,"5,15",,,,,,,,-,,,,,,,,"5,15",,,,,,,"7.667.433,53",,,,,,,,
ITAQUITINGA-PE,,,,,,,,PE,,,"627.476,16",,,,,,,,-,,,,,,,,"627.476,16",,,,,,,"7.489.572,69",,,,,,,,
JABOATAO DOS GUARARAPES-PE,,,,,,,,PE,,,"2,38",,,,,,,,-,,,,,,,,"2,38",,,,,,,"528.041,06",,,,,,,,
MORENO-PE,,,,,,,,PE,,,"6,14",,,,,,,,-,,,,,,,,"6,14",,,,,,,"8.087.030,56",,,,,,,,
PAULISTA-PE,,,,,,,,PE,,,"582.633,52",,,,,,,,-,,,,,,,,"582.633,52",,,,,,,"6.924.632,33",,,,,,,,
RECIFE-PE,,,,,,,,PE,,,"44.842,64",,,,,,,,-,,,,,,,,"44.842,64",,,,,,,"572.881,32",,,,,,,,
SAO LOURENCO DA MATA-PE,,,,,,,,PE,,,"5,09",,,,,,,,-,,,,,,,,"5,09",,,,,,,"8.302.790,21",,,,,,,,
VITORIA DE SANTO ANTAO-PE,,,,,,,,PE,,,"582.633,52",,,,,,,,-,,,,,,,,"582.633,52",,,,,,,"6.926.786,65",,,,,,,,
PERNAMBUCO  TOTAL,,,,,,,,,,,"3.720.030,74",,,,,,,,-,,,,,,,,"3.720.030,74",,,,,,,"68.802.999,87",,,,,,,,
ADRIANOPOLIS-PR,,,,,,,,PR,,,"526,63",,,,,,,,-,,,,,,,,"526,63",,,,,,,"29.290,88",,,,,,,,
AGUDOS DO SUL-PR,,,,,,,,PR,,,"526,63",,,,,,,,-,,,,,,,,"526,63",,,,,,,"29.290,88",,,,,,,,
ALMIRANTE TAMANDARE-PR,,,,,,,,PR,,,"947,93",,,,,,,,-,,,,,,,,"947,93",,,,,,,"52.723,64",,,,,,,,
ANTONINA-PR,,,,,,,,PR,,,"631,95",,,,,,,,-,,,,,,,,"631,95",,,,,,,"35.149,07",,,,,,,,
ARAUCARIA-PR,,,,,,,,PR,,,"974,26",,,,,,,,-,,,,,,,,"974,26",,,,,,,"54.188,19",,,,,,,,
BALSA NOVA-PR,,,,,,,,PR,,,"552,96",,,,,,,,-,,,,,,,,"552,96",,,,,,,"30.755,44",,,,,,,,
BOCAIUVA DO SUL-PR,,,,,,,,PR,,,"526,63",,,,,,,,-,,,,,,,,"526,63",,,,,,,"29.290,88",,,,,,,,
CAMPINA GRANDE DO SUL-PR,,,,,,,,PR,,,"763,61",,,,,,,,-,,,,,,,,"763,61",,,,,,,"42.471,81",,,,,,,,
CAMPO DO TENENTE-PR,,,,,,,,PR,,,"526,63",,,,,,,,-,,,,,,,,"526,63",,,,,,,"29.290,88",,,,,,,,
CAMPO LARGO-PR,,,,,,,,PR,,,"974,26",,,,,,,,-,,,,,,,,"974,26",,,,,,,"54.188,19",,,,,,,,
CAMPO MAGRO-PR,,,,,,,,PR,,,"684,62",,,,,,,,-,,,,,,,,"684,62",,,,,,,"38.078,17",,,,,,,,
CERRO AZUL-PR,,,,,,,,PR,,,"631,95",,,,,,,,-,,,,,,,,"631,95",,,,,,,"35.149,07",,,,,,,,
Superintendência de Controle das Participações Governamentais,,,,,,,,,,,,,,,,,,,,,,,,,,,,,,,,,,,,,,,,,,
COLOMBO-PR,,,,,,,,PR,,,"1.053,26",,,,,,,,-,,,,,,,,"1.053,26",,,,,,,"58.581,83",,,,,,,,
CONTENDA-PR,,,,,,,,PR,,,"605,62",,,,,,,,-,,,,,,,,"605,62",,,,,,,"33.684,54",,,,,,,,
CURITIBA-PR,,,,,,,,PR,,,"1.053,26",,,,,,,,-,,,,,,,,"1.053,26",,,,,,,"58.581,83",,,,,,,,
DOUTOR ULYSSES-PR,,,,,,,,PR,,,"526,63",,,,,,,,-,,,,,,,,"526,63",,,,,,,"29.290,88",,,,,,,,
FAZENDA RIO GRANDE-PR,,,,,,,,PR,,,"921,60",,,,,,,,-,,,,,,,,"921,60",,,,,,,"51.259,10",,,,,,,,
GUARAQUECABA-PR,,,,,,,,PR,,,"526,63",,,,,,,,-,,,,,,,,"526,63",,,,,,,"29.290,88",,,,,,,,
GUARATUBA-PR,,,,,,,,PR,,,"737,28",,,,,,,,-,,,,,,,,"737,28",,,,,,,"1.670.458,08",,,,,,,,
ITAPERUCU-PR,,,,,,,,PR,,,"684,62",,,,,,,,-,,,,,,,,"684,62",,,,,,,"38.078,17",,,,,,,,
LAPA-PR,,,,,,,,PR,,,"816,27",,,,,,,,-,,,,,,,,"816,27",,,,,,,"45.400,91",,,,,,,,
MANDIRITUBA-PR,,,,,,,,PR,,,"684,62",,,,,,,,-,,,,,,,,"684,62",,,,,,,"38.078,17",,,,,,,,
MATINHOS-PR,,,,,,,,PR,,,"39.141,90",,,,,,,,"28.071,78",,,,,,,,"67.213,68",,,,,,,"2.125.509,52",,,,,,,,
MORRETES-PR,,,,,,,,PR,,,"631,95",,,,,,,,-,,,,,,,,"631,95",,,,,,,"35.149,07",,,,,,,,
PARANAGUA-PR,,,,,,,,PR,,,"1.026,93",,,,,,,,"113,94",,,,,,,,"1.140,87",,,,,,,"60.774,31",,,,,,,,
PIEN-PR,,,,,,,,PR,,,"552,96",,,,,,,,-,,,,,,,,"552,96",,,,,,,"30.755,44",,,,,,,,
PINHAIS-PR,,,,,,,,PR,,,"1.000,60",,,,,,,,-,,,,,,,,"1.000,60",,,,,,,"55.652,73",,,,,,,,
PIRAQUARA-PR,,,,,,,,PR,,,"947,93",,,,,,,,-,,,,,,,,"947,93",,,,,,,"52.723,64",,,,,,,,
PONTAL DO PARANA-PR,,,,,,,,PR,,,"631,95",,,,,,,,"6.063,43",,,,,,,,"6.695,38",,,,,,,"229.789,11",,,,,,,,
PORTO AMAZONAS-PR,,,,,,,,PR,,,"526,63",,,,,,,,-,,,,,,,,"526,63",,,,,,,"29.290,88",,,,,,,,
QUATRO BARRAS-PR,,,,,,,,PR,,,"658,28",,,,,,,,-,,,,,,,,"658,28",,,,,,,"36.613,61",,,,,,,,
QUITANDINHA-PR,,,,,,,,PR,,,"605,62",,,,,,,,-,,,,,,,,"605,62",,,,,,,"33.684,54",,,,,,,,
RIO BRANCO DO SUL-PR,,,,,,,,PR,,,"737,28",,,,,,,,-,,,,,,,,"737,28",,,,,,,"41.007,26",,,,,,,,
RIO NEGRO-PR,,,,,,,,PR,,,"737,28",,,,,,,,-,,,,,,,,"737,28",,,,,,,"41.007,26",,,,,,,,
SAO JOSE DOS PINHAIS-PR,,,,,,,,PR,,,"1.053,26",,,,,,,,-,,,,,,,,"1.053,26",,,,,,,"58.581,83",,,,,,,,
TIJUCAS DO SUL-PR,,,,,,,,PR,,,"579,29",,,,,,,,-,,,,,,,,"579,29",,,,,,,"32.219,97",,,,,,,,
TUNAS DO PARANA-PR,,,,,,,,PR,,,"526,63",,,,,,,,-,,,,,,,,"526,63",,,,,,,"29.290,88",,,,,,,,
PARANA  TOTAL,,,,,,,,,,,"65.236,34",,,,,,,,"34.249,15",,,,,,,,"99.485,49",,,,,,,"5.404.621,54",,,,,,,,
ANGRA DOS REIS-RJ,,,,,,,,RJ,,,"4.606.475,71",,,,,,,,"2.424.365,90",,,,,,,,"7.030.841,61",,,,,,,"87.901.291,34",,,,,,,,
APERIBE-RJ,,,,,,,,RJ,,,"309.048,34",,,,,,,,-,,,,,,,,"309.048,34",,,,,,,"3.794.252,03",,,,,,,,
ARARUAMA-RJ,,,,,,,,RJ,,,"571.692,04",,,,,,,,-,,,,,,,,"571.692,04",,,,,,,"7.022.773,10",,,,,,,,
ARMACAO DOS BUZIOS-RJ,,,,,,,,RJ,,,"2.406.623,08",,,,,,,,"1.517.106,84",,,,,,,,"3.923.729,92",,,,,,,"56.152.666,64",,,,,,,,
ARRAIAL DO CABO-RJ,,,,,,,,RJ,,,"417.167,87",,,,,,,,"120.553,47",,,,,,,,"537.721,34",,,,,,,"6.918.481,45",,,,,,,,
BARRA DO PIRAI-RJ,,,,,,,,RJ,,,"571.692,04",,,,,,,,-,,,,,,,,"571.692,04",,,,,,,"7.152.154,70",,,,,,,,
BARRA MANSA-RJ,,,,,,,,RJ,,,"1.200.730,21",,,,,,,,-,,,,,,,,"1.200.730,21",,,,,,,"14.658.269,13",,,,,,,,
BELFORD ROXO-RJ,,,,,,,,RJ,,,"618.096,69",,,,,,,,-,,,,,,,,"618.096,69",,,,,,,"7.588.504,12",,,,,,,,
BOM JARDIM-RJ,,,,,,,,RJ,,,"417.167,87",,,,,,,,-,,,,,,,,"417.167,87",,,,,,,"5.125.647,01",,,,,,,,
BOM JESUS DO ITABAPOANA-RJ,,,,,,,,RJ,,,"448.120,09",,,,,,,,-,,,,,,,,"448.120,09",,,,,,,"5.501.665,47",,,,,,,,
CABO FRIO-RJ,,,,,,,,RJ,,,"3.563.868,01",,,,,,,,"6.458.787,40",,,,,,,,"10.022.655,41",,,,,,,"144.061.810,98",,,,,,,,
CACHOEIRAS DE MACACU-RJ,,,,,,,,RJ,,,"2.448.954,95",,,,,,,,-,,,,,,,,"2.448.954,95",,,,,,,"31.193.173,81",,,,,,,,
CAMBUCI-RJ,,,,,,,,RJ,,,"355.405,59",,,,,,,,-,,,,,,,,"355.405,59",,,,,,,"4.363.389,83",,,,,,,,
CAMPOS DOS GOYTACAZES-RJ,,,,,,,,RJ,,,"3.560.753,64",,,,,,,,"40.345.981,69",,,,,,,,"43.906.735,33",,,,,,,"559.005.735,26",,,,,,,,
CANTAGALO-RJ,,,,,,,,RJ,,,"386.310,43",,,,,,,,-,,,,,,,,"386.310,43",,,,,,,"4.742.815,06",,,,,,,,
CARAPEBUS-RJ,,,,,,,,RJ,,,"1.870.952,84",,,,,,,,"475.782,42",,,,,,,,"2.346.735,26",,,,,,,"33.748.927,55",,,,,,,,
CARDOSO MOREIRA-RJ,,,,,,,,RJ,,,"339.953,18",,,,,,,,-,,,,,,,,"339.953,18",,,,,,,"4.173.677,31",,,,,,,,
CARMO-RJ,,,,,,,,RJ,,,"370.810,62",,,,,,,,-,,,,,,,,"370.810,62",,,,,,,"4.556.509,19",,,,,,,,
CASIMIRO DE ABREU-RJ,,,,,,,,RJ,,,"2.405.065,89",,,,,,,,"1.626.305,38",,,,,,,,"4.031.371,27",,,,,,,"56.882.713,01",,,,,,,,
CONCEICAO DE MACABU-RJ,,,,,,,,RJ,,,"386.310,43",,,,,,,,-,,,,,,,,"386.310,43",,,,,,,"4.742.815,06",,,,,,,,
CORDEIRO-RJ,,,,,,,,RJ,,,"386.310,43",,,,,,,,-,,,,,,,,"386.310,43",,,,,,,"4.742.815,06",,,,,,,,
DUAS BARRAS-RJ,,,,,,,,RJ,,,"324.500,76",,,,,,,,-,,,,,,,,"324.500,76",,,,,,,"3.983.964,64",,,,,,,,
DUQUE DE CAXIAS-RJ,,,,,,,,RJ,,,"3.560.753,64",,,,,,,,"72.063,27",,,,,,,,"3.632.816,91",,,,,,,"50.914.682,42",,,,,,,,
ENGENHEIRO PAULO DE FRONTIN-RJ,,,,,,,,RJ,,,"339.953,18",,,,,,,,-,,,,,,,,"339.953,18",,,,,,,"5.207.817,47",,,,,,,,
GUAPIMIRIM-RJ,,,,,,,,RJ,,,"2.617.848,39",,,,,,,,"72.063,27",,,,,,,,"2.689.911,66",,,,,,,"34.381.083,68",,,,,,,,
IGUABA GRANDE-RJ,,,,,,,,RJ,,,"386.215,64",,,,,,,,-,,,,,,,,"386.215,64",,,,,,,"4.749.628,53",,,,,,,,
ITABORAI-RJ,,,,,,,,RJ,,,"618.096,69",,,,,,,,"72.063,27",,,,,,,,"690.159,96",,,,,,,"8.625.161,55",,,,,,,,
ITAGUAI-RJ,,,,,,,,RJ,,,"556.287,02",,,,,,,,"482,96",,,,,,,,"556.769,98",,,,,,,"6.831.541,39",,,,,,,,
ITALVA-RJ,,,,,,,,RJ,,,"339.953,18",,,,,,,,-,,,,,,,,"339.953,18",,,,,,,"4.173.677,31",,,,,,,,
ITAOCARA-RJ,,,,,,,,RJ,,,"401.762,84",,,,,,,,-,,,,,,,,"401.762,84",,,,,,,"4.932.527,64",,,,,,,,
Superintendência de Controle das Participações Governamentais,,,,,,,,,,,,,,,,,,,,,,,,,,,,,,,,,,,,,,,,,,
ITAPERUNA-RJ,,,,,,,,RJ,,,"556.287,02",,,,,,,,-,,,,,,,,"556.287,02",,,,,,,"6.829.653,74",,,,,,,,
ITATIAIA-RJ,,,,,,,,RJ,,,"432.620,29",,,,,,,,-,,,,,,,,"432.620,29",,,,,,,"5.412.395,82",,,,,,,,
JAPERI-RJ,,,,,,,,RJ,,,"1.138.920,54",,,,,,,,-,,,,,,,,"1.138.920,54",,,,,,,"13.755.661,39",,,,,,,,
LAJE DO MURIAE-RJ,,,,,,,,RJ,,,"309.048,34",,,,,,,,-,,,,,,,,"309.048,34",,,,,,,"3.794.252,03",,,,,,,,
MACAE-RJ,,,,,,,,RJ,,,"21.647.607,84",,,,,,,,"10.060.352,84",,,,,,,,"31.707.960,68",,,,,,,"406.961.370,68",,,,,,,,
MACUCO-RJ,,,,,,,,RJ,,,"309.048,34",,,,,,,,-,,,,,,,,"309.048,34",,,,,,,"3.794.252,03",,,,,,,,
MAGE-RJ,,,,,,,,RJ,,,"3.040.081,96",,,,,,,,"72.063,27",,,,,,,,"3.112.145,23",,,,,,,"39.759.201,23",,,,,,,,
MANGARATIBA-RJ,,,,,,,,RJ,,,"432.620,29",,,,,,,,"1.818.274,42",,,,,,,,"2.250.894,71",,,,,,,"24.900.096,62",,,,,,,,
MARICA-RJ,,,,,,,,RJ,,,"571.644,65",,,,,,,,-,,,,,,,,"571.644,65",,,,,,,"7.026.179,83",,,,,,,,
MENDES-RJ,,,,,,,,RJ,,,"370.858,01",,,,,,,,-,,,,,,,,"370.858,01",,,,,,,"5.681.255,33",,,,,,,,
MESQUITA-RJ,,,,,,,,RJ,,,"618.096,69",,,,,,,,-,,,,,,,,"618.096,69",,,,,,,"7.588.504,12",,,,,,,,
MIGUEL PEREIRA-RJ,,,,,,,,RJ,,,"416.343,74",,,,,,,,-,,,,,,,,"416.343,74",,,,,,,"6.344.516,13",,,,,,,,
MIRACEMA-RJ,,,,,,,,RJ,,,"417.215,27",,,,,,,,-,,,,,,,,"417.215,27",,,,,,,"5.122.240,32",,,,,,,,
NATIVIDADE-RJ,,,,,,,,RJ,,,"355.405,59",,,,,,,,-,,,,,,,,"355.405,59",,,,,,,"4.363.389,83",,,,,,,,
NILOPOLIS-RJ,,,,,,,,RJ,,,"618.096,69",,,,,,,,-,,,,,,,,"618.096,69",,,,,,,"7.588.504,12",,,,,,,,
NITEROI-RJ,,,,,,,,RJ,,,"3.560.753,64",,,,,,,,"72.063,27",,,,,,,,"3.632.816,91",,,,,,,"50.914.682,42",,,,,,,,
NOVA FRIBURGO-RJ,,,,,,,,RJ,,,"618.096,69",,,,,,,,-,,,,,,,,"618.096,69",,,,,,,"7.588.504,12",,,,,,,,
NOVA IGUACU-RJ,,,,,,,,RJ,,,"618.096,69",,,,,,,,-,,,,,,,,"618.096,69",,,,,,,"7.588.504,12",,,,,,,,
PARACAMBI-RJ,,,,,,,,RJ,,,"479.024,93",,,,,,,,-,,,,,,,,"479.024,93",,,,,,,"5.881.090,71",,,,,,,,
PARATI-RJ,,,,,,,,RJ,,,"4.987.651,75",,,,,,,,"2.010.026,25",,,,,,,,"6.997.678,00",,,,,,,"45.723.442,87",,,,,,,,
PATY DO ALFERES-RJ,,,,,,,,RJ,,,"417.215,27",,,,,,,,-,,,,,,,,"417.215,27",,,,,,,"6.347.999,88",,,,,,,,
PETROPOLIS-RJ,,,,,,,,RJ,,,"618.096,69",,,,,,,,-,,,,,,,,"618.096,69",,,,,,,"7.588.504,12",,,,,,,,
PINHEIRAL-RJ,,,,,,,,RJ,,,"401.715,45",,,,,,,,-,,,,,,,,"401.715,45",,,,,,,"5.025.782,74",,,,,,,,
PIRAI-RJ,,,,,,,,RJ,,,"999.801,39",,,,,,,,-,,,,,,,,"999.801,39",,,,,,,"12.145.096,94",,,,,,,,
PORCIUNCULA-RJ,,,,,,,,RJ,,,"370.810,62",,,,,,,,-,,,,,,,,"370.810,62",,,,,,,"4.556.509,19",,,,,,,,
PORTO REAL-RJ,,,,,,,,RJ,,,"355.358,20",,,,,,,,-,,,,,,,,"355.358,20",,,,,,,"4.445.863,11",,,,,,,,
QUATIS-RJ,,,,,,,,RJ,,,"339.905,78",,,,,,,,-,,,,,,,,"339.905,78",,,,,,,"4.252.556,60",,,,,,,,
QUEIMADOS-RJ,,,,,,,,RJ,,,"602.596,88",,,,,,,,-,,,,,,,,"602.596,88",,,,,,,"7.402.198,30",,,,,,,,
QUISSAMA-RJ,,,,,,,,RJ,,,"2.139.566,55",,,,,,,,"5.200.938,45",,,,,,,,"7.340.505,00",,,,,,,"101.086.492,98",,,,,,,,
RESENDE-RJ,,,,,,,,RJ,,,"587.144,46",,,,,,,,-,,,,,,,,"587.144,46",,,,,,,"7.345.461,22",,,,,,,,
RIO BONITO-RJ,,,,,,,,RJ,,,"494.477,34",,,,,,,,-,,,,,,,,"494.477,34",,,,,,,"6.070.803,31",,,,,,,,
RIO CLARO-RJ,,,,,,,,RJ,,,"370.858,01",,,,,,,,-,,,,,,,,"370.858,01",,,,,,,"4.639.356,85",,,,,,,,
RIO DAS FLORES-RJ,,,,,,,,RJ,,,"308.414,39",,,,,,,,-,,,,,,,,"308.414,39",,,,,,,"3.863.594,91",,,,,,,,
RIO DAS OSTRAS-RJ,,,,,,,,RJ,,,"3.123.445,36",,,,,,,,"9.143.366,09",,,,,,,,"12.266.811,45",,,,,,,"162.045.037,06",,,,,,,,
RIO DE JANEIRO-RJ,,,,,,,,RJ,,,"4.603.364,67",,,,,,,,"292.987,61",,,,,,,,"4.896.352,28",,,,,,,"66.221.628,39",,,,,,,,
SANTA MARIA MADALENA-RJ,,,,,,,,RJ,,,"324.500,76",,,,,,,,-,,,,,,,,"324.500,76",,,,,,,"3.983.964,64",,,,,,,,
SANTO ANTONIO DE PADUA-RJ,,,,,,,,RJ,,,"478.977,54",,,,,,,,-,,,,,,,,"478.977,54",,,,,,,"5.884.497,45",,,,,,,,
SAO FIDELIS-RJ,,,,,,,,RJ,,,"463.572,52",,,,,,,,-,,,,,,,,"463.572,52",,,,,,,"5.691.378,12",,,,,,,,
SAO FRANCISCO DE ITABAPOANA-RJ,,,,,,,,RJ,,,"479.024,93",,,,,,,,-,,,,,,,,"479.024,93",,,,,,,"5.881.090,71",,,,,,,,
SAO GONCALO-RJ,,,,,,,,RJ,,,"618.096,69",,,,,,,,"72.063,27",,,,,,,,"690.159,96",,,,,,,"8.625.161,55",,,,,,,,
SAO JOAO DA BARRA-RJ,,,,,,,,RJ,,,"2.494.084,73",,,,,,,,"4.571.558,85",,,,,,,,"7.065.643,58",,,,,,,"79.193.445,45",,,,,,,,
SAO JOAO DE MERITI-RJ,,,,,,,,RJ,,,"618.096,69",,,,,,,,-,,,,,,,,"618.096,69",,,,,,,"7.588.504,12",,,,,,,,
SAO JOSE DE UBA-RJ,,,,,,,,RJ,,,"309.048,34",,,,,,,,-,,,,,,,,"309.048,34",,,,,,,"3.794.252,03",,,,,,,,
SAO JOSE DO VALE DO RIO PRETO-RJ,,,,,,,,RJ,,,"386.310,43",,,,,,,,-,,,,,,,,"386.310,43",,,,,,,"4.742.815,06",,,,,,,,
SAO PEDRO DA ALDEIA-RJ,,,,,,,,RJ,,,"540.739,81",,,,,,,,-,,,,,,,,"540.739,81",,,,,,,"6.646.754,60",,,,,,,,
SAO SEBASTIAO DO ALTO-RJ,,,,,,,,RJ,,,"309.048,34",,,,,,,,-,,,,,,,,"309.048,34",,,,,,,"3.794.252,03",,,,,,,,
SAQUAREMA-RJ,,,,,,,,RJ,,,"509.882,38",,,,,,,,-,,,,,,,,"509.882,38",,,,,,,"6.263.922,68",,,,,,,,
SEROPEDICA-RJ,,,,,,,,RJ,,,"540.787,20",,,,,,,,-,,,,,,,,"540.787,20",,,,,,,"6.643.347,87",,,,,,,,
SILVA JARDIM-RJ,,,,,,,,RJ,,,"2.195.614,76",,,,,,,,-,,,,,,,,"2.195.614,76",,,,,,,"27.966.281,66",,,,,,,,
SUMIDOURO-RJ,,,,,,,,RJ,,,"355.405,59",,,,,,,,-,,,,,,,,"355.405,59",,,,,,,"4.363.389,83",,,,,,,,
TANGUA-RJ,,,,,,,,RJ,,,"432.620,29",,,,,,,,-,,,,,,,,"432.620,29",,,,,,,"5.315.359,62",,,,,,,,
TERESOPOLIS-RJ,,,,,,,,RJ,,,"618.049,29",,,,,,,,-,,,,,,,,"618.049,29",,,,,,,"7.591.910,85",,,,,,,,
TRAJANO DE MORAIS-RJ,,,,,,,,RJ,,,"309.095,73",,,,,,,,-,,,,,,,,"309.095,73",,,,,,,"3.790.845,30",,,,,,,,
VALENCA-RJ,,,,,,,,RJ,,,"525.382,18",,,,,,,,-,,,,,,,,"525.382,18",,,,,,,"6.572.422,24",,,,,,,,
VARRE-SAI-RJ,,,,,,,,RJ,,,"309.048,34",,,,,,,,-,,,,,,,,"309.048,34",,,,,,,"3.794.252,03",,,,,,,,
VASSOURAS-RJ,,,,,,,,RJ,,,"448.072,70",,,,,,,,-,,,,,,,,"448.072,70",,,,,,,"6.821.250,61",,,,,,,,
VOLTA REDONDA-RJ,,,,,,,,RJ,,,"1.200.730,21",,,,,,,,-,,,,,,,,"1.200.730,21",,,,,,,"14.658.269,13",,,,,,,,
Superintendência de Controle das Participações Governamentais,,,,,,,,,,,,,,,,,,,,,,,,,,,,,,,,,,,,,,,,,,
RIO DE JANEIRO  TOTAL,,,,,,,,,,,"108.483.360,76",,,,,,,,"86.499.250,19",,,,,,,,"194.982.610,95",,,,,,,"2.477.092.122,38",,,,,,,,
ACARI-RN,,,,,,,,RN,,,"4.718,47",,,,,,,,-,,,,,,,,"4.718,47",,,,,,,"57.862,52",,,,,,,,
ACU-RN,,,,,,,,RN,,,"220.197,86",,,,,,,,"100.905,49",,,,,,,,"321.103,35",,,,,,,"4.004.788,37",,,,,,,,
AFONSO BEZERRA-RN,,,,,,,,RN,,,"5.080,25",,,,,,,,"271,33",,,,,,,,"5.351,58",,,,,,,"63.469,53",,,,,,,,
AGUA NOVA-RN,,,,,,,,RN,,,"4.493,78",,,,,,,,-,,,,,,,,"4.493,78",,,,,,,"55.107,15",,,,,,,,
ALEXANDRIA-RN,,,,,,,,RN,,,"4.943,16",,,,,,,,-,,,,,,,,"4.943,16",,,,,,,"60.617,89",,,,,,,,
ALMINO AFONSO-RN,,,,,,,,RN,,,"4.493,78",,,,,,,,-,,,,,,,,"4.493,78",,,,,,,"55.107,15",,,,,,,,
ALTO DO RODRIGUES-RN,,,,,,,,RN,,,"222.869,61",,,,,,,,"90.104,03",,,,,,,,"312.973,64",,,,,,,"4.434.026,45",,,,,,,,
ANTONIO MARTINS-RN,,,,,,,,RN,,,"4.493,78",,,,,,,,-,,,,,,,,"4.493,78",,,,,,,"55.107,15",,,,,,,,
APODI-RN,,,,,,,,RN,,,"226.385,61",,,,,,,,"126.067,95",,,,,,,,"352.453,56",,,,,,,"4.755.153,88",,,,,,,,
AREIA BRANCA-RN,,,,,,,,RN,,,"431.603,07",,,,,,,,"323.219,82",,,,,,,,"754.822,89",,,,,,,"11.255.294,54",,,,,,,,
AUGUSTO SEVERO-RN,,,,,,,,RN,,,"4.493,78",,,,,,,,-,,,,,,,,"4.493,78",,,,,,,"55.107,15",,,,,,,,
BARAUNA-RN,,,,,,,,RN,,,"5.844,26",,,,,,,,-,,,,,,,,"5.844,26",,,,,,,"357.715,14",,,,,,,,
CAICO-RN,,,,,,,,RN,,,"7.414,74",,,,,,,,-,,,,,,,,"7.414,74",,,,,,,"90.926,85",,,,,,,,
CARAUBAS-RN,,,,,,,,RN,,,"185.195,12",,,,,,,,"92.806,40",,,,,,,,"278.001,52",,,,,,,"3.541.208,90",,,,,,,,
CARNAUBA DOS DANTAS-RN,,,,,,,,RN,,,"4.493,78",,,,,,,,-,,,,,,,,"4.493,78",,,,,,,"55.107,15",,,,,,,,
CARNAUBAIS-RN,,,,,,,,RN,,,"115.519,17",,,,,,,,"20.644,11",,,,,,,,"136.163,28",,,,,,,"1.583.916,17",,,,,,,,
CERRO CORA-RN,,,,,,,,RN,,,"4.718,47",,,,,,,,-,,,,,,,,"4.718,47",,,,,,,"57.862,52",,,,,,,,
CORONEL JOAO PESSOA-RN,,,,,,,,RN,,,"4.493,78",,,,,,,,-,,,,,,,,"4.493,78",,,,,,,"55.107,15",,,,,,,,
CRUZETA-RN,,,,,,,,RN,,,"4.493,78",,,,,,,,-,,,,,,,,"4.493,78",,,,,,,"55.107,15",,,,,,,,
CURRAIS NOVOS-RN,,,,,,,,RN,,,"6.965,36",,,,,,,,-,,,,,,,,"6.965,36",,,,,,,"85.416,14",,,,,,,,
DOUTOR SEVERIANO-RN,,,,,,,,RN,,,"4.493,78",,,,,,,,-,,,,,,,,"4.493,78",,,,,,,"55.107,15",,,,,,,,
ENCANTO-RN,,,,,,,,RN,,,"4.493,78",,,,,,,,-,,,,,,,,"4.493,78",,,,,,,"55.107,15",,,,,,,,
EQUADOR-RN,,,,,,,,RN,,,"4.493,78",,,,,,,,-,,,,,,,,"4.493,78",,,,,,,"55.107,15",,,,,,,,
FELIPE GUERRA-RN,,,,,,,,RN,,,"128.091,38",,,,,,,,"43.373,30",,,,,,,,"171.464,68",,,,,,,"2.520.892,30",,,,,,,,
FLORANIA-RN,,,,,,,,RN,,,"4.493,78",,,,,,,,-,,,,,,,,"4.493,78",,,,,,,"55.107,15",,,,,,,,
FRANCISCO DANTAS-RN,,,,,,,,RN,,,"4.493,78",,,,,,,,-,,,,,,,,"4.493,78",,,,,,,"55.107,15",,,,,,,,
FRUTUOSO GOMES-RN,,,,,,,,RN,,,"4.493,78",,,,,,,,-,,,,,,,,"4.493,78",,,,,,,"55.107,15",,,,,,,,
GALINHOS-RN,,,,,,,,RN,,,"4.496,12",,,,,,,,"110.424,90",,,,,,,,"114.921,02",,,,,,,"1.605.701,63",,,,,,,,
GOIANINHA-RN,,,,,,,,RN,,,"627.476,16",,,,,,,,-,,,,,,,,"627.476,16",,,,,,,"7.498.888,96",,,,,,,,
GOVERNADOR DIX-SEPT ROSADO-RN,,,,,,,,RN,,,"189.216,59",,,,,,,,"98.819,56",,,,,,,,"288.036,15",,,,,,,"3.547.252,97",,,,,,,,
GROSSOS-RN,,,,,,,,RN,,,"67.791,95",,,,,,,,"77.347,04",,,,,,,,"145.138,99",,,,,,,"1.769.663,93",,,,,,,,
GUAMARE-RN,,,,,,,,RN,,,"1.187.733,18",,,,,,,,"729.452,74",,,,,,,,"1.917.185,92",,,,,,,"23.397.768,23",,,,,,,,
IELMO MARINHO-RN,,,,,,,,RN,,,"627.476,16",,,,,,,,-,,,,,,,,"627.476,16",,,,,,,"7.498.888,96",,,,,,,,
IPANGUACU-RN,,,,,,,,RN,,,"4.943,16",,,,,,,,-,,,,,,,,"4.943,16",,,,,,,"60.617,89",,,,,,,,
IPUEIRA-RN,,,,,,,,RN,,,"4.493,78",,,,,,,,-,,,,,,,,"4.493,78",,,,,,,"55.107,15",,,,,,,,
ITAJA-RN,,,,,,,,RN,,,"4.493,78",,,,,,,,-,,,,,,,,"4.493,78",,,,,,,"55.107,15",,,,,,,,
ITAU-RN,,,,,,,,RN,,,"4.493,78",,,,,,,,-,,,,,,,,"4.493,78",,,,,,,"55.107,15",,,,,,,,
JANDAIRA-RN,,,,,,,,RN,,,"4.493,78",,,,,,,,-,,,,,,,,"4.493,78",,,,,,,"55.107,15",,,,,,,,
JANDUIS-RN,,,,,,,,RN,,,"4.493,78",,,,,,,,-,,,,,,,,"4.493,78",,,,,,,"55.107,15",,,,,,,,
JARDIM DE PIRANHAS-RN,,,,,,,,RN,,,"4.943,16",,,,,,,,-,,,,,,,,"4.943,16",,,,,,,"60.617,89",,,,,,,,
JARDIM DO SERIDO-RN,,,,,,,,RN,,,"4.943,16",,,,,,,,-,,,,,,,,"4.943,16",,,,,,,"60.617,89",,,,,,,,
JOAO DIAS-RN,,,,,,,,RN,,,"4.493,78",,,,,,,,-,,,,,,,,"4.493,78",,,,,,,"55.107,15",,,,,,,,
JOSE DA PENHA-RN,,,,,,,,RN,,,"4.493,78",,,,,,,,-,,,,,,,,"4.493,78",,,,,,,"55.107,15",,,,,,,,
JUCURUTU-RN,,,,,,,,RN,,,"5.392,54",,,,,,,,-,,,,,,,,"5.392,54",,,,,,,"66.128,61",,,,,,,,
LAGOA NOVA-RN,,,,,,,,RN,,,"4.943,16",,,,,,,,-,,,,,,,,"4.943,16",,,,,,,"60.617,89",,,,,,,,
LUCRECIA-RN,,,,,,,,RN,,,"4.493,78",,,,,,,,-,,,,,,,,"4.493,78",,,,,,,"55.107,15",,,,,,,,
LUIS GOMES-RN,,,,,,,,RN,,,"4.493,78",,,,,,,,-,,,,,,,,"4.493,78",,,,,,,"55.107,15",,,,,,,,
MACAIBA-RN,,,,,,,,RN,,,"627.476,16",,,,,,,,-,,,,,,,,"627.476,16",,,,,,,"7.498.888,96",,,,,,,,
MACAU-RN,,,,,,,,RN,,,"1.423.383,49",,,,,,,,"549.050,68",,,,,,,,"1.972.434,17",,,,,,,"23.654.953,88",,,,,,,,
MAJOR SALES-RN,,,,,,,,RN,,,"4.493,78",,,,,,,,-,,,,,,,,"4.493,78",,,,,,,"55.107,15",,,,,,,,
MARCELINO VIEIRA-RN,,,,,,,,RN,,,"4.493,78",,,,,,,,-,,,,,,,,"4.493,78",,,,,,,"55.107,15",,,,,,,,
MARTINS-RN,,,,,,,,RN,,,"4.493,78",,,,,,,,-,,,,,,,,"4.493,78",,,,,,,"55.107,15",,,,,,,,
MESSIAS TARGINO-RN,,,,,,,,RN,,,"4.493,78",,,,,,,,-,,,,,,,,"4.493,78",,,,,,,"55.107,15",,,,,,,,
MOSSORO-RN,,,,,,,,RN,,,"1.156.291,04",,,,,,,,"928.726,35",,,,,,,,"2.085.017,39",,,,,,,"26.382.449,45",,,,,,,,
OLHO D'AGUA DO BORGES-RN,,,,,,,,RN,,,"4.493,78",,,,,,,,-,,,,,,,,"4.493,78",,,,,,,"55.107,15",,,,,,,,
Superintendência de Controle das Participações Governamentais,,,,,,,,,,,,,,,,,,,,,,,,,,,,,,,,,,,,,,,,,,
OURO BRANCO-RN,,,,,,,,RN,,,"4.493,78",,,,,,,,-,,,,,,,,"4.493,78",,,,,,,"55.107,15",,,,,,,,
PARANA-RN,,,,,,,,RN,,,"4.493,78",,,,,,,,-,,,,,,,,"4.493,78",,,,,,,"55.107,15",,,,,,,,
PARAU-RN,,,,,,,,RN,,,"4.493,78",,,,,,,,-,,,,,,,,"4.493,78",,,,,,,"55.107,15",,,,,,,,
PARELHAS-RN,,,,,,,,RN,,,"5.617,23",,,,,,,,-,,,,,,,,"5.617,23",,,,,,,"68.883,99",,,,,,,,
PATU-RN,,,,,,,,RN,,,"4.718,47",,,,,,,,-,,,,,,,,"4.718,47",,,,,,,"57.862,52",,,,,,,,
PAU DOS FERROS-RN,,,,,,,,RN,,,"6.066,60",,,,,,,,-,,,,,,,,"6.066,60",,,,,,,"74.394,68",,,,,,,,
PEDRO AVELINO-RN,,,,,,,,RN,,,"4.545,37",,,,,,,,"23,98",,,,,,,,"4.569,35",,,,,,,"55.878,19",,,,,,,,
PENDENCIAS-RN,,,,,,,,RN,,,"195.848,93",,,,,,,,"96.040,00",,,,,,,,"291.888,93",,,,,,,"3.919.533,12",,,,,,,,
PILOES-RN,,,,,,,,RN,,,"4.493,78",,,,,,,,-,,,,,,,,"4.493,78",,,,,,,"55.107,15",,,,,,,,
PORTALEGRE-RN,,,,,,,,RN,,,"4.493,78",,,,,,,,-,,,,,,,,"4.493,78",,,,,,,"55.107,15",,,,,,,,
PORTO DO MANGUE-RN,,,,,,,,RN,,,"136.014,83",,,,,,,,"195.507,28",,,,,,,,"331.522,11",,,,,,,"4.077.490,72",,,,,,,,
RAFAEL FERNANDES-RN,,,,,,,,RN,,,"4.493,78",,,,,,,,-,,,,,,,,"4.493,78",,,,,,,"55.107,15",,,,,,,,
RAFAEL GODEIRO-RN,,,,,,,,RN,,,"4.493,78",,,,,,,,-,,,,,,,,"4.493,78",,,,,,,"55.107,15",,,,,,,,
RIACHO DA CRUZ-RN,,,,,,,,RN,,,"4.493,78",,,,,,,,-,,,,,,,,"4.493,78",,,,,,,"55.107,15",,,,,,,,
RIACHO DE SANTANA-RN,,,,,,,,RN,,,"4.493,78",,,,,,,,-,,,,,,,,"4.493,78",,,,,,,"55.107,15",,,,,,,,
RODOLFO FERNANDES-RN,,,,,,,,RN,,,"4.493,78",,,,,,,,-,,,,,,,,"4.493,78",,,,,,,"55.107,15",,,,,,,,
SANTANA DO SERIDO-RN,,,,,,,,RN,,,"4.493,78",,,,,,,,-,,,,,,,,"4.493,78",,,,,,,"55.107,15",,,,,,,,
SAO FERNANDO-RN,,,,,,,,RN,,,"4.493,78",,,,,,,,-,,,,,,,,"4.493,78",,,,,,,"55.107,15",,,,,,,,
SAO FRANCISCO DO OESTE-RN,,,,,,,,RN,,,"4.493,78",,,,,,,,-,,,,,,,,"4.493,78",,,,,,,"55.107,15",,,,,,,,
SAO GONCALO DO AMARANTE-RN,,,,,,,,RN,,,"1.110.740,60",,,,,,,,-,,,,,,,,"1.110.740,60",,,,,,,"9.826.120,09",,,,,,,,
SAO JOAO DO SABUGI-RN,,,,,,,,RN,,,"4.493,78",,,,,,,,-,,,,,,,,"4.493,78",,,,,,,"55.107,15",,,,,,,,
SAO JOSE DE MIPIBU-RN,,,,,,,,RN,,,-,,,,,,,,-,,,,,,,,-,,,,,,,"87.268,32",,,,,,,,
SAO JOSE DO SERIDO-RN,,,,,,,,RN,,,"4.493,78",,,,,,,,-,,,,,,,,"4.493,78",,,,,,,"55.107,15",,,,,,,,
SAO MIGUEL-RN,,,,,,,,RN,,,"5.841,92",,,,,,,,-,,,,,,,,"5.841,92",,,,,,,"71.639,31",,,,,,,,
SAO RAFAEL-RN,,,,,,,,RN,,,"4.493,78",,,,,,,,-,,,,,,,,"4.493,78",,,,,,,"55.107,15",,,,,,,,
SAO VICENTE-RN,,,,,,,,RN,,,"4.493,78",,,,,,,,-,,,,,,,,"4.493,78",,,,,,,"55.107,15",,,,,,,,
SERRA DO MEL-RN,,,,,,,,RN,,,"687.494,40",,,,,,,,"26.957,34",,,,,,,,"714.451,74",,,,,,,"4.381.781,04",,,,,,,,
SERRA NEGRA DO NORTE-RN,,,,,,,,RN,,,"4.493,78",,,,,,,,-,,,,,,,,"4.493,78",,,,,,,"55.107,15",,,,,,,,
SERRINHA DOS PINTOS-RN,,,,,,,,RN,,,"4.493,78",,,,,,,,-,,,,,,,,"4.493,78",,,,,,,"55.107,15",,,,,,,,
SEVERIANO MELO-RN,,,,,,,,RN,,,"4.493,78",,,,,,,,-,,,,,,,,"4.493,78",,,,,,,"55.107,15",,,,,,,,
TABOLEIRO GRANDE-RN,,,,,,,,RN,,,"4.493,78",,,,,,,,-,,,,,,,,"4.493,78",,,,,,,"55.107,15",,,,,,,,
TENENTE ANANIAS-RN,,,,,,,,RN,,,"4.493,78",,,,,,,,-,,,,,,,,"4.493,78",,,,,,,"55.107,15",,,,,,,,
TENENTE LAURENTINO CRUZ-RN,,,,,,,,RN,,,"4.493,78",,,,,,,,-,,,,,,,,"4.493,78",,,,,,,"55.107,15",,,,,,,,
TIBAU-RN,,,,,,,,RN,,,"67.791,95",,,,,,,,"27.540,60",,,,,,,,"95.332,55",,,,,,,"1.121.461,01",,,,,,,,
TIMBAUBA DOS BATISTAS-RN,,,,,,,,RN,,,"4.493,78",,,,,,,,-,,,,,,,,"4.493,78",,,,,,,"55.107,15",,,,,,,,
TRIUNFO POTIGUAR-RN,,,,,,,,RN,,,"4.493,78",,,,,,,,-,,,,,,,,"4.493,78",,,,,,,"55.107,15",,,,,,,,
UMARIZAL-RN,,,,,,,,RN,,,"4.718,47",,,,,,,,-,,,,,,,,"4.718,47",,,,,,,"57.862,52",,,,,,,,
UPANEMA-RN,,,,,,,,RN,,,"124.368,14",,,,,,,,"80.857,72",,,,,,,,"205.225,86",,,,,,,"2.820.884,08",,,,,,,,
VENHA-VER-RN,,,,,,,,RN,,,"4.493,78",,,,,,,,-,,,,,,,,"4.493,78",,,,,,,"55.107,15",,,,,,,,
VICOSA-RN,,,,,,,,RN,,,"4.493,78",,,,,,,,-,,,,,,,,"4.493,78",,,,,,,"55.107,15",,,,,,,,
RIO GRANDE DO NORTE  TOTAL,,,,,,,,,,,"10.102.483,59",,,,,,,,"3.718.140,62",,,,,,,,"13.820.624,21",,,,,,,"165.629.054,03",,,,,,,,
CANOAS-RS,,,,,,,,RS,,,"582.633,52",,,,,,,,-,,,,,,,,"582.633,52",,,,,,,"6.975.825,03",,,,,,,,
CIDREIRA-RS,,,,,,,,RS,,,-,,,,,,,,"303.052,85",,,,,,,,"303.052,85",,,,,,,"2.510.869,51",,,,,,,,
IMBE-RS,,,,,,,,RS,,,"627.475,11",,,,,,,,"303.052,85",,,,,,,,"930.527,96",,,,,,,"10.942.746,56",,,,,,,,
OSORIO-RS,,,,,,,,RS,,,"627.476,16",,,,,,,,-,,,,,,,,"627.476,16",,,,,,,"7.498.888,96",,,,,,,,
SAO FRANCISCO DE PAULA-RS,,,,,,,,RS,,,"44.842,64",,,,,,,,-,,,,,,,,"44.842,64",,,,,,,"571.385,94",,,,,,,,
TRAMANDAI-RS,,,,,,,,RS,,,"1.042.607,70",,,,,,,,"404.070,46",,,,,,,,"1.446.678,16",,,,,,,"15.243.085,89",,,,,,,,
RIO GRANDE DO SUL  TOTAL,,,,,,,,,,,"2.925.035,13",,,,,,,,"1.010.176,16",,,,,,,,"3.935.211,29",,,,,,,"43.742.801,89",,,,,,,,
ARAQUARI-SC,,,,,,,,SC,,,-,,,,,,,,"171.364,47",,,,,,,,"171.364,47",,,,,,,"2.076.910,33",,,,,,,,
BALNEARIO BARRA DO SUL-SC,,,,,,,,SC,,,-,,,,,,,,"171.364,47",,,,,,,,"171.364,47",,,,,,,"2.076.910,33",,,,,,,,
GARUVA-SC,,,,,,,,SC,,,-,,,,,,,,"171.364,47",,,,,,,,"171.364,47",,,,,,,"2.076.910,33",,,,,,,,
GASPAR-SC,,,,,,,,SC,,,-,,,,,,,,-,,,,,,,,-,,,,,,,"53.387,05",,,,,,,,
ITAPOA-SC,,,,,,,,SC,,,-,,,,,,,,"171.364,47",,,,,,,,"171.364,47",,,,,,,"2.076.910,33",,,,,,,,
JOINVILLE-SC,,,,,,,,SC,,,-,,,,,,,,"171.364,47",,,,,,,,"171.364,47",,,,,,,"2.076.910,33",,,,,,,,
SAO FRANCISCO DO SUL-SC,,,,,,,,SC,,,"1.042.607,70",,,,,,,,"571.214,89",,,,,,,,"1.613.822,59",,,,,,,"18.822.015,43",,,,,,,,
SANTA CATARINA  TOTAL,,,,,,,,,,,"1.042.607,70",,,,,,,,"1.428.037,24",,,,,,,,"2.470.644,94",,,,,,,"29.259.954,13",,,,,,,,
Superintendência de Controle das Participações Governamentais,,,,,,,,,,,,,,,,,,,,,,,,,,,,,,,,,,,,,,,,,,
AMPARO DE SAO FRANCISCO-SE,,,,,,,,SE,,,"7.393,82",,,,,,,,-,,,,,,,,"7.393,82",,,,,,,"84.728,47",,,,,,,,
AQUIDABA-SE,,,,,,,,SE,,,"9.242,28",,,,,,,,-,,,,,,,,"9.242,28",,,,,,,"105.910,64",,,,,,,,
ARACAJU-SE,,,,,,,,SE,,,"1.327.250,27",,,,,,,,"667.883,32",,,,,,,,"1.995.133,59",,,,,,,"23.654.680,34",,,,,,,,
ARAUA-SE,,,,,,,,SE,,,"7.763,52",,,,,,,,-,,,,,,,,"7.763,52",,,,,,,"88.959,30",,,,,,,,
AREIA BRANCA-SE,,,,,,,,SE,,,"10.505,44",,,,,,,,"1.053,19",,,,,,,,"11.558,63",,,,,,,"140.627,24",,,,,,,,
BARRA DOS COQUEIROS-SE,,,,,,,,SE,,,"133.445,90",,,,,,,,"201.937,08",,,,,,,,"335.382,98",,,,,,,"3.985.631,53",,,,,,,,
BOQUIM-SE,,,,,,,,SE,,,"9.981,66",,,,,,,,-,,,,,,,,"9.981,66",,,,,,,"114.383,49",,,,,,,,
BREJO GRANDE-SE,,,,,,,,SE,,,"83.679,04",,,,,,,,"6.963,33",,,,,,,,"90.642,37",,,,,,,"1.131.502,94",,,,,,,,
CAMPO DO BRITO-SE,,,,,,,,SE,,,"8.872,59",,,,,,,,-,,,,,,,,"8.872,59",,,,,,,"101.668,58",,,,,,,,
CANHOBA-SE,,,,,,,,SE,,,"7.393,82",,,,,,,,-,,,,,,,,"7.393,82",,,,,,,"84.728,47",,,,,,,,
CANINDE DE SAO FRANCISCO-SE,,,,,,,,SE,,,"9.611,97",,,,,,,,-,,,,,,,,"9.611,97",,,,,,,"110.135,79",,,,,,,,
CAPELA-SE,,,,,,,,SE,,,"641.299,04",,,,,,,,"2.477,58",,,,,,,,"643.776,62",,,,,,,"7.693.756,94",,,,,,,,
CARIRA-SE,,,,,,,,SE,,,"9.242,28",,,,,,,,-,,,,,,,,"9.242,28",,,,,,,"105.905,01",,,,,,,,
CARMOPOLIS-SE,,,,,,,,SE,,,"1.519.994,59",,,,,,,,"497.790,05",,,,,,,,"2.017.784,64",,,,,,,"25.515.290,11",,,,,,,,
CEDRO DE SAO JOAO-SE,,,,,,,,SE,,,"7.393,82",,,,,,,,-,,,,,,,,"7.393,82",,,,,,,"84.728,47",,,,,,,,
CRISTINAPOLIS-SE,,,,,,,,SE,,,"8.502,90",,,,,,,,-,,,,,,,,"8.502,90",,,,,,,"97.437,77",,,,,,,,
CUMBE-SE,,,,,,,,SE,,,"7.393,82",,,,,,,,-,,,,,,,,"7.393,82",,,,,,,"84.728,47",,,,,,,,
DIVINA PASTORA-SE,,,,,,,,SE,,,"248.202,18",,,,,,,,"143.831,80",,,,,,,,"392.033,98",,,,,,,"5.380.317,16",,,,,,,,
ESTANCIA-SE,,,,,,,,SE,,,"176.092,57",,,,,,,,"307.353,65",,,,,,,,"483.446,22",,,,,,,"11.171.467,46",,,,,,,,
FEIRA NOVA-SE,,,,,,,,SE,,,"7.393,82",,,,,,,,-,,,,,,,,"7.393,82",,,,,,,"84.728,47",,,,,,,,
FREI PAULO-SE,,,,,,,,SE,,,"8.133,20",,,,,,,,-,,,,,,,,"8.133,20",,,,,,,"93.195,72",,,,,,,,
GARARU-SE,,,,,,,,SE,,,"7.763,52",,,,,,,,-,,,,,,,,"7.763,52",,,,,,,"88.964,91",,,,,,,,
GENERAL MAYNARD-SE,,,,,,,,SE,,,"9.328,47",,,,,,,,"1.453,20",,,,,,,,"10.781,67",,,,,,,"137.435,05",,,,,,,,
GRACHO CARDOSO-SE,,,,,,,,SE,,,"7.393,82",,,,,,,,-,,,,,,,,"7.393,82",,,,,,,"84.728,47",,,,,,,,
ILHA DAS FLORES-SE,,,,,,,,SE,,,"7.393,82",,,,,,,,-,,,,,,,,"7.393,82",,,,,,,"84.728,47",,,,,,,,
INDIAROBA-SE,,,,,,,,SE,,,"8.877,74",,,,,,,,-,,,,,,,,"8.877,74",,,,,,,"6.245.249,93",,,,,,,,
ITABAIANA-SE,,,,,,,,SE,,,"13.308,89",,,,,,,,-,,,,,,,,"13.308,89",,,,,,,"152.505,71",,,,,,,,
ITABAIANINHA-SE,,,,,,,,SE,,,"11.090,73",,,,,,,,-,,,,,,,,"11.090,73",,,,,,,"127.087,15",,,,,,,,
ITABI-SE,,,,,,,,SE,,,"7.393,82",,,,,,,,-,,,,,,,,"7.393,82",,,,,,,"84.728,47",,,,,,,,
ITAPORANGA D'AJUDA-SE,,,,,,,,SE,,,"150.105,26",,,,,,,,"345.431,38",,,,,,,,"495.536,64",,,,,,,"11.573.313,25",,,,,,,,
JAPARATUBA-SE,,,,,,,,SE,,,"481.757,87",,,,,,,,"338.632,80",,,,,,,,"820.390,67",,,,,,,"11.533.865,31",,,,,,,,
JAPOATA-SE,,,,,,,,SE,,,"8.133,20",,,,,,,,-,,,,,,,,"8.133,20",,,,,,,"93.201,35",,,,,,,,
LAGARTO-SE,,,,,,,,SE,,,"13.308,89",,,,,,,,-,,,,,,,,"13.308,89",,,,,,,"152.511,32",,,,,,,,
LARANJEIRAS-SE,,,,,,,,SE,,,"9.614,31",,,,,,,,-,,,,,,,,"9.614,31",,,,,,,"211.441,37",,,,,,,,
MACAMBIRA-SE,,,,,,,,SE,,,"7.393,82",,,,,,,,-,,,,,,,,"7.393,82",,,,,,,"84.728,47",,,,,,,,
MALHADA DOS BOIS-SE,,,,,,,,SE,,,"7.393,82",,,,,,,,-,,,,,,,,"7.393,82",,,,,,,"84.728,47",,,,,,,,
MALHADOR-SE,,,,,,,,SE,,,"7.763,52",,,,,,,,-,,,,,,,,"7.763,52",,,,,,,"88.964,91",,,,,,,,
MARUIM-SE,,,,,,,,SE,,,"100.284,50",,,,,,,,"22.470,05",,,,,,,,"122.754,55",,,,,,,"1.612.658,43",,,,,,,,
MOITA BONITA-SE,,,,,,,,SE,,,"7.763,52",,,,,,,,-,,,,,,,,"7.763,52",,,,,,,"88.964,91",,,,,,,,
MONTE ALEGRE DE SERGIPE-SE,,,,,,,,SE,,,"8.133,20",,,,,,,,-,,,,,,,,"8.133,20",,,,,,,"93.195,72",,,,,,,,
MURIBECA-SE,,,,,,,,SE,,,"7.393,82",,,,,,,,-,,,,,,,,"7.393,82",,,,,,,"84.728,47",,,,,,,,
NEOPOLIS-SE,,,,,,,,SE,,,"9.242,28",,,,,,,,-,,,,,,,,"9.242,28",,,,,,,"105.910,64",,,,,,,,
NOSSA SENHORA APARECIDA-SE,,,,,,,,SE,,,"7.393,82",,,,,,,,-,,,,,,,,"7.393,82",,,,,,,"84.728,47",,,,,,,,
NOSSA SENHORA DA GLORIA-SE,,,,,,,,SE,,,"10.351,36",,,,,,,,-,,,,,,,,"10.351,36",,,,,,,"118.614,31",,,,,,,,
NOSSA SENHORA DAS DORES-SE,,,,,,,,SE,,,"9.611,97",,,,,,,,-,,,,,,,,"9.611,97",,,,,,,"110.147,03",,,,,,,,
NOSSA SENHORA DE LOURDES-SE,,,,,,,,SE,,,"7.393,82",,,,,,,,-,,,,,,,,"7.393,82",,,,,,,"84.728,47",,,,,,,,
NOSSA SENHORA DO SOCORRO-SE,,,,,,,,SE,,,"597.421,17",,,,,,,,-,,,,,,,,"597.421,17",,,,,,,"7.088.209,57",,,,,,,,
PACATUBA-SE,,,,,,,,SE,,,"120.052,48",,,,,,,,"8.697,07",,,,,,,,"128.749,55",,,,,,,"1.466.372,78",,,,,,,,
PEDRA MOLE-SE,,,,,,,,SE,,,"7.393,82",,,,,,,,-,,,,,,,,"7.393,82",,,,,,,"84.728,47",,,,,,,,
PEDRINHAS-SE,,,,,,,,SE,,,"7.393,82",,,,,,,,-,,,,,,,,"7.393,82",,,,,,,"84.728,47",,,,,,,,
PINHAO-SE,,,,,,,,SE,,,"7.393,82",,,,,,,,-,,,,,,,,"7.393,82",,,,,,,"84.728,47",,,,,,,,
PIRAMBU-SE,,,,,,,,SE,,,"183.170,07",,,,,,,,"7.026,23",,,,,,,,"190.196,30",,,,,,,"2.420.161,19",,,,,,,,
POCO REDONDO-SE,,,,,,,,SE,,,"10.351,36",,,,,,,,-,,,,,,,,"10.351,36",,,,,,,"118.614,31",,,,,,,,
POCO VERDE-SE,,,,,,,,SE,,,"9.611,97",,,,,,,,-,,,,,,,,"9.611,97",,,,,,,"110.141,42",,,,,,,,
PORTO DA FOLHA-SE,,,,,,,,SE,,,"9.981,66",,,,,,,,-,,,,,,,,"9.981,66",,,,,,,"114.383,49",,,,,,,,
PROPRIA-SE,,,,,,,,SE,,,"9.981,66",,,,,,,,-,,,,,,,,"9.981,66",,,,,,,"114.383,49",,,,,,,,
RIACHAO DO DANTAS-SE,,,,,,,,SE,,,"9.242,28",,,,,,,,-,,,,,,,,"9.242,28",,,,,,,"105.910,64",,,,,,,,
Superintendência de Controle das Participações Governamentais,,,,,,,,,,,,,,,,,,,,,,,,,,,,,,,,,,,,,,,,,,
RIACHUELO-SE,,,,,,,,SE,,,"36.756,76",,,,,,,,"18.939,10",,,,,,,,"55.695,86",,,,,,,"800.117,58",,,,,,,,
RIBEIROPOLIS-SE,,,,,,,,SE,,,"8.502,90",,,,,,,,-,,,,,,,,"8.502,90",,,,,,,"97.437,77",,,,,,,,
ROSARIO DO CATETE-SE,,,,,,,,SE,,,"736.927,06",,,,,,,,"69.797,25",,,,,,,,"806.724,31",,,,,,,"10.083.758,49",,,,,,,,
SALGADO-SE,,,,,,,,SE,,,"9.242,28",,,,,,,,-,,,,,,,,"9.242,28",,,,,,,"105.910,64",,,,,,,,
SANTA LUZIA DO ITANHY-SE,,,,,,,,SE,,,"8.138,36",,,,,,,,-,,,,,,,,"8.138,36",,,,,,,"6.236.788,31",,,,,,,,
SANTA ROSA DE LIMA-SE,,,,,,,,SE,,,"7.393,82",,,,,,,,-,,,,,,,,"7.393,82",,,,,,,"84.728,47",,,,,,,,
SANTANA DO SAO FRANCISCO-SE,,,,,,,,SE,,,"7.393,82",,,,,,,,-,,,,,,,,"7.393,82",,,,,,,"84.728,47",,,,,,,,
SANTO AMARO DAS BROTAS-SE,,,,,,,,SE,,,"668.461,62",,,,,,,,"7.120,93",,,,,,,,"675.582,55",,,,,,,"8.128.185,79",,,,,,,,
SAO CRISTOVAO-SE,,,,,,,,SE,,,"84.883,34",,,,,,,,"2.365,08",,,,,,,,"87.248,42",,,,,,,"1.081.908,02",,,,,,,,
SAO DOMINGOS-SE,,,,,,,,SE,,,"7.763,52",,,,,,,,-,,,,,,,,"7.763,52",,,,,,,"88.959,30",,,,,,,,
SAO FRANCISCO-SE,,,,,,,,SE,,,"7.393,82",,,,,,,,-,,,,,,,,"7.393,82",,,,,,,"84.728,47",,,,,,,,
SAO MIGUEL DO ALEIXO-SE,,,,,,,,SE,,,"7.393,82",,,,,,,,-,,,,,,,,"7.393,82",,,,,,,"84.728,47",,,,,,,,
SIMAO DIAS-SE,,,,,,,,SE,,,"11.090,73",,,,,,,,-,,,,,,,,"11.090,73",,,,,,,"127.092,76",,,,,,,,
SIRIRI-SE,,,,,,,,SE,,,"172.480,71",,,,,,,,"67.458,31",,,,,,,,"239.939,02",,,,,,,"3.538.634,06",,,,,,,,
TELHA-SE,,,,,,,,SE,,,"7.393,82",,,,,,,,-,,,,,,,,"7.393,82",,,,,,,"84.728,47",,,,,,,,
TOBIAS BARRETO-SE,,,,,,,,SE,,,"11.460,43",,,,,,,,-,,,,,,,,"11.460,43",,,,,,,"131.329,17",,,,,,,,
TOMAR DO GERU-SE,,,,,,,,SE,,,"8.133,20",,,,,,,,-,,,,,,,,"8.133,20",,,,,,,"93.201,35",,,,,,,,
UMBAUBA-SE,,,,,,,,SE,,,"9.611,97",,,,,,,,-,,,,,,,,"9.611,97",,,,,,,"110.141,42",,,,,,,,
SERGIPE  TOTAL,,,,,,,,,,,"7.956.794,41",,,,,,,,"2.718.681,40",,,,,,,,"10.675.475,81",,,,,,,"155.965.840,74",,,,,,,,
ARUJA-SP,,,,,,,,SP,,,"201,18",,,,,,,,-,,,,,,,,"201,18",,,,,,,"14.925,14",,,,,,,,
BARRA DO TURVO-SP,,,,,,,,SP,,,"114,96",,,,,,,,-,,,,,,,,"114,96",,,,,,,"8.528,61",,,,,,,,
BARUERI-SP,,,,,,,,SP,,,"229,92",,,,,,,,-,,,,,,,,"229,92",,,,,,,"17.057,30",,,,,,,,
BERTIOGA-SP,,,,,,,,SP,,,"7.391,98",,,,,,,,"1.242.847,65",,,,,,,,"1.250.239,63",,,,,,,"23.119.834,53",,,,,,,,
BILAC-SP,,,,,,,,SP,,,-,,,,,,,,-,,,,,,,,-,,,,,,,"134.513,59",,,,,,,,
BIRITIBA-MIRIM-SP,,,,,,,,SP,,,"155,19",,,,,,,,-,,,,,,,,"155,19",,,,,,,"11.513,64",,,,,,,,
CAIEIRAS-SP,,,,,,,,SP,,,"206,92",,,,,,,,-,,,,,,,,"206,92",,,,,,,"15.351,54",,,,,,,,
CAJAMAR-SP,,,,,,,,SP,,,"189,68",,,,,,,,-,,,,,,,,"189,68",,,,,,,"14.072,27",,,,,,,,
CAJATI-SP,,,,,,,,SP,,,"160,94",,,,,,,,-,,,,,,,,"160,94",,,,,,,"11.940,09",,,,,,,,
CANANEIA-SP,,,,,,,,SP,,,"5.420,78",,,,,,,,"9.496,80",,,,,,,,"14.917,58",,,,,,,"1.106.651,80",,,,,,,,
CARAGUATATUBA-SP,,,,,,,,SP,,,-,,,,,,,,"1.232.940,50",,,,,,,,"1.232.940,50",,,,,,,"21.836.503,19",,,,,,,,
CARAPICUIBA-SP,,,,,,,,SP,,,"229,92",,,,,,,,-,,,,,,,,"229,92",,,,,,,"17.057,30",,,,,,,,
COTIA-SP,,,,,,,,SP,,,"229,92",,,,,,,,-,,,,,,,,"229,92",,,,,,,"17.057,30",,,,,,,,
CUBATAO-SP,,,,,,,,SP,,,"1.051.970,87",,,,,,,,"7.397,47",,,,,,,,"1.059.368,34",,,,,,,"13.733.141,92",,,,,,,,
DIADEMA-SP,,,,,,,,SP,,,"229,92",,,,,,,,-,,,,,,,,"229,92",,,,,,,"17.057,30",,,,,,,,
ELDORADO-SP,,,,,,,,SP,,,"132,20",,,,,,,,-,,,,,,,,"132,20",,,,,,,"9.807,93",,,,,,,,
EMBU-GUACU-SP,,,,,,,,SP,,,"189,68",,,,,,,,-,,,,,,,,"189,68",,,,,,,"14.072,27",,,,,,,,
EMBU-SP,,,,,,,,SP,,,"229,92",,,,,,,,-,,,,,,,,"229,92",,,,,,,"17.057,30",,,,,,,,
FERRAZ DE VASCONCELOS-SP,,,,,,,,SP,,,"229,92",,,,,,,,-,,,,,,,,"229,92",,,,,,,"17.057,30",,,,,,,,
FRANCISCO MORATO-SP,,,,,,,,SP,,,"229,92",,,,,,,,-,,,,,,,,"229,92",,,,,,,"17.057,30",,,,,,,,
FRANCO DA ROCHA-SP,,,,,,,,SP,,,"218,42",,,,,,,,-,,,,,,,,"218,42",,,,,,,"16.204,42",,,,,,,,
GUARAREMA-SP,,,,,,,,SP,,,"582.785,90",,,,,,,,"3.753.122,67",,,,,,,,"4.335.908,57",,,,,,,"29.474.830,38",,,,,,,,
GUARUJA-SP,,,,,,,,SP,,,"229,92",,,,,,,,"0,01",,,,,,,,"229,93",,,,,,,"121.356,62",,,,,,,,
GUARULHOS-SP,,,,,,,,SP,,,"229,92",,,,,,,,-,,,,,,,,"229,92",,,,,,,"17.057,30",,,,,,,,
IGUAPE-SP,,,,,,,,SP,,,"160,94",,,,,,,,-,,,,,,,,"160,94",,,,,,,"11.940,09",,,,,,,,
ILHA COMPRIDA-SP,,,,,,,,SP,,,"114,96",,,,,,,,-,,,,,,,,"114,96",,,,,,,"8.528,61",,,,,,,,
ILHABELA-SP,,,,,,,,SP,,,-,,,,,,,,"1.232.940,50",,,,,,,,"1.232.940,50",,,,,,,"21.836.503,19",,,,,,,,
ITANHAEM-SP,,,,,,,,SP,,,"206,92",,,,,,,,-,,,,,,,,"206,92",,,,,,,"15.351,54",,,,,,,,
ITAPECERICA DA SERRA-SP,,,,,,,,SP,,,"229,92",,,,,,,,-,,,,,,,,"229,92",,,,,,,"17.057,30",,,,,,,,
ITAPEVI-SP,,,,,,,,SP,,,"229,92",,,,,,,,-,,,,,,,,"229,92",,,,,,,"17.057,30",,,,,,,,
ITAQUAQUECETUBA-SP,,,,,,,,SP,,,"229,92",,,,,,,,-,,,,,,,,"229,92",,,,,,,"17.057,30",,,,,,,,
ITARIRI-SP,,,,,,,,SP,,,"132,20",,,,,,,,-,,,,,,,,"132,20",,,,,,,"9.807,93",,,,,,,,
JACUPIRANGA-SP,,,,,,,,SP,,,"137,95",,,,,,,,-,,,,,,,,"137,95",,,,,,,"10.234,35",,,,,,,,
JANDIRA-SP,,,,,,,,SP,,,"212,67",,,,,,,,-,,,,,,,,"212,67",,,,,,,"15.777,97",,,,,,,,
JUQUIA-SP,,,,,,,,SP,,,"143,70",,,,,,,,-,,,,,,,,"143,70",,,,,,,"10.660,79",,,,,,,,
JUQUITIBA-SP,,,,,,,,SP,,,"155,19",,,,,,,,-,,,,,,,,"155,19",,,,,,,"11.513,64",,,,,,,,
MAIRIPORA-SP,,,,,,,,SP,,,"195,43",,,,,,,,-,,,,,,,,"195,43",,,,,,,"14.498,70",,,,,,,,
"Superintendência de Controle das Participações Governamentais
* Valor sem a retenção de 1% (um por cento) de PASEP, conforme disposto no inciso III, do Art.2º da Lei nº 9.715, de 25 de novembro de 1998, combinado como parágrafo 6º do Art.19 da Medida Provisória nº 2.158, de 24 de agosto de 2001.",,,,,,,,,,,,,,,,,,,,,,,,,,,,,,,,,,,,,,,,,,
,,,,,,,,,,,,,,,,,,,,,,,,,,,,,,,,,,,,,,,,,,
MAUA-SP,,,,,,,,SP,,,"229,92",,,,,,,,-,,,,,,,,"229,92",,,,,,,"17.057,30",,,,,,,,
MIRACATU-SP,,,,,,,,SP,,,"149,44",,,,,,,,-,,,,,,,,"149,44",,,,,,,"11.087,21",,,,,,,,
MOJI DAS CRUZES-SP,,,,,,,,SP,,,"229,92",,,,,,,,-,,,,,,,,"229,92",,,,,,,"17.057,30",,,,,,,,
MONGAGUA-SP,,,,,,,,SP,,,"178,18",,,,,,,,-,,,,,,,,"178,18",,,,,,,"13.219,38",,,,,,,,
OSASCO-SP,,,,,,,,SP,,,"229,92",,,,,,,,-,,,,,,,,"229,92",,,,,,,"17.057,30",,,,,,,,
PARIQUERA-ACU-SP,,,,,,,,SP,,,"143,70",,,,,,,,-,,,,,,,,"143,70",,,,,,,"10.660,79",,,,,,,,
PEDRO DE TOLEDO-SP,,,,,,,,SP,,,"114,96",,,,,,,,-,,,,,,,,"114,96",,,,,,,"8.528,61",,,,,,,,
PERUIBE-SP,,,,,,,,SP,,,"183,93",,,,,,,,-,,,,,,,,"183,93",,,,,,,"13.645,83",,,,,,,,
PINDAMONHANGABA-SP,,,,,,,,SP,,,"582.633,52",,,,,,,,-,,,,,,,,"582.633,52",,,,,,,"6.916.394,24",,,,,,,,
PIRAPORA DO BOM JESUS-SP,,,,,,,,SP,,,"132,20",,,,,,,,-,,,,,,,,"132,20",,,,,,,"9.807,93",,,,,,,,
POA-SP,,,,,,,,SP,,,"212,67",,,,,,,,-,,,,,,,,"212,67",,,,,,,"15.777,97",,,,,,,,
PRAIA GRANDE-SP,,,,,,,,SP,,,"1.847,99",,,,,,,,"0,01",,,,,,,,"1.848,00",,,,,,,"241.397,75",,,,,,,,
REGISTRO-SP,,,,,,,,SP,,,"183,93",,,,,,,,-,,,,,,,,"183,93",,,,,,,"13.645,83",,,,,,,,
RIBEIRAO PIRES-SP,,,,,,,,SP,,,"212,67",,,,,,,,-,,,,,,,,"212,67",,,,,,,"15.777,97",,,,,,,,
RIO GRANDE DA SERRA-SP,,,,,,,,SP,,,"172,44",,,,,,,,-,,,,,,,,"172,44",,,,,,,"12.792,97",,,,,,,,
SALESOPOLIS-SP,,,,,,,,SP,,,"132,20",,,,,,,,-,,,,,,,,"132,20",,,,,,,"9.807,93",,,,,,,,
SANTA ISABEL-SP,,,,,,,,SP,,,"178,18",,,,,,,,-,,,,,,,,"178,18",,,,,,,"13.219,38",,,,,,,,
SANTANA DE PARNAIBA-SP,,,,,,,,SP,,,"212,67",,,,,,,,-,,,,,,,,"212,67",,,,,,,"15.777,97",,,,,,,,
SANTO ANDRE-SP,,,,,,,,SP,,,"229,92",,,,,,,,-,,,,,,,,"229,92",,,,,,,"17.057,30",,,,,,,,
SANTOS-SP,,,,,,,,SP,,,"231,93",,,,,,,,"0,02",,,,,,,,"231,95",,,,,,,"2.159.149,20",,,,,,,,
SAO BERNARDO DO CAMPO-SP,,,,,,,,SP,,,"229,92",,,,,,,,-,,,,,,,,"229,92",,,,,,,"17.057,30",,,,,,,,
SAO CAETANO DO SUL-SP,,,,,,,,SP,,,"229,92",,,,,,,,-,,,,,,,,"229,92",,,,,,,"17.057,30",,,,,,,,
SAO LOURENCO DA SERRA-SP,,,,,,,,SP,,,"137,95",,,,,,,,-,,,,,,,,"137,95",,,,,,,"10.234,35",,,,,,,,
SAO PAULO-SP,,,,,,,,SP,,,"229,92",,,,,,,,-,,,,,,,,"229,92",,,,,,,"17.057,30",,,,,,,,
SAO SEBASTIAO-SP,,,,,,,,SP,,,"1.042.803,13",,,,,,,,"2.465.881,02",,,,,,,,"3.508.684,15",,,,,,,"56.062.284,96",,,,,,,,
SAO VICENTE-SP,,,,,,,,SP,,,"1.847,99",,,,,,,,"0,01",,,,,,,,"1.848,00",,,,,,,"241.397,75",,,,,,,,
SETE BARRAS-SP,,,,,,,,SP,,,"126,45",,,,,,,,-,,,,,,,,"126,45",,,,,,,"9.381,49",,,,,,,,
SILVEIRAS-SP,,,,,,,,SP,,,"2,34",,,,,,,,-,,,,,,,,"2,34",,,,,,,"380.097,99",,,,,,,,
SUZANO-SP,,,,,,,,SP,,,"229,92",,,,,,,,-,,,,,,,,"229,92",,,,,,,"17.057,30",,,,,,,,
TABOAO DA SERRA-SP,,,,,,,,SP,,,"229,92",,,,,,,,-,,,,,,,,"229,92",,,,,,,"17.057,30",,,,,,,,
VARGEM GRANDE PAULISTA-SP,,,,,,,,SP,,,"178,18",,,,,,,,-,,,,,,,,"178,18",,,,,,,"13.219,38",,,,,,,,
SAO PAULO  TOTAL,,,,,,,,,,,"3.287.443,63",,,,,,,,"9.944.626,66",,,,,,,,"13.232.070,29",,,,,,,"178.126.517,63",,,,,,,,
